SMILES,FFV,source,split
*C*,0.40967205,uwm_md,train
*C(C*)CCCCCCC,0.40501273,uwm_md,train
*C(C*)CCCCCCCC,0.41042216,uwm_md,train
*C(C*)(CC)C,0.3612215,uwm_md,train
*C(CC*)(C)C,0.39620363,uwm_md,train
*C(C(C*)C)(C)C,0.37444531,uwm_md,train
*C(CCC*)(C)C,0.4001286,uwm_md,train
*C(CCC*)(CC)C,0.39226416,uwm_md,train
*C(CCCCCCC*)C,0.40146108,uwm_md,train
*C(C*)CCc1ccccc1,0.3743389,uwm_md,train
*C(C*)CCCCCC,0.40777595,uwm_md,train
*C(C*)CCCCCCCCCC,0.40334594,uwm_md,train
*C(C*)CCCCCCCCCCCC,0.40857787,uwm_md,train
*C(C*)CCCCCCCCCCCCCCCC,0.40787312,uwm_md,train
*C(C*)CC(C)(C)C,0.39627266,uwm_md,train
*C(C*)(CCC)C,0.39381473,uwm_md,train
*C=CCCC*,0.41369555,uwm_md,train
*C=CCC*,0.41866094,uwm_md,test
*C(C(CC*)C)C,0.38748444,uwm_md,train
*C(C*)CCCCCCCCCCCCCC,0.40318632,uwm_md,test
*C=CCCCCCC*,0.40896445,uwm_md,train
*C(C*)C1CC(CCC1)C,0.40571007,uwm_md,train
*C(C*)C1CCC(CC1)C,0.39863974,uwm_md,train
*C(=CCC*)CCCCCCC,0.41315553,uwm_md,test
*C(=CCC*)C(C)C,0.40099098,uwm_md,train
*C1CC(CC1)C=C*,0.3888656,uwm_md,train
*C=CCCCCCCCCCC*,0.40688317,uwm_md,test
*C=C*,0.42573737,uwm_md,train
*C1(CCCCC1)C*,0.36650758,uwm_md,train
*C(C*)c1c(cccc1)COC,0.37399571,uwm_md,train
*C(C*)c1c(cccc1)COCC,0.37386236,uwm_md,train
*C(C*)c1c(cccc1)COCCC,0.37983884,uwm_md,test
*C(C*)c1c(cccc1)COC(C)C,0.38497632,uwm_md,train
*C(C*)c1c(cccc1)COCCCC,0.38677194,uwm_md,test
*C(C*)c1c(cccc1)COCCCCC,0.38189308,uwm_md,train
*C(C*)c1c(cccc1)COCCC(C)C,0.3832793,uwm_md,train
*C(C*)c1c(cccc1)COCc1ccccc1,0.35933332,uwm_md,train
*C(C*)c1c(cccc1)COCCc1ccccc1,0.36290546,uwm_md,test
*C(C*)c1c(cccc1)C(=O)NC,0.35557991,uwm_md,train
*C(C*)c1c(cccc1)C(=O)N(C)C,0.36482534,uwm_md,train
*C(C*)c1c(cccc1)C(=O)Nc1ccccc1,0.35753244,uwm_md,train
*C(C*)c1c(cccc1)C(=O)O,0.32924433,uwm_md,test
*C(C*)c1c(cccc1)C(=O)OC,0.35299495,uwm_md,train
*C(C*)c1c(cccc1)C(=O)OCC,0.36304161,uwm_md,train
*C(C*)c1c(cccc1)C(=O)OC(C)C,0.36610214,uwm_md,train
*C(C*)c1c(cccc1)C(=O)OCCCC,0.37028116,uwm_md,train
*C(C*)c1c(cccc1)C(=O)OCC(C)C,0.37502808,uwm_md,train
*C(C*)c1c(cccc1)C(=O)OCCCCC,0.37483446,uwm_md,train
*C(C*)c1c(cccc1)C(=O)OCCC(C)C,0.37558772,uwm_md,test
*C(C*)c1c(cccc1)C(=O)OCCCCCC,0.37464529,uwm_md,train
*C(C*)c1c(cccc1)C(=O)Oc1ccccc1,0.3593053,uwm_md,test
*C(C*)c1c(cccc1)C(=O)OCCN(C)C,0.36119268,uwm_md,train
*C(C*)c1ccc(cc1)C(=O)OCCN(C)C,0.37142885,uwm_md,train
*C(C*)c1cc(ccc1)F,0.39194172,uwm_md,train
*C(C*)c1ccc(cc1)CC,0.4044765,uwm_md,train
*C(C*)c1ccc(cc1)CCCCCC,0.40375659,uwm_md,train
*C(C*)c1ccc(cc1)CCCCCCCC,0.40676664,uwm_md,test
*C(C*)c1ccc(cc1)CCCCCCCCC,0.39955076,uwm_md,test
*C(C*)c1ccc(cc1)CCCCCCCCCC,0.40394942,uwm_md,test
*C(C*)c1ccc(cc1)CCCCCCCCCCCC,0.40128707,uwm_md,train
*C(C*)c1ccc(cc1)CCCCCCCCCCCCCC,0.40253381,uwm_md,train
*C(C*)c1ccc(cc1)CCCCCCCCCCCCCCCC,0.40149462,uwm_md,test
*C(C*)c1ccc(cc1)CCCCCCCCCCCCCCCCCC,0.40382331,uwm_md,train
*C(C*)c1ccc(cc1)COCCOCC,0.37466356,uwm_md,train
*C(C*)c1ccc(cc1)C#N,0.40396396,uwm_md,train
*C(C*)c1ccc(cc1)C(C(C(C(C(C(C(F)(F)F)(F)F)(F)F)(F)F)(F)F)(F)F)(F)F,0.36402861,uwm_md,test
*C(C*)c1ccc(cc1)C(=NO)C,0.35867112,uwm_md,train
*C(C*)c1ccc(cc1)C(O)(C)C,0.3711129,uwm_md,train
*C(C*)c1ccc(cc1)C(CC)(O)C,0.37635976,uwm_md,train
*C(C*)c1ccc(cc1)C(CCC)(O)C,0.37492289,uwm_md,test
*C(C*)c1ccc(cc1)C(CCCC)(O)C,0.39130508,uwm_md,train
*C(C*)c1ccc(cc1)C(CCCCC)(O)C,0.39339807,uwm_md,train
*C(C*)c1ccc(cc1)C(CCN(C)C)O,0.39056968,uwm_md,train
*C(C*)c1ccc(cc1)C(CCN1CCCCC1)O,0.37433713,uwm_md,test
*C(C*)c1ccc(cc1)C(CCN1CCOCC1)O,0.35614962,uwm_md,train
*C(C*)c1ccc(cc1)COCCO,0.34743668,uwm_md,train
*C(C*)c1ccc(cc1)COCCCC,0.38801598,uwm_md,train
*C(C*)c1ccc(cc1)COCCCCO,0.36446129,uwm_md,train
*C(C*)c1ccc(cc1)COC(CC)C,0.38400866,uwm_md,train
*C(C*)c1ccc(cc1)COCCOCCCC,0.37958253,uwm_md,test
*C(C*)c1ccc(cc1)C(=O)N(CC)CC,0.36711341,uwm_md,test
*C(C*)c1ccc(cc1)C(=O)N1CCCCC1,0.37271412,uwm_md,train
*C(C*)c1ccc(cc1)C(=O)CCN1CCCCC1,0.37311156,uwm_md,train
*C(C*)c1ccc(cc1)C(=O)N1CCOCC1,0.35986197,uwm_md,train
*C(C*)c1ccc(cc1)C(=O)OCC,0.36916022,uwm_md,test
*C(C*)c1ccc(cc1)C(=O)OCCC,0.37674615,uwm_md,train
*C(C*)c1ccc(cc1)C(=O)OC(C)C,0.37933569,uwm_md,train
*C(C*)c1ccc(cc1)C(=O)OCCCC,0.37961206,uwm_md,test
*C(C*)c1ccc(cc1)C(=O)OCC(C)C,0.38415931,uwm_md,test
*C(C*)c1ccc(cc1)C(=O)OCCCCCC,0.37921152,uwm_md,train
*C(C*)c1ccc(cc1)C(=O)CC,0.3774075,uwm_md,train
*C(C*)c1ccc(cc1)C(=O)CCC,0.3914716,uwm_md,test
*C(C*)c1ccc(cc1)C(=O)CCCC,0.38199885,uwm_md,train
*C(C*)c1ccc(cc1)C(=O)CCCCC,0.38254246,uwm_md,test
*C(C*)c1ccc(cc1)C(=O)CCCCCCC,0.39176934,uwm_md,train
*C(C*)c1ccc(cc1)C(=O)Cc1ccccc1,0.36666659,uwm_md,test
*C(C*)c1ccc(cc1)C(=O)c1ccccc1,0.37525609,uwm_md,test
*C(C*)c1ccc(cc1)C(=O)c1ccc(cc1)C,0.38272585,uwm_md,train
*C(C*)c1ccc(cc1)Oc1ccccc1,0.37467295,uwm_md,train
*C(C*)c1ccc(cc1)S(=O)(=O)OCCC,0.37741586,uwm_md,train
*C(C*)c1ccc(cc1)[Si](C)(C)C,0.43524245,uwm_md,test
*C(C*)c1c(cccc1Cl)Cl,0.39048668,uwm_md,test
*C(C*)c1c(ccc(c1)Br)OCCCC,0.41686593,uwm_md,train
*C(C*)c1c(ccc(c1)Br)OCC,0.41409342,uwm_md,train
*C(C*)c1c(ccc(c1)Br)OC,0.39846668,uwm_md,train
*C(C*)c1c(ccc(c1)Br)OCCC,0.4104551,uwm_md,train
*C(C*)c1c(ccc(c1)Br)OC(C)C,0.4237647,uwm_md,test
*C(C*)c1c(ccc(c1)Br)OCCCCC,0.41131014,uwm_md,train
*C(C*)c1c(ccc(c1)Br)OCCC(C)C,0.40859696,uwm_md,train
*C(C*)c1c(cc(cc1C)C)C,0.40245926,uwm_md,train
*C(C*)c1c(cc(c(c1)C)C)C,0.40919806,uwm_md,train
*C(C*)(c1ccc(cc1)C(C)C)C,0.40109572,uwm_md,train
*C(C*)c1ccc(cc1)C(=O)C,0.37541315,uwm_md,train
*C(C*)c1ccc(cc1)C(=O)CCN1CCOCC1,0.35976341,uwm_md,train
*C(C*)(C(=O)OC)c1ccccc1,0.36467404,uwm_md,train
*C(C*)c1ccc(cc1)C(=O)C(F)(F)F,0.3627692,uwm_md,train
*C(C*)c1ccc(cc1)C(=O)c1ccc(cc1)OC,0.35659947,uwm_md,train
*C(C*)c1nc(ccc1)C,0.39815003,uwm_md,train
*C(C*)c1ccc(nc1)C,0.41719903,uwm_md,test
*C(C*)n1nc2c(c1)cccc2,0.37138173,uwm_md,train
*C(C(C(C*)c1ncccc1)c1ccccc1)c1ncccc1,0.39661394,uwm_md,train
*C(C*)c1ccc(cc1)O,0.34302705,uwm_md,train
*C(C*)c1ccc(cc1)OC(=O)C,0.35340606,uwm_md,train
*C(C*)c1ccc(cc1)CCC,0.40348963,uwm_md,train
*C(C*)c1ccc(cc1)COCCOCCCCCCCC,0.38457352,uwm_md,train
*C(C(*)(c1c(c(c(c(c1[2H])[2H])[2H])[2H])[2H])[2H])([2H])[2H],0.38844688,uwm_md,train
*C(C*)C(=O)C,0.34334548,uwm_md,train
*C(C*)C[Si](C)(C)C,0.41950012,uwm_md,train
*C(C*)OC,0.36080303,uwm_md,train
*C(C*)OC(=O)c1ccccc1,0.356021,uwm_md,train
*C(C*)O[N+](=O)[O-],0.77406593,uwm_md,train
*C=CC(C(*)C(=O)OC)C,0.36981772,uwm_md,test
*C#CC(=C(*)COS(=O)(=O)c1ccc(cc1)C)COS(=O)(=O)c1ccc(cc1)C,0.37237347,uwm_md,test
*C(C*)CC[Si](C)(C)C,0.42654899,uwm_md,train
*C(C*)(OC)C,0.34572991,uwm_md,train
*C1(CC(C1)*)C#N,0.41545048,uwm_md,train
*C(C*)Cc1cc(ccc1)C,0.38592652,uwm_md,train
*C(C*)Cc1c(cccc1)C,0.37559758,uwm_md,train
*C(C*)Cc1ccc(cc1)C,0.3852781,uwm_md,train
*C(C*)OC(=O)c1ccc(cc1)C(C)(C)C,0.37755899,uwm_md,train
*C=CC(C*)OC,0.3862844,uwm_md,train
*C(=CCC*)c1ccccc1,0.38403531,uwm_md,train
*C(*)O,0.24565388,uwm_md,train
*C(C*)SCCCC,0.42462566,uwm_md,train
*C(C*)SCC,0.43094205,uwm_md,train
*C(C(*)(F)F)(OC(C(C(C(F)(F)F)(F)F)(F)F)(F)F)F,0.34587055,uwm_md,train
*C(C(*)(F)F)(OC(C(F)(F)F)(F)F)F,0.3417127,uwm_md,train
*C(C(*)(F)F)(OC(F)(F)F)OC(F)(F)F,0.30939912,uwm_md,train
*C(C(*)(F)F)OC(F)(F)F,0.31744193,uwm_md,train
*C(C(*)F)(OC(F)(F)F)F,0.31331253,uwm_md,test
*C(C(*)(F)F)(OC(F)(F)F)F,0.30823837,uwm_md,train
*C(C*)(C(=O)C)F,0.32677748,uwm_md,train
*C(C*)C(=O)c1ccccc1,0.36539681,uwm_md,train
*C(C*)C(=O)c1cc(c(cc1)Br)OC,0.37684712,uwm_md,train
*C(C*)C(=O)c1ccc(cc1)C(C)(C)C,0.39538031,uwm_md,train
*C(C*)C(=O)c1ccc(cc1)Cl,0.38087651,uwm_md,train
*C(C*)C(=O)c1ccc(cc1)C(C)C,0.39294141,uwm_md,test
*C(C*)C(=O)c1ccc(cc1)OC,0.34949255,uwm_md,test
*C(C*)C(=O)c1cc(c(cc1)C)C,0.3826776,uwm_md,train
*C(C*)C(=O)c1ccc(cc1)CCC,0.38559273,uwm_md,train
*C(C*)C(=O)c1ccc(cc1)C,0.38303868,uwm_md,train
*C(C*)OC(=O)c1c(cccc1)OC(=O)C,0.33486317,uwm_md,train
*C(C*)OC(=O)c1ccc(cc1)OC(=O)C,0.3315989,uwm_md,train
*C(C*)OC(=O)CCCC(=O)c1ccccc1,0.3393767,uwm_md,train
*C(C*)OC(=O)c1cc(ccc1)Br,0.37722551,uwm_md,train
*C(C*)OC(=O)c1ccc(cc1)Br,0.38128079,uwm_md,train
*C(C*)OC(=O)c1ccc(cc1)OC(=O)CCC,0.34765241,uwm_md,train
*C(C*)OC(=O)c1c(cccc1)Cl,0.35127788,uwm_md,test
*C(C*)OC(=O)c1cc(ccc1)Cl,0.35874129,uwm_md,test
*C(C*)OC(=O)c1ccc(cc1)Cl,0.36499516,uwm_md,test
*C(C*)OC(=O)C1CCCCC1,0.36242795,uwm_md,train
*C(C*)OC(=O)CC1CCCCC1,0.3629501,uwm_md,train
*C(C*)OC(=O)CCCC1CCCCC1,0.36748858,uwm_md,test
*C(C*)OC(=O)c1ccc(cc1)OCC,0.35412177,uwm_md,train
*C(C*)OC(=O)c1ccc(cc1)CC,0.37318074,uwm_md,train
*C(C*)OC(=O)C(C(C)(C)C)(CC)C,0.37558012,uwm_md,train
*C(C*)OC(=O)C(C(C(F)(F)F)(F)F)(F)F,0.33120706,uwm_md,test
*C(C*)OC(=O)C1(C(C(C(C(C1(F)F)(F)F)(F)F)(F)F)(F)F)F,0.33243377,uwm_md,test
*C(C*)NC(=O)OC(C)(C)C,0.36612133,uwm_md,train
*C(C*)OC(=O)C(C(C(C(C(C(C(C(C(F)(F)F)(F)F)(F)F)(F)F)(F)F)(F)F)(F)F)(F)F)(F)F,0.32895822,uwm_md,test
*C(C*)OC(=O)C(C(C(C(C(F)(F)F)(F)F)(F)F)(F)F)(F)F,0.32618869,uwm_md,train
*C(C*)OC(=O)C(C(C(C(C(C(C(F)(F)F)(F)F)(F)F)(F)F)(F)F)(F)F)(F)F,0.3287593,uwm_md,test
*C(C*)OC(=O)C(C(F)(F)F)(F)F,0.31968743,uwm_md,train
*C(C*)OC(=O)C(C(C(C(F)(F)F)(F)F)(F)F)(F)F,0.32424675,uwm_md,train
*C(C*)OC(=O)c1ccncc1,0.34235599,uwm_md,train
*C(C*)OC(=O)c1ccc(cc1)C(C)C,0.37812553,uwm_md,test
*C(C*)OC(=O)C(C(C)C)(C(C)C)C,0.38169655,uwm_md,train
*C(C*)OC(=O)c1c(cccc1)OC,0.33690183,uwm_md,train
*C(C*)OC(=O)c1cc(ccc1)OC,0.33959116,uwm_md,train
*C(C*)OC(=O)c1ccc(cc1)OC,0.34230372,uwm_md,train
*C(C*)OC(=O)c1cc(ccc1)C,0.36484403,uwm_md,train
*C(C*)OC(=O)c1ccc(cc1)C,0.36495332,uwm_md,train
*C(C*)OC(=O)CC(c1ccccc1)(C)C,0.35480602,uwm_md,train
*C(C*)OC(=O)c1cc(ccc1)[Si](C)(C)C,0.39879763,uwm_md,train
*C(C*)OC(=O)c1ccc(cc1)[Si](C)(C)C,0.40244256,uwm_md,train
*C(C*)OC(=O)C(CCC)(C)C,0.37264329,uwm_md,train
*C(C*)OC(=O)C(C(CC)(C)C)(C)C,0.37176287,uwm_md,train
*C(C*)OC(=O)C(C(C(C)C)C)(C)C,0.37195961,uwm_md,train
*C(C*)OC(=O)C(CC(C)(C)C)(C)C,0.37520737,uwm_md,test
*C(C*)OC(=O)c1cnccc1,0.34320724,uwm_md,test
*C(C*)OC(=O)c1cc(ccc1)[N+](=O)[O-],0.37430809,uwm_md,train
*C(C*)OC(=O)c1ccc(cc1)[N+](=O)[O-],0.38294962,uwm_md,train
*C(C*)OC(=O)c1ccc(cc1)c1ccccc1,0.35360889,uwm_md,train
*C(C*)OC(=O)C(C)(C)C,0.3821509,uwm_md,train
*C(C*)OC(=O)c1ccc(cc1)OC(=O)CC,0.34337593,uwm_md,train
*C(C*)OC(=O)CCCC(=O)c1ccc(cc1)C,0.34755673,uwm_md,train
*C(C*)C1=NC(C(=O)O1)(C)C,0.35364772,uwm_md,train
*C(C*)(C1=NC(C(=O)O1)(C)C)C,0.35497529,uwm_md,train
*C(C*)OC(C(F)(F)F)(C(F)(F)F)F,0.33430951,uwm_md,test
*C(C*)c1sccc1,0.40399034,uwm_md,train
*C(C*)(CC(=O)OCCCCCCC)C(=O)OCCCCCCC,0.38365749,uwm_md,train
*C(C*)OC(=O)C1CCCC1,0.36011903,uwm_md,train
*C(C*)OC(=O)C1(CCCCC1)C,0.3613498,uwm_md,train
*C(C*)P(=O)(c1ccccc1)c1ccccc1,0.38231193,uwm_md,train
*C(C*)P(=O)(OCC)N(C)C,0.3661564,uwm_md,train
*C(C*)P(=O)(N(C)C)Oc1ccccc1,0.35079311,uwm_md,train
*C(C*)c1nc(nc(n1)C)C,0.41591473,uwm_md,train
*C1c2c(CC1*)cccc2,0.42698874,uwm_md,test
*C(=C(*)C)c1ccccc1,0.41349595,uwm_md,train
*C1C(=O)OC(=O)C1C(C*)OC,0.287972,uwm_md,train
*C(C(C(C*)OC)C(=O)O)C(=O)O,0.27178974,uwm_md,train
*C(=CCCC*)c1ccc(cc1)OC,0.37755684,uwm_md,train
*C(=CCCC*)c1ccccc1,0.38339331,uwm_md,test
*C(=CCCC*)c1ccc(cc1)Cl,0.38684815,uwm_md,train
*C(=C(*)C)[Si](C)(C)C,0.39006159,uwm_md,train
*C(C*)CNc1ccc(cc1)[N+](=O)[O-],0.3745043,uwm_md,train
*C(C*)CNc1ncc(cc1)[N+](=O)[O-],0.37295814,uwm_md,train
*C(C*)CNc1c(cc(cc1)[N+](=O)[O-])C,0.38329483,uwm_md,train
*C(C*)CNc1cc(c(cc1)[N+](=O)[O-])C(F)(F)F,0.3854775,uwm_md,test
*C(C*)CNc1c(cc(cc1)[N+](=O)[O-])[N+](=O)[O-],0.48421101,uwm_md,train
*C1C(C(C(C1)C*)OC(=O)CCCCCCCCCCOc1ccc(cc1)c1ccc(cc1)C#N)OC(=O)CCCCCCCCCCOc1ccc(cc1)c1ccc(cc1)C#N,0.36288651,uwm_md,test
*C1C(CC(C1)C*)OC(=O)CCCCCCCCCCOc1ccc(cc1)c1ccc(cc1)C#N,0.36711221,uwm_md,train
*C1C(CC(C1)OC(=O)CCCCCCCCCCOc1ccc(cc1)c1ccc(cc1)C#N)CC*,0.36926813,uwm_md,train
*C(C*)n1cncc1,0.35410749,uwm_md,test
*C(C(*)(F)F)(OC(C(F)F)F)F,0.33442051,uwm_md,train
*C(C*)C(=O)c1ccc(cc1)Br,0.39504944,uwm_md,train
*C(C*)OC(=O)CC1CCCC1,0.3604384,uwm_md,train
*C1C(C2C(C1)C(C(C2)CC*)OC(=O)CCCCCCCCCCOc1ccc(cc1)c1ccc(cc1)C#N)OC(=O)CCCCCCCCCCOc1ccc(cc1)c1ccc(cc1)C#N,0.36522309,uwm_md,train
*C(C*)C(=O)OC(C)C,0.36594213,uwm_md,train
*C(C*)C(=O)OCCCCCCCCCCCCCCCCCC,0.40921422,uwm_md,test
*C(C*)C(=O)OC1C2(CCC(C1)C2(C)C)C,0.38692751,uwm_md,train
*C(C*)C(=O)OCC(F)(F)F,0.32327677,uwm_md,train
*C(C*)C(=O)OCC(C(F)(F)F)(F)F,0.33021141,uwm_md,train
*C(C*)C(=O)OC(C(F)(F)F)C(F)(F)F,0.32320653,uwm_md,train
*C(C*)C(=O)OC(C(F)(F)F)(C(F)(F)F)F,0.31831745,uwm_md,train
*C(C*)C(=O)OCC(C(F)C(F)(F)F)(F)F,0.32043251,uwm_md,test
*C(C*)C(=O)OCC(C(C(F)(F)F)(F)F)(F)F,0.32963325,uwm_md,train
*C(C*)C(=O)OCC(C(C(C(F)(F)F)(F)F)(F)F)(F)F,0.32766063,uwm_md,test
*C(C*)C(=O)OCC(C(C(C(C(F)(F)F)(F)F)(F)F)(F)F)(F)F,0.32506583,uwm_md,test
*C(C*)C(=O)OCC(C(C(C(C(C(C(F)(F)F)(F)F)(F)F)(F)F)(F)F)(F)F)(F)F,0.32462009,uwm_md,train
*C(C*)C(=O)OCCOC,0.33856563,uwm_md,train
*C(C*)C(=O)OCCOCC,0.35976017,uwm_md,test
*C(C*)C(=O)OCCCOC,0.34969049,uwm_md,train
*C(C*)C(=O)OCCCOCC,0.3584849,uwm_md,train
*C(C*)C(=O)OCCOCC(F)(F)F,0.33534513,uwm_md,train
*C(C*)C(=O)OCCOCC(C(C(F)(F)F)(F)F)(F)F,0.33448798,uwm_md,train
*C(C*)C(=O)OCC(C(OC(F)(F)F)(F)F)(F)F,0.31340132,uwm_md,train
*C(C*)C(=O)OCC(C(OC(C(F)(F)F)(F)F)(F)F)(F)F,0.31915236,uwm_md,test
*C(C*)C(=O)OCC(C(OC(C(C(F)(F)F)(F)F)(F)F)(F)F)(F)F,0.3160919,uwm_md,train
*C(C*)(C(=O)O)C,0.2715841,uwm_md,train
*C(C*)(C(=O)OCCCCCCCCCCCCCC)C,0.38812321,uwm_md,train
*C(C*)(C(=O)OCCCCCCCCCCCCCCCCCC)C,0.39721388,uwm_md,train
*C(C*)(C(=O)OC1C(CCCC1)C)C,0.37813807,uwm_md,train
*C(C*)(C(=O)OC1CCC(CC1)C)C,0.37962423,uwm_md,test
*C(C*)(C(=O)OC1CC(CCC1)C)C,0.38017657,uwm_md,train
*C(C*)(C(=O)OC1CC(CC(C1)C)(C)C)C,0.38218681,uwm_md,train
*C(C*)(C(=O)OCc1ccccc1)C,0.34737998,uwm_md,train
*C(C*)(C(=O)OCCc1ccccc1)C,0.35596729,uwm_md,train
*C(C*)(C(=O)OCCBr)C,0.37763347,uwm_md,train
*C(C*)(C(=O)OCC(F)(F)F)C,0.33930857,uwm_md,train
*C(C*)(C(=O)OCC(C(F)F)(F)F)C,0.33748264,uwm_md,train
*C(C*)(C(=O)OC(C(F)(F)F)C(F)(F)F)C,0.33395408,uwm_md,train
*C(C*)(C(=O)Oc1c(c(c(c(c1Cl)Cl)Cl)Cl)Cl)C,0.36603626,uwm_md,train
*C(C*)(C(=O)OCc1c(cccc1)Cl)C,0.35759108,uwm_md,train
*C(C*)(C(=O)OCC1OCCC1)C,0.34666826,uwm_md,train
*C(C*)(C(=O)OCc1occc1)C,0.3375562,uwm_md,train
*C(C*)(C(=O)OCCN(C)C)C,0.36516646,uwm_md,train
*C(C*)(C(=O)OCCN(CC)CC)C,0.3615965,uwm_md,train
*C(C*)(C(=O)OC)Cl,0.32998468,uwm_md,train
*C(C*)C(=O)N,0.23763722,uwm_md,train
*C(C*)C(=O)NC(C)C,0.36205539,uwm_md,train
*C(C*)C(=O)OCC(C(C(C(F)F)(F)F)(F)F)(F)F,0.32276362,uwm_md,train
*C(C*)C(=O)OCC(CCCC)CC,0.3869788,uwm_md,train
*C(C*)C(=O)OC1CCCCC1,0.36637018,uwm_md,train
*C(C*)C(=O)OC1CC(CC(C1)C)(C)C,0.38012306,uwm_md,train
*C(C*)(C(=O)OCCCCCCCCCC)C,0.38783787,uwm_md,train
*C(C*)(C(=O)OC1C2(CCC(C1)C2(C)C)C)C,0.40517863,uwm_md,test
*C(C*)C(=O)OCC(CC)C,0.37285766,uwm_md,train
*C(C*)C(=O)OCC(C)(C)C,0.38252829,uwm_md,train
*C(C*)C(=O)OCCC#N,0.35583972,uwm_md,train
*C(C*)C(=O)OCF,0.30797623,uwm_md,train
*C(C*)C(=O)OCCOCCOC(C(F)F)(F)F,0.33433583,uwm_md,train
*C(C*)C(=O)OCCSC,0.38690329,uwm_md,train
*C(C*)C(=O)OCCCSC,0.38841806,uwm_md,test
*C(C*)C(=O)OCCSCC,0.38932692,uwm_md,train
*C(C*)C(=O)OCCCCSC,0.39787287,uwm_md,train
*C(C*)C(=O)OCCCSCC,0.39575862,uwm_md,test
*C(C*)C(=O)OCCSCC#N,0.37675973,uwm_md,train
*C(C*)C(=O)OCCSCCC#N,0.38180613,uwm_md,train
*C(C*)C(=O)OCCSCCCC#N,0.38452978,uwm_md,train
*C(C*)C(=O)OCCCSCCC#N,0.38516817,uwm_md,train
*C(C*)C(=O)OCCCCCCSCC#N,0.39181191,uwm_md,train
*C(C*)C(=O)OC12CC3(CC(CC(C1)C3)(C2)C)C,0.37551115,uwm_md,train
*C(C*)C(=O)N1CCCCC1,0.36828508,uwm_md,train
*C(C*)C(=O)N1CCOCC1,0.340331,uwm_md,train
*C(C*)C(=O)Oc1ccccc1,0.3539411,uwm_md,train
*C(C*)C(=O)Oc1c(cccc1)C,0.35783052,uwm_md,train
*C(C*)C(=O)Oc1cc(ccc1)C,0.35823799,uwm_md,train
*C(C*)C(=O)Oc1ccc(cc1)C,0.3609429,uwm_md,test
*C(C*)C(=O)Oc1c(cccc1)C(C)(C)C,0.36674405,uwm_md,train
*C(C*)C(=O)Oc1ccc(cc1)C(C)(C)C,0.37651726,uwm_md,train
*C(C*)C(=O)Oc1ccc(cc1)OC,0.33742314,uwm_md,train
*C(C*)C(=O)Oc1c(cccc1)C(=O)OC,0.33186429,uwm_md,train
*C(C*)C(=O)Oc1c(cccc1)C(=O)OCC,0.34193667,uwm_md,train
*C(C*)C(=O)Oc1cc(ccc1)C(=O)OC,0.33263806,uwm_md,train
*C(C*)C(=O)Oc1cc(ccc1)C(=O)OCC,0.33862141,uwm_md,test
*C(C*)C(=O)Oc1ccc(cc1)C(=O)OC,0.3308451,uwm_md,train
*C(C*)C(=O)Oc1ccc(cc1)C(=O)OCC,0.34094172,uwm_md,train
*C(C*)C(=O)Oc1ccc(cc1)C(=O)OCCCC,0.35302021,uwm_md,test
*C(C*)C(=O)Oc1ccc(cc1)c1ccccc1,0.3489094,uwm_md,test
*C(C*)C(=O)OCc1ccccc1,0.34659314,uwm_md,train
*C(C*)C(=O)OCCc1ccccc1,0.35483589,uwm_md,test
*C(C*)C(=O)Oc1cc(ccc1)N(C)C,0.36366436,uwm_md,train
*C(C*)C(=O)Oc1ccc(cc1)C#N,0.360284,uwm_md,test
*C(C*)C(=O)OCc1ccc(cc1)C#N,0.35524043,uwm_md,test
*C(C*)C(=O)Oc1c(cccc1)Cl,0.35897864,uwm_md,train
*C(C*)C(=O)Oc1c(cc(cc1)Cl)Cl,0.36475946,uwm_md,train
*C(C*)C(=O)Oc1c(c(c(c(c1Cl)Cl)Cl)Cl)Cl,0.37010428,uwm_md,train
*C(C*)C(=O)Oc1c2c(ccc1)cccc2,0.35105406,uwm_md,test
*C(C*)C(=O)N(C)C,0.34373514,uwm_md,train
*C(C*)C(=O)NC(C)(C)C,0.37998182,uwm_md,train
*C(C*)(C(=O)OCCCCC)C,0.37286152,uwm_md,train
*C(C*)(C(=O)OCC(CCCC)CC)C,0.38032702,uwm_md,test
*C(C*)(C(=O)OC(C(C)(C)C)C)C,0.3963458,uwm_md,train
*C(C*)(C(=O)OCCC(CC(C)(C)C)C)C,0.37283397,uwm_md,test
*C(C*)(C(=O)OCCOCCO)C,0.31660238,uwm_md,train
*C(C*)(C(=O)OCC(CO)O)C,0.28803561,uwm_md,train
*C(C*)(C(=O)OCCNC(C)(C)C)C,0.36999858,uwm_md,train
*C(C*)(C(=O)OCCC#N)C,0.35439971,uwm_md,train
*C(C*)(C(=O)OCCO[N+](=O)[O-])C,0.49559463,uwm_md,train
*C(C*)(C(=O)OCC(C(C(C(F)F)(F)F)(F)F)(F)F)C,0.3268589,uwm_md,train
*C(C*)(C(=O)OC(C(C(C(C(C(C(C(F)(F)F)(F)F)(F)F)(F)F)(F)F)(F)F)(F)F)(F)F)C,0.32884638,uwm_md,train
*C(C*)(C(=O)OCC(C(C(C(C(C(C(C(F)F)(F)F)(F)F)(F)F)(F)F)(F)F)(F)F)(F)F)C,0.32377425,uwm_md,train
*C(C*)(C(=O)OCCS(=O)CC)C,0.3575264,uwm_md,train
*C(C*)(C(=O)O[Si](C)(C)C)C,0.42890458,uwm_md,train
*C(C*)(C(=O)OCC1(COCOC1)C)C,0.34420519,uwm_md,train
*C(C*)(C(=O)OCC1(COC(OC1)(C)C)C)C,0.35893262,uwm_md,test
*C(C*)(C(=O)OCC(C1OCC(CO1)(C)C)(C)C)C,0.36823735,uwm_md,train
*C(C*)(C(=O)OC12CC3CC(CC(C1)C3)C2)C,0.39138472,uwm_md,train
*C(C*)(C(=O)OC12CC3(CC(CC(C1)C3)(C2)C)C)C,0.38728627,uwm_md,test
*C(C*)(C(=O)Oc1ccc(cc1)CC#N)C,0.36393077,uwm_md,train
*C(C*)(C(=O)Oc1ccc(cc1)C(=O)OC)C,0.33216316,uwm_md,test
*C(C*)(C(=O)OCC)CC,0.36305897,uwm_md,train
*C(C*)(CC(=O)OCC)C(=O)OCC,0.34796844,uwm_md,test
*C(C*)(CC(=O)OCCCC)C(=O)OCCCC,0.37326705,uwm_md,test
*C(C*)(C(=O)OCCCC)C#N,0.37262971,uwm_md,train
*C(C*)(C(=O)OC)F,0.3195917,uwm_md,train
*C(C*)(C(=O)OCC)CF,0.33962658,uwm_md,train
*C(C*)(CC(=O)OC1CCCCC1)C(=O)OC1CCCCC1,0.39639923,uwm_md,train
*C(C*)(CC(=O)OCC1CCCCC1)C(=O)OCC1CCCCC1,0.3794888,uwm_md,train
*C(C*)(CC(=O)OCCC1CCCCC1)C(=O)OCCC1CCCCC1,0.3743525,uwm_md,train
*C(C*)(CC(=O)OCCCC1CCCCC1)C(=O)OCCCC1CCCCC1,0.37003556,uwm_md,train
*C(C*)(CC(=O)Oc1ccccc1)C(=O)Oc1ccccc1,0.34963263,uwm_md,train
*C(C*)(CC(=O)OCc1ccccc1)C(=O)OCc1ccccc1,0.34757807,uwm_md,train
*C(C*)(CC(=O)OCCc1ccccc1)C(=O)OCCc1ccccc1,0.35265054,uwm_md,train
*C(C*)C(=O)Oc1ccc(cc1)Cl,0.35839079,uwm_md,train
*C(C*)(C(=O)Oc1ccc(cc1)C#N)C,0.36105716,uwm_md,train
*C(C*)C(=O)OCC(C(OC(C(C(C(F)(F)F)(F)F)(F)F)(F)F)(F)F)(F)F,0.31780305,uwm_md,test
*C(C*)C(=O)OCCC(OC)C,0.35734175,uwm_md,train
*C(C*)(C(=O)OC1CCC(CC1)C(C)(C)C)C,0.38851796,uwm_md,train
*C(C*)(C(=O)OCC(C(C(C(C(C(F)F)(F)F)(F)F)(F)F)(F)F)(F)F)C,0.32595019,uwm_md,train
*C(C*)(C(=O)Oc1ccc(cc1)C(C)(C)C)C,0.38346494,uwm_md,train
*C(C*)(CC(=O)OC)C(=O)OC,0.32193525,uwm_md,train
*C(*)C(=O)OCC,0.36012778,uwm_md,test
*C(*)C(=O)OC,0.33876364,uwm_md,train
*C(*)C(=O)OCCC,0.38345076,uwm_md,train
*C(C*)C(=O)Oc1ccc(cc1)C(=O)O,0.31040659,uwm_md,train
*C(C*)(C(=O)N)C,0.25657854,uwm_md,train
*C1C(=O)N(C(=O)C1*)C1CCCCC1,0.39675252,uwm_md,test
*C(C*)(CC(=O)OCCCCC)C(=O)OCCCCC,0.38050025,uwm_md,train
*C(C*)(CC(=O)OCCCCCC)C(=O)OCCCCCC,0.38570941,uwm_md,train
*C(C*)(CC(=O)OCCC)C(=O)OCCC,0.36758128,uwm_md,test
*C(C*)(C(=O)OCC)C#N,0.35400751,uwm_md,train
*C(C*)C(=O)OCCO,0.30069281,uwm_md,train
*C(C*)(C(=O)Oc1c(cc(cc1)C)C)C,0.36833301,uwm_md,train
*C(C*)(C(=O)Oc1cc(cc(c1)C)C)C,0.36781222,uwm_md,train
*C(C*)(C(=O)OCCCCCC)C#N,0.38064914,uwm_md,train
*C(C*)(C(=O)OCC1OC1)C,0.33062914,uwm_md,train
*C(C*)(C(=O)OCCN(c1ccc(cc1)N=Nc1ccc(cc1)[N+](=O)[O-])CC)C,0.36616331,uwm_md,train
*C(C*)C(=O)OCCN(c1ccc(cc1)N=Nc1ccc(cc1)[N+](=O)[O-])CC,0.36721657,uwm_md,train
*C(C*)C(=O)OCCCCCC(=O)Oc1ccc(cc1)c1ccc(cc1)C#N,0.34688893,uwm_md,train
*C(CCC*)(C(=O)O)C,0.31720928,uwm_md,train
*C(C*)(C(=O)NC(=O)Oc1ccc(cc1)S(=O)(=O)c1ccc(cc1)O)C,0.31639128,uwm_md,train
*C(C*)(C(=O)NC(=O)OCCOc1ccc(cc1)S(=O)(=O)c1ccc(cc1)OCCO)C,0.32112378,uwm_md,test
*C(C*)(C(=O)NC(=O)OC(COc1ccc(cc1)S(=O)(=O)c1ccc(cc1)OCC(O)C)C)C,0.33219505,uwm_md,train
*C(C*)(C(=O)NC(=O)Oc1c(cc(cc1Br)S(=O)(=O)c1cc(c(c(c1)Br)O)Br)Br)C,0.37549639,uwm_md,train
*C(C*)(C(=O)NC(=O)OCCOc1c(cc(cc1Br)S(=O)(=O)c1cc(c(c(c1)Br)OCCO)Br)Br)C,0.36467521,uwm_md,train
*C(C*)(C(=O)NC(=O)OC(COc1c(cc(cc1Br)S(=O)(=O)c1cc(c(c(c1)Br)OCC(O)C)Br)Br)C)C,0.37079246,uwm_md,test
*C(C*)(C(=O)OCCOC(=O)c1cc(cc(c1)[N+](=O)[O-])[N+](=O)[O-])C,0.41138901,uwm_md,train
*C(C*)C(=O)OCCCCCCOc1ccc(cc1)C(=O)Oc1ccc(cc1)C#N,0.35501894,uwm_md,train
*C(C*)(C(=O)OCCCCn1c2ccccc2c2ccccc12)C,0.3510259,uwm_md,train
*C(C*)C(=O)OCCCOc1ccc(cc1)N=Nc1ccc(cc1)[N+](=O)[O-],0.35935263,uwm_md,test
*C(C*)C(=O)OCCCCOc1ccc(cc1)N=Nc1ccc(cc1)[N+](=O)[O-],0.35994367,uwm_md,train
*C(C*)C(=O)OCCCCCCOc1ccc(cc1)N=Nc1ccc(cc1)[N+](=O)[O-],0.36065471,uwm_md,train
*C(C*)C(=O)NCCCCCC(=O)O,0.30692904,uwm_md,train
*C(C*)C(=O)OCc1c(c(c(c(c1Br)Br)Br)Br)Br,0.39447334,uwm_md,train
*C(C*)(CCC(C(=O)OC)C)C(=O)OC,0.33779719,uwm_md,train
*C(C(CC*)C(=O)OC)C(=O)OC,0.33473342,uwm_md,train
*C(C*)(C(=O)OCC#C)C,0.35098547,uwm_md,test
*C(C*)(C(=O)OCC(C)C)C#N,0.37373522,uwm_md,train
*C(C*)(C(=O)OC(C)C)C#N,0.36628241,uwm_md,train
*C(C*)(C(=O)OCCCCCCC)C#N,0.38098493,uwm_md,train
*C(C*)C(=O)OC1CCCCCCCCCCC1,0.37215946,uwm_md,train
*C(C*)F,0.35585104,uwm_md,train
*C(C(*)(F)F)F,0.29955763,uwm_md,test
*C(*)(F)F,0.32274038,uwm_md,train
*C(=CCC*)Cl,0.39969952,uwm_md,train
*C(*)F,0.33115728,uwm_md,train
*C(C(CC*)(F)F)(F)F,0.34634024,uwm_md,test
*C(CC(C*)(F)F)(C(F)(F)F)C(F)(F)F,0.3151687,uwm_md,train
*C(C(CCCCCCCC*)Cl)Cl,0.39594162,uwm_md,train
*C(C(CCCCCCCCCC*)Cl)Cl,0.39676884,uwm_md,train
*C(C(CCC*)Cl)Cl,0.38583905,uwm_md,train
*C(=C(C(C*)(F)F)F)Cl,0.36169864,uwm_md,train
*C=C(C(C*)(F)F)F,0.35606714,uwm_md,train
*C(=C(C(C(*)(F)F)(C(F)(F)F)F)F)F,0.32146163,uwm_md,test
*C(*)(Cl)F,0.33776563,uwm_md,train
*C(C(*)(F)F)(C(C(C(C(C(F)(F)F)(F)F)(F)F)(F)F)(F)F)F,0.37519669,uwm_md,train
*C1(C(C(C(C(C1(F)F)(Cl)F)(F)F)(C(*)(F)F)F)(F)F)F,0.3357861,uwm_md,train
*C1(C(C(C1(F)F)(C(*)(F)F)F)(F)F)F,0.34723685,uwm_md,test
*C1(C(C(C(C(C1(F)F)(F)F)(F)F)(C(*)(F)F)F)(F)F)F,0.31955151,uwm_md,train
*C(C(CCCCC*)Cl)Cl,0.3900218,uwm_md,train
*C(C(CC*)Cl)Cl,0.37989615,uwm_md,train
*C(=CCC*)CCCCCCCCCC,0.40745292,uwm_md,train
*C(=CCC*)C(C)(C)C,0.39811867,uwm_md,train
*C(=CCC*)C,0.40009241,uwm_md,test
*OC(*)C,0.3634429,uwm_md,train
*OC(*)CCC,0.41332049,uwm_md,test
*OC(C*)CBr,0.39889944,uwm_md,train
*OC(C*)CC,0.38603228,uwm_md,train
*OC(C*)(C)C,0.39662664,uwm_md,train
*OC(C*)CCCC,0.40491209,uwm_md,train
*OC(C*)C(C)(C)C,0.38045208,uwm_md,train
*OC(C*)COCC,0.37418551,uwm_md,train
*OC(C*)COCC=C,0.37390145,uwm_md,train
*OC(C*)CCCCCC,0.40228779,uwm_md,test
*OC(C*)c1ccccc1,0.36793308,uwm_md,train
*OC(C(*)(F)F)(F)F,0.30466987,uwm_md,test
*OCC(C*)(C)C,0.38553594,uwm_md,train
*OCC(C*)(CO)CO,0.29427699,uwm_md,train
*Oc1c(cc(cc1C)*)C(CCC)C,0.42324434,uwm_md,train
*Oc1c(cc(cc1C)*)C(CCCC)C,0.42545276,uwm_md,train
*Oc1c(cc(cc1OC)*)OC,0.35493117,uwm_md,train
*OCOCC*,0.34034968,uwm_md,test
*OCOCCCC*,0.35936946,uwm_md,train
*OCOCCCCC*,0.36424093,uwm_md,train
*OCCCCSSCCCC*,0.41742983,uwm_md,train
*OCOCCCCSSCCCC*,0.40349527,uwm_md,test
*OCOCCSSCC*,0.39441419,uwm_md,train
*OCCSSCC*,0.42239943,uwm_md,train
*OCCSSSSCC*,0.45802948,uwm_md,train
*OC(=O)CCCCCCCC(=O)OCCOCC*,0.34727992,uwm_md,train
*OC(=O)CCCCCCCCC(=O)OCCOCC*,0.34936993,uwm_md,train
*c1oc(cc1)C(=O)OCCOC(=O)*,0.34230194,uwm_md,train
*OC(COCC(OC(=O)c1c(cccc1)C(=O)*)C)C,0.3500213,uwm_md,train
*OC(=O)c1cc(ccc1)C(=O)OCCOCC*,0.33032067,uwm_md,test
*Oc1ccc(cc1)C(=O)OCCOC(=O)c1ccc(cc1)*,0.34122405,uwm_md,train
*Oc1ccc(cc1)C(=O)OCCOC(=O)c1ccc(cc1)OCCCC*,0.34108064,uwm_md,train
*Oc1ccc(cc1)C(=O)OCCCCCOC(=O)c1ccc(cc1)*,0.34696395,uwm_md,test
*Oc1ccc(cc1)C(=O)OCCCCCCOC(=O)c1ccc(cc1)*,0.35010483,uwm_md,test
*OCC(=O)NCCCCCCNC(=O)C*,0.32129189,uwm_md,train
*OCCCNC(=O)CCCCC(=O)NCCC*,0.33205833,uwm_md,train
*Oc1ccc(cc1)CC(=O)NCCCCCCNC(=O)C*,0.33550386,uwm_md,test
*Oc1ccc(cc1)CCC(=O)NCCCCCCNC(=O)C*,0.33856885,uwm_md,test
*Oc1ccc(cc1)OCC(=O)NCCCCCCNC(=O)C*,0.3285221,uwm_md,train
*OCCCNC(=O)c1ccc(cc1)C(=O)NCCC*,0.32981777,uwm_md,train
*OCCCCC(=O)NCc1ccc(cc1)CNC(=O)CCCC*,0.3396223,uwm_md,test
*OCCC(=O)NCc1c(cc(c(c1)C)CNC(=O)CC*)C,0.32886329,uwm_md,train
*Oc1ccc(cc1)C(=O)NCC(CCCNC(=O)c1ccc(cc1)*)(C)C,0.34465365,uwm_md,test
*Oc1ccc(cc1)NC(=O)c1cc(ccc1)C(=O)Nc1ccc(cc1)*,0.34689579,uwm_md,train
*Oc1ccc(cc1)NC(=O)c1ccc(cc1)C(=O)Nc1ccc(cc1)*,0.34491184,uwm_md,train
*OC(=O)NCCCCCCNC(=O)OCCOCC*,0.33299427,uwm_md,train
*OC(=O)NCCCCCCNC(=O)OCCOCCOCC*,0.33323045,uwm_md,train
*Oc1ccc(cc1)OCC(=O)OC(=O)C*,0.31004011,uwm_md,test
*Oc1ccc(cc1)C(=O)OC(=O)c1ccc(cc1)OC*,0.33358286,uwm_md,train
*Oc1ccc(cc1)C(=O)OC(=O)c1ccc(cc1)OCC*,0.33048829,uwm_md,train
*Oc1cc(ccc1)C(=O)OC(=O)c1cc(ccc1)OCCC*,0.33347035,uwm_md,test
*Oc1ccc(cc1)C(=O)OC(=O)c1ccc(cc1)OCCC*,0.34021913,uwm_md,test
*Oc1cc(ccc1)C(=O)OC(=O)c1cc(ccc1)OCCCC*,0.33788415,uwm_md,train
*Oc1ccc(cc1)C(=O)OC(=O)c1ccc(cc1)OCCCC*,0.33643184,uwm_md,train
*Oc1ccc(cc1)C(=O)OC(=O)c1ccc(cc1)OCCCCC*,0.35004101,uwm_md,train
*Oc1cc(ccc1)C(=O)OC(=O)c1cc(ccc1)OCCCCC*,0.3413806,uwm_md,test
*Oc1ccc(cc1)C(=O)OC(=O)c1ccc(cc1)OCOC*,0.32347655,uwm_md,train
*Oc1ccc(cc1)C(=O)OC(=O)c1ccc(cc1)OCCOCC*,0.33440308,uwm_md,train
*Oc1ccc(cc1)C(c1ccc(cc1)OCC(=O)OC(=O)C*)(C)C,0.33458907,uwm_md,train
*Oc1ccc(cc1)Oc1ccc(cc1)OC(=O)*,0.34396355,uwm_md,train
*c1cc2c(nc(cc2c2ccccc2)Oc2nc3c(c(c2)c2ccccc2)cc(cc3)c2ccc(cc2)*)cc1,0.39441053,uwm_md,test
*c1cc2c(nc(cc2c2ccccc2)Oc2nc3c(c(c2)c2ccccc2)cc(cc3)c2ccc(cc2)c2ccc(cc2)*)cc1,0.39257783,uwm_md,train
*c1cc2c(nc(cc2c2ccccc2)Oc2nc3c(c(c2)c2ccccc2)cc(cc3)c2ccc(cc2)Oc2ccc(cc2)*)cc1,0.38805343,uwm_md,train
*c1nnc(cc1)Oc1ccc(cc1)C(c1ccc(cc1)O*)(C)C,0.36876206,uwm_md,train
*c1nc2c(nc1c1ccccc1)cc(cc2)c1cc2c(nc(c(n2)c2ccccc2)c2ccc(cc2)Oc2ccc(cc2)*)cc1,0.46496815,uwm_md,test
*O[Si](O[Si](O[Si](O[Si](O[Si](c1ccc(cc1)Oc1ccc(cc1)[Si](*)(C)C)(C)C)(C)C)(C)C)(C)C)(C)C,0.42386607,uwm_md,train
*O[Si](O[Si](O[Si](O[Si](c1ccc(cc1)Oc1ccc(cc1)[Si](*)(C)C)(C)C)(C)C)(C)C)(C)C,0.41859746,uwm_md,train
*O[Si](O[Si](O[Si](c1ccc(cc1)Oc1ccc(cc1)[Si](*)(C)C)(C)C)(C)C)(C)C,0.41576369,uwm_md,test
*Oc1ccc(cc1)S(=O)(=O)c1ccc(cc1)*,0.36689919,uwm_md,train
*OC(=O)c1c(cccc1)C(=O)OCCOCC*,0.32806661,uwm_md,train
*OC(*)CCCCCC,0.42182416,uwm_md,train
*OC(=O)C(=O)OCCOCC*,0.30751302,uwm_md,train
*OC(=O)CC(=O)OCCOCC*,0.31955507,uwm_md,train
*OC(=O)C(C(=O)OCCOCC*)C,0.33298601,uwm_md,test
*OC(=O)C(C(=O)OCCOCC*)CCC,0.3478015,uwm_md,train
*OC(=O)C(C(=O)OCCOCC*)CCCCC,0.35852428,uwm_md,test
*OC(=O)C(C(=O)OCCOCC*)CCCCCCC,0.36413222,uwm_md,train
*OC(=O)C(C(=O)OCCOCC*)CCCCCCCCC,0.37130804,uwm_md,train
*OC(=O)CCC(=O)OCCOCC*,0.3219175,uwm_md,train
*OC(=O)CCCC(=O)OCCOCC*,0.32465489,uwm_md,train
*OC(=O)CCCCC(=O)OCCOCC*,0.33115638,uwm_md,train
*OC(=O)CCCCCC(=O)OCCOCC*,0.33523458,uwm_md,train
*OC(=O)CCCCCCC(=O)OCCOCC*,0.34329076,uwm_md,test
*OC(=O)CCCCCCCCCCCCCCCCC(=O)OCCOCC*,0.36953742,uwm_md,train
*OC(=O)c1ccc(cc1)C(c1ccc(cc1)C(=O)OCC*)(CC)C,0.35349899,uwm_md,train
*c1nc2c(nc1)cc(cc2)c1ccc2c(nc(cn2)c2ccc(cc2)Oc2ccc(cc2)*)c1,0.40000868,uwm_md,train
*c1nc2c(nc1)ccc(c2)c1ccc2c(nc(cn2)c2ccc(cc2)Oc2ccc(cc2)Oc2ccc(cc2)*)c1,0.38500868,uwm_md,train
*c1nc2c(nc1)ccc(c2)c1ccc2c(nc(cn2)c2ccc(cc2)Oc2ccc(cc2)Oc2ccc(cc2)Oc2ccc(cc2)*)c1,0.38386656,uwm_md,train
*c1nc2c(nc1)cc(cc2)Oc1ccc2c(nc(cn2)c2ccc(cc2)Oc2ccc(cc2)*)c1,0.39336683,uwm_md,train
*c1c(nc2c(n1)cc(cc2)Oc1cc2c(nc(c(n2)c2ccc(cc2)*)c2ccccc2)cc1)c1ccccc1,0.4245693,uwm_md,train
*c1c(nc2c(n1)cc(cc2)Oc1cc2c(nc(c(n2)c2cc(ccc2)*)c2ccccc2)cc1)c1ccccc1,0.41748276,uwm_md,train
*Oc1ccc(cc1)Oc1ccc(cc1)Oc1ccc(cc1)C(=O)c1ccc(cc1)*,0.37206623,uwm_md,train
*Oc1ccc(cc1)S(=O)(=O)c1ccc(cc1)Oc1ccc(cc1)Cc1ccc(cc1)*,0.37003696,uwm_md,train
*c1cc2c(nc(c(n2)c2ccc(cc2)Oc2ccc(cc2)c2c(nc3c(n2)cc(cc3)C(=O)*)c2ccccc2)c2ccccc2)cc1,0.41566433,uwm_md,train
*c1c(nc2c(n1)cc(cc2)S(=O)(=O)c1cc2c(nc(c(n2)c2ccc(cc2)Oc2ccc(cc2)*)c2ccccc2)cc1)c1ccccc1,0.4167925,uwm_md,test
*c1nc2c(nc1)cc(cc2)c1ccc2c(nc(cn2)c2ccc(cc2)Oc2ccc(cc2)Oc2ccc(cc2)Oc2ccc(cc2)*)c1,0.38627985,uwm_md,train
*c1nc2c(nc1)cc(cc2)c1ccc2c(nc(cn2)c2ccc(cc2)Oc2ccc(cc2)Oc2ccc(cc2)*)c1,0.38737398,uwm_md,test
*c1nc2c(nc1)ccc(c2)c1ccc2c(nc(cn2)c2ccc(cc2)Oc2ccc(cc2)*)c1,0.40181263,uwm_md,test
*c1nc2cc3c(cc2nc1)nc(cn3)c1ccc(cc1)Oc1ccc(cc1)*,0.4131264,uwm_md,test
*c1c(nc2c(n1)cc(cc2)Oc1cc2c(nc(c(n2)c2ccc(cc2)Oc2ccc(cc2)*)c2ccccc2)cc1)c1ccccc1,0.41406386,uwm_md,test
*c1c(nc2c(n1)cc(cc2)c1cc2c(nc(c(n2)c2ccc(cc2)Oc2ccc(cc2)*)c2ccccc2)cc1)c1ccccc1,0.41714937,uwm_md,train
*c1nc2c(nc1c1ccccc1)cc(cc2)Oc1cc2c(nc(c(n2)c2ccccc2)c2cc(ccc2)*)cc1,0.43473817,uwm_md,train
*c1nc2c(nc1c1ccccc1)cc(cc2)Oc1cc2c(nc(c(n2)c2ccccc2)c2ccc(cc2)*)cc1,0.45462761,uwm_md,test
*Oc1ccc(cc1)C(c1ccc(cc1)OCC(C*)O)(C)C,0.35095055,uwm_md,train
*Oc1ccc(cc1)Cc1ccc(cc1)OCC(C*)O,0.34455061,uwm_md,test
*Oc1ccc(cc1)S(=O)(=O)c1ccc(cc1)OCC(C*)O,0.34218345,uwm_md,train
*OC(C(C(C(*)(F)F)(F)F)(F)F)(F)F,0.3276198,uwm_md,train
*OC(C*)CCCCCCCCCC,0.40374823,uwm_md,test
*OC(C*)CC(Cl)(Cl)Cl,0.37859237,uwm_md,test
*OC(CC*)C,0.3787093,uwm_md,train
*OCC(C*)C,0.38408676,uwm_md,train
*OCC(C*)(CCl)CC,0.37740492,uwm_md,test
*OC(COCC*)CCl,0.36652669,uwm_md,test
*OC(C*)COC(C(F)(F)F)(C(F)(F)F)F,0.33503076,uwm_md,test
*OC(C*)C1C(C(C1)(F)F)(F)F,0.35714922,uwm_md,test
*Oc1c(cc(cc1C)*)c1ccccc1,0.40029131,uwm_md,train
*Oc1c(cc(cc1c1ccccc1)*)c1ccc(cc1)C,0.40218767,uwm_md,train
*Oc1c(cc(cc1c1ccccc1)*)c1ccc(cc1)C(C)(C)C,0.41314664,uwm_md,train
*Oc1c(cc(cc1c1ccccc1)*)c1c(cccc1)c1ccccc1,0.4050477,uwm_md,test
*Oc1c(cc(cc1c1ccccc1)*)c1c2c(ccc1)cccc2,0.39947909,uwm_md,train
*Oc1ccc(cc1)CC1(c2ccccc2c2ccccc12)Cc1ccc(cc1)*,0.38673574,uwm_md,train
*Oc1ccc(cc1)OCC(C*)O,0.32994295,uwm_md,train
*Oc1ccc(cc1)C(CC(c1ccc(cc1)OCC(C*)O)C)(C)C,0.35423541,uwm_md,train
*Oc1ccc(cc1)CC(Cc1ccc(cc1)*)(C(=O)OCC)C(=O)OCC,0.36224127,uwm_md,train
*Oc1ccc(cc1)CC(Cc1ccc(cc1)*)(c1ccccc1)C#N,0.38378545,uwm_md,train
*Oc1ccc(cc1)CC(Cc1ccc(cc1)*)(C#N)C#N,0.38321738,uwm_md,test
*Oc1ccc(cc1)c1ccc(cc1)OC(*)(Oc1ccccc1)Oc1ccccc1,0.36489769,uwm_md,train
*Oc1c(cc(cc1)c1cc(c(cc1)OC(*)(Oc1ccccc1)Oc1ccccc1)C)C,0.3726312,uwm_md,train
*Oc1ccc(cc1)C1(C(CC(CC1)C(C)C)c1ccc(cc1)OCC(C*)O)C,0.36433734,uwm_md,train
*Oc1ccc(cc1)C(c1ccc(cc1)OCC(C*)OC(=O)C)(C)C,0.35142781,uwm_md,train
*Oc1ccc(cc1)C(c1ccc(cc1)OCC(C*)OC(=O)CCl)(C)C,0.35599023,uwm_md,train
*Oc1ccc(cc1)C(c1ccc(cc1)OCC(C*)OC(=O)CC)(C)C,0.35519812,uwm_md,train
*Oc1ccc(cc1)C(c1ccc(cc1)OCC(C*)OC(=O)c1ccccc1)(C)C,0.35589429,uwm_md,train
*Oc1ccc(cc1)C(c1ccc(cc1)OCC(C*)OC(=O)c1c(cccc1)Cl)(C)C,0.35506882,uwm_md,train
*Oc1ccc(cc1)C(c1ccc(cc1)OC(*)(Oc1ccccc1)Oc1ccccc1)(C)C,0.37316612,uwm_md,train
*Oc1c(cc(cc1)C(c1cc(c(cc1)OCC(C*)O)Cl)(C)C)Cl,0.36275869,uwm_md,train
*Oc1c(cc(cc1Cl)C(c1cc(c(c(c1)Cl)OCC(C*)O)Cl)(C)C)Cl,0.36746955,uwm_md,train
*Oc1c(cc(cc1Cl)C(c1cc(c(c(c1)Cl)OCC(C*)OC(=O)C)Cl)(C)C)Cl,0.36697598,uwm_md,test
*Oc1ccc(cc1)C(c1ccc(cc1)OCC(C*)O)(CC)C,0.35394579,uwm_md,train
*Oc1ccc(cc1)C(c1ccc(cc1)OCC(C*)O)(c1ccccc1)C,0.35423156,uwm_md,train
*Oc1ccc(cc1)C(c1ccc(cc1)OCC(C*)OC(=O)C)(c1ccccc1)C,0.35362656,uwm_md,test
*Oc1ccc(cc1)C(c1ccc(cc1)OCC(C*)OC(=O)c1ccccc1)(c1ccccc1)C,0.35693176,uwm_md,train
*Oc1ccc(cc1)OCC(C*)OC(=O)C,0.33587551,uwm_md,train
*Oc1ccc(cc1)/C(=C/c1ccc(cc1)OCCOCCOCC*)/C,0.36211153,uwm_md,train
*Oc1ccc(cc1)/C(=C/c1ccc(cc1)OCCOCCOCCOCC*)/C,0.35954959,uwm_md,train
*OC1C(CCCC1)*,0.37752253,uwm_md,train
*Oc1ccc(cc1)C1(CCC(CC1)C(c1ccc(cc1)OCC(C*)O)(C)C)C,0.35740346,uwm_md,train
*Oc1cc2c(C(CC2(C)C)(c2ccc(cc2)OCC(C*)O)C)cc1,0.362067,uwm_md,train
*Oc1ccc(cc1)C1(CC(CCC1)c1ccc(cc1)OCC(C*)O)CC,0.35559164,uwm_md,train
*Oc1ccc(cc1)C1(CC(CCC1)c1ccc(cc1)OCC(C*)OC(=O)C)CC,0.35641137,uwm_md,test
*Oc1ccc(cc1)C(=O)OCCCOC(=O)c1ccc(cc1)*,0.34520298,uwm_md,test
*Oc1ccc(cc1)C(=O)OCCCCOC(=O)c1ccc(cc1)*,0.34336471,uwm_md,train
*OCCC(=O)NCc1c(c(c(c(c1C)C)CNC(=O)CC*)C)C,0.336425,uwm_md,train
*OC(=O)NCCCCCCNC(=O)OCCOCCOCCOCC*,0.3380047,uwm_md,train
*OC(=O)NCCCCCCNC(=O)OCCOCCOCCOCCOCCOCC*,0.33926085,uwm_md,train
*Oc1cc(ccc1)Oc1cc(ccc1)OC(=O)*,0.34159568,uwm_md,train
*c1oc(nn1)c1ccc(cc1)Oc1ccc(cc1)*,0.40011627,uwm_md,test
*c1oc(nn1)c1ccc(cc1)Oc1ccc(cc1)C(c1ccc(cc1)Oc1ccc(cc1)*)(C)C,0.38996204,uwm_md,train
*c1oc(nn1)c1ccc(cc1)C1(c2c(C(=O)O1)cccc2)c1ccc(cc1)*,0.4359793,uwm_md,train
*c1oc(nn1)c1cc(ccc1)c1oc(nn1)c1ccc(cc1)*,0.44804899,uwm_md,train
*c1oc2c(n1)ccc(c2)c1ccc2c(oc(n2)CCCCCCCC*)c1,0.38060796,uwm_md,train
*Oc1ccc(cc1)N=Nc1ccc(cc1)Oc1ccc(cc1)C(c1ccc(cc1)*)(C)C,0.3780172,uwm_md,train
*Oc1ccc(cc1)C(c1ccc(cc1)Oc1ccc(cc1)C(=O)c1ccc(cc1)*)(C)C,0.37756242,uwm_md,train
*Oc1ccc(cc1)C(c1ccc(cc1)Oc1ccc(cc1)C(=O)c1ccc(cc1)*)(C(F)(F)F)C(F)(F)F,0.37573653,uwm_md,train
*Oc1ccc(cc1)C(c1ccc(cc1)Oc1ccc(cc1)C(=O)c1ccc(cc1)C(=O)c1ccc(cc1)*)(C)C,0.38241921,uwm_md,train
*Oc1ccc(cc1)C1(CCC(CC1)C(c1ccc(cc1)Oc1ccc(cc1)C(=O)c1ccc(cc1)*)(C)C)C,0.38061245,uwm_md,test
*Oc1cc(ccc1)S(=O)(=O)c1ccc(cc1)*,0.36277988,uwm_md,train
*Oc1ccc(cc1)S(=O)(=O)c1ccc(cc1)Oc1ccc(cc1)C(c1ccc(cc1)*)(C(F)(F)F)C(F)(F)F,0.37375522,uwm_md,train
*Oc1ccc(cc1)S(=O)(=O)c1ccc(cc1)Oc1c(cc(cc1C)C(c1cc(c(c(c1)C)*)C)(C)C)C,0.39688711,uwm_md,train
*Oc1ccc(cc1)S(=O)(=O)c1ccc(cc1)Oc1c(cc(cc1)C(c1cc(c(cc1)*)Cl)(C)C)Cl,0.38291342,uwm_md,train
*Oc1ccc(cc1)S(=O)(=O)c1ccc(cc1)Oc1ccc(cc1)C(c1ccc(cc1)*)(c1ccccc1)C,0.37844588,uwm_md,train
*Oc1c(cc(cc1c1ccccc1)*)c1cc(ccc1)C,0.40463316,uwm_md,train
*Oc1ccc(cc1)S(=O)(=O)c1ccc(cc1)Oc1ccc(cc1)C(c1ccc(cc1)OCCCCOc1ccc(cc1)C(c1ccc(cc1)*)(C)C)(C)C,0.36776278,uwm_md,train
*Oc1ccc(cc1)S(=O)(=O)c1ccc(cc1)c1ccc(cc1)S(=O)(=O)c1ccc(cc1)*,0.37627805,uwm_md,train
*Oc1ccc(cc1)S(=O)(=O)c1ccc(cc1)Oc1ccc(cc1)c1ccc(cc1)*,0.36753658,uwm_md,train
*Oc1ccc(cc1)Oc1ccc(cc1)S(=O)(=O)c1ccc(cc1)*,0.36840915,uwm_md,test
*Oc1ccc(cc1)Oc1ccc(cc1)Oc1ccc(cc1)S(=O)(=O)c1ccc(cc1)*,0.37216814,uwm_md,train
*Oc1ccc(cc1)S(=O)(=O)c1ccc(cc1)Oc1ccc(cc1)Sc1ccc(cc1)*,0.37748733,uwm_md,train
*c1ccc2oc3c(c2c1)cc(cc3)S(=O)(=O)*,0.39759334,uwm_md,train
*c1ccc2oc3c(c2c1)cc(cc3)S(=O)(=O)c1ccc(cc1)Oc1ccc(cc1)S(=O)(=O)*,0.37867656,uwm_md,train
*Oc1ccc(cc1)S(=O)(=O)c1ccc(cc1)Oc1ccc(cc1)C1CC(CCC1)C(c1ccc(cc1)*)C,0.37685467,uwm_md,train
*Oc1ccc(cc1)S(=O)(=O)c1ccc(cc1)Oc1ccc(cc1)C(c1ccc(cc1)*)(c1ccccc1)c1ccccc1,0.39496147,uwm_md,train
*Oc1ccc(cc1)S(=O)(=O)c1ccc(cc1)Oc1ccc(cc1)C1(C2CCC(C1)C2)c1ccc(cc1)*,0.38350802,uwm_md,train
*Oc1ccc(cc1)S(=O)(=O)c1cc2c(cc1)ccc(c2)S(=O)(=O)c1ccc(cc1)*,0.36906396,uwm_md,train
*Oc1ccc(cc1)S(=O)(=O)c1ccc(cc1)Oc1ccc(cc1)C(c1ccc(cc1)*)C(C)C,0.38318487,uwm_md,test
*Oc1ccc(cc1)S(=O)(=O)c1ccc(cc1)Oc1ccc(cc1)C(=O)c1ccc(cc1)*,0.37219019,uwm_md,train
*Oc1ccc(cc1)S(=O)(=O)N(CCCCN(S(=O)(=O)c1ccc(cc1)Oc1ccc(cc1)C(c1ccc(cc1)*)(C)C)C)C,0.35574227,uwm_md,train
*OCC(C*)(CC)CC,0.3776766,uwm_md,train
*Oc1ccc(cc1)S(=O)c1ccc(cc1)Oc1ccc(cc1)C(c1ccc(cc1)*)(C)C,0.37231355,uwm_md,test
*Oc1c2c(c(cc1)c1c3c(c(cc1)OCCCCCCC*)cccc3)cccc2,0.3642299,uwm_md,test
*Oc1c2c(c(cc1)c1c3c(c(cc1)OCCCCCC*)cccc3)cccc2,0.36384128,uwm_md,train
*Oc1c2c(c(cc1)c1c3c(c(cc1)OCCCCC*)cccc3)cccc2,0.36158697,uwm_md,train
*Oc1c2c(c(cc1)c1c3c(c(cc1)OCCCC*)cccc3)cccc2,0.36234593,uwm_md,train
*Oc1c2c(c(cc1)c1c3c(c(cc1)OCCC*)cccc3)cccc2,0.36210647,uwm_md,train
*OC(=O)CCCCC(=O)OCCOCCOCC*,0.33678464,uwm_md,train
*OC(=O)c1ccc(cc1)c1ccc(cc1)C(=O)OCCOCCOCC*,0.33902352,uwm_md,train
*OC(=O)CCCCCC(=O)OCCOCCOCC*,0.33929278,uwm_md,train
*OC(C(*)CCl)CCl,0.38330248,uwm_md,train
*OC(=O)COCC*,0.31811694,uwm_md,train
*C1OCC(CO1)(COC(=O)CCCCCCC*)C,0.35863844,uwm_md,train
*C1OC(CO1)CCCCOC(=O)CCCCCCC*,0.35831824,uwm_md,train
*OCC(C*)O,0.31201093,uwm_md,train
*OC(=O)c1ccc(cc1)c1ccc(cc1)C(=O)OCCOCC*,0.33590503,uwm_md,train
*OC(=O)c1ccc(cc1)C(=O)OCCOCC*,0.3314918,uwm_md,train
*Oc1cc(ccc1)NC(=O)CCCCC(=O)Nc1ccc(cc1)*,0.33664117,uwm_md,train
*Oc1ccc(cc1)NC(=O)CCCCC(=O)Nc1ccc(cc1)*,0.3339539,uwm_md,test
*Oc1cc(ccc1)NC(=O)CCCCCCCC(=O)Nc1ccc(cc1)*,0.3432777,uwm_md,test
*Oc1ccc(cc1)NC(=O)CCCCCCCC(=O)Nc1ccc(cc1)*,0.34425173,uwm_md,train
*Oc1cc(ccc1)NC(=O)CCCCCCCCCCC(=O)Nc1ccc(cc1)*,0.35425809,uwm_md,train
*Oc1ccc(cc1)NC(=O)CCCCCCCCCCC(=O)Nc1ccc(cc1)*,0.35479832,uwm_md,train
*Oc1cc(ccc1)NC(=O)CCCCCC(=O)Nc1ccc(cc1)*,0.33827626,uwm_md,train
*Oc1ccc(cc1)NC(=O)CCCCCC(=O)Nc1ccc(cc1)*,0.33920775,uwm_md,test
*Oc1cc(ccc1)NC(=O)CCCCCCCCC(=O)Nc1ccc(cc1)*,0.34695098,uwm_md,train
*Oc1ccc(cc1)NC(=O)CCCCCCCCC(=O)Nc1ccc(cc1)*,0.34746438,uwm_md,train
*Oc1cc(ccc1)NC(=O)CCCCCCC(=O)Nc1ccc(cc1)*,0.34067938,uwm_md,train
*Oc1ccc(cc1)NC(=O)CCCCCCC(=O)Nc1ccc(cc1)*,0.34325805,uwm_md,train
*Oc1cc(ccc1)NC(=O)CCCCCCCCCC(=O)Nc1ccc(cc1)*,0.34944602,uwm_md,train
*Oc1ccc(cc1)NC(=O)CCCCCCCCCC(=O)Nc1ccc(cc1)*,0.349997,uwm_md,train
*Oc1c(cc(cc1)C(=O)c1cc(ccc1)C(=O)c1cc(c(cc1)*)CC)CC,0.38536105,uwm_md,train
*Oc1c(cc(cc1C(C)C)C(=O)c1cc(ccc1)C(=O)c1ccc(cc1)*)C(C)C,0.40376992,uwm_md,train
*Oc1c(cc(cc1)C(=O)c1cc(ccc1)C(=O)c1cc(c(cc1)*)C(C)C)CC,0.39239857,uwm_md,train
*Oc1c(cc(cc1)C(=O)c1cc(ccc1)C(=O)c1cc(c(cc1)*)C(C)C)C,0.39318082,uwm_md,train
*Oc1c(cc(cc1)C(=O)c1ccc(cc1)C(=O)c1cc(c(cc1)*)C(C)C)C,0.39987425,uwm_md,train
*c1nc2c(c(c1)c1ccc(cc1)Oc1ccc(cc1)c1cc(nc3c1cccc3)c1ccc(cc1)c1ccc(cc1)*)cccc2,0.39515201,uwm_md,train
*c1nc2c(c(c1c1ccccc1)c1ccc(cc1)Oc1ccc(cc1)c1c(c(nc3c1cccc3)c1ccc(cc1)c1ccc(cc1)*)c1ccccc1)cccc2,0.40290946,uwm_md,train
*OC(COC(=O)c1cc(ccc1)C(C(C(c1cc(ccc1)C(=O)OCC(*)(F)F)(F)F)(F)F)(F)F)(F)F,0.33058531,uwm_md,train
*OC(COC(=O)c1cc(ccc1)C(=O)OCC(*)(F)F)(F)F,0.32071779,uwm_md,train
*OC(COC(=O)c1cc(cc(c1)OCCCCC)C(=O)OCC(*)(F)F)(F)F,0.33975909,uwm_md,train
*Oc1cc(ccc1)C(=O)OCC(C(C(COC(=O)c1cc(ccc1)*)(F)F)(F)F)(F)F,0.33298625,uwm_md,test
*Oc1ccc(cc1)Oc1ccc(cc1)OC(=O)c1cc(ccc1)C(=O)*,0.34811185,uwm_md,train
*Oc1ccc(cc1)Oc1ccc(cc1)OC(=O)c1cc(cc(c1)OCCCCC)C(=O)*,0.35782168,uwm_md,train
*ON(C(C(*)(F)F)(F)F)C(C(Br)(F)F)(F)F,0.34925007,uwm_md,train
*ON(C(C(*)(F)F)(F)F)C(F)(F)F,0.30488476,uwm_md,train
*Oc1ccc(cc1)S(=O)(=O)c1ccc(cc1)Oc1ccc(cc1)C1(CCCCC1)c1ccc(cc1)*,0.37562068,uwm_md,train
*c1c(nc2c(n1)cc(cc2)Oc1cc2c(nc(c(n2)c2ccc(cc2)c2ccc(cc2)*)c2ccccc2)cc1)c1ccccc1,0.42387436,uwm_md,train
*c1nc2c(nc1c1ccccc1)cc(cc2)Oc1cc2c(nc(c(n2)c2ccc(cc2)*)c2ccccc2)cc1,0.43112064,uwm_md,train
*c1nc2c(nc1c1ccccc1)cc(cc2)Oc1cc2c(nc(c(n2)c2ccc(cc2)Oc2ccc(cc2)*)c2ccccc2)cc1,0.41462508,uwm_md,train
*c1nc2c(nc1c1ccccc1)cc(cc2)Oc1cc2c(nc(c(n2)c2ccccc2)c2ccc(cc2)Oc2ccc(cc2)*)cc1,0.42723558,uwm_md,train
*c1nc2c(nc1c1ccccc1)cc(cc2)c1cc2c(nc(c(n2)c2ccc(cc2)Oc2ccc(cc2)*)c2ccccc2)cc1,0.41936962,uwm_md,train
*c1nc2c(nc1)cc(cc2)Oc1cc2c(nc(cn2)c2ccc(cc2)c2ccc(cc2)*)cc1,0.40678866,uwm_md,train
*c1nc2c(nc1)cc(cc2)c1cc2c(nc(cn2)c2ccc(cc2)Oc2ccc(cc2)c2ccc(cc2)Oc2ccc(cc2)*)cc1,0.38709806,uwm_md,test
*c1nc2c(nc1)cc(cc2)c1cc2c(nc(cn2)c2ccc(cc2)Oc2ccc(cc2)*)cc1,0.39789231,uwm_md,train
*c1nc2c(nc1)cc(cc2)c1cc2c(nc(cn2)c2ccc(cc2)Oc2ccc(cc2)Oc2ccc(cc2)*)cc1,0.39204345,uwm_md,train
*c1nc2c(nc1)cc(cc2)c1cc2c(nc(cn2)c2ccc(cc2)Oc2ccc(cc2)Oc2ccc(cc2)Oc2ccc(cc2)*)cc1,0.38383553,uwm_md,train
*c1nc2c(nc1)cc(cc2)Oc1cc2c(nc(cn2)c2ccc(cc2)Oc2ccc(cc2)*)cc1,0.40222325,uwm_md,train
*Oc1ccc(cc1)NC(=O)c1c(cc(c(c1)C(=O)Nc1ccc(cc1)*)C(=O)O)C(=O)O,0.31854458,uwm_md,test
*C1OCC2(CO1)COC(OC2)CCCCCCCC(=O)OCCOC(=O)CCCCCCC*,0.34857545,uwm_md,test
*ON(C(C(*)(F)F)(Br)F)C(F)(F)F,0.34640325,uwm_md,test
*ON(C(C(*)(F)F)(C(F)(F)F)F)C(F)(F)F,0.29794304,uwm_md,train
*OCC(C*)C(C)(C)C,0.37336489,uwm_md,train
*OCC(C*)(CC)C,0.38345634,uwm_md,train
*OCC(C*)(CO)C,0.33612908,uwm_md,train
*Oc1ccc(cc1)C(=O)c1ccc(cc1)C(=O)c1ccc(cc1)*,0.37803494,uwm_md,train
*Oc1ccc(cc1)Oc1ccc(cc1)C(=O)c1cc(ccc1)C(=O)c1ccc(cc1)*,0.36833963,uwm_md,train
*Oc1ccc(cc1)c1ccc(cc1)Oc1ccc(cc1)C(=O)c1cc(ccc1)C(=O)c1ccc(cc1)*,0.36424669,uwm_md,train
*Oc1ccc(cc1)C(=O)c1ccc(cc1)Oc1ccc(cc1)C(=O)c1cc(ccc1)C(=O)c1ccc(cc1)*,0.37091034,uwm_md,train
*Oc1ccc(cc1)S(=O)(=O)c1ccc(cc1)Oc1ccc(cc1)C(=O)c1cc(ccc1)C(=O)c1ccc(cc1)*,0.36722758,uwm_md,train
*Oc1ccc(cc1)Oc1ccc(cc1)S(=O)(=O)c1ccc(cc1)c1ccc(cc1)c1ccc(cc1)S(=O)(=O)c1ccc(cc1)*,0.3744368,uwm_md,test
*Oc1ccc(cc1)S(=O)(=O)c1ccc(cc1)c1ccc(cc1)c1ccc(cc1)S(=O)(=O)c1ccc(cc1)Oc1ccc(cc1)c1ccc(cc1)*,0.3713436,uwm_md,test
*Oc1ccc(cc1)S(=O)(=O)c1ccc(cc1)Oc1ccc(cc1)S(=O)(=O)c1ccc(cc1)c1ccc(cc1)c1ccc(cc1)S(=O)(=O)c1ccc(cc1)*,0.37649648,uwm_md,train
*Oc1ccc(cc1)S(=O)(=O)c1ccc(cc1)c1ccc(cc1)c1ccc(cc1)S(=O)(=O)c1ccc(cc1)*,0.37003296,uwm_md,test
*Oc1ccc(cc1)S(=O)(=O)c1ccc(cc1)Oc1ccc(cc1)c1ccc(cc1)c1ccc(cc1)*,0.36454739,uwm_md,train
*Oc1ccc(cc1)S(=O)(=O)c1ccc(cc1)c1ccc(cc1)S(=O)(=O)c1ccc(cc1)Oc1ccc(cc1)c1ccc(cc1)c1ccc(cc1)*,0.37441268,uwm_md,train
*Oc1ccc(cc1)c1ccc(cc1)c1ccc(cc1)Oc1ccc(cc1)C(=O)c1cc(ccc1)C(=O)c1ccc(cc1)*,0.36836692,uwm_md,train
*Oc1ccc(cc1)C(=O)c1cc(ccc1)C(=O)c1ccc(cc1)*,0.36581437,uwm_md,train
*Oc1ccc(cc1)S(=O)(=O)c1ccc(cc1)Oc1ccc(cc1)C(=O)c1ccc(cc1)c1ccc(cc1)C(=O)c1ccc(cc1)*,0.37362004,uwm_md,test
*OC(=O)c1ccc(cc1)c1ccc(cc1)C(=O)OCCCOCCC*,0.3420761,uwm_md,train
*Oc1ccc(cc1)C(c1ccc(cc1)Oc1ccc(cc1)C(=O)c1c(cccc1)c1c(cccc1)C(=O)c1ccc(cc1)*)(C)C,0.37964806,uwm_md,train
*Oc1ccc(cc1)C(c1ccc(cc1)Oc1ccc(cc1)C(=O)c1c(cccc1)c1c(cccc1)C(=O)c1ccc(cc1)*)(C(F)(F)F)C(F)(F)F,0.37602202,uwm_md,train
*Oc1ccc(cc1)c1ccc(cc1)Oc1ccc(cc1)C(=O)c1c(cccc1)c1c(cccc1)C(=O)c1ccc(cc1)*,0.37420624,uwm_md,train
*Oc1ccc(cc1)Oc1ccc(cc1)C(=O)c1c(cccc1)c1c(cccc1)C(=O)c1ccc(cc1)*,0.37522129,uwm_md,test
*Oc1cc(c(cc1)C(=O)c1ccccc1)c1c(ccc(c1)Oc1ccc(cc1)C(c1ccc(cc1)*)(C)C)C(=O)c1ccccc1,0.38183506,uwm_md,train
*Oc1cc(c(cc1)C(=O)c1ccccc1)c1c(ccc(c1)Oc1ccc(cc1)C(c1ccc(cc1)*)(C(F)(F)F)C(F)(F)F)C(=O)c1ccccc1,0.37955991,uwm_md,train
*Oc1cc(c(cc1)C(=O)c1ccccc1)c1c(ccc(c1)Oc1ccc(cc1)c1ccc(cc1)*)C(=O)c1ccccc1,0.38076076,uwm_md,train
*Oc1ccc(cc1)Oc1cc(c(cc1)C(=O)c1ccccc1)c1c(ccc(c1)*)C(=O)c1ccccc1,0.37726196,uwm_md,test
*Oc1ccc(cc1)Oc1ccc(cc1)C(=O)c1cc(ccc1)c1cc(ccc1)C(=O)c1ccc(cc1)*,0.36870915,uwm_md,test
*Oc1c(cc(cc1)Oc1ccc(cc1)C(=O)c1ccc(cc1)*)C(C)(C)C,0.38863246,uwm_md,test
*Oc1c(cc(cc1)Oc1ccc(cc1)C(=O)c1ccc(cc1)*)C,0.37828298,uwm_md,train
*Oc1ccc(cc1)C(=O)Nc1c(cc(c(c1)SCCC#N)NC(=O)c1ccc(cc1)*)SCCC#N,0.36223788,uwm_md,train
*c1sc2cc3c(cc2n1)sc(n3)c1ccc(cc1)Oc1ccc(cc1)*,0.47726356,uwm_md,train
*c1oc(cc1)C(c1oc(cc1)CNC(=O)OCc1oc(cc1)COC(=O)NC*)(C)C,0.33949603,uwm_md,train
*c1oc(cc1)C(c1oc(cc1)CNC(=O)OC(COC(=O)NC*)c1occc1)(C)C,0.34356107,uwm_md,train
*c1oc(cc1)C(c1oc(cc1)CNC(=O)OCc1oc(cc1)COCc1oc(cc1)COC(=O)NC*)(C)C,0.34220533,uwm_md,train
*c1oc(cc1)COC(=O)Nc1ccc(cc1)Cc1ccc(cc1)NC(=O)OC*,0.3423126,uwm_md,train
*c1oc(cc1)C(c1oc(cc1)CNC(=O)OCc1cocc1COC(=O)NC*)(C)C,0.33476958,uwm_md,train
*c1oc(cc1)COC(=O)NCc1oc(cc1)CNC(=O)OC*,0.32330608,uwm_md,train
*c1oc(cc1)CNC(=O)OC(COC(=O)NC*)c1occc1,0.32715503,uwm_md,train
*c1oc(cc1)COC(=O)NCCCCCCNC(=O)OC*,0.33438968,uwm_md,train
*c1oc(cc1)C(c1oc(cc1)CNC(=O)OC(C(OC(=O)NC*)c1occc1)c1occc1)(C)C,0.35185553,uwm_md,train
*c1oc(cc1)C(c1oc(cc1)CNC(=O)OCCOC(=O)NC*)(C)C,0.33830674,uwm_md,train
*c1oc(cc1)C(c1oc(cc1)CNC(=O)OC(COC(=O)NC*)c1occc1)CCC,0.35326235,uwm_md,train
*c1sc(cc1)Oc1ccc(cc1)C(c1ccc(cc1)Oc1ccc(cc1)S(=O)(=O)*)(C)C,0.3741321,uwm_md,train
*Oc1ccc(cc1)C(c1ccc(cc1)Oc1ccc(cc1)C(=O)Nc1ccc(cc1)NC(=O)c1ccc(cc1)*)(C(F)(F)F)C(F)(F)F,0.35746728,uwm_md,train
*Oc1ccc(cc1)C(c1ccc(cc1)Oc1ccc(cc1)C(=O)Nc1ccc(cc1)NC(=O)c1ccc(cc1)*)(C)C,0.35980678,uwm_md,train
*Oc1ccc(cc1)C(c1ccc(cc1)Oc1ccc(cc1)C(=O)Nc1ccc(cc1)NC(=O)c1ccc(cc1)*)(c1ccccc1)c1ccccc1,0.37438756,uwm_md,test
*Oc1ccc(cc1)C(c1ccc(cc1)Oc1ccc(cc1)C(=O)Nc1cc(ccc1)NC(=O)c1ccc(cc1)*)(C)C,0.36217731,uwm_md,train
*Oc1ccc(cc1)C(c1ccc(cc1)Oc1ccc(cc1)C(=O)Nc1cc(c(cc1)c1c(cc(cc1)NC(=O)c1ccc(cc1)*)C(F)(F)F)C(F)(F)F)(C)C,0.36383822,uwm_md,train
*Oc1ccc(cc1)C(c1ccc(cc1)Oc1ccc(cc1)C(=O)Nc1cc(c(cc1)c1c(cc(cc1)NC(=O)c1ccc(cc1)*)C(F)(F)F)C(F)(F)F)(C(F)(F)F)C(F)(F)F,0.36219263,uwm_md,test
*c1nc2c(n1c1ccc(cc1)n1c(nc3c1cccc3)c1ccc(cc1)Oc1ccc(cc1)S(=O)(=O)c1ccc(cc1)Oc1ccc(cc1)*)cccc2,0.37966679,uwm_md,test
*c1nc2c(n1c1ccc(cc1)n1c(nc3c1cccc3)c1ccc(cc1)Oc1ccc(cc1)C(=O)c1ccc(cc1)Oc1ccc(cc1)*)cccc2,0.3799322,uwm_md,train
*c1nc2c(n1c1ccc(cc1)n1c(nc3c1cccc3)c1ccc(cc1)Oc1ccc(cc1)C(=O)c1ccc(cc1)C(=O)c1ccc(cc1)Oc1ccc(cc1)*)cccc2,0.3802456,uwm_md,test
*c1nc2c(n1c1ccc(cc1)n1c(nc3c1cccc3)c1ccc(cc1)Oc1ccc(cc1)C(=O)c1cc(ccc1)C(=O)c1ccc(cc1)Oc1ccc(cc1)*)cccc2,0.37557123,uwm_md,test
*c1nc2c(n1c1ccc(cc1)n1c(nc3c1cccc3)c1ccc(cc1)Oc1ccc(cc1)C(=O)c1ccc(cc1)Oc1ccc(cc1)C(=O)c1ccc(cc1)Oc1ccc(cc1)*)cccc2,0.38408582,uwm_md,train
*C1(OC(OC1(*)F)(C(Cl)(F)F)C(F)(F)F)F,0.36536352,uwm_md,train
*C1(OC(OC1*)(C(F)(F)F)C(F)(F)F)F,0.36688477,uwm_md,train
*Oc1ccc(cc1)NC(=O)c1cc(cc(c1)C(C(C(C(F)(F)F)(F)F)(F)F)(F)F)C(=O)Nc1ccc(cc1)*,0.34392183,uwm_md,train
*Oc1cc(ccc1)NC(=O)c1cc(cc(c1)C(C(C(C(F)(F)F)(F)F)(F)F)(F)F)C(=O)Nc1ccc(cc1)*,0.34349195,uwm_md,test
*Oc1ccc(cc1)NC(=O)c1cc(cc(c1)C(C(C(C(C(C(C(C(F)(F)F)(F)F)(F)F)(F)F)(F)F)(F)F)(F)F)(F)F)C(=O)Nc1ccc(cc1)*,0.33785141,uwm_md,test
*Oc1cc(ccc1)NC(=O)c1cc(cc(c1)C(C(C(C(C(C(C(C(F)(F)F)(F)F)(F)F)(F)F)(F)F)(F)F)(F)F)(F)F)C(=O)Nc1ccc(cc1)*,0.33721798,uwm_md,train
*Oc1cc(ccc1)NC(=O)c1cc(ccc1)C(=O)Nc1ccc(cc1)*,0.34287767,uwm_md,train
*N1C(=O)c2c(C1=O)cc(cc2)Oc1c2c(ccc1)c(ccc2)Oc1cc2c(C(=O)N(C2=O)c2cc(ccc2)*)cc1,0.36724296,uwm_md,train
*Oc1ccc(cc1)OC(=O)c1ccc(cc1)OCCOCCOCCOc1ccc(cc1)C(=O)Oc1ccc(cc1)OCCCCCCCCCC*,0.34939934,uwm_md,test
*N1C(=O)c2c(C1=O)cc(cc2)Oc1cc2c(cc1Oc1cc3c(C(=O)N(C3=O)c3cc(ccc3)*)cc1)cccc2,0.37256174,uwm_md,test
*N1C(=O)c2c(C1=O)cc(cc2)Oc1cc2c(cc1)cc(cc2)Oc1cc2c(C(=O)N(C2=O)c2cc(ccc2)*)cc1,0.3713948,uwm_md,train
*N1C(=O)c2c(C1=O)cc(cc2)Oc1cc2c(cc1)ccc(c2)Oc1cc2c(C(=O)N(C2=O)c2cc(ccc2)*)cc1,0.36481552,uwm_md,train
*N1C(=O)c2c(C1=O)cc(cc2)Oc1c2c(ccc1)c(ccc2)Oc1cc2c(C(=O)N(C2=O)c2ccc(cc2)Oc2ccc(cc2)*)cc1,0.37077884,uwm_md,train
*N1C(=O)c2c(C1=O)cc(cc2)Oc1cc2c(cc1Oc1cc3c(C(=O)N(C3=O)c3ccc(cc3)Oc3ccc(cc3)*)cc1)cccc2,0.36464157,uwm_md,test
*N1C(=O)c2c(C1=O)cc(cc2)Oc1cc2c(cc1)ccc(c2)Oc1cc2c(C(=O)N(C2=O)c2ccc(cc2)Oc2ccc(cc2)*)cc1,0.36486297,uwm_md,train
*N1C(=O)c2c(C1=O)cc(cc2)Oc1c2c(ccc1)c(ccc2)Oc1cc2c(C(=O)N(C2=O)c2cc(ccc2)Oc2ccc(cc2)*)cc1,0.37487112,uwm_md,train
*N1C(=O)c2c(C1=O)cc(cc2)Oc1cc2c(cc1Oc1cc3c(C(=O)N(C3=O)c3cc(ccc3)Oc3ccc(cc3)*)cc1)cccc2,0.365223,uwm_md,train
*N1C(=O)c2c(C1=O)cc(cc2)Oc1cc2c(cc1)cc(cc2)Oc1cc2c(C(=O)N(C2=O)c2cc(ccc2)Oc2ccc(cc2)*)cc1,0.36778289,uwm_md,test
*N1C(=O)c2c(C1=O)cc(cc2)Oc1cc2c(cc1)ccc(c2)Oc1cc2c(C(=O)N(C2=O)c2cc(ccc2)Oc2ccc(cc2)*)cc1,0.36602103,uwm_md,train
*N1C(=O)c2c(C1=O)cc(cc2)Oc1c2c(ccc1)c(ccc2)Oc1cc2c(C(=O)N(C2=O)c2ccc(cc2)C(c2ccc(cc2)*)(C)C)cc1,0.38628112,uwm_md,train
*N1C(=O)c2c(C1=O)cc(cc2)Oc1cc2c(cc1)cc(cc2)Oc1cc2c(C(=O)N(C2=O)c2ccc(cc2)C(c2ccc(cc2)*)(C)C)cc1,0.38208553,uwm_md,train
*N1C(=O)c2c(C1=O)cc(cc2)Oc1cc2c(cc1)ccc(c2)Oc1cc2c(C(=O)N(C2=O)c2ccc(cc2)C(c2ccc(cc2)*)(C)C)cc1,0.37497844,uwm_md,train
*N1C(=O)c2c(C1=O)cc(cc2)Oc1c2c(ccc1)c(ccc2)Oc1cc2c(C(=O)N(C2=O)c2ccc(cc2)C(c2ccc(cc2)C(c2ccc(cc2)*)(C)C)(C)C)cc1,0.38669783,uwm_md,test
*N1C(=O)c2c(C1=O)cc(cc2)Oc1cc2c(cc1)cc(cc2)Oc1cc2c(C(=O)N(C2=O)c2ccc(cc2)C(c2ccc(cc2)C(c2ccc(cc2)*)(C)C)(C)C)cc1,0.38326204,uwm_md,train
*N1C(=O)c2c(C1=O)cc(cc2)Oc1cc2c(cc1)ccc(c2)Oc1cc2c(C(=O)N(C2=O)c2ccc(cc2)C(c2ccc(cc2)C(c2ccc(cc2)*)(C)C)(C)C)cc1,0.37859256,uwm_md,test
*N1C(=O)c2c(C1=O)cc(cc2)Oc1cc2c(cc1Oc1cc3c(C(=O)N(C3=O)c3ccc(cc3)Oc3ccc(cc3)Oc3ccc(cc3)*)cc1)cccc2,0.36802502,uwm_md,test
*N1C(=O)c2c(C1=O)cc(cc2)Oc1cc2c(cc1)ccc(c2)Oc1cc2c(C(=O)N(C2=O)c2ccc(cc2)Oc2ccc(cc2)Oc2ccc(cc2)*)cc1,0.36627913,uwm_md,train
*N1C(=O)c2c(C1=O)cc(cc2)Oc1cc2c(cc1Oc1cc3c(C(=O)N(C3=O)c3ccc(cc3)Oc3cc(ccc3)Oc3ccc(cc3)*)cc1)cccc2,0.36484641,uwm_md,train
*N1C(=O)c2c(C1=O)cc(cc2)Oc1cc2c(cc1Oc1cc3c(C(=O)N(C3=O)c3ccc(cc3)Oc3ccc(cc3)c3ccc(cc3)Oc3ccc(cc3)*)cc1)cccc2,0.36958426,uwm_md,train
*N1C(=O)c2c(C1=O)cc(cc2)Oc1cc2c(cc1)cc(cc2)Oc1cc2c(C(=O)N(C2=O)c2ccc(cc2)Oc2ccc(cc2)c2ccc(cc2)Oc2ccc(cc2)*)cc1,0.36600416,uwm_md,train
*N1C(=O)c2c(C1=O)cc(cc2)Oc1cc2c(cc1)ccc(c2)Oc1cc2c(C(=O)N(C2=O)c2ccc(cc2)Oc2ccc(cc2)c2ccc(cc2)Oc2ccc(cc2)*)cc1,0.36611158,uwm_md,train
*N1C(=O)c2c(C1=O)cc(cc2)Oc1c2c(ccc1)c(ccc2)Oc1cc2c(C(=O)N(C2=O)c2c(cc(cc2C)Cc2cc(c(c(c2)C)*)C)C)cc1,0.39800868,uwm_md,train
*N1C(=O)c2c(C1=O)cc(cc2)Oc1cc2c(cc1Oc1cc3c(C(=O)N(C3=O)c3c(cc(cc3C)Cc3cc(c(c(c3)C)*)C)C)cc1)cccc2,0.38811935,uwm_md,train
*N1C(=O)c2c(C1=O)cc(cc2)Oc1cc2c(cc1)ccc(c2)Oc1cc2c(C(=O)N(C2=O)c2c(cc(cc2C)Cc2cc(c(c(c2)C)*)C)C)cc1,0.39303801,uwm_md,train
*N1C(=O)c2c(C1=O)cc(cc2)Oc1cc2c(cc1Oc1cc3c(C(=O)N(C3=O)c3c(cc(cc3C)c3cc(c(c(c3)C)*)C)C)cc1)cccc2,0.38934069,uwm_md,test
*N1C(=O)c2c(C1=O)cc(cc2)Oc1c2c(ccc1)c(ccc2)Oc1cc2c(C(=O)N(C2=O)c2cc(cc(c2)C(F)(F)F)*)cc1,0.37819795,uwm_md,train
*N1C(=O)c2c(C1=O)cc(cc2)Oc1cc2c(cc1Oc1cc3c(C(=O)N(C3=O)c3cc(cc(c3)C(F)(F)F)*)cc1)cccc2,0.37041296,uwm_md,train
*N1C(=O)c2c(C1=O)cc(cc2)Oc1cc2c(cc1)ccc(c2)Oc1cc2c(C(=O)N(C2=O)c2cc(cc(c2)C(F)(F)F)*)cc1,0.37446524,uwm_md,train
*N1C(=O)c2c(C1=O)cc(cc2)Oc1c2c(ccc1)c(ccc2)Oc1cc2c(C(=O)N(C2=O)c2ccc(cc2)C(c2ccc(cc2)*)(C(F)(F)F)C(F)(F)F)cc1,0.38375006,uwm_md,train
*N1C(=O)c2c(C1=O)cc(cc2)Oc1cc2c(cc1Oc1cc3c(C(=O)N(C3=O)c3ccc(cc3)C(c3ccc(cc3)*)(C(F)(F)F)C(F)(F)F)cc1)cccc2,0.37439693,uwm_md,train
*N1C(=O)c2c(C1=O)cc(cc2)Oc1cc2c(cc1)cc(cc2)Oc1cc2c(C(=O)N(C2=O)c2ccc(cc2)C(c2ccc(cc2)*)(C(F)(F)F)C(F)(F)F)cc1,0.37815393,uwm_md,train
*N1C(=O)c2c(C1=O)cc(cc2)Oc1cc2c(cc1)ccc(c2)Oc1cc2c(C(=O)N(C2=O)c2ccc(cc2)C(c2ccc(cc2)*)(C(F)(F)F)C(F)(F)F)cc1,0.37532506,uwm_md,train
*Oc1cc(ccc1)NC(=O)c1ccc(cc1)C(=O)c1cc(ccc1)C(=O)Nc1ccc(cc1)*,0.35065699,uwm_md,train
*Oc1ccc(cc1)C(c1ccc(cc1)OCC(CN(S(=O)(=O)c1cc(ccc1)S(=O)(=O)N(CC(C*)O)C)C)O)(C)C,0.34239354,uwm_md,train
*Oc1ccc(cc1)Sc1ccc(cc1)OCC(CN(S(=O)(=O)c1cc(ccc1)S(=O)(=O)N(CC(C*)O)C)C)O,0.3444038,uwm_md,train
*Oc1ccc(cc1)S(=O)(=O)c1ccc(cc1)OCC(CN(S(=O)(=O)c1cc(ccc1)S(=O)(=O)N(CC(C*)O)C)C)O,0.33964291,uwm_md,train
*Oc1ccc(cc1)OCC(CN(S(=O)(=O)c1cc(ccc1)S(=O)(=O)N(CC(C*)O)C)C)O,0.33491941,uwm_md,train
*Oc1ccc(cc1)c1ccc(cc1)OCC(CN(S(=O)(=O)c1cc(ccc1)S(=O)(=O)N(CC(C*)O)C)C)O,0.34065553,uwm_md,test
*Oc1ccc(cc1)C(c1ccc(cc1)OCC(CN(S(=O)(=O)c1ccc(cc1)c1ccc(cc1)S(=O)(=O)N(CC(C*)O)C)C)O)(C)C,0.34670882,uwm_md,train
*Oc1ccc(cc1)OCC(CN(S(=O)(=O)c1ccc(cc1)c1ccc(cc1)S(=O)(=O)N(CC(C*)O)C)C)O,0.33724691,uwm_md,train
*Oc1ccc(cc1)C(c1ccc(cc1)OCC(CN(S(=O)(=O)c1ccc(cc1)c1ccc(cc1)S(=O)(=O)N(CC(C*)O)CCO)CCO)O)(C)C,0.33980494,uwm_md,test
*Oc1ccc(cc1)NC(=O)/C=C/c1ccc(cc1)/C=C/C(=O)Nc1ccc(cc1)*,0.33908362,uwm_md,train
*Oc1ccc(cc1)NC(=O)c1ccc(cc1)Oc1ccc(cc1)C(=O)Nc1ccc(cc1)*,0.35061579,uwm_md,train
*Oc1ccc(cc1)Oc1ccc(cc1)NC(=O)c1ccc(cc1)Oc1ccc(cc1)Oc1ccc(cc1)C(=O)Nc1ccc(cc1)*,0.35773858,uwm_md,train
*Oc1c(cc(cc1)Oc1ccc(cc1)NC(=O)c1ccc(cc1)Oc1c(cc(cc1)Oc1ccc(cc1)C(=O)Nc1ccc(cc1)*)C)C,0.36216317,uwm_md,train
*Oc1c(cc(cc1)Oc1ccc(cc1)NC(=O)c1ccc(cc1)Oc1c(cc(cc1)Oc1ccc(cc1)C(=O)Nc1ccc(cc1)*)c1ccccc1)c1ccccc1,0.36793579,uwm_md,test
*Oc1cc(ccc1)Oc1ccc(cc1)NC(=O)c1ccc(cc1)Oc1cc(ccc1)Oc1ccc(cc1)C(=O)Nc1ccc(cc1)*,0.3505917,uwm_md,train
*Oc1cc(ccc1)Oc1cc(ccc1)NC(=O)c1cc(ccc1)Oc1cc(ccc1)Oc1cc(ccc1)C(=O)Nc1cc(ccc1)*,0.35258693,uwm_md,train
*Oc1ccc(cc1)C(=O)N(C(=O)c1ccc(cc1)OCCCCCC*)c1ccccc1,0.36864893,uwm_md,train
*Oc1ccc(cc1)C(=O)N(C(=O)c1ccc(cc1)OCCCCCC*)c1ccc(cc1)Oc1ccccc1,0.36783158,uwm_md,test
*Oc1ccc(cc1)C(=O)N(C(=O)c1ccc(cc1)OCCCCCC*)c1cc(cc(c1)C)C,0.37589953,uwm_md,train
*Oc1ccc(cc1)C(=O)N(C(=O)c1ccc(cc1)OCCCCCC*)c1c2c(ccc1)cccc2,0.37512174,uwm_md,test
*Oc1ccc(cc1)c1ccc(cc1)OCCCCCCOC(=O)OCCCCCCOC(=O)OCCCCCC*,0.35478647,uwm_md,train
*Oc1ccc(cc1)c1ccc(cc1)OCCCCCCOC(=O)Nc1c(ccc(c1)NC(=O)OCCCCCC*)C,0.3490302,uwm_md,train
*Oc1ccc(cc1)C(=O)Nc1ccc(cc1)Cc1ccc(cc1)NC(=O)c1ccc(cc1)Oc1ccc(cc1)C(=O)c1ccc(cc1)S(=O)(=O)c1ccc(cc1)C(=O)c1ccc(cc1)*,0.36431498,uwm_md,train
*Oc1ccc(cc1)C(=O)Nc1ccc(cc1)S(=O)(=O)c1ccc(cc1)NC(=O)c1ccc(cc1)Oc1ccc(cc1)C(=O)c1ccc(cc1)S(=O)(=O)c1ccc(cc1)C(=O)c1ccc(cc1)*,0.36195969,uwm_md,train
*Oc1c(c(c(c(c1C)C)NC(=O)c1ccc(cc1)C(=O)Nc1ccc(cc1)*)C)C,0.37041365,uwm_md,train
*Oc1c(cc(cc1)OC(=O)c1ccc(cc1)OCCCCCCCCOc1ccc(cc1)C(=O)*)C(=O)CC,0.35362648,uwm_md,train
*Oc1ccc(cc1)Oc1ccc(cc1)C(=O)Nc1ccc(cc1)Cc1ccc(cc1)NC(=O)c1ccc(cc1)*,0.35716326,uwm_md,train
*Oc1ccc(cc1)Oc1ccc(cc1)C(=O)Nc1ccc(cc1)Oc1ccc(cc1)S(=O)(=O)c1ccc(cc1)Oc1ccc(cc1)NC(=O)c1ccc(cc1)*,0.35742127,uwm_md,train
*Oc1ccc(cc1)Oc1ccc(cc1)NC(=O)c1ccc(cc1)Oc1c(cc(cc1)Oc1ccc(cc1)C(=O)Nc1ccc(cc1)*)C,0.35751398,uwm_md,train
*Oc1c(cc(cc1)Oc1ccc(cc1)C(=O)Nc1ccc(cc1)Oc1ccc(cc1)c1ccc(cc1)Oc1ccc(cc1)NC(=O)c1ccc(cc1)*)C,0.36164862,uwm_md,train
*Oc1c(cc(cc1)Oc1ccc(cc1)C(=O)Nc1ccc(cc1)Oc1ccc(cc1)S(=O)(=O)c1ccc(cc1)Oc1ccc(cc1)NC(=O)c1ccc(cc1)*)C,0.36199389,uwm_md,test
*Oc1c(cc(cc1)Oc1ccc(cc1)C(=O)Nc1ccc(cc1)Oc1ccc(cc1)NC(=O)c1ccc(cc1)*)c1ccccc1,0.35976749,uwm_md,test
*Oc1c(cc(cc1)Oc1ccc(cc1)C(=O)Nc1ccc(cc1)Cc1ccc(cc1)NC(=O)c1ccc(cc1)*)c1ccccc1,0.36405434,uwm_md,train
*Oc1ccc(cc1)Oc1ccc(cc1)NC(=O)c1ccc(cc1)Oc1c(cc(cc1)Oc1ccc(cc1)C(=O)Nc1ccc(cc1)*)c1ccccc1,0.36142293,uwm_md,train
*Oc1c(cc(cc1)Oc1ccc(cc1)C(=O)Nc1ccc(cc1)Oc1ccc(cc1)c1ccc(cc1)Oc1ccc(cc1)NC(=O)c1ccc(cc1)*)c1ccccc1,0.36433591,uwm_md,train
*Oc1c(cc(cc1)Oc1ccc(cc1)C(=O)Nc1ccc(cc1)Oc1ccc(cc1)S(=O)(=O)c1ccc(cc1)Oc1ccc(cc1)NC(=O)c1ccc(cc1)*)c1ccccc1,0.3631401,uwm_md,train
*Oc1ccc(cc1)C1(c2ccccc2c2ccccc12)c1ccc(cc1)OCC(CN(S(=O)(=O)c1cc(ccc1)S(=O)(=O)N(CC(C*)O)C)C)O,0.34976889,uwm_md,train
*Oc1ccc(cc1)S(=O)(=O)c1ccc(cc1)Oc1ccc(cc1)C1(c2ccccc2c2ccccc12)c1ccc(cc1)*,0.39274981,uwm_md,train
*c1oc(cc1)CC*,0.3766254,uwm_md,train
*N1C(=O)c2c(C1=O)cc(cc2)Oc1cc2c(cc1)cc(cc2)Oc1cc2c(C(=O)N(C2=O)c2ccc(cc2)Oc2ccc(cc2)*)cc1,0.368655,uwm_md,train
*Oc1ccc(cc1)C(c1ccc(cc1)C(c1ccc(cc1)Oc1ccc(cc1)C(=O)Nc1ccc(cc1)NC(=O)c1ccc(cc1)*)(C)C)(C)C,0.37043305,uwm_md,train
*Oc1ccc(cc1)C(c1ccc(cc1)C(c1ccc(cc1)Oc1ccc(cc1)C(=O)Nc1cc(ccc1)NC(=O)c1ccc(cc1)*)(C)C)(C)C,0.36677611,uwm_md,train
*Oc1ccc(cc1)NC(=O)c1ccc(cc1)Oc1ccc(cc1)C(c1ccc(cc1)C(c1ccc(cc1)Oc1ccc(cc1)C(=O)Nc1ccc(cc1)*)(C)C)(C)C,0.36801205,uwm_md,train
*Oc1cc(ccc1)NC(=O)c1ccc(cc1)Oc1ccc(cc1)C(c1ccc(cc1)C(c1ccc(cc1)Oc1ccc(cc1)C(=O)Nc1ccc(cc1)*)(C)C)(C)C,0.3657163,uwm_md,train
*Oc1ccc(cc1)C(c1ccc(cc1)C(c1ccc(cc1)Oc1ccc(cc1)C(=O)Nc1ccc(cc1)Cc1ccc(cc1)NC(=O)c1ccc(cc1)*)(C)C)(C)C,0.36900902,uwm_md,train
*Oc1ccc(cc1)Oc1ccc(cc1)NC(=O)c1ccc(cc1)Oc1ccc(cc1)C(c1ccc(cc1)C(c1ccc(cc1)Oc1ccc(cc1)C(=O)Nc1ccc(cc1)*)(C)C)(C)C,0.36683276,uwm_md,train
*Oc1ccc(cc1)NC(=O)c1ccc(cc1)Oc1ccc(cc1)C(c1ccc(cc1)C(c1ccc(cc1)Oc1ccc(cc1)C(=O)Nc1ccc(cc1)Oc1ccc(cc1)C(c1ccc(cc1)*)(C)C)(C)C)(C)C,0.37043796,uwm_md,train
*Oc1ccc(cc1)NC(=O)c1ccc(cc1)Oc1ccc(cc1)C(c1ccc(cc1)C(c1ccc(cc1)Oc1ccc(cc1)C(=O)Nc1ccc(cc1)Oc1ccc(cc1)c1ccc(cc1)*)(C)C)(C)C,0.36733109,uwm_md,test
*Oc1ccc(cc1)S(=O)(=O)c1ccc(cc1)Oc1ccc(cc1)NC(=O)c1ccc(cc1)Oc1ccc(cc1)C(c1ccc(cc1)C(c1ccc(cc1)Oc1ccc(cc1)C(=O)Nc1ccc(cc1)*)(C)C)(C)C,0.36526252,uwm_md,train
*Oc1ccc(cc1)NC(=O)c1ccc(cc1)Oc1ccc(cc1)C(c1ccc(cc1)C(c1ccc(cc1)Oc1ccc(cc1)C(=O)Nc1ccc(cc1)Oc1ccc(cc1)C(c1ccc(cc1)*)(C(F)(F)F)C(F)(F)F)(C)C)(C)C,0.36856171,uwm_md,train
*Oc1ccc(cc1)C(c1cc(ccc1)C(c1ccc(cc1)Oc1ccc(cc1)C(=O)Nc1ccc(cc1)NC(=O)c1ccc(cc1)*)(C)C)(C)C,0.36368772,uwm_md,train
*Oc1ccc(cc1)C(c1cc(ccc1)C(c1ccc(cc1)Oc1ccc(cc1)C(=O)Nc1cc(ccc1)NC(=O)c1ccc(cc1)*)(C)C)(C)C,0.3636819,uwm_md,train
*Oc1ccc(cc1)NC(=O)c1ccc(cc1)Oc1ccc(cc1)C(c1cc(ccc1)C(c1ccc(cc1)Oc1ccc(cc1)C(=O)Nc1ccc(cc1)*)(C)C)(C)C,0.36487066,uwm_md,test
*Oc1cc(ccc1)NC(=O)c1ccc(cc1)Oc1ccc(cc1)C(c1cc(ccc1)C(c1ccc(cc1)Oc1ccc(cc1)C(=O)Nc1ccc(cc1)*)(C)C)(C)C,0.3649328,uwm_md,train
*Oc1ccc(cc1)C(c1cc(ccc1)C(c1ccc(cc1)Oc1ccc(cc1)C(=O)Nc1ccc(cc1)Cc1ccc(cc1)NC(=O)c1ccc(cc1)*)(C)C)(C)C,0.36716736,uwm_md,test
*Oc1ccc(cc1)Oc1ccc(cc1)NC(=O)c1ccc(cc1)Oc1ccc(cc1)C(c1cc(ccc1)C(c1ccc(cc1)Oc1ccc(cc1)C(=O)Nc1ccc(cc1)*)(C)C)(C)C,0.36520777,uwm_md,train
*Oc1ccc(cc1)NC(=O)c1ccc(cc1)Oc1ccc(cc1)C(c1cc(ccc1)C(c1ccc(cc1)Oc1ccc(cc1)C(=O)Nc1ccc(cc1)Oc1ccc(cc1)C(c1ccc(cc1)*)(C)C)(C)C)(C)C,0.36924917,uwm_md,train
*Oc1ccc(cc1)NC(=O)c1ccc(cc1)Oc1ccc(cc1)C(c1cc(ccc1)C(c1ccc(cc1)Oc1ccc(cc1)C(=O)Nc1ccc(cc1)Oc1ccc(cc1)c1ccc(cc1)*)(C)C)(C)C,0.36823106,uwm_md,train
*Oc1ccc(cc1)S(=O)(=O)c1ccc(cc1)Oc1ccc(cc1)NC(=O)c1ccc(cc1)Oc1ccc(cc1)C(c1cc(ccc1)C(c1ccc(cc1)Oc1ccc(cc1)C(=O)Nc1ccc(cc1)*)(C)C)(C)C,0.36584283,uwm_md,train
*Oc1ccc(cc1)NC(=O)c1ccc(cc1)Oc1ccc(cc1)C(c1cc(ccc1)C(c1ccc(cc1)Oc1ccc(cc1)C(=O)Nc1ccc(cc1)Oc1ccc(cc1)C(c1ccc(cc1)*)(C(F)(F)F)C(F)(F)F)(C)C)(C)C,0.3636083,uwm_md,train
*Oc1ccc(cc1)NC(=O)c1cc(ccc1)C(=O)Nc1ccc(cc1)Oc1ccc(cc1)C(c1ccc(cc1)*)(C(F)(F)F)C(F)(F)F,0.35683545,uwm_md,train
*Oc1ccc(cc1)NC(=O)c1cc(cc(c1)C(C)(C)C)C(=O)Nc1ccc(cc1)Oc1ccc(cc1)C(c1ccc(cc1)*)(C(F)(F)F)C(F)(F)F,0.36861613,uwm_md,test
*Oc1ccc(cc1)NC(=O)c1ccc(cc1)S(=O)(=O)c1ccc(cc1)C(=O)Nc1ccc(cc1)Oc1ccc(cc1)C(c1ccc(cc1)*)(C(F)(F)F)C(F)(F)F,0.36216369,uwm_md,train
*Oc1ccc(cc1)NC(=O)c1cc(cc(c1)[N+](=O)[O-])C(=O)Nc1ccc(cc1)Oc1ccc(cc1)C(c1ccc(cc1)*)(C(F)(F)F)C(F)(F)F,0.3558116,uwm_md,train
*Oc1ccc(cc1)NC(=O)c1ccc(cc1)C(=O)Nc1ccc(cc1)Oc1ccc(cc1)C(c1ccc(cc1)*)(C(F)(F)F)C(F)(F)F,0.35696671,uwm_md,train
*Oc1ccc(cc1)NC(=O)c1ccc(cc1)P(=O)(c1ccc(cc1)C(=O)Nc1ccc(cc1)*)c1ccccc1,0.36140539,uwm_md,train
*Oc1cc(ccc1)NC(=O)c1ccc(cc1)P(=O)(c1ccc(cc1)C(=O)Nc1cc(ccc1)Oc1ccc(cc1)P(=O)(c1ccc(cc1)*)c1ccccc1)c1ccccc1,0.36861977,uwm_md,test
*Oc1ccc(cc1)NC(=O)c1ccc(cc1)P(=O)(c1ccc(cc1)C(=O)Nc1ccc(cc1)Oc1ccc(cc1)P(=O)(c1ccc(cc1)*)c1ccccc1)c1ccccc1,0.37546944,uwm_md,train
*c1cc2c(C(=O)N(C2=O)c2ccc(cc2)N2C(=O)c3c(C2=O)cc(cc3)c2c(c(c(c(c2c2ccccc2)c2ccccc2)c2ccc(cc2)Oc2ccc(cc2)c2c(c(c(c(c2c2ccccc2)c2ccccc2)*)c2ccccc2)c2ccccc2)c2ccccc2)c2ccccc2)cc1,0.40149442,uwm_md,train
*c1cc2c(C(=O)N(C2=O)c2ccc(cc2)Oc2ccc(cc2)N2C(=O)c3c(C2=O)cc(cc3)c2c(c(c(c(c2c2ccccc2)c2ccccc2)c2ccc(cc2)Oc2ccc(cc2)c2c(c(c(c(c2c2ccccc2)c2ccccc2)*)c2ccccc2)c2ccccc2)c2ccccc2)c2ccccc2)cc1,0.4007299,uwm_md,train
*c1cc2c(C(=O)N(C2=O)c2cc(ccc2)Oc2ccc(cc2)N2C(=O)c3c(C2=O)cc(cc3)c2c(c(c(c(c2c2ccccc2)c2ccccc2)c2ccc(cc2)Oc2ccc(cc2)c2c(c(c(c(c2c2ccccc2)c2ccccc2)*)c2ccccc2)c2ccccc2)c2ccccc2)c2ccccc2)cc1,0.39872119,uwm_md,train
*c1cc2c(C(=O)N(C2=O)c2ccc(cc2)Oc2ccc(cc2)N2C(=O)c3c(C2=O)cc(cc3)c2c(c(c(c(c2c2ccccc2)c2ccccc2)c2ccc(cc2)Sc2ccc(cc2)c2c(c(c(c(c2c2ccccc2)c2ccccc2)*)c2ccccc2)c2ccccc2)c2ccccc2)c2ccccc2)cc1,0.40157319,uwm_md,test
*c1cc2c(C(=O)N(C2=O)c2cc(ccc2)Oc2ccc(cc2)N2C(=O)c3c(C2=O)cc(cc3)c2c(c(c(c(c2c2ccccc2)c2ccccc2)c2ccc(cc2)Sc2ccc(cc2)c2c(c(c(c(c2c2ccccc2)c2ccccc2)*)c2ccccc2)c2ccccc2)c2ccccc2)c2ccccc2)cc1,0.4011794,uwm_md,train
*Oc1ccc(cc1)C=CC(=O)c1ccc(cc1)Oc1ccc(cc1)C(c1ccc(cc1)*)(C)C,0.37255278,uwm_md,train
*Oc1ccc(cc1)C=CC(=O)c1ccc(cc1)Oc1c(cc(cc1)C(c1cc(c(cc1)*)C)(C)C)C,0.39205535,uwm_md,train
*Oc1ccc(cc1)C=CC(=O)c1ccc(cc1)Oc1ccc(cc1)C(c1ccc(cc1)*)(c1ccccc1)C,0.37609357,uwm_md,test
*Oc1ccc(cc1)C1(c2ccccc2c2ccccc12)c1ccc(cc1)Oc1ccc(cc1)C=CC(=O)c1ccc(cc1)*,0.38901721,uwm_md,train
*Oc1cc(cc(c1)[N+](=O)[O-])Oc1ccc(cc1)C(c1ccc(cc1)*)(C)C,0.37041921,uwm_md,test
*Oc1ccc(cc1)S(=O)(=O)c1ccc(cc1)OCC(C*)OC(=O)C,0.34921256,uwm_md,train
*Oc1c(cc(cc1c1ccccc1)*)c1c(c(ccc1)c1ccccc1)c1ccccc1,0.40445891,uwm_md,train
*c1ccc2C3(OC(=O)c4ccccc34)c3c(Oc2c1)cc(cc3)OC(=O)c1cc(ccc1)C(=O)O*,0.35989808,uwm_md,train
*SC(*)(F)F,0.37718963,uwm_md,train
*SCC*,0.44850444,uwm_md,train
*SSCC*,0.48456382,uwm_md,train
*SSSSCC*,0.52820271,uwm_md,test
*SC(C*)CC,0.42316146,uwm_md,test
*SC(C*)COCC=C,0.39134513,uwm_md,train
*SCCC*,0.44308089,uwm_md,train
*SCC(C*)(C)C,0.40110169,uwm_md,train
*SC(C*)(C)C,0.40403042,uwm_md,train
*SC(CC*)C,0.42340205,uwm_md,train
*SCC(C*)(CC)C,0.39492528,uwm_md,train
*SSCCCCC*,0.45235831,uwm_md,train
*SSCCCCCC*,0.44419731,uwm_md,train
*SSCCCCCCCCCC*,0.43577618,uwm_md,train
*SSSCCCCCCCCCC*,0.44700214,uwm_md,train
*SSSSCCCCCCCCCC*,0.45331783,uwm_md,test
*SCCC(=O)NCCCCCCNC(=O)CC*,0.3462525,uwm_md,train
*SC1C(CCCC1)*,0.39542833,uwm_md,test
*SC1CC(CCC1)*,0.39301912,uwm_md,train
*SSCc1ccc(cc1)C*,0.40158924,uwm_md,test
*SSSSCc1ccc(cc1)C*,0.42976694,uwm_md,train
*SC(C*)c1ccccc1,0.3836093,uwm_md,train
*SCCCCC(=O)NCc1ccc(cc1)CNC(=O)CCCC*,0.35168032,uwm_md,train
*SCCCCCCC(=O)NCc1ccc(cc1)CNC(=O)CCCCCC*,0.36267887,uwm_md,train
*SCCCCCCCCCCC(=O)NCCc1ccc(cc1)CCNC(=O)CCCCCCCCCC*,0.38077316,uwm_md,train
*Oc1ccc(cc1)Sc1ccc(cc1)OC(=O)*,0.35903581,uwm_md,train
*OC(=O)c1ccc(cc1)SCCCCSc1ccc(cc1)C(=O)*,0.36348377,uwm_md,train
*C1(NCC(NC1)(C(=O)OCC(CSCC(COC(=O)*)(C)C)(C)C)C)C,0.36496974,uwm_md,train
*c1c(nc2c(n1)cc(cc2)c1cc2c(nc(c(n2)c2ccc(cc2)Sc2ccc(cc2)*)c2ccccc2)cc1)c1ccccc1,0.41874626,uwm_md,train
*c1sc2c(n1)ccc(c2)c1ccc2c(sc(n2)c2cc(ccc2)*)c1,0.46119303,uwm_md,train
*c1sc2c(n1)ccc(c2)c1ccc2c(sc(n2)CCCCCCCC*)c1,0.37827781,uwm_md,train
*c1nc2c(nc1c1ccccc1)cc(cc2)c1cc2c(nc(c(n2)c2ccccc2)c2ccc(cc2)Sc2ccc(cc2)*)cc1,0.43253891,uwm_md,test
*SSSCc1ccc(cc1)C*,0.41886249,uwm_md,train
*Sc1c(cc(cc1C)*)C,0.42844078,uwm_md,train
*Sc1c(cc(c(c1)C)*)C,0.42409378,uwm_md,train
*Sc1cc(ccc1)Sc1ccc(cc1)Sc1ccc(cc1)*,0.39246756,uwm_md,train
*Oc1c(cc(cc1)OC(=O)c1ccc(cc1)Sc1cc(ccc1)OC(=O)c1ccc(cc1)C(=O)Oc1cc(ccc1)Sc1ccc(cc1)C(=O)*)C,0.36045779,uwm_md,train
*Oc1c(cc(cc1)OC(=O)c1cc(ccc1)Sc1ccc(cc1)OC(=O)c1ccc(cc1)C(=O)Oc1ccc(cc1)Sc1cc(ccc1)C(=O)*)C,0.35931108,uwm_md,train
*Oc1c(cc(cc1)OC(=O)c1cc(ccc1)Sc1ccc(cc1)OC(=O)c1ccc(cc1)C(=O)Oc1ccc(cc1)Sc1cc(ccc1)C(=O)*)c1ccccc1,0.36413304,uwm_md,train
*c1sc(cc1)CC*,0.39157828,uwm_md,train
*c1cc2c(C(=O)N(C2=O)c2ccc(cc2)N2C(=O)c3c(C2=O)cc(cc3)c2c(c(c(c(c2c2ccccc2)c2ccccc2)c2ccc(cc2)Sc2ccc(cc2)c2c(c(c(c(c2c2ccccc2)c2ccccc2)*)c2ccccc2)c2ccccc2)c2ccccc2)c2ccccc2)cc1,0.40791529,uwm_md,train
*c1sc(cc1)C(=C(*)OC)OC,0.371067,uwm_md,train
*OC(=O)CCC(=O)OCC*,0.31070608,uwm_md,train
*OC(=O)CCC(=O)OCCC*,0.31978583,uwm_md,train
*OC(=O)CCC(=O)OCCCC*,0.3291051,uwm_md,train
*OC(=O)CCCC(=O)OCCC*,0.32464851,uwm_md,train
*OC(=O)CCCCC(=O)OCCC*,0.33351251,uwm_md,test
*OC(=O)CCCCCCC(=O)OCCC*,0.34528198,uwm_md,train
*OC(=O)CCCCCCC(=O)OCCCCCCCCCC*,0.36776724,uwm_md,train
*OC(=O)CCCCCCCCC(=O)OCCCC*,0.35670902,uwm_md,train
*OC(=O)CCCCCCCCC(=O)OCCCCCC*,0.36054003,uwm_md,train
*OC(=O)CCCCCCCCC(=O)OCCCCCCCCCC*,0.37098942,uwm_md,train
*OC(=O)c1ccc(cc1)C(=O)OCCCC*,0.34023648,uwm_md,train
*OC(=O)c1cc(ccc1)C(=O)OCCCC*,0.33869423,uwm_md,train
*OC(=O)c1ccc(cc1)C(=O)OCCCCC*,0.34203506,uwm_md,train
*OC(=O)c1ccc(cc1)C(=O)OCCCCCC*,0.34961914,uwm_md,train
*OC(=O)c1ccc(cc1)C(=O)OCCCCCCCCCC*,0.36312778,uwm_md,train
*OC(=O)c1ccc(cc1)C(=O)OCC1CCC(CC1)C*,0.35960828,uwm_md,train
*Oc1c(cc(cc1Cl)C(c1cc(c(c(c1)Cl)OC(=O)CCCCC(=O)*)Cl)(C)C)Cl,0.37453429,uwm_md,train
*Oc1ccc(cc1)C(c1ccc(cc1)OC(=O)C1CCC(CC1)C(=O)*)(C)C,0.3540751,uwm_md,train
*Oc1ccc(cc1)C(c1ccc(cc1)OC(=O)c1ccc(cc1)C(=O)*)(C)C,0.36082508,uwm_md,train
*Oc1ccc(cc1)Cc1ccc(cc1)OC(=O)c1cc(ccc1)C(=O)*,0.35373472,uwm_md,train
*Oc1ccc(cc1)C(c1ccc(cc1)OC(=O)c1cc(ccc1)C(=O)*)(C)C,0.36148157,uwm_md,train
*OC(=O)c1cc2c(cc1)ccc(c2)C(=O)OCC*,0.33503651,uwm_md,train
*OC(=O)c1cc2c(cc1)cc(cc2)C(=O)OCC*,0.3346262,uwm_md,train
*O[Si](CC(COC(=O)c1cc(ccc1)C(=O)OCC(C[Si](*)(C)C)(C)C)(C)C)(C)C,0.3817269,uwm_md,test
*SC(=O)CCCCC*,0.39191905,uwm_md,train
*OC(=O)CCCCC(=O)OCCCCC*,0.34417644,uwm_md,train
*OC1CCC(CC1)OC(=O)CCCCC(=O)*,0.34360259,uwm_md,train
*OC(=O)CCCCCCCCC(=O)OCC#CC*,0.35810319,uwm_md,train
*OC(=O)c1c(cccc1)C(=O)OCC*,0.3271084,uwm_md,test
*Oc1c(cc(cc1)C(c1cc(c(cc1)OC(=O)c1ccc(cc1)C(=O)*)C)(C)C)C,0.37553512,uwm_md,train
*Oc1ccc(cc1)C1(c2ccccc2c2ccccc12)c1ccc(cc1)OC(=O)c1cc(ccc1)C(=O)*,0.37279646,uwm_md,train
*C1(c2c(C(=O)O1)cccc2)c1ccc(cc1)OC(=O)c1ccc(cc1)C(=O)Oc1ccc(cc1)*,0.36083172,uwm_md,train
*C1(c2c(C(=O)O1)cccc2)c1ccc(cc1)OC(=O)c1cc(ccc1)C(=O)Oc1ccc(cc1)*,0.35513866,uwm_md,train
*OC(=O)C*,0.29139366,uwm_md,test
*OC(=O)CCC*,0.32557378,uwm_md,train
*OC(=O)CCCC*,0.3399073,uwm_md,train
*OC(=O)CCCCC*,0.34897959,uwm_md,test
*OC(=O)CCCCCCCCCC*,0.37420675,uwm_md,train
*OC(=O)CCCCCCCCCCCC*,0.38106509,uwm_md,train
*OC(=O)CCCCCCCCCCCCCC*,0.38218205,uwm_md,train
*OC(=O)CCCCCC*,0.35774831,uwm_md,train
*OC(=O)CCCCC(=O)OCCCCCC*,0.34866959,uwm_md,train
*OC(=O)CCCCCCCCCCCCCCCCC(=O)OCCCCCCCCCC*,0.38276992,uwm_md,train
*OC(=O)CCCCC(=O)OCCCCCCCCCCCCCCCC*,0.37375344,uwm_md,train
*OC(=O)CCCCCCC(=O)OCCCCCCCCCCCCCCCC*,0.37544747,uwm_md,train
*OC(=O)c1ccc(cc1)C(=O)OCCC*,0.33381899,uwm_md,train
*OC(=O)c1cc(ccc1)C(=O)OCCCCCCCCCC*,0.35874529,uwm_md,train
*OC(=O)c1ccc(cc1)C(=O)OCC(C(C*)C)C,0.34746292,uwm_md,train
*OC(=O)c1ccc(cc1)C(=O)OCC(C(C*)CC)CC,0.35322539,uwm_md,train
*OC(=O)c1ccc(cc1)C(=O)OCC(C(C*)CCC)CCC,0.35986074,uwm_md,train
*OC(=O)c1ccc(cc1)C(=O)OCC(C(C*)CCCC)CCCC,0.36856898,uwm_md,train
*OC(=O)c1ccc(cc1)C(=O)OCC(C(C*)CCCCCC)CCCCCC,0.37457172,uwm_md,train
*OC(=O)c1ccc(cc1)C(=O)OCC(C(C*)CCCCCCCCCC)CCCCCCCCCC,0.37919414,uwm_md,train
*OC(=O)c1ccc(cc1)C(=O)OCC(C(C*)CCCCCCCCCCCCCCCC)CCCCCCCCCCCCCCCC,0.39720442,uwm_md,test
*OC(=O)c1ccc(cc1)C(=O)OCC(C(C*)C(C)C)C(C)C,0.35713078,uwm_md,train
*Oc1c(cc(cc1)OC(=O)c1ccc(cc1)C(=O)*)CCC(CC)C,0.36764401,uwm_md,train
*Oc1c(cc(cc1)OC(=O)c1ccc(cc1)C(=O)*)C1CCCCC1,0.37641146,uwm_md,test
*Oc1c(cc(cc1)OC(=O)c1ccc(cc1)C(=O)*)C1C2CCC(C1)C2,0.3689794,uwm_md,train
*OC(=O)c1cc(ccc1)C(=O)OCCCCC*,0.34539931,uwm_md,train
*OC(=O)c1cc(ccc1)C(=O)OCCCCCC*,0.34938247,uwm_md,train
*Oc1ccc(cc1)c1ccc(cc1)OC(=O)CCCCCCCCCCCCC(=O)*,0.35595348,uwm_md,train
*OC(=O)CCC(=O)OCC1CCC(CC1)C*,0.34271914,uwm_md,test
*OC(=O)CCCCCC(=O)OCC*,0.3344037,uwm_md,train
*OC(=O)c1ccc(cc1)C(=O)OCCCCCCC*,0.35168899,uwm_md,train
*OC(=O)C(=O)OCCCCCC*,0.33558333,uwm_md,train
*OC(CC(=O)*)C,0.33260696,uwm_md,train
*OC(C(=O)*)C,0.34796841,uwm_md,test
*OC(=O)CC*,0.3077545,uwm_md,train
*OC(CCC(C(=O)*)C1OCCCO1)CCC,0.36177328,uwm_md,train
*OC(=O)C(C*)(CC)CC,0.3595269,uwm_md,train
*OC(=O)C(C*)(C)C,0.3478783,uwm_md,train
*OC(CC(=O)*)CC,0.34556434,uwm_md,train
*OC(=O)C(C*)(CC)C,0.3539173,uwm_md,train
*OC(=O)C(C*)C,0.33755497,uwm_md,train
*OC(=O)C(C*)(CCC)C,0.36777777,uwm_md,train
*OC(CC(=O)*)C(Cl)(Cl)Cl,0.34337601,uwm_md,train
*OC(=O)c1ccc(cc1)C(=O)OCCCCCCCCC*,0.35659382,uwm_md,train
*OC(=O)c1ccc(cc1)C(=O)OCCCCCCCC*,0.35607597,uwm_md,train
*Oc1ccc(cc1)OC(=O)CCCCC(=O)*,0.3300236,uwm_md,test
*OC(=O)C1CCC(CC1)C(=O)OCC1CCC(CC1)C*,0.35005916,uwm_md,train
*OC(=O)c1cc(ccc1)C(=O)OCC1CCC(CC1)C*,0.35579865,uwm_md,train
*OC(=O)CCCCCNC(=O)CCCCC(=O)NCCCCCC(=O)OCCCCCCCCCC*,0.35533448,uwm_md,train
*OC(=O)c1ccc(cc1)c1ccc(cc1)C(=O)OCCCCCCCCCC*,0.35720916,uwm_md,train
*OC(=O)CC(=O)OCCCCCCCCCCCCCCCCCCCC*,0.38129764,uwm_md,train
*OC(=O)C1CCC(CC1)C(=O)OCC*,0.32751388,uwm_md,train
*OC(=O)c1ccc(cc1)c1ccc(cc1)C(=O)OCC*,0.3359349,uwm_md,train
*OC(COC(=O)c1cc(ccc1)C(=O)*)C,0.34359034,uwm_md,train
*OC(=O)CCCCCNC(=O)CCCCC(=O)NCCCCCC(=O)OCCCCCC*,0.34745359,uwm_md,train
*OC(=O)c1ccc(cc1)c1ccc(cc1)C(=O)OCCCCCC*,0.35003142,uwm_md,train
*Oc1cc(ccc1)C(=O)*,0.34146211,uwm_md,train
*Oc1ccc(cc1)CC(=O)*,0.3454687,uwm_md,test
*OC(CC(=O)*)C(Cl)(Cl)C,0.35072691,uwm_md,train
*SC(C(=O)*)C,0.38098783,uwm_md,test
*SC(=O)CCC(CC*)C,0.38621425,uwm_md,test
*Oc1ccc(cc1)Cc1ccc(cc1)OC(=O)CCCCC(=O)*,0.34469429,uwm_md,train
*OC(=O)c1ccc(cc1)c1ccc(cc1)C(=O)OCCCCCCCC*,0.3520318,uwm_md,train
*OC(=O)CCCCC(=O)OCC(C(C(C*)(F)F)(F)F)(F)F,0.31905896,uwm_md,train
*OC(=O)c1ccc(cc1)c1ccc(cc1)C(=O)OCCCCC*,0.34210366,uwm_md,train
*Oc1cc(ccc1)OC(=O)CCC(=O)*,0.32498132,uwm_md,test
*Oc1ccc(cc1)OC(=O)c1ccc(cc1)C(=O)*,0.33710135,uwm_md,train
*OC(=O)CCCCCNC(=O)CCCCC(=O)NCCCCCC(=O)OCCCC*,0.34021952,uwm_md,train
*OC(=O)c1ccc(cc1)c1ccc(cc1)C(=O)OCCCC*,0.33930265,uwm_md,test
*OC(=O)CCCC(=O)OCCCC*,0.33275554,uwm_md,train
*OC(=O)CCCCC(=O)OCC(C*)(C)C,0.34752544,uwm_md,train
*OC(=O)C1CCC(CC1)C(=O)OCCC*,0.33783784,uwm_md,train
*OC(CCOC(=O)c1ccc(cc1)c1ccc(cc1)C(=O)*)C,0.34779893,uwm_md,test
*OC(=O)c1cc(ccc1)C(=O)OCCC*,0.3342418,uwm_md,test
*OC(=O)CCC(=O)OCC(C*)(C)C,0.33568039,uwm_md,train
*OC(=O)c1ccc(cc1)C(=O)OCC(C*)(C)C,0.351598,uwm_md,train
*OC(=O)c1cc(ccc1)C(=O)OCc1ccc(cc1)C*,0.34174571,uwm_md,train
*Oc1c(cc(cc1C)c1cc(c(c(c1)C)OC(=O)CCCCC(=O)*)C)C,0.37060213,uwm_md,train
*Oc1c(cc(cc1C)C(c1cc(c(c(c1)C)OC(=O)CCCCC(=O)*)C)(C)C)C,0.37611741,uwm_md,train
*Oc1ccc(cc1)C(c1ccc(cc1)OC(=O)CCCCC(=O)*)(C)C,0.34517826,uwm_md,train
*Oc1c(cc(cc1c1ccccc1)Cc1cc(c(c(c1)c1ccccc1)OC(=O)CCCCC(=O)*)c1ccccc1)c1ccccc1,0.37195156,uwm_md,test
*Oc1cc(cc(c1)CCCC)OC(=O)c1cc(ccc1)C(=O)*,0.36080704,uwm_md,test
*O[Sn](OC(=O)CCCCC(=O)*)(CCCC)CCCC,0.36080704,uwm_md,train
*O[Sn](OC(=O)c1ccc(cc1)C(=O)*)(CCCC)CCCC,0.36080704,uwm_md,test
*OC(=O)c1cc2c(cc1)cc(cc2)C(=O)OCCCCCCCCCC*,0.36034305,uwm_md,train
*OC(CCCC(C(=O)*)C)C,0.36757334,uwm_md,test
*Oc1cc(cc(c1)CC)OC(=O)c1cc(ccc1)C(=O)*,0.35709462,uwm_md,train
*OC(=O)c1cc(cc(c1)C(C(C(C(C(C(C(F)(F)F)(F)F)(F)F)(F)F)(F)F)(F)F)(F)F)C(=O)OCC(C(C(C*)(F)F)(F)F)(F)F,0.32423467,uwm_md,test
*OC(=O)c1cc(ccc1)c1cc(ccc1)C(=O)OCC(C(C(C*)(F)F)(F)F)(F)F,0.33493908,uwm_md,test
*OC(=O)c1cc(ccc1)C(C(C(C(C(c1cc(ccc1)C(=O)OCC(C(C(C*)(F)F)(F)F)(F)F)(F)F)(F)F)(F)F)(F)F)(F)F,0.33541643,uwm_md,train
*OC(=O)c1cc(ccc1)C(C(C(c1cc(ccc1)C(=O)OCC(C(C(C*)(F)F)(F)F)(F)F)(F)F)(F)F)(F)F,0.33466722,uwm_md,test
*Oc1cc(cc(c1)CCCCCC)OC(=O)c1cc(ccc1)C(=O)*,0.36594345,uwm_md,train
*Oc1ccc(cc1)c1ccc(cc1)OC(=O)c1cc(ccc1)C(=O)*,0.34552239,uwm_md,train
*OC(=O)c1cc(ccc1)C(=O)OCC(C(C(C*)(F)F)(F)F)(F)F,0.32102943,uwm_md,train
*Oc1c(cc(cc1)C(c1cc(c(cc1)OC(=O)c1cc(ccc1)C(=O)*)C)(C)C)C,0.37521013,uwm_md,train
*Oc1c(cc(cc1C)C(c1cc(c(c(c1)C)OC(=O)c1cc(ccc1)C(=O)*)C)(C)C)C,0.39532424,uwm_md,train
*Oc1ccc(cc1)C1(CCCCC1)c1ccc(cc1)OC(=O)c1cc(ccc1)C(=O)*,0.36356124,uwm_md,test
*Oc1c(cc(cc1C)c1cc(c(c(c1)C)OC(=O)CCCCCCCCC(=O)*)C)C,0.36469857,uwm_md,test
*OC1C(C(C1(C)C)OC(=O)C1CCC(CC1)C(=O)*)(C)C,0.35756125,uwm_md,train
*OC1C(C(C1(C)C)OC(=O)c1ccc(cc1)C(=O)*)(C)C,0.37886333,uwm_md,train
*OC(=O)C1CCC(CC1)C(=O)OCCCC*,0.34010105,uwm_md,train
*OC(=O)c1cc2c(cc1)cc(cc2)C(=O)OCCCCCC*,0.34925616,uwm_md,test
*OC(=O)c1cc2c(cc1)cc(cc2)C(=O)OCCCCC*,0.3442798,uwm_md,train
*OC(=O)c1cc2c(cc1)cc(cc2)C(=O)OCCCC*,0.34443591,uwm_md,train
*OC(=O)c1cc2c(cc1)cc(cc2)C(=O)OCCC*,0.33616703,uwm_md,test
*Oc1c(cc(cc1C)C(c1cc(c(c(c1)C)OC(=O)CCCCCCCCC(=O)*)C)(C)C)C,0.38134315,uwm_md,test
*Oc1cc(cc(c1)C)OC(=O)c1cc(ccc1)C(=O)*,0.35222541,uwm_md,train
*OC(=O)C1CCC(CC1)C(=O)OCC(C*)(C)C,0.35306926,uwm_md,test
*Oc1cc(cc(c1)CCCCCCCCC)OC(=O)c1cc(ccc1)C(=O)*,0.36723846,uwm_md,train
*Oc1cc(cc(c1)CCCCCCCC)OC(=O)c1cc(ccc1)C(=O)*,0.36749796,uwm_md,test
*Oc1ccc(cc1)c1ccc(cc1)OC(=O)c1cc(cc(c1)CCCCC)C(=O)*,0.3626875,uwm_md,test
*OC(=O)c1c(c(ccc1)C(=O)OCC(C(C(C*)(F)F)(F)F)(F)F)OCCCCC,0.34076472,uwm_md,train
*OC(=O)c1c(ccc(c1)C(=O)OCC(C(C(C*)(F)F)(F)F)(F)F)OCCCCC,0.34033362,uwm_md,train
*OC(=O)c1cc(cc(c1)OCCCCC)C(=O)OCC(C(C(C*)(F)F)(F)F)(F)F,0.34110244,uwm_md,train
*Oc1ccc(cc1)Cc1ccc(cc1)OC(=O)c1cc(cc(c1)OCCCCC)C(=O)*,0.3613898,uwm_md,train
*Oc1c(cc(cc1c1ccccc1)c1cc(c(c(c1)c1ccccc1)OC(=O)CCCCCCCCC(=O)*)c1ccccc1)c1ccccc1,0.37181135,uwm_md,train
*Oc1ccc(cc1)C1(c2ccccc2c2ccccc12)c1ccc(cc1)OC(=O)CCCCCCCCC(=O)*,0.36635489,uwm_md,test
*Oc1ccc(cc1)C(c1ccc(cc1)OC(=O)c1ccc(cc1)C(c1ccc(cc1)C(=O)*)(CC)C)(C)C,0.37130166,uwm_md,train
*Oc1ccc(cc1)C(c1ccc(cc1)OC(=O)c1cc(ccc1)C(C(C(c1cc(ccc1)C(=O)*)(F)F)(F)F)(F)F)(C)C,0.35753446,uwm_md,test
*Oc1ccc(cc1)C(c1ccc(cc1)OC(=O)CCCCCCCCC(=O)*)(C)C,0.35872609,uwm_md,test
*Oc1c(cc(cc1c1ccccc1)Cc1cc(c(c(c1)c1ccccc1)OC(=O)CCCCCCCCC(=O)*)c1ccccc1)c1ccccc1,0.3718338,uwm_md,test
*Oc1c(cc(cc1C)c1cc(c(c(c1)C)OC(=O)CCCCCC(=O)*)C)C,0.36806189,uwm_md,train
*Oc1c(cc(cc1C)C(c1cc(c(c(c1)C)OC(=O)CCCCCC(=O)*)C)(C)C)C,0.37560672,uwm_md,train
*Oc1c(cc(cc1c1ccccc1)Cc1cc(c(c(c1)c1ccccc1)OC(=O)CCCCCC(=O)*)c1ccccc1)c1ccccc1,0.37107521,uwm_md,train
*Oc1cc(cc(c1)CCC)OC(=O)c1cc(ccc1)C(=O)*,0.35907903,uwm_md,test
*Oc1c(cc(cc1)C(c1cc(c(cc1)OC(=O)c1ccc(cc1)C(=O)*)CCCC)(C)C)CCCC,0.39067771,uwm_md,train
*Oc1c(cc(cc1)C(c1cc(c(cc1)OC(=O)c1ccc(cc1)C(=O)*)C(CC)C)(C)C)C(CC)C,0.39963061,uwm_md,train
*Oc1c(cc(cc1)C(c1cc(c(cc1)OC(=O)c1ccc(cc1)C(=O)*)Cl)(C)C)Cl,0.37511386,uwm_md,train
*Oc1c(cc(cc1)C(c1cc(c(cc1)OC(=O)c1ccc(cc1)C(=O)*)C(C)C)(C)C)C(C)C,0.39498446,uwm_md,train
*Oc1cc(ccc1)OC(=O)c1cc(cc(c1)OCCCCC)C(=O)*,0.35370683,uwm_md,train
*Oc1c(cc(cc1C)C(c1cc(c(c(c1)C)OC(=O)c1ccc(cc1)C(=O)*)C)(C)C)C,0.39431974,uwm_md,train
*Oc1ccc(cc1)C1(c2ccccc2c2ccccc12)c1ccc(cc1)OC(=O)c1ccc(cc1)C(=O)*,0.37935493,uwm_md,train
*Oc1cc(cc(c1)CCCCCCCCCCCCC)OC(=O)c1cc(ccc1)C(=O)*,0.37339649,uwm_md,train
*Oc1cc(cc(c1)CCCCCCCCCCC)OC(=O)c1cc(ccc1)C(=O)*,0.37154084,uwm_md,train
*OC(=O)c1ccc(cc1)C(=O)OCC(CS(=O)(=O)CC(C*)(C)C)(C)C,0.3542055,uwm_md,train
*C1(c2c(C(=O)N1)cccc2)c1ccc(cc1)OC(=O)c1cc(ccc1)C(=O)Oc1ccc(cc1)*,0.35684437,uwm_md,train
*C1(c2c(C(=O)N1)cccc2)c1ccc(cc1)OC(=O)c1ccc(cc1)C(=O)Oc1ccc(cc1)*,0.36254131,uwm_md,train
*C1(c2c(C(=O)O1)cccc2)c1ccc(cc1)OC(=O)c1cc(cc(c1)C(C)(C)C)C(=O)Oc1ccc(cc1)*,0.37066817,uwm_md,test
*C1(c2c(C(=O)O1)cccc2)c1ccc(cc1)OC(=O)c1cc(cc(c1)Cl)C(=O)Oc1ccc(cc1)*,0.36120932,uwm_md,test
*OC1CCC(CC1)OC(=O)CCCCCCCCC(=O)*,0.35688418,uwm_md,train
*OC(COC(=O)c1c(cccc1)C(=O)*)C,0.33635489,uwm_md,train
*OC(COC(=O)c1ccc(cc1)C(=O)*)C,0.34490108,uwm_md,test
*Oc1ccc(cc1)C1(c2c(CC1)cccc2)c1ccc(cc1)OC(=O)c1ccc(cc1)C(=O)*,0.36800149,uwm_md,train
*Oc1c(cc(cc1)c1ccc(cc1)OC(=O)c1ccc(cc1)C(=O)*)c1ccccc1,0.35661176,uwm_md,train
*OC(=O)c1ccc(cc1)c1ccc(cc1)C(=O)OCCCCCCC*,0.35177391,uwm_md,train
*OC(=O)c1ccc(cc1)[Si](c1ccc(cc1)C(=O)OCCCC*)(C)C,0.36459187,uwm_md,train
*OC(=O)c1ccc(cc1)C(c1ccc(cc1)C(=O)OCCCC*)(C)C,0.35363706,uwm_md,train
*Oc1ccc(cc1)OC(=O)c1ccc(cc1)[Si](c1ccc(cc1)C(=O)*)(C)C,0.36637923,uwm_md,test
*Oc1ccc(cc1)OC(=O)c1ccc(cc1)C(c1ccc(cc1)C(=O)*)(C)C,0.35709066,uwm_md,train
*Oc1cc(ccc1)OC(=O)c1ccc(cc1)[Si](c1ccc(cc1)C(=O)*)(C)C,0.3731365,uwm_md,train
*Oc1cc(ccc1)OC(=O)c1ccc(cc1)C(c1ccc(cc1)C(=O)*)(C)C,0.36093522,uwm_md,test
*Oc1ccc(cc1)C(c1ccc(cc1)OC(=O)CN(CC(=O)*)c1ccc(cc1)N=Nc1ccc(cc1)[N+](=O)[O-])(C)C,0.36235076,uwm_md,train
*Oc1ccc(cc1)OC(=O)/C=C/c1ccc(cc1)/C=C/C(=O)*,0.34258266,uwm_md,train
*Oc1ccc(cc1)c1ccc(cc1)OC(=O)/C=C/c1ccc(cc1)/C=C/C(=O)*,0.34195777,uwm_md,train
*c1cc2c(C(=O)N(C2=O)c2cc(ccc2)N2C(=O)c3c(C2=O)cc(cc3)C(=O)Oc2ccc(cc2)C(c2ccc(cc2)OC(=O)*)(C)C)cc1,0.3563254,uwm_md,train
*c1cc2c(C(=O)N(C2=O)c2ccc(cc2)C(=O)Nc2ccc(cc2)C(=O)OCCCCOC(=O)*)cc1,0.34037941,uwm_md,train
*c1cc2c(C(=O)N(C2=O)c2ccc(cc2)C(=O)Nc2ccc(cc2)C(=O)OCCCCCOC(=O)*)cc1,0.3374244,uwm_md,train
*c1cc2c(C(=O)N(C2=O)c2ccc(cc2)C(=O)Nc2ccc(cc2)C(=O)OCCCCCCOC(=O)*)cc1,0.33915819,uwm_md,train
*c1cc2c(C(=O)N(C2=O)c2ccc(cc2)C(=O)Nc2ccc(cc2)C(=O)OCCCCCCCOC(=O)*)cc1,0.34341892,uwm_md,train
*c1cc2c(C(=O)N(C2=O)c2ccc(cc2)C(=O)Nc2ccc(cc2)C(=O)OCCCCCCCCOC(=O)*)cc1,0.34367333,uwm_md,train
*c1cc2c(C(=O)N(C2=O)c2ccc(cc2)C(=O)Nc2ccc(cc2)C(=O)OCCCCCCCCCOC(=O)*)cc1,0.3463228,uwm_md,test
*c1cc2c(C(=O)N(C2=O)c2ccc(cc2)C(=O)Nc2ccc(cc2)C(=O)OCCCCCCCCCCOC(=O)*)cc1,0.34823376,uwm_md,train
*c1cc2c(C(=O)N(C2=O)c2ccc(cc2)C(=O)Nc2ccc(cc2)C(=O)OCCCCCCCCCCCCOC(=O)*)cc1,0.3516794,uwm_md,train
*Oc1ccc(cc1)c1c(c(c(c(c1)c1ccccc1)c1ccc(cc1)OC(=O)c1c(cc(cc1)C(=O)*)c1ccccc1)c1ccccc1)c1ccccc1,0.38146128,uwm_md,train
*Oc1ccc(cc1)c1ccc(cc1)c1c(c(c(c(c1)c1ccccc1)c1ccc(cc1)c1ccc(cc1)OC(=O)c1c(cc(cc1)C(=O)*)c1ccccc1)c1ccccc1)c1ccccc1,0.38238683,uwm_md,train
*C1(c2c(C(=O)O1)cccc2)c1cc(c(cc1)OC(=O)c1cc(ccc1)C(=O)Oc1c(cc(cc1)*)C)C,0.37167757,uwm_md,train
*OC(=O)c1cc(c(cc1)c1c(cc(cc1)C(=O)OCC*)C)C,0.36167035,uwm_md,test
*OC(=O)c1cc2c(C(CC2(c2ccc(cc2)C(=O)OCC*)C)(C)C)cc1,0.36910231,uwm_md,train
*Oc1ccc(cc1)OC(=O)CCCCCCCCC(=O)*,0.35187189,uwm_md,train
*Oc1ccc(cc1)C(c1ccc(cc1)OC(=O)c1ccc(cc1)S(=O)(=O)c1ccc(cc1)C(=O)*)(C)C,0.36927526,uwm_md,train
*Oc1ccc(cc1)S(=O)(=O)c1ccc(cc1)OC(=O)c1cc(ccc1)C(=O)*,0.35428669,uwm_md,train
*OC(CCCCC(=O)*)C,0.35745036,uwm_md,train
*C1(c2c(C(=O)N1C)cccc2)c1ccc(cc1)OC(=O)c1cc(ccc1)C(=O)Oc1ccc(cc1)*,0.36854686,uwm_md,train
*C1(c2c(C(=O)N1C)cccc2)c1ccc(cc1)OC(=O)c1ccc(cc1)C(=O)Oc1ccc(cc1)*,0.36865057,uwm_md,train
*c1ccc2c(c1)c(=O)oc(n2)c1cc(cc(c1)N1C(=O)c2c(C1=O)cccc2)c1oc(=O)c2c(ccc(c2)C*)n1,0.37326662,uwm_md,train
*C1(c2c(NC1=O)cccc2)c1ccc(cc1)OC(=O)c1cc(ccc1)C(=O)Oc1ccc(cc1)*,0.35442058,uwm_md,train
*C1(c2c(NC1=O)c(cc(c2)Cl)Cl)c1ccc(cc1)OC(=O)c1cc(ccc1)C(=O)Oc1ccc(cc1)*,0.3679968,uwm_md,train
*NC(=O)CC*,0.28900346,uwm_md,train
*NC(=O)CCCCC(=O)NCCCC*,0.32958527,uwm_md,train
*NC(=O)CCCCC(=O)NCCCCC*,0.3327408,uwm_md,train
*NC(=O)CCCCC*,0.34031759,uwm_md,train
*NC(=O)CCCCC(=O)NCCCCCC*,0.33903345,uwm_md,train
*NC(=O)CCCCCC(=O)NCCCCCC*,0.34167967,uwm_md,train
*NC(=O)CCCCCCC(=O)NCCCCCC*,0.34822579,uwm_md,train
*NC(=O)CCCCCCCC(=O)NCCCCCC*,0.35199351,uwm_md,train
*NC(=O)CCCCCCCCC(=O)NCCCCCC*,0.35371267,uwm_md,train
*NC(=O)CCCCCCCCCCC(=O)NCCCCCC*,0.36402987,uwm_md,test
*NC(=O)CCCCCC*,0.35135573,uwm_md,train
*NC(=O)CCCCC(=O)NCCCCCCC*,0.3410138,uwm_md,train
*NC(=O)CCCCCC(=O)NCCCCCCC*,0.34960498,uwm_md,train
*NC(=O)CCCCCCC*,0.35123354,uwm_md,test
*NC(=O)CCCCC(=O)NCCCCCCCC*,0.35113971,uwm_md,test
*NC(=O)CCCCCCCCC(=O)NCCCCCCCC*,0.35653288,uwm_md,test
*NC(=O)CCCCCCCCCCC(=O)NCCCCCCCC*,0.36786948,uwm_md,train
*NC(=O)CCCCCCCCCCCCCCCCCCCCC(=O)NCCCCCCCC*,0.37913267,uwm_md,train
*NC(=O)CCCCCCCC*,0.36229346,uwm_md,train
*NC(=O)CCCCC(=O)NCCCCCCCCC*,0.35373615,uwm_md,train
*NC(=O)CCCCCCCCC*,0.36456285,uwm_md,train
*NC(=O)CCCCCCCCCCC(=O)NCCCCCCCCCC*,0.3710755,uwm_md,train
*NC(=O)CCCCCCCCCC*,0.36981309,uwm_md,train
*NC(=O)CCCCCCCCCCC*,0.37505502,uwm_md,train
*NC(=O)CCCCCCCCCCCCCCCCC(=O)NCCCCCCCCCCCC*,0.37997569,uwm_md,train
*NC(=O)CCCCCCCCCCCC*,0.37800644,uwm_md,train
*NC(=O)CCCCCCCCCCCCCCCCC(=O)NCCCCCCCCCCCCCC*,0.38552553,uwm_md,train
*NC(=O)CCCCCCCCCCCCCCCCC(=O)NCCCCCCCCCCCCCCCCCC*,0.38491292,uwm_md,train
*NC1CCC(CC1)CC1CCC(CC1)NC(=O)CCCCC(=O)*,0.35191825,uwm_md,test
*NC(=O)CCCCC(=O)NCCCC1(c2ccccc2c2ccccc12)CCC*,0.34825862,uwm_md,train
*NC(=O)CCCCC(=O)NCCCP(CCC*)CC(C)C,0.35350822,uwm_md,test
*NC(=O)CCCCC(=O)NCCCCCCCCCC*,0.35535197,uwm_md,train
*NC(=O)CCCCCCCCC(=O)NCCCCCCCCCC*,0.36935846,uwm_md,test
*N(CCCNC(=O)CCCCC(=O)NCCC*)C,0.34164847,uwm_md,train
*NC(=O)CCCCC(=O)NCc1c(cc(c(c1)C)C*)C,0.33390015,uwm_md,train
*NC(=O)CCCCC(=O)NCCCP(=O)(CCCC*)C,0.3443087,uwm_md,test
*NC(=O)CCCCC(=O)NCCCP(=O)(CCC*)C,0.33815952,uwm_md,train
*NC(=O)CCCCC(=O)NCCCP(CCC*)c1ccccc1,0.34331894,uwm_md,train
*NC(=O)CCCCC(=O)NCCCP(=O)(CCC*)c1ccccc1,0.34157753,uwm_md,train
*NC(=O)c1cc(cc(c1)C(C)(C)C)C(=O)NCCCCCC*,0.35198152,uwm_md,test
*NC(=O)c1cc(cc(c1)C(C)(C)C)C(=O)NCC1CCC(CC1)C*,0.3576586,uwm_md,train
*NC(=O)c1cc(cc(c1)C(C)(C)C)C(=O)NCc1cc(ccc1)C*,0.3510241,uwm_md,train
*NC(=O)c1cc(cc(c1)C(C)(C)C)C(=O)NCc1ccc(cc1)C*,0.34874019,uwm_md,train
*NC(=O)c1cc(cc(c1)C(C)(C)C)C(=O)NCCC(C(CC*)C)C,0.35663758,uwm_md,train
*NC(=O)c1c(cccc1)c1c(cccc1)C(=O)NCCCC1(c2ccccc2c2ccccc12)CCC*,0.35838113,uwm_md,train
*NC(=O)c1ccc(cc1)CC(=O)NCCCCCC*,0.3389375,uwm_md,train
*NC1CCC(CC1)CC1CCC(CC1)NC(=O)CCCCCCCCCCC(=O)*,0.36732026,uwm_md,train
*NC1CCC(CC1)CC1CCC(CC1)NC(=O)CCCCCCCCC(=O)*,0.36172537,uwm_md,train
*NC(=O)CCCCCCCCCCCCCCCCC(=O)NCCc1ccc(cc1)CC*,0.36974923,uwm_md,train
*NC(=O)CCCCCCCCCCCCC(=O)NCCc1ccc(cc1)CC*,0.36154696,uwm_md,test
*NC(=O)CCCCCCCCCC(=O)NCCc1ccc(cc1)CC*,0.35500792,uwm_md,train
*NC(=O)CCCCCCCCC(=O)NCCc1ccc(cc1)CC*,0.35145021,uwm_md,train
*NC(=O)CCCC(=O)NCC(CCC*)(C)C,0.33531412,uwm_md,train
*Nc1ccc(cc1)c1ccc(cc1)NC(=O)c1cc(ccc1)C(=O)*,0.34734825,uwm_md,train
*NC(=O)c1cc(ccc1)C(=O)NCCCCCC*,0.33764857,uwm_md,test
*NC(=O)c1cc(ccc1)C(=O)NCCCCCCCC*,0.34757271,uwm_md,train
*NC(=O)c1cc(ccc1)C(=O)NCC1CCC(CC1)C*,0.34399294,uwm_md,train
*NC(=O)c1cc(ccc1)C(=O)NCCCC1(c2ccccc2c2ccccc12)CCC*,0.35132317,uwm_md,train
*NC(=O)c1cc(ccc1)C(=O)NCc1cc(ccc1)C*,0.32986558,uwm_md,test
*NC(=O)c1cc(ccc1)C(=O)NCCC(C(CC*)C)C,0.3407009,uwm_md,train
*NC(=O)c1cc(ccc1)C(=O)NCC(CCC*)(C)C,0.34209913,uwm_md,test
*Nc1ccc(cc1)Cc1ccc(cc1)NC(=O)c1cc(ccc1)C(=O)*,0.35067325,uwm_md,test
*NC(=O)C(=CC(=O)NCCCCCCCCCC*)C,0.35574403,uwm_md,test
*NC(=O)C(=CC(=O)NCCCCCC*)C,0.33327284,uwm_md,train
*NC(=O)C(=CC(=O)NCc1cc(ccc1)C*)C,0.32039136,uwm_md,train
*NC(=O)CC(CCC(=O)NCCCCCC*)C,0.33972833,uwm_md,train
*NC(=O)c1cc(ccc1)C(=O)NCC1CC(CC(C1)C(C)(C)C)C*,0.3514179,uwm_md,test
*NC(=O)CCCCC(=O)NCc1cc(cc(c1)C(C)(C)C)C*,0.34360475,uwm_md,test
*NC(=O)c1cc(ccc1)C(=O)NCc1cc(cc(c1)C(C)(C)C)C*,0.35193217,uwm_md,train
*NC(=O)c1cc(cc(c1)C(C)(C)C)C(=O)NCC1CC(CCC1)C*,0.35610431,uwm_md,test
*NC(=O)c1cc(ccc1)C(=O)NCC1CC(CCC1)C*,0.33940105,uwm_md,train
*NC(=O)CCCCCCCCC(=O)NCCCC1(c2ccccc2c2ccccc12)CCC*,0.35257757,uwm_md,train
*NC(=O)c1c(cccc1)c1c(cccc1)C(=O)NCCCCCC*,0.34846301,uwm_md,train
*NC(=O)c1ccc(cc1)C(c1ccc(cc1)C(=O)NCCCCCC*)(CC)C,0.35362781,uwm_md,train
*NC(=O)c1ccc(cc1)C(c1ccc(cc1)C(=O)NCCCC*)(CC)C,0.34798992,uwm_md,test
*NC(=O)c1ccc(cc1)CC(=O)NCCCCC*,0.33164611,uwm_md,train
*NC(=O)c1ccc(cc1)CC(=O)NCCCC*,0.32910711,uwm_md,train
*NC(=O)c1ccc(cc1)CC(=O)NCCC*,0.32374161,uwm_md,train
*NC(=O)Cc1ccc(cc1)CC(=O)NCCCCCCCC*,0.34606066,uwm_md,train
*NC(=O)CCC1(c2ccccc2c2ccccc12)CCC(=O)NCCCCCC*,0.34859909,uwm_md,test
*NC(=O)CCP(=S)(CCC(=O)NCCCCCC*)c1ccccc1,0.34436665,uwm_md,train
*NC(=O)CCP(=O)(CCC(=O)NCCCCCC*)c1ccccc1,0.34647823,uwm_md,train
*NC(=O)c1ccc(cc1)C(=O)NCCCCC*,0.32982991,uwm_md,train
*NC1CC(CC(C1)(CNC(=O)CCCCC(=O)*)C)(C)C,0.3442808,uwm_md,test
*NC(=O)CCCCC(=O)NCc1cc(ccc1)C*,0.32740895,uwm_md,train
*NC(=O)c1c(cccc1)c1c(cccc1)C(=O)NCc1cc(ccc1)C*,0.34299947,uwm_md,test
*NC(=O)C(CC(CC(=O)NCc1ccc(cc1)C*)(C)C)C,0.33698788,uwm_md,train
*NC(=O)CCCCCCCCCCC(=O)NCc1ccc(cc1)C*,0.34867284,uwm_md,train
*NC(=O)CCCCCCCCCCCCCCCCC(=O)NCc1ccc(cc1)C*,0.36245212,uwm_md,train
*NC(=O)CCC1(c2ccccc2c2ccccc12)CCC(=O)NCc1cc(ccc1)C*,0.34266557,uwm_md,test
*NC(=O)CCCCCCCCCCCCCC(=O)NCc1ccc(cc1)C*,0.36199531,uwm_md,train
*NC(=O)CCCCCCCCC(=O)NCc1ccc(cc1)C*,0.34218034,uwm_md,train
*NC(=O)CCCCCCCCCCCC(=O)NCc1ccc(cc1)C*,0.35427449,uwm_md,train
*NC(=O)CCCCCCCCCC(=O)NCc1ccc(cc1)C*,0.35148366,uwm_md,train
*NC(=O)CCCCC(=O)NCC(CCC*)(C)C,0.33764161,uwm_md,train
*NC(=O)CCCCCCCC(=O)NCC(CCC*)(C)C,0.34975469,uwm_md,train
*NC(=O)CCCCCC(=O)NCC(CCC*)(C)C,0.3440828,uwm_md,train
*NC(=O)c1ccc(cc1)C(=O)NCC(CCC*)(C)C,0.34232189,uwm_md,train
*Nc1c2c(ccc1)c(ccc2)NC(=O)c1ccc(cc1)C(=O)*,0.34599686,uwm_md,train
*NC(=O)C(=O)NCC(CCC*)(C)C,0.3260029,uwm_md,train
*NC(=O)Cc1ccc(cc1)CC(=O)NCCCCCCCCCCCCCCCCCC*,0.36969623,uwm_md,train
*NC(=O)CCC1(c2ccccc2c2ccccc12)CCC(=O)NCCCC1(c2ccccc2c2ccccc12)CCC*,0.35305757,uwm_md,test
*NC(=O)CCc1ccc(cc1)CCC(=O)NCCCCCCCCCCCC*,0.36073378,uwm_md,train
*NC(=O)CCc1ccc(cc1)CCC(=O)NCCCCCCCCCCCCCCCCCC*,0.37301777,uwm_md,train
*Nc1ccc(cc1)NC(=O)c1cc(ccc1)C(=O)*,0.33774959,uwm_md,train
*Nc1cc(ccc1)NC(=O)CCCCCCCCC(=O)*,0.34121372,uwm_md,train
*Nc1cc(ccc1)NC(=O)c1ccc(cc1)C(=O)*,0.33550053,uwm_md,train
*Nc1ccc(cc1)c1ccc(cc1)NC(=O)c1ccc(cc1)C(=O)*,0.34911211,uwm_md,test
*NC(=O)c1ccc(cc1)C(=O)NCCC(CCC*)C(C)C,0.34137267,uwm_md,train
*NC(=O)c1ccc(cc1)C(=O)NCCCCCCCCCCCC*,0.35898892,uwm_md,train
*NC(=O)c1ccc(cc1)C(=O)NCCCCCCC*,0.34342057,uwm_md,train
*NC(=O)c1ccc(cc1)C(=O)NCCCCCC*,0.3376709,uwm_md,train
*NC(=O)c1ccc(cc1)C(=O)NCCCCCCCCC*,0.34919746,uwm_md,train
*NC(=O)c1ccc(cc1)C(=O)NCc1c(cc(c(c1)C)C*)C,0.33875515,uwm_md,train
*NC(=O)c1ccc(cc1)C(=O)NCCCC(CCC*)(C)C,0.34132981,uwm_md,train
*NC(CCC(CCCNC(=O)c1ccc(cc1)C(=O)*)(C)C)C,0.34899433,uwm_md,train
*NC(=O)c1ccc(cc1)C(=O)NCC(CC(CC*)C)(C)C,0.3423688,uwm_md,train
*NC(=O)c1ccc(cc1)C(=O)NCC(CC(CC*)(C)C)C,0.33983259,uwm_md,train
*Nc1ccc(cc1)Cc1ccc(cc1)NC(=O)c1ccc(cc1)C(=O)*,0.34965429,uwm_md,train
*N(C(=O)C(C(C(C(=O)N(CCCCCC*)C(C)C)(F)F)(F)F)(F)F)C(C)C,0.35467829,uwm_md,train
*NC(=O)c1ccc(cc1)C(=O)NCCC(CCC*)CC,0.34121483,uwm_md,train
*S(=O)(=O)c1cc(ccc1)NC(=O)CCCCC(=O)Nc1cc(ccc1)*,0.33687844,uwm_md,train
*S(=O)(=O)c1ccc(cc1)NC(=O)CCCCC(=O)Nc1ccc(cc1)*,0.33651,uwm_md,train
*S(=O)(=O)c1cc(ccc1)NC(=O)CCCCCCCC(=O)Nc1cc(ccc1)*,0.34373731,uwm_md,train
*S(=O)(=O)c1ccc(cc1)NC(=O)CCCCCCCC(=O)Nc1ccc(cc1)*,0.34520274,uwm_md,train
*S(=O)(=O)c1cc(ccc1)NC(=O)CCCCCCCCCCC(=O)Nc1cc(ccc1)*,0.35368633,uwm_md,train
*S(=O)(=O)c1ccc(cc1)NC(=O)CCCCCCCCCCC(=O)Nc1ccc(cc1)*,0.35570555,uwm_md,train
*S(=O)(=O)c1ccc(cc1)NC(=O)CCCCCC(=O)Nc1ccc(cc1)*,0.3393363,uwm_md,train
*S(=O)(=O)c1cc(ccc1)NC(=O)CCCCCCCCC(=O)Nc1cc(ccc1)*,0.34846813,uwm_md,test
*S(=O)(=O)c1ccc(cc1)NC(=O)CCCCCCCCC(=O)Nc1ccc(cc1)*,0.348619,uwm_md,train
*S(=O)(=O)c1cc(ccc1)NC(=O)CCCCCCC(=O)Nc1cc(ccc1)*,0.34455896,uwm_md,test
*NC(C(=O)*)CCC(=O)OC,0.30960525,uwm_md,train
*N1CCN(CC1)C(=O)CCCCCCCCC(=O)*,0.3439724,uwm_md,train
*NC(=O)CCCCCNC(=O)CCCCCCCCCC*,0.35926129,uwm_md,train
*NC(CC(=O)*)C,0.32169997,uwm_md,train
*NC(=O)CCC*,0.31089518,uwm_md,train
*NC(=O)CCCCC(=O)NCC*,0.31065959,uwm_md,train
*NC(=O)CC(=O)NCCCCC*,0.31630581,uwm_md,train
*NC(=O)CCCCCCCCCCCCCCCCC(=O)NCCCCCC*,0.37538316,uwm_md,train
*NC(=O)CCCCCCCCCCCCCCCCC(=O)NCCCCCCCC*,0.37735264,uwm_md,test
*NC(=O)CCCCCCCCCCCCCCCCC(=O)NCCCCCCCCCC*,0.37842036,uwm_md,train
*NC(=O)CCCCCCCCC(=O)NCCCCCCCCCCC*,0.37104926,uwm_md,train
*NC(=O)c1ccc(cc1)C(=O)NCCC*,0.31568914,uwm_md,train
*NC(=O)Cc1ccc(cc1)CC(=O)NCCCCCC*,0.33740451,uwm_md,train
*NC(=O)CCc1ccc(cc1)CCC(=O)NCCCCCC*,0.34609374,uwm_md,train
*NC(=O)c1ccc(cc1)C(=O)NCCCCCCCC*,0.34767798,uwm_md,test
*NC(=O)c1ccc(cc1)Cc1ccc(cc1)C(=O)NCCCCCCCCCC*,0.35614349,uwm_md,train
*NC(=O)CCc1ccc(cc1)CCC(=O)NCCCCCCCCCCCCCC*,0.36896475,uwm_md,test
*NC(=O)CCCCC(=O)NCC1CCC(CC1)C*,0.33681395,uwm_md,train
*NC(=O)CCCCCCCCC(=O)NCC1CCC(CC1)C*,0.35003033,uwm_md,test
*NC(=O)CCCCCCCCCCC(=O)NCC1CCC(CC1)C*,0.35779902,uwm_md,train
*NC1CCC(CC1)CCC1CCC(CC1)NC(=O)CCCCCCCCC(=O)*,0.36490438,uwm_md,train
*NC1CCC(CC1)CCC1CCC(CC1)NC(=O)CCCCCCCCCCC(=O)*,0.36845122,uwm_md,train
*Nc1cc(ccc1)NC(=O)CCCCC(=O)*,0.32263599,uwm_md,train
*Nc1ccc(cc1)NC(=O)CCCCC(=O)*,0.32538533,uwm_md,train
*Nc1ccc(cc1)NC(=O)CCCCCCC(=O)*,0.33579028,uwm_md,train
*Nc1ccc(cc1)Cc1ccc(cc1)NC(=O)CCCCCCCC(=O)*,0.34905905,uwm_md,train
*Nc1ccc(cc1)NC(=O)CCCCCCCCC(=O)*,0.34362682,uwm_md,train
*Nc1ccc(cc1)Cc1ccc(cc1)NC(=O)CCCCCCCCC(=O)*,0.35151514,uwm_md,train
*N(C(=O)CCCCCCCCCC*)C,0.37747863,uwm_md,train
*N(C(=O)CCCCCCCCCCC*)C,0.37628119,uwm_md,train
*NC(C(=O)*)CCC(=O)OCc1ccccc1,0.32872163,uwm_md,train
*c1ncc(cc1)C(=O)NCCCCCCNC(=O)*,0.34059316,uwm_md,train
*Nc1ccc(cc1)NC(=O)c1ccc(cc1)P(=O)(c1ccc(cc1)C(=O)*)c1ccccc1,0.35999445,uwm_md,test
*NC(=O)C(=O)NCCCCCC*,0.3220757,uwm_md,train
*N1C(CN(C(C1)C)C(=O)c1ccc(cc1)C(=O)*)C,0.36842025,uwm_md,train
*N1CCN(CC1)C(=O)c1cc(ccc1)C(=O)*,0.34759038,uwm_md,train
*NC(=O)CCCCCCC(=O)NCc1c(cc(c(c1)C)C*)C,0.34359188,uwm_md,test
*Nc1ccc(cc1)CC(NC(=O)CCC(=O)*)(C)C,0.33397161,uwm_md,train
*Nc1ccc(cc1)CC(NC(=O)CCCCC(=O)*)(C)C,0.34067775,uwm_md,train
*Nc1ccc(cc1)CC(NC(=O)CCCCCCCCC(=O)*)(C)C,0.35281212,uwm_md,train
*Nc1ccc(cc1)CC(NC(=O)c1ccc(cc1)C(=O)*)(C)C,0.34949792,uwm_md,train
*NC(=O)C(C*)C,0.32319229,uwm_md,train
*C1OC(CCC1)NC(=O)*,0.32360402,uwm_md,test
*NC(=O)CCCCC(=O)NCC1CC(CCC1)C*,0.33557048,uwm_md,train
*NC1CCC(CC1)CC1CCC(CC1)NC(=O)CCCCCCCCCCCCC(=O)*,0.36779404,uwm_md,train
*NC(C(=O)*)CCC(=O)OCCCCC,0.35413594,uwm_md,train
*NC(C(=O)*)CCC(=O)OCCCC,0.34392678,uwm_md,train
*NC(C(=O)*)CCC(=O)OCCCCCC,0.3561514,uwm_md,train
*NC(C(=O)*)CCC(=O)OCC,0.32193384,uwm_md,train
*NC(C(=O)*)CCC(=O)OCCCCCCCC,0.36388977,uwm_md,train
*NC(C(=O)*)CCC(=O)OCCC,0.33535597,uwm_md,test
*NC(=O)CCP(=O)(CCC(=O)NCCCCCCCCCC*)C,0.35467591,uwm_md,train
*NC(=O)CCP(=O)(CCC(=O)NCCCCCCCCCCCC*)C,0.35766138,uwm_md,test
*NC(=O)Cc1ccc(cc1)CCC(=O)NCCCCCC*,0.34201824,uwm_md,train
*NC(=O)CC(c1ccc(cc1)C(CC(=O)NCCCCCC*)(C)C)(C)C,0.35064905,uwm_md,train
*NC(=O)CC(c1ccc(cc1)C(CC(=O)NCCCCCC*)C)C,0.35386702,uwm_md,train
*Nc1ccc(cc1)C(c1ccc(cc1)NC(=O)c1cc(ccc1)C(=O)*)(C)C,0.35733919,uwm_md,train
*Nc1ccc(cc1)NC(=O)CCCCCCCC(=O)*,0.34227902,uwm_md,test
*Nc1ccc(cc1)NC(=O)CCCC(=O)*,0.31441962,uwm_md,train
*NC(=O)c1cc(ccc1)C(=O)NCCCC*,0.32480195,uwm_md,train
*NC(=O)c1c(c(c(c(c1Cl)Cl)C(=O)NCCCCCC*)Cl)Cl,0.35512749,uwm_md,train
*c1oc2c(n1)cc(cc2)NC(=O)CCCCC(=O)Nc1cc2c(oc(n2)CCCCCCCC*)cc1,0.35552869,uwm_md,train
*c1oc2c(n1)cc(cc2)NC(=O)CCCCCCCCC(=O)Nc1cc2c(oc(n2)CCCCCC*)cc1,0.35561284,uwm_md,train
*c1oc2c(n1)cc(cc2)NC(=O)CCCCCCCCC(=O)Nc1cc2c(oc(n2)CCCCCCCC*)cc1,0.35982282,uwm_md,train
*c1oc2c(n1)cc(cc2)NC(=O)CCCCCCC(=O)Nc1cc2c(oc(n2)CCCCCC*)cc1,0.35267308,uwm_md,train
*Nc1ccc(cc1)NC(=O)CCCCCC(=O)*,0.3281237,uwm_md,train
*Nc1ccc(cc1)CCNC(=O)CCCCC(=O)*,0.33119767,uwm_md,train
*Nc1cc(ccc1)NC(=O)c1cc(cc(c1)S(=O)(=O)c1ccccc1)C(=O)*,0.34798034,uwm_md,train
*Nc1ccc(cc1)NC(=O)c1cc(cc(c1)S(=O)(=O)c1ccccc1)C(=O)*,0.34297424,uwm_md,test
*Nc1ccc(cc1)c1ccc(cc1)NC(=O)c1cc(cc(c1)S(=O)(=O)c1ccccc1)C(=O)*,0.35263573,uwm_md,train
*Oc1ccc(cc1)NC(=O)c1cc(cc(c1)S(=O)(=O)c1ccccc1)C(=O)Nc1ccc(cc1)*,0.35307461,uwm_md,test
*Nc1ccc(cc1)Cc1ccc(cc1)NC(=O)c1cc(cc(c1)S(=O)(=O)c1ccccc1)C(=O)*,0.35674478,uwm_md,train
*Nc1ccc(cc1)C(c1ccc(cc1)NC(=O)c1cc(cc(c1)S(=O)(=O)c1ccccc1)C(=O)*)(C)C,0.3631737,uwm_md,train
*S(=O)(=O)c1ccc(cc1)NC(=O)c1cc(cc(c1)S(=O)(=O)c1ccccc1)C(=O)Nc1ccc(cc1)*,0.35464323,uwm_md,train
*NC(=O)CNC(=O)CCCCC(=O)NCCCCCC*,0.32496558,uwm_md,train
*Nc1ccc(cc1)NC(=O)c1cc(ccc1)C(=O)c1ccc(cc1)C(=O)*,0.34473646,uwm_md,test
*Nc1cc(ccc1)C(=O)c1ccc(cc1)NC(=O)c1cc(ccc1)C(=O)c1ccc(cc1)C(=O)*,0.35096229,uwm_md,test
*Nc1ccc(cc1)Cc1ccc(cc1)NC(=O)/C=C/c1ccc(cc1)/C=C/C(=O)*,0.3481612,uwm_md,test
*Nc1c(cc(cc1c1ccccc1)c1ccc(cc1)c1cc(c(c(c1)c1ccccc1)NC(=O)c1ccc(cc1)C(=O)*)c1ccccc1)c1ccccc1,0.38237528,uwm_md,test
*Nc1c(c(c(c(c1C)C)C(=O)c1ccc(cc1)NC(=O)c1ccc(cc1)C(=O)*)C)C,0.37168327,uwm_md,train
*Nc1ccc(cc1)C(=O)c1c(c(c(c(c1C)C)C(=O)c1ccc(cc1)NC(=O)c1ccc(cc1)C(=O)*)C)C,0.37667535,uwm_md,train
*Nc1cc(cc(c1)C(=O)OCCN(c1ccc(cc1)C#N)C)NC(=O)c1cc(cc(c1)OCCN(c1ccc(cc1)C#N)C)C(=O)*,0.35581869,uwm_md,train
*Nc1cc(cc(c1)c1nc2c([nH]1)cccc2)NC(=O)c1ccc(cc1)C(=O)*,0.35887119,uwm_md,train
*Nc1cc(cc(c1)C(=O)OCCN(c1ccc(cc1)C#N)C)NC(=O)c1cc(cc(c1)OCCN(c1ccc(cc1)S(=O)(=O)C(C(C(C(C(C(C(C(F)(F)F)(F)F)(F)F)(F)F)(F)F)(F)F)(F)F)(F)F)C)C(=O)*,0.3482804,uwm_md,test
*Nc1cc(cc(c1)C(=O)OCCN(c1ccc(cc1)S(=O)(=O)C(C(C(C(C(C(C(C(F)(F)F)(F)F)(F)F)(F)F)(F)F)(F)F)(F)F)(F)F)C)NC(=O)c1cc(cc(c1)OCCN(c1ccc(cc1)C#N)C)C(=O)*,0.34405633,uwm_md,train
*N(C(=O)CCCCCCCCC(=O)N(CC*)C)C,0.35452131,uwm_md,test
*Nc1ccc(cc1)NC(=O)c1ccc(cc1)NC(=O)c1ccc(cc1)P(=O)(c1ccc(cc1)C(=O)*)c1ccccc1,0.35850742,uwm_md,train
*NC(=O)c1cc2c(C(CC2(c2ccc(cc2)C(=O)NCCCCCC*)C)(C)C)cc1,0.35883552,uwm_md,train
*Nc1cc(cc(c1)c1c(=O)oc2c(cccc2)n1)NC(=O)c1ccc(cc1)C(=O)*,0.33876246,uwm_md,train
*OC(=O)NCCCCCCNC(=O)OCC*,0.32916214,uwm_md,train
*OC(=O)NCCCCCCCCCNC(=O)OCC*,0.34415845,uwm_md,test
*OC(=O)NCCCCCCCCCCNC(=O)OCC*,0.34759464,uwm_md,train
*OC(=O)NCCCCCCNC(=O)OCCC*,0.33011168,uwm_md,train
*OC(=O)NCCCCCCNC(=O)OCCCC*,0.33574734,uwm_md,train
*OC(=O)NCC(C(C(C(CNC(=O)OCCCC*)(F)F)(F)F)(F)F)(F)F,0.31017139,uwm_md,test
*OC(=O)NCCCCCCNC(=O)OCCCCC*,0.33912475,uwm_md,train
*OC(=O)NCC(C(C(C(CNC(=O)OCCCCC*)(F)F)(F)F)(F)F)(F)F,0.31700681,uwm_md,train
*OC(=O)NCC(C(C(C(CNC(=O)OCCCCCC*)(F)F)(F)F)(F)F)(F)F,0.3240054,uwm_md,train
*OC(=O)NCCCCCCNC(=O)OCCCCCC*,0.3465094,uwm_md,train
*OC(=O)NCCCCCCNC(=O)OCCCCCCC*,0.34603241,uwm_md,train
*OC(=O)NCCCCCCNC(=O)OCCCCCCCC*,0.35264374,uwm_md,test
*OC(=O)NCCCCCCNC(=O)OCCCCCCCCC*,0.35605283,uwm_md,test
*OC(=O)NCCCCCCNC(=O)OCCCCCCCCCC*,0.35820456,uwm_md,train
*OC(=O)NCCCCCCCCCCNC(=O)OCCCCCCCCCCCC*,0.37009027,uwm_md,train
*OC(=O)NCCCCCCNC(=O)OCCCCCCCCCCCCCCCC*,0.37330351,uwm_md,train
*OC(=O)NCCCCCCCCCCNC(=O)OCCCCCCCCCCCCCCCC*,0.3759777,uwm_md,train
*OC(=O)NCCCCCCNC(=O)OCC#CC*,0.34308994,uwm_md,train
*OC(=O)NCCCCCCNC(=O)OCC(C(C*)(F)F)(F)F,0.32427748,uwm_md,test
*OC(=O)NCC(C(C(C(CNC(=O)OCC(C(C*)(F)F)(F)F)(F)F)(F)F)(F)F)(F)F,0.30107699,uwm_md,train
*OC(=O)NCCCCCCNC(=O)OCC(C(C(C*)(F)F)(F)F)(F)F,0.32095446,uwm_md,train
*OC(=O)NCC(C(C(C(CNC(=O)OCC(C(C(C*)(F)F)(F)F)(F)F)(F)F)(F)F)(F)F)(F)F,0.29982078,uwm_md,train
*OC(=O)NCCCCCCNC(=O)OCC(C(C(C(C*)(F)F)(F)F)(F)F)(F)F,0.31989921,uwm_md,train
*OC(=O)NCC(C(C(C(CNC(=O)OCC(C(C(C(C*)(F)F)(F)F)(F)F)(F)F)(F)F)(F)F)(F)F)(F)F,0.30099588,uwm_md,train
*OC(=O)Nc1cc(c(cc1)C)NC(=O)OCC*,0.32591099,uwm_md,train
*OC(=O)Nc1cc(c(cc1)C)NC(=O)OCCC*,0.32689509,uwm_md,train
*OC(=O)Nc1c(ccc(c1)NC(=O)OCCCC*)C,0.33250755,uwm_md,train
*OC(=O)Nc1c(ccc(c1)NC(=O)OCCCCC*)C,0.33765741,uwm_md,train
*OC(=O)Nc1c(ccc(c1)NC(=O)OCCCCCC*)C,0.34323595,uwm_md,train
*OC(=O)Nc1c(ccc(c1)NC(=O)OCCCCCCC*)C,0.34462277,uwm_md,train
*OC(=O)Nc1c(ccc(c1)NC(=O)OCC(C*)(CC)CC)C,0.3477811,uwm_md,train
*OC(=O)Nc1c(ccc(c1)NC(=O)OCCCCCCCCC*)C,0.35104794,uwm_md,train
*OC(=O)Nc1c(ccc(c1)NC(=O)OCCCCCCCCCC*)C,0.35319666,uwm_md,train
*OC(=O)NCc1ccc(cc1)CNC(=O)OCCCCCC*,0.33648246,uwm_md,train
*OC(=O)NCc1ccc(cc1)CNC(=O)OCCCCCCCCCC*,0.34727776,uwm_md,train
*OC(=O)NCc1ccc(cc1)CNC(=O)OCCCCCCCCCCCC*,0.35707291,uwm_md,train
*OC(=O)NCc1ccc(cc1)CNC(=O)OCCCCCCCCCCCCCCCC*,0.36337534,uwm_md,test
*OC(=O)Nc1ccc(cc1)Cc1ccc(cc1)NC(=O)OCC*,0.33628572,uwm_md,train
*OC(=O)Nc1ccc(cc1)Cc1ccc(cc1)NC(=O)OCCC*,0.33832602,uwm_md,train
*OC(=O)Nc1ccc(cc1)Cc1ccc(cc1)NC(=O)OCCCC*,0.34189824,uwm_md,test
*OC(=O)Nc1ccc(cc1)Cc1ccc(cc1)NC(=O)OCCCCC*,0.34273288,uwm_md,test
*OC(=O)Nc1ccc(cc1)Cc1ccc(cc1)NC(=O)OCC(C*)(C)C,0.3487602,uwm_md,test
*OC(=O)Nc1ccc(cc1)Cc1ccc(cc1)NC(=O)OCCCCCC*,0.34648888,uwm_md,train
*OC(=O)Nc1ccc(cc1)Cc1ccc(cc1)NC(=O)OCCCCCCC*,0.34774213,uwm_md,train
*OC(=O)Nc1ccc(cc1)Cc1ccc(cc1)NC(=O)OCCCCCCCC*,0.35257805,uwm_md,train
*OC(=O)Nc1ccc(cc1)Cc1ccc(cc1)NC(=O)OCCCCCCCCC*,0.35367211,uwm_md,train
*OC(=O)Nc1ccc(cc1)Cc1ccc(cc1)NC(=O)OCCCCCCCCCC*,0.35710365,uwm_md,train
*OC(=O)Nc1ccc(cc1)Cc1ccc(cc1)NC(=O)OCCCCCCCCCCCC*,0.35988995,uwm_md,train
*OC(=O)Nc1ccc(cc1)Cc1ccc(cc1)NC(=O)OCCCCCCCCCCCCCCCC*,0.36655412,uwm_md,train
*OC(=O)Nc1ccc(cc1)Cc1ccc(cc1)NC(=O)OCc1cc(ccc1)C*,0.34243796,uwm_md,test
*OC(=O)Nc1ccc(cc1)Cc1ccc(cc1)NC(=O)OCc1cc(cc(c1)C(C)(C)C)C*,0.35650637,uwm_md,train
*OC(=O)Nc1ccc(cc1)CCc1ccc(cc1)NC(=O)OCC*,0.33796445,uwm_md,test
*OC(=O)Nc1ccc(cc1)CCCc1ccc(cc1)NC(=O)OCC*,0.33911152,uwm_md,train
*OC(=O)Nc1ccc(cc1)CCCCc1ccc(cc1)NC(=O)OCC*,0.34609329,uwm_md,train
*OC(=O)NCCCCCCNC(=O)OC/C=C/C*,0.33443961,uwm_md,train
*OC(=O)NCCCCCCNC(=O)OC/C=C\C*,0.32961119,uwm_md,train
*N1CCN(CC1)C(=O)OCCOC(=O)*,0.31625475,uwm_md,train
*N1CCN(CC1)C(=O)OCC(COC(=O)*)(C)C,0.33768571,uwm_md,train
*OC(=O)Nc1c(ccc(c1)NC(=O)OCC(C*)(C)C)C,0.3446265,uwm_md,train
*OC(=O)Nc1ccc(cc1)Cc1ccc(cc1)NC(=O)OCC1CCC(CC1)C*,0.35905174,uwm_md,test
*OC(=O)NCCCCNC(=O)OCCCCCC*,0.33568423,uwm_md,train
*NC(=O)CCCCCCCCCCCC(=O)NCCCCCCCCCCCCC*,0.37680906,uwm_md,train
*OC(=O)NCCCCCCNC(=O)OCC(CS(=O)(=O)CC(C*)(C)C)(C)C,0.3457558,uwm_md,train
*N1C(CN(C(C1)C)C(=O)OCC(CS(=O)(=O)CC(COC(=O)*)(C)C)(C)C)C,0.35492706,uwm_md,train
*OC(COC(=O)Nc1ccc(cc1)Cc1ccc(cc1)NC(=O)*)c1occc1,0.34289328,uwm_md,train
*OC(C(OC(=O)Nc1ccc(cc1)Cc1ccc(cc1)NC(=O)*)c1occc1)c1occc1,0.35498307,uwm_md,train
*c1cocc1COC(=O)Nc1ccc(cc1)Cc1ccc(cc1)NC(=O)OC*,0.33693682,uwm_md,test
*OC(COC(=O)NCCCCCCNC(=O)*)c1occc1,0.33835382,uwm_md,train
*Oc1ccc(cc1)C(c1ccc(cc1)OC(=O)Nc1ccc(cc1)Cc1ccc(cc1)NC(=O)*)(C(F)(F)F)C(F)(F)F,0.3538727,uwm_md,test
*OC(=O)Nc1ccc(cc1)Cc1ccc(cc1)NC(=O)OCC(CS(=O)(=O)CC(C*)(C)C)(C)C,0.35233663,uwm_md,train
*NC(=O)NCCCCCCC*,0.34708922,uwm_md,train
*NC(=O)NCCCCCCCCC*,0.35715169,uwm_md,test
*NC(=O)NCCCCCCNC(=O)NCCCCCCCCCCCC*,0.35917869,uwm_md,test
*NC(=O)NCCCCCCNC(=O)NCCCCCCCCCCCCCC*,0.36160098,uwm_md,test
*NC(=O)NCCCCCCCCCCNC(=O)NCCCCCCCCCCCCCC*,0.37604443,uwm_md,train
*NC(=O)NCc1ccc(cc1)CNC(=O)NCCCCCC*,0.32915874,uwm_md,train
*NC(=O)NCc1ccc(cc1)CNC(=O)NCCCCCCCC*,0.33930014,uwm_md,train
*NC(=O)NCc1ccc(cc1)CNC(=O)NCCCCCCCCCC*,0.34448877,uwm_md,train
*NC(=O)NCc1ccc(cc1)CNC(=O)NCCCCCCCCCCCCCC*,0.35745185,uwm_md,test
*Nc1ccc(cc1)Cc1ccc(cc1)NC(=O)NCCCCCCNC(=O)*,0.34117859,uwm_md,train
*Nc1ccc(cc1)Cc1ccc(cc1)NC(=O)NCCCCCCCCNC(=O)*,0.35239715,uwm_md,test
*Nc1ccc(cc1)Cc1ccc(cc1)NC(=O)NCCCCCCCCCCNC(=O)*,0.35544532,uwm_md,train
*Nc1ccc(cc1)Cc1ccc(cc1)NC(=O)NCCCCCCCCCCCCNC(=O)*,0.35680733,uwm_md,train
*Nc1ccc(cc1)Cc1ccc(cc1)NC(=O)NCCCCCCCCCCCCCCCCCCNC(=O)*,0.37009241,uwm_md,test
*c1[nH]c(nc1c1ccc(cc1)NC(=O)Nc1ccc(cc1)NC(=O)Nc1ccc(cc1)*)c1ccc(cc1)[N+](=O)[O-],0.35066768,uwm_md,train
*N1C(=O)CC(CC1=O)CCC*,0.32853402,uwm_md,train
*c1cc2c(C(=O)N(C2=O)c2ccc(cc2)Oc2ccc(cc2)N2C(=O)c3c(C2=O)cc(cc3)C(=O)Oc2ccc(cc2)OC(=O)*)cc1,0.351749,uwm_md,test
*c1cc2c(C(=O)N(C2=O)c2ccc(cc2)Oc2ccc(cc2)Oc2ccc(cc2)N2C(=O)c3c(C2=O)cc(cc3)C(=O)Oc2ccc(cc2)OC(=O)*)cc1,0.35220439,uwm_md,test
*N1C(=O)C2OC3C(C2C1=O)C(=O)N(C3=O)c1ccc(cc1)c1c(nc2c(n1)cc(cc2)c1cc2c(nc(c(n2)c2ccc(cc2)*)c2ccccc2)cc1)c1ccccc1,0.4262251,uwm_md,train
*N1C(=O)C2OC3C(C2C1=O)C(=O)N(C3=O)c1ccc(cc1)c1c(nc2c(n1)cc(cc2)C(=O)c1cc2c(nc(c(n2)c2ccc(cc2)*)c2ccccc2)cc1)c1ccccc1,0.41616021,uwm_md,train
*N1C(=O)c2c(C1=O)cc(cc2)Oc1cc2c(C(=O)N(C2=O)c2ccc(cc2)Oc2ccc(cc2)*)cc1,0.37216457,uwm_md,train
*N1C(=O)c2c(C1=O)cc(cc2)Oc1cc(ccc1)Oc1cc2c(C(=O)N(C2=O)c2ccc(cc2)Oc2cc(ccc2)Oc2ccc(cc2)*)cc1,0.35641912,uwm_md,test
*c1cc2c(C(=O)N(C2=O)c2ccc(cc2)S(=O)(=O)c2ccc(cc2)N2C(=O)c3c(C2=O)cc(cc3)C(=O)Nc2ccc(cc2)NC(=O)*)cc1,0.3574338,uwm_md,test
*c1cc2c(C(=O)N(C2=O)c2cc(ccc2)C(C(C(c2cc(ccc2)N2C(=O)c3c(C2=O)cc(cc3)C(C(C(*)(F)F)(F)F)(F)F)(F)F)(F)F)(F)F)cc1,0.35278394,uwm_md,train
*c1cc2c(C(=O)N(C2=O)c2cc(ccc2)C(C(C(C(C(c2cc(ccc2)N2C(=O)c3c(C2=O)cc(cc3)C(C(C(*)(F)F)(F)F)(F)F)(F)F)(F)F)(F)F)(F)F)(F)F)cc1,0.34613604,uwm_md,train
*c1cc2c(C(=O)N(C2=O)c2cc(ccc2)C(C(C(C(C(c2cc(ccc2)N2C(=O)c3c(C2=O)cc(cc3)C(C(C(C(*)(F)F)(F)F)(F)F)(F)F)(F)F)(F)F)(F)F)(F)F)(F)F)cc1,0.34717027,uwm_md,test
*c1cc2c(C(=O)N(C2=O)c2cc(ccc2)C(C(C(c2cc(ccc2)N2C(=O)c3c(C2=O)cc(cc3)C(C(C(C(*)(F)F)(F)F)(F)F)(F)F)(F)F)(F)F)(F)F)cc1,0.34642034,uwm_md,test
*c1cc2c(C(=O)N(C2=O)c2cc(ccc2)C(C(C(C(C(c2cc(ccc2)N2C(=O)c3c(C2=O)cc(cc3)C(C(C(C(C(C(C(*)(F)F)(F)F)(F)F)(F)F)(F)F)(F)F)(F)F)(F)F)(F)F)(F)F)(F)F)(F)F)cc1,0.34340133,uwm_md,train
*c1cc2c(C(=O)N(C2=O)c2cc(ccc2)C(C(C(c2cc(ccc2)N2C(=O)c3c(C2=O)cc(cc3)C(C(C(C(C(C(C(*)(F)F)(F)F)(F)F)(F)F)(F)F)(F)F)(F)F)(F)F)(F)F)(F)F)cc1,0.34489828,uwm_md,train
*c1cc2c(C(=O)N(C2=O)c2ccc(cc2)Cc2ccc(cc2)N2C(=O)c3c(C2=O)cc(cc3)C(C(C(*)(F)F)(F)F)(F)F)cc1,0.3587456,uwm_md,train
*c1cc2c(C(=O)N(C2=O)c2ccc(cc2)Oc2ccc(cc2)N2C(=O)c3c(C2=O)cc(cc3)C(C(C(C(C(C(*)(F)F)(F)F)(F)F)(F)F)(F)F)(F)F)cc1,0.35492786,uwm_md,train
*c1cc2c(C(=O)N(C2=O)c2cc(ccc2)Oc2cc(ccc2)N2C(=O)c3c(C2=O)cc(cc3)C(C(C(*)(F)F)(F)F)(F)F)cc1,0.35680339,uwm_md,train
*c1cc2c(C(=O)N(C2=O)c2ccc(cc2)Oc2ccc(cc2)N2C(=O)c3c(C2=O)cc(cc3)C(C(C(*)(F)F)(F)F)(F)F)cc1,0.35498117,uwm_md,train
*c1cc2c(C(=O)N(C2=O)c2ccc(cc2)Oc2ccc(cc2)N2C(=O)c3c(C2=O)cc(cc3)C(C(C(C(C(C(C(C(*)(F)F)(F)F)(F)F)(F)F)(F)F)(F)F)(F)F)(F)F)cc1,0.34699309,uwm_md,train
*c1cc2c(C(=O)N(C2=O)c2ccc(cc2)Oc2ccc(cc2)N2C(=O)c3c(C2=O)cc(cc3)C(C(C(C(*)(F)F)(F)F)(F)F)(F)F)cc1,0.35606637,uwm_md,test
*c1cc2c(C(=O)N(C2=O)c2ccc(cc2)Oc2ccc(cc2)N2C(=O)c3c(C2=O)cc(cc3)C(C(C(C(C(C(C(*)(F)F)(F)F)(F)F)(F)F)(F)F)(F)F)(F)F)cc1,0.35411311,uwm_md,train
*c1cc2c(C(=O)N(C2=O)c2ccc(cc2)S(=O)(=O)c2ccc(cc2)N2C(=O)c3c(C2=O)cc(cc3)C(C(C(*)(F)F)(F)F)(F)F)cc1,0.363877,uwm_md,train
*N1C(=O)c2c(C1=O)cc(cc2)Oc1cc2c(C(=O)N(C2=O)c2cc(ccc2)C(C(C(C(C(c2cc(ccc2)*)(F)F)(F)F)(F)F)(F)F)(F)F)cc1,0.35203295,uwm_md,train
*N1C(=O)c2c(C1=O)cc(cc2)Oc1cc2c(C(=O)N(C2=O)c2cc(ccc2)C(C(C(c2cc(ccc2)*)(F)F)(F)F)(F)F)cc1,0.3566638,uwm_md,train
*N1C(=O)c2c(C1=O)cc(cc2)Oc1cc2c(C(=O)N(C2=O)c2cc(ccc2)Oc2cc(ccc2)*)cc1,0.36290404,uwm_md,train
*c1cc2c(C(=O)N(C2=O)c2ccc(cc2)S(=O)(=O)c2ccc(cc2)N2C(=O)c3c(C2=O)cc(cc3)C(=O)Nc2ccc(cc2)c2ccc(cc2)NC(=O)*)cc1,0.35424303,uwm_md,train
*c1cc2c(C(=O)N(C2=O)c2ccc(cc2)S(=O)(=O)c2ccc(cc2)N2C(=O)c3c(C2=O)cc(cc3)C(=O)Nc2cc(ccc2)NC(=O)*)cc1,0.35906708,uwm_md,train
*c1cc2c(C(=O)N(C2=O)c2ccc(cc2)S(=O)(=O)c2ccc(cc2)N2C(=O)c3c(C2=O)cc(cc3)C(=O)Nc2ccc(cc2)Cc2ccc(cc2)NC(=O)*)cc1,0.35825823,uwm_md,train
*c1cc2c(C(=O)N(C2=O)c2ccc(cc2)S(=O)(=O)c2ccc(cc2)N2C(=O)c3c(C2=O)cc(cc3)C(=O)Nc2ccc(cc2)Oc2ccc(cc2)NC(=O)*)cc1,0.35862232,uwm_md,train
*c1cc2c(C(=O)N(C2=O)c2ccc(cc2)S(=O)(=O)c2ccc(cc2)N2C(=O)c3c(C2=O)cc(cc3)C(=O)Nc2ccc(cc2)S(=O)(=O)c2ccc(cc2)NC(=O)*)cc1,0.35936373,uwm_md,train
*N1C(=O)c2c(C1=O)cc(cc2)c1cc2c(C(=O)N(C2=O)c2ccc(cc2)Oc2ccc(cc2)*)cc1,0.37648982,uwm_md,train
*N1C(=O)c2c(C1=O)c(ccc2)c1cc2c(C(=O)N(C2=O)c2ccc(cc2)Oc2ccc(cc2)*)cc1,0.37709986,uwm_md,train
*N1C(=O)c2c(C1=O)cc(cc2)c1cc2c(C(=O)N(C2=O)c2ccc(cc2)Cc2ccc(cc2)*)cc1,0.38180524,uwm_md,train
*N1C(=O)c2c(C1=O)cc(cc2)c1cc2c(C(=O)N(C2=O)c2ccc(cc2)*)cc1,0.38387233,uwm_md,test
*N1C(=O)c2c(C1=O)cc(cc2)c1cc2c(C(=O)N(C2=O)c2cc(ccc2)*)cc1,0.37375949,uwm_md,train
*N1C(=O)c2c(C1=O)cc(cc2)c1cc2c(C(=O)N(C2=O)c2c(ccc(c2)*)C)cc1,0.39299942,uwm_md,test
*N1C(=O)c2c(C1=O)cc(cc2)c1cc2c(C(=O)N(C2=O)c2c(cc(cc2)c2cc(c(cc2)*)C)C)cc1,0.39090779,uwm_md,train
*N1C(=O)c2c(C1=O)cc(cc2)c1cc2c(C(=O)N(C2=O)c2ccc(cc2)Oc2ccc(cc2)C(c2ccc(cc2)Oc2ccc(cc2)*)(C)C)cc1,0.37114536,uwm_md,train
*N1C(=O)c2c(C1=O)cc(cc2)c1cc2c(C(=O)N(C2=O)c2ccc(cc2)Oc2ccc(cc2)C(c2ccc(cc2)Oc2ccc(cc2)*)(C(F)(F)F)C(F)(F)F)cc1,0.37203901,uwm_md,train
*N1C(=O)c2c(C1=O)cc(cc2)c1cc2c(C(=O)N(C2=O)c2ccc(cc2)Oc2ccc(cc2)C(=O)c2ccc(cc2)C(=O)c2ccc(cc2)Oc2ccc(cc2)*)cc1,0.37294801,uwm_md,train
*N1C(=O)c2c(C1=O)cc(cc2)c1cc2c(C(=O)N(C2=O)c2ccc(cc2)Oc2ccc(cc2)C(=O)c2cc(ccc2)C(=O)c2ccc(cc2)Oc2ccc(cc2)*)cc1,0.36351703,uwm_md,train
*N1C(=O)c2c(C1=O)cc(cc2)Oc1cc2c(C(=O)N(C2=O)CCCCCC*)cc1,0.34767207,uwm_md,train
*N1C(=O)c2c(C1=O)cc(cc2)Oc1cc2c(C(=O)N(C2=O)CCCCCCCC*)cc1,0.34901426,uwm_md,train
*N1C(=O)c2c(C1=O)cc(cc2)Oc1cc2c(C(=O)N(C2=O)c2ccc(cc2)c2ccc(cc2)*)cc1,0.37368209,uwm_md,train
*N1C(=O)c2c(C1=O)cc(cc2)Oc1cc2c(C(=O)N(C2=O)c2ccc(cc2)Oc2ccc(cc2)C(=O)c2cc(ccc2)C(=O)c2ccc(cc2)Oc2ccc(cc2)*)cc1,0.36329439,uwm_md,train
*N1C(=O)c2c(C1=O)cc(cc2)Oc1cc2c(C(=O)N(C2=O)c2cc(ccc2)Oc2ccc(cc2)*)cc1,0.37265926,uwm_md,train
*N1C(=O)c2c(C1=O)cc(cc2)Oc1cc2c(C(=O)N(C2=O)c2c(cccc2)Oc2ccc(cc2)*)cc1,0.37092475,uwm_md,test
*N1C(=O)c2c(C1=O)cc(cc2)Oc1cc2c(C(=O)N(C2=O)c2cc(ccc2)Oc2ccc(cc2)Oc2cc(ccc2)*)cc1,0.35930853,uwm_md,train
*N1C(=O)c2c(C1=O)cc(cc2)Oc1cc2c(C(=O)N(C2=O)c2cc(ccc2)Oc2cc(ccc2)Oc2cc(ccc2)*)cc1,0.35910287,uwm_md,train
*N1C(=O)c2c(C1=O)cc(cc2)Oc1cc2c(C(=O)N(C2=O)c2ccc(cc2)Oc2cc(ccc2)Oc2ccc(cc2)*)cc1,0.36119682,uwm_md,train
*N1C(=O)c2c(C1=O)cc(cc2)Oc1cc2c(C(=O)N(C2=O)c2ccc(cc2)Oc2ccc(cc2)Oc2ccc(cc2)*)cc1,0.37228943,uwm_md,train
*c1cc2c(C(=O)N(C2=O)c2ccc(cc2)Oc2ccc(cc2)C(=O)c2cc(ccc2)C(=O)c2ccc(cc2)Oc2ccc(cc2)N2C(=O)c3c(C2=O)cc(cc3)C(*)(C(F)(F)F)C(F)(F)F)cc1,0.37114599,uwm_md,train
*c1cc2c(C(=O)N(C2=O)c2c(cccc2)Oc2ccc(cc2)N2C(=O)c3c(C2=O)cc(cc3)C(*)(C(F)(F)F)C(F)(F)F)cc1,0.37203471,uwm_md,train
*c1cc2c(C(=O)N(C2=O)c2cc(ccc2)Oc2cc(ccc2)N2C(=O)c3c(C2=O)cc(cc3)C(*)(C(F)(F)F)C(F)(F)F)cc1,0.3736609,uwm_md,train
*c1cc2c(C(=O)N(C2=O)c2cc(ccc2)Oc2ccc(cc2)N2C(=O)c3c(C2=O)cc(cc3)C(*)(C(F)(F)F)C(F)(F)F)cc1,0.37598194,uwm_md,train
*c1cc2c(C(=O)N(C2=O)c2ccc(cc2)Oc2ccc(cc2)N2C(=O)c3c(C2=O)cc(cc3)C(*)(C(F)(F)F)C(F)(F)F)cc1,0.38674054,uwm_md,train
*c1cc2c(C(=O)N(C2=O)c2ccc(cc2)Oc2ccc(cc2)Oc2ccc(cc2)N2C(=O)c3c(C2=O)cc(cc3)C(*)(C(F)(F)F)C(F)(F)F)cc1,0.37826811,uwm_md,train
*c1cc2c(C(=O)N(C2=O)c2ccc(cc2)Oc2cc(ccc2)Oc2ccc(cc2)N2C(=O)c3c(C2=O)cc(cc3)C(*)(C(F)(F)F)C(F)(F)F)cc1,0.36867528,uwm_md,train
*c1cc2c(C(=O)N(C2=O)c2cc(ccc2)Oc2ccc(cc2)Oc2cc(ccc2)N2C(=O)c3c(C2=O)cc(cc3)C(*)(C(F)(F)F)C(F)(F)F)cc1,0.37037326,uwm_md,train
*c1cc2c(C(=O)N(C2=O)c2cc(ccc2)Oc2cc(ccc2)Oc2cc(ccc2)N2C(=O)c3c(C2=O)cc(cc3)C(*)(C(F)(F)F)C(F)(F)F)cc1,0.36251078,uwm_md,train
*c1cc2c(C(=O)N(C2=O)c2cc(ccc2)C(=O)c2cc(ccc2)N2C(=O)c3c(C2=O)cc(cc3)C(=O)*)cc1,0.36313366,uwm_md,test
*c1cc2c(C(=O)N(C2=O)c2cc(ccc2)NC(=O)c2cc(ccc2)N2C(=O)c3c(C2=O)cc(cc3)C(=O)*)cc1,0.35769875,uwm_md,test
*c1cc2c(C(=O)N(C2=O)c2ccc(cc2)NC(=O)c2cc(ccc2)N2C(=O)c3c(C2=O)cc(cc3)C(=O)*)cc1,0.35895487,uwm_md,train
*c1cc2c(C(=O)N(C2=O)c2cc(ccc2)NC(=O)c2ccc(cc2)N2C(=O)c3c(C2=O)cc(cc3)C(=O)*)cc1,0.35645832,uwm_md,train
*c1cc2c(C(=O)N(C2=O)c2ccc(cc2)N(C(=O)c2cc(ccc2)N2C(=O)c3c(C2=O)cc(cc3)C(=O)*)C)cc1,0.36412971,uwm_md,test
*c1cc2c(C(=O)N(C2=O)c2ccc(cc2)C(=O)c2ccc(cc2)Cc2ccc(cc2)N2C(=O)c3c(C2=O)cc(cc3)C(=O)*)cc1,0.38083463,uwm_md,train
*c1cc2c(C(=O)N(C2=O)c2ccc(cc2)C(=O)c2ccc(cc2)Cc2cc(ccc2)N2C(=O)c3c(C2=O)cc(cc3)C(=O)*)cc1,0.36964109,uwm_md,train
*c1cc2c(C(=O)N(C2=O)c2cc(ccc2)C(=O)c2ccc(cc2)Cc2ccc(cc2)N2C(=O)c3c(C2=O)cc(cc3)C(=O)*)cc1,0.36767673,uwm_md,train
*c1cc2c(C(=O)N(C2=O)c2cc(ccc2)C(=O)c2ccc(cc2)Cc2cc(ccc2)N2C(=O)c3c(C2=O)cc(cc3)C(=O)*)cc1,0.37344882,uwm_md,test
*c1cc2c(C(=O)N(C2=O)c2ccc(cc2)Oc2ccc(cc2)C(=O)c2ccc(cc2)C(=O)c2ccc(cc2)Oc2ccc(cc2)N2C(=O)c3c(C2=O)cc(cc3)C(=O)*)cc1,0.37475153,uwm_md,train
*c1cc2c(C(=O)N(C2=O)c2ccc(cc2)Oc2ccc(cc2)C(=O)c2ccc(cc2)C(=O)c2ccc(cc2)C(=O)c2ccc(cc2)Oc2ccc(cc2)N2C(=O)c3c(C2=O)cc(cc3)C(=O)*)cc1,0.37412723,uwm_md,test
*c1cc2c(C(=O)N(C2=O)c2ccc(cc2)Oc2ccc(cc2)C(=O)c2ccc(cc2)Oc2ccc(cc2)C(=O)c2ccc(cc2)Oc2ccc(cc2)N2C(=O)c3c(C2=O)cc(cc3)C(=O)*)cc1,0.37284844,uwm_md,train
*N1C(=O)c2c(C1=O)cc(cc2)C(=O)c1cc2c(C(=O)N(C2=O)CCCCCCCCCCCC*)cc1,0.35477028,uwm_md,train
*N1C(=O)c2c(C1=O)cc(cc2)C(=O)c1cc2c(C(=O)N(C2=O)CCCCCCCC*)cc1,0.34741734,uwm_md,train
*N1C(=O)c2c(C1=O)cc(cc2)C(=O)c1cc2c(C(=O)N(C2=O)CCCCCC*)cc1,0.34709523,uwm_md,train
*c1cc2c(C(=O)N(C2=O)c2ccc(cc2)C(=O)c2ccc(cc2)C(=O)c2ccc(cc2)N2C(=O)c3c(C2=O)cc(cc3)C(=O)*)cc1,0.37431986,uwm_md,train
*c1cc2c(C(=O)N(C2=O)c2ccc(cc2)C(=O)c2ccc(cc2)Cc2ccc(cc2)C(=O)c2ccc(cc2)N2C(=O)c3c(C2=O)cc(cc3)C(=O)*)cc1,0.36956078,uwm_md,train
*c1cc2c(C(=O)N(C2=O)c2cc(ccc2)Cc2ccc(cc2)Cc2ccc(cc2)Cc2cc(ccc2)N2C(=O)c3c(C2=O)cc(cc3)C(=O)*)cc1,0.37158061,uwm_md,train
*c1cc2c(C(=O)N(C2=O)c2cc(ccc2)C(=O)c2ccc(cc2)C(=O)c2cc(ccc2)N2C(=O)c3c(C2=O)cc(cc3)C(=O)*)cc1,0.36114859,uwm_md,train
*c1cc2c(C(=O)N(C2=O)c2ccc(cc2)C(=O)c2cc(ccc2)C(=O)c2ccc(cc2)N2C(=O)c3c(C2=O)cc(cc3)C(=O)*)cc1,0.35870758,uwm_md,train
*c1cc2c(C(=O)N(C2=O)c2cc(ccc2)Cc2ccc(cc2)Cc2cc(ccc2)N2C(=O)c3c(C2=O)cc(cc3)C(=O)*)cc1,0.36986106,uwm_md,train
*c1cc2c(C(=O)N(C2=O)c2ccc(cc2)C(=O)c2ccc(cc2)N2C(=O)c3c(C2=O)cc(cc3)C(=O)*)cc1,0.37436742,uwm_md,train
*c1cc2c(C(=O)N(C2=O)c2cc(ccc2)Cc2cc(ccc2)N2C(=O)c3c(C2=O)cc(cc3)C(=O)*)cc1,0.37198635,uwm_md,test
*c1cc2c(C(=O)N(C2=O)c2cc(ccc2)N2C(=O)c3c(C2=O)cc(cc3)C(=O)*)cc1,0.37554378,uwm_md,test
*c1cc2c(C(=O)N(C2=O)c2c(ccc(c2)N2C(=O)c3c(C2=O)cc(cc3)C(=O)*)C)cc1,0.38825862,uwm_md,train
*c1cc2c(C(=O)N(C2=O)c2c(cc(cc2)c2cc(c(cc2)N2C(=O)c3c(C2=O)cc(cc3)C(=O)*)C)C)cc1,0.38954407,uwm_md,train
*c1cc2c(C(=O)N(C2=O)c2cc3Cc4c(c3cc2)ccc(c4)N2C(=O)c3c(C2=O)cc(cc3)C(=O)*)cc1,0.38603498,uwm_md,train
*c1cc2c(C(=O)N(C2=O)c2ccc(cc2)Oc2ccc(cc2)N2C(=O)c3c(C2=O)cc(cc3)C(=O)*)cc1,0.37640128,uwm_md,train
*c1cc2c(C(=O)N(C2=O)c2ccc(cc2)Sc2ccc(cc2)N2C(=O)c3c(C2=O)cc(cc3)C(=O)*)cc1,0.37953912,uwm_md,test
*c1cc2c(C(=O)N(C2=O)c2ccc(cc2)Cc2ccc(cc2)N2C(=O)c3c(C2=O)cc(cc3)C(=O)*)cc1,0.37879971,uwm_md,train
*c1cc2c(C(=O)N(C2=O)c2c(cc(cc2)Cc2cc(c(cc2)N2C(=O)c3c(C2=O)cc(cc3)C(=O)*)C)C)cc1,0.39564613,uwm_md,test
*c1cc2c(C(=O)N(C2=O)c2ccc(cc2)c2ccc(cc2)N2C(=O)c3c(C2=O)cc(cc3)C(=O)*)cc1,0.37421287,uwm_md,train
*c1cc2c(C(=O)N(C2=O)c2ccc(cc2)N2C(=O)c3c(C2=O)cc(cc3)C(=O)*)cc1,0.37740339,uwm_md,test
*c1cc2c(C(=O)N(C2=O)c2cc(ccc2)OCCOCCOc2cc(ccc2)N2C(=O)c3c(C2=O)cc(cc3)C(=O)*)cc1,0.34407338,uwm_md,train
*c1cc2c(C(=O)N(C2=O)c2ccc(cc2)OCCOc2ccc(cc2)N2C(=O)c3c(C2=O)cc(cc3)C(=O)*)cc1,0.35082943,uwm_md,train
*c1cc2c(C(=O)N(C2=O)c2ccc(cc2)OCCOCCOc2ccc(cc2)N2C(=O)c3c(C2=O)cc(cc3)C(=O)*)cc1,0.34402774,uwm_md,train
*c1cc2c(C(=O)N(C2=O)c2ccc(cc2)OCCOCCOCCOc2ccc(cc2)N2C(=O)c3c(C2=O)cc(cc3)C(=O)*)cc1,0.33962987,uwm_md,test
*c1cc2c(C(=O)N(C2=O)c2cc(ccc2)OCCOc2cc(ccc2)N2C(=O)c3c(C2=O)cc(cc3)C(=O)*)cc1,0.34759445,uwm_md,train
*c1cc2c(C(=O)N(C2=O)c2cc(ccc2)Oc2cc(ccc2)Oc2cc(ccc2)N2C(=O)c3c(C2=O)cc(cc3)C(=O)*)cc1,0.35973284,uwm_md,train
*c1cc2c(C(=O)N(C2=O)c2ccc(cc2)Oc2ccc(cc2)C(c2ccc(cc2)Oc2ccc(cc2)N2C(=O)c3c(C2=O)cc(cc3)C(=O)*)(C)C)cc1,0.37897847,uwm_md,train
*c1cc2c(C(=O)N(C2=O)c2ccc(cc2)Oc2ccc(cc2)C(c2ccc(cc2)Oc2ccc(cc2)N2C(=O)c3c(C2=O)cc(cc3)C(=O)*)(C(F)(F)F)C(F)(F)F)cc1,0.37124661,uwm_md,train
*N1C(=O)c2c(C1=O)cc(cc2)Oc1ccc(cc1)Sc1ccc(cc1)Oc1cc2c(C(=O)N(C2=O)c2cc(ccc2)S(=O)(=O)c2cc(ccc2)*)cc1,0.36721228,uwm_md,train
*N1C(=O)c2c(C1=O)cc(cc2)Oc1ccc(cc1)S(=O)(=O)c1ccc(cc1)Oc1cc2c(C(=O)N(C2=O)c2cc(ccc2)S(=O)(=O)c2cc(ccc2)*)cc1,0.36342185,uwm_md,train
*N1C(=O)c2c(C1=O)c(ccc2)Oc1ccc(cc1)c1ccc(cc1)Oc1c2c(C(=O)N(C2=O)c2ccc(cc2)Oc2ccc(cc2)*)ccc1,0.36710709,uwm_md,train
*N1C(=O)c2c(C1=O)cc(cc2)Oc1ccc(cc1)c1ccc(cc1)Oc1cc2c(C(=O)N(C2=O)c2ccc(cc2)Oc2ccc(cc2)*)cc1,0.36540863,uwm_md,train
*N1C(=O)c2c(C1=O)c(ccc2)Oc1ccc(cc1)c1ccc(cc1)Oc1c2c(C(=O)N(C2=O)c2ccc(cc2)Oc2cc(ccc2)Oc2ccc(cc2)*)ccc1,0.361259,uwm_md,train
*N1C(=O)c2c(C1=O)cc(cc2)Oc1ccc(cc1)c1ccc(cc1)Oc1cc2c(C(=O)N(C2=O)c2ccc(cc2)Oc2cc(ccc2)Oc2ccc(cc2)*)cc1,0.36156161,uwm_md,train
*N1C(=O)c2c(C1=O)c(ccc2)Oc1ccc(cc1)c1ccc(cc1)Oc1c2c(C(=O)N(C2=O)c2cc(ccc2)*)ccc1,0.36636392,uwm_md,train
*N1C(=O)c2c(C1=O)cc(cc2)Oc1ccc(cc1)c1ccc(cc1)Oc1cc2c(C(=O)N(C2=O)c2cc(ccc2)*)cc1,0.36818227,uwm_md,train
*N1C(=O)c2c(C1=O)c(ccc2)Oc1ccc(cc1)C(=O)c1ccc(cc1)Oc1c2c(C(=O)N(C2=O)c2cc(ccc2)*)ccc1,0.36803803,uwm_md,train
*N1C(=O)c2c(C1=O)cc(cc2)Oc1ccc(cc1)C(=O)c1ccc(cc1)Oc1cc2c(C(=O)N(C2=O)c2cc(ccc2)*)cc1,0.37305754,uwm_md,train
*N1C(=O)c2c(C1=O)c(ccc2)Oc1ccc(cc1)C(=O)c1ccc(cc1)ON1C(=O)c2c(C1=O)c(ccc2)c1ccc(cc1)Oc1ccc(cc1)*,0.36324031,uwm_md,train
*N1C(=O)c2c(C1=O)cc(cc2)Oc1ccc(cc1)C(=O)c1ccc(cc1)Oc1cc2c(C(=O)N(C2=O)c2ccc(cc2)Oc2ccc(cc2)*)cc1,0.37060642,uwm_md,train
*N1C(=O)c2c(C1=O)cc(cc2)Oc1ccc(cc1)C(=O)c1ccc(cc1)Oc1cc2c(C(=O)N(C2=O)c2ccc(cc2)Oc2cc(ccc2)Oc2ccc(cc2)*)cc1,0.36139134,uwm_md,train
*N1C(=O)c2c(C1=O)c(ccc2)Oc1ccc(cc1)C(=O)c1ccc(cc1)Oc1c2c(C(=O)N(C2=O)c2ccc(cc2)Oc2cc(ccc2)Oc2ccc(cc2)*)ccc1,0.36092418,uwm_md,test
*N1C(=O)c2c(C1=O)c(ccc2)Oc1ccc(cc1)C(c1ccc(cc1)Oc1c2c(C(=O)N(C2=O)c2cc(ccc2)*)ccc1)(C)C,0.3702511,uwm_md,train
*N1C(=O)c2c(C1=O)cc(cc2)Oc1ccc(cc1)C(c1ccc(cc1)Oc1cc2c(C(=O)N(C2=O)c2cc(ccc2)*)cc1)(C)C,0.37303121,uwm_md,test
*N1C(=O)c2c(C1=O)c(ccc2)Oc1ccc(cc1)C(c1ccc(cc1)Oc1c2c(C(=O)N(C2=O)c2ccc(cc2)Oc2ccc(cc2)*)ccc1)(C)C,0.37037622,uwm_md,train
*N1C(=O)c2c(C1=O)cc(cc2)Oc1ccc(cc1)C(c1ccc(cc1)Oc1cc2c(C(=O)N(C2=O)c2ccc(cc2)Oc2ccc(cc2)*)cc1)(C)C,0.36953742,uwm_md,train
*N1C(=O)c2c(C1=O)c(ccc2)Oc1ccc(cc1)Sc1ccc(cc1)Oc1c2c(C(=O)N(C2=O)c2cc(ccc2)*)ccc1,0.36869837,uwm_md,train
*N1C(=O)c2c(C1=O)cc(cc2)Oc1ccc(cc1)Sc1ccc(cc1)Oc1cc2c(C(=O)N(C2=O)c2cc(ccc2)*)cc1,0.36600422,uwm_md,train
*N1C(=O)c2c(C1=O)c(ccc2)Oc1ccc(cc1)Sc1ccc(cc1)Oc1c2c(C(=O)N(C2=O)c2ccc(cc2)Oc2ccc(cc2)*)ccc1,0.36952098,uwm_md,train
*N1C(=O)c2c(C1=O)cc(cc2)Oc1ccc(cc1)Sc1ccc(cc1)Oc1cc2c(C(=O)N(C2=O)c2ccc(cc2)Oc2ccc(cc2)*)cc1,0.3674231,uwm_md,train
*N1C(=O)c2c(C1=O)cc(cc2)Oc1ccc(cc1)Sc1ccc(cc1)Oc1cc2c(C(=O)N(C2=O)c2ccc(cc2)Oc2cc(ccc2)Oc2ccc(cc2)*)cc1,0.36216048,uwm_md,train
*N1C(=O)c2c(C1=O)c(ccc2)Oc1ccc(cc1)Sc1ccc(cc1)Oc1c2c(C(=O)N(C2=O)c2ccc(cc2)Oc2cc(ccc2)Oc2ccc(cc2)*)ccc1,0.36405508,uwm_md,train
*N1C(=O)c2c(C1=O)c(ccc2)Oc1ccc(cc1)S(=O)(=O)c1ccc(cc1)Oc1c2c(C(=O)N(C2=O)c2cc(ccc2)*)ccc1,0.36430041,uwm_md,test
*N1C(=O)c2c(C1=O)cc(cc2)Oc1ccc(cc1)S(=O)(=O)c1ccc(cc1)Oc1cc2c(C(=O)N(C2=O)c2cc(ccc2)*)cc1,0.36206097,uwm_md,test
*N1C(=O)c2c(C1=O)c(ccc2)Oc1ccc(cc1)S(=O)(=O)c1ccc(cc1)Oc1c2c(C(=O)N(C2=O)c2ccc(cc2)Oc2ccc(cc2)*)ccc1,0.36611669,uwm_md,train
*N1C(=O)c2c(C1=O)cc(cc2)Oc1ccc(cc1)S(=O)(=O)c1ccc(cc1)Oc1cc2c(C(=O)N(C2=O)c2ccc(cc2)Oc2ccc(cc2)*)cc1,0.3668584,uwm_md,train
*N1C(=O)c2c(C1=O)cc(cc2)Oc1ccc(cc1)S(=O)(=O)c1ccc(cc1)Oc1cc2c(C(=O)N(C2=O)c2ccc(cc2)Oc2cc(ccc2)Oc2ccc(cc2)*)cc1,0.3595073,uwm_md,train
*N1C(=O)c2c(C1=O)c(ccc2)Oc1ccc(cc1)S(=O)(=O)c1ccc(cc1)Oc1c2c(C(=O)N(C2=O)c2ccc(cc2)Oc2cc(ccc2)Oc2ccc(cc2)*)ccc1,0.36100204,uwm_md,train
*N1C(=O)c2c(C1=O)c(ccc2)Oc1cc(ccc1)Oc1c2c(C(=O)N(C2=O)c2ccc(cc2)Oc2ccc(cc2)*)ccc1,0.35735202,uwm_md,test
*N1C(=O)c2c(C1=O)cc(cc2)Oc1cc(ccc1)Oc1cc2c(C(=O)N(C2=O)c2ccc(cc2)Oc2ccc(cc2)*)cc1,0.35739857,uwm_md,train
*N1C(=O)c2c(C1=O)c(ccc2)Oc1cc(ccc1)Oc1c2c(C(=O)N(C2=O)c2ccc(cc2)Oc2cc(ccc2)Oc2ccc(cc2)*)ccc1,0.3559394,uwm_md,train
*N1C(=O)c2c(C1=O)cc(cc2)Oc1cc(ccc1)Oc1cc2c(C(=O)N(C2=O)c2cc(ccc2)*)cc1,0.35648085,uwm_md,train
*N1C(=O)c2c(C1=O)c(ccc2)Oc1cc(ccc1)Oc1c2c(C(=O)N(C2=O)c2cc(ccc2)*)ccc1,0.35986815,uwm_md,test
*N1C(=O)c2c(C1=O)c(ccc2)Oc1ccc(cc1)Oc1c2c(C(=O)N(C2=O)c2ccc(cc2)Oc2ccc(cc2)*)ccc1,0.36618707,uwm_md,train
*N1C(=O)c2c(C1=O)c(ccc2)Oc1ccc(cc1)Oc1c2c(C(=O)N(C2=O)c2ccc(cc2)Oc2cc(ccc2)Oc2ccc(cc2)*)ccc1,0.35919355,uwm_md,train
*N1C(=O)c2c(C1=O)cc(cc2)Oc1ccc(cc1)Oc1cc2c(C(=O)N(C2=O)c2ccc(cc2)Oc2cc(ccc2)Oc2ccc(cc2)*)cc1,0.35881945,uwm_md,test
*N1C(=O)c2c(C1=O)cc(cc2)Oc1ccc(cc1)Oc1cc2c(C(=O)N(C2=O)c2cc(ccc2)*)cc1,0.36338221,uwm_md,test
*N1C(=O)c2c(C1=O)c(ccc2)Oc1ccc(cc1)Oc1c2c(C(=O)N(C2=O)c2cc(ccc2)*)ccc1,0.35986411,uwm_md,test
*N1C(=O)c2c(C1=O)cc(cc2)Oc1ccc(cc1)Oc1ccc(cc1)Oc1cc2c(C(=O)N(C2=O)c2cc(ccc2)*)cc1,0.3655675,uwm_md,train
*N1C(=O)c2c(C1=O)c(ccc2)Oc1ccc(cc1)Oc1ccc(cc1)Oc1c2c(C(=O)N(C2=O)c2cc(ccc2)*)ccc1,0.36431938,uwm_md,test
*N1C(=O)c2c(C1=O)c(ccc2)Oc1ccc(cc1)Oc1ccc(cc1)Oc1c2c(C(=O)N(C2=O)c2ccc(cc2)Oc2ccc(cc2)*)ccc1,0.36415634,uwm_md,test
*N1C(=O)c2c(C1=O)cc(cc2)Oc1ccc(cc1)Oc1ccc(cc1)Oc1cc2c(C(=O)N(C2=O)c2ccc(cc2)Oc2ccc(cc2)*)cc1,0.36551009,uwm_md,train
*N1C(=O)c2c(C1=O)cc(cc2)Oc1ccc(cc1)Oc1ccc(cc1)Oc1cc2c(C(=O)N(C2=O)c2ccc(cc2)Oc2cc(ccc2)Oc2ccc(cc2)*)cc1,0.35833955,uwm_md,train
*N1C(=O)c2c(C1=O)c(ccc2)Oc1ccc(cc1)Oc1ccc(cc1)Oc1c2c(C(=O)N(C2=O)c2ccc(cc2)Oc2cc(ccc2)Oc2ccc(cc2)*)ccc1,0.36047551,uwm_md,train
*c1cc2c(C(=O)N(C2=O)c2ccc(cc2)Cc2ccc(cc2)N2C(=O)c3c(C2=O)cc(cc3)C(*)(C(F)(F)F)C(F)(F)F)cc1,0.39304879,uwm_md,test
*c1cc2c(C(=O)N(C2=O)c2ccc(cc2)C(c2ccc(cc2)N2C(=O)c3c(C2=O)cc(cc3)C(*)(C(F)(F)F)C(F)(F)F)(C)C)cc1,0.40114484,uwm_md,train
*N1C(=O)c2c(C1=O)cc(cc2)Oc1ccc(cc1)Oc1cc2c(C(=O)N(C2=O)c2ccc(cc2)Oc2ccc(cc2)*)cc1,0.36428259,uwm_md,train
*c1cc2c(C(=O)N(C2=O)c2ccc(cc2)C(=O)NCCNC(=O)*)cc1,0.32267936,uwm_md,test
*c1cc2c(C(=O)N(C2=O)c2ccc(cc2)C(=O)NCCCCCCNC(=O)*)cc1,0.33363359,uwm_md,train
*c1cc2c(C(=O)N(C2=O)c2ccc(cc2)C(=O)Nc2ccc(cc2)Cc2ccc(cc2)NC(=O)*)cc1,0.35031608,uwm_md,train
*c1cc2c(C(=O)N(C2=O)c2ccc(cc2)C(=O)NC2CCC(CC2)CC2CCC(CC2)NC(=O)*)cc1,0.3545699,uwm_md,train
*N1C(=O)c2c(C1=O)cc(cc2)c1cc2c(C(=O)N(C2=O)c2ccc(cc2)C2(c3ccccc3c3ccccc23)c2ccc(cc2)*)cc1,0.43011281,uwm_md,train
*N1C(=O)c2c(C1=O)cc(cc2)Oc1cc2c(C(=O)N(C2=O)c2cc(ccc2)*)cc1,0.37088821,uwm_md,train
*N1C(=O)c2c(C1=O)cc(cc2)Oc1cc2c(C(=O)N(C2=O)c2ccc(cc2)Cc2ccc(cc2)*)cc1,0.37624478,uwm_md,test
*N1C(=O)c2c(C1=O)cc(cc2)Oc1cc2c(C(=O)N(C2=O)c2ccc(cc2)C2(c3ccccc3c3ccccc23)c2ccc(cc2)*)cc1,0.41356417,uwm_md,train
*N1C(=O)c2c(C1=O)cc(cc2)Oc1ccc(cc1)C(c1ccc(cc1)Oc1cc2c(C(=O)N(C2=O)c2ccc(cc2)Oc2ccc(cc2)*)cc1)(C(F)(F)F)C(F)(F)F,0.37110373,uwm_md,train
*N1C(=O)C(CC1=O)Nc1ccc(cc1)Cc1ccc(cc1)NC1C(=O)N(C(=O)C1)c1ccc(cc1)Cc1ccc(cc1)*,0.3630038,uwm_md,train
*c1cc2c(C(=O)N(C2=O)c2cc(ccc2)C(=O)c2ccc(cc2)Cc2ccc(cc2)C(=O)c2cc(ccc2)N2C(=O)c3c(C2=O)cc(cc3)C(=O)*)cc1,0.36437785,uwm_md,train
*N1C(=O)c2c(C1=O)cc(cc2)Oc1ccc(cc1)Sc1ccc(cc1)Oc1cc2c(C(=O)N(C2=O)c2ccc(cc2)*)cc1,0.36725031,uwm_md,train
*N1C(=O)c2c(C1=O)cc(cc2)c1cc2c(C(=O)N(C2=O)c2cc(ccc2)Oc2ccc(cc2)*)cc1,0.36487368,uwm_md,train
*N1C(=O)c2c(C1=O)cc(cc2)Oc1ccc(cc1)Sc1ccc(cc1)Oc1cc2c(C(=O)N(C2=O)c2ccc(cc2)c2ccc(cc2)*)cc1,0.36479388,uwm_md,train
*c1cc2c(nc(c(n2)c2ccc(cc2)N2C(=O)c3c(C2=O)cc(cc3)C(=O)c2cc3c(C(=O)N(C3=O)c3ccc(cc3)c3c(nc4c(n3)cc(cc4)C(=O)*)c3ccccc3)cc2)c2ccccc2)cc1,0.40701998,uwm_md,train
*c1c(nc2c(n1)cc(cc2)Oc1cc2c(nc(c(n2)c2ccc(cc2)N2C(=O)c3c(C2=O)cc(cc3)C(=O)c2cc3c(C(=O)N(C3=O)c3ccc(cc3)*)cc2)c2ccccc2)cc1)c1ccccc1,0.41165056,uwm_md,train
*c1c(nc2c(n1)cc(cc2)c1cc2c(nc(c(n2)c2ccc(cc2)N2C(=O)c3c(C2=O)cc(cc3)C(=O)c2cc3c(C(=O)N(C3=O)c3ccc(cc3)*)cc2)c2ccccc2)cc1)c1ccccc1,0.41170662,uwm_md,train
*c1c(nc2c(n1)cc(cc2)S(=O)(=O)c1cc2c(nc(c(n2)c2ccc(cc2)N2C(=O)c3c(C2=O)cc(cc3)C(=O)c2cc3c(C(=O)N(C3=O)c3ccc(cc3)*)cc2)c2ccccc2)cc1)c1ccccc1,0.41300079,uwm_md,train
*c1cc2c(C(=O)N(C2=O)c2ccc(cc2)C(=O)Nc2c(cccc2)NC(=O)*)cc1,0.33896532,uwm_md,train
*c1cc2c(C(=O)N(C2=O)c2ccc(cc2)C(=O)Nc2ccc(cc2)S(=O)(=O)c2ccc(cc2)NC(=O)*)cc1,0.35537215,uwm_md,train
*c1cc2c(C(=O)N(C2=O)c2cc(ccc2)C=CC(=O)Nc2cc(ccc2)NC(=O)*)cc1,0.33727257,uwm_md,train
*c1cc2c(C(=O)N(C2=O)c2ccc(cc2)C(=O)Nc2cc(ccc2)C=CC(=O)C=Cc2cc(ccc2)NC(=O)*)cc1,0.34241742,uwm_md,train
*c1cc2c(C(=O)N(C2=O)c2c(cccc2)C(=O)OCCOC(=O)*)cc1,0.34278751,uwm_md,train
*c1cc2c(C(=O)N(C2=O)c2cc(ccc2)C=CC(=O)OCCOC(=O)*)cc1,0.33326323,uwm_md,train
*c1cc2c(C(=O)N(C2=O)c2ccc(cc2)Oc2ccc(cc2)N2C(=O)c3c(C2=O)cc(cc3)C(CCCCC(*)(C)C)(C)C)cc1,0.37011178,uwm_md,test
*N1C(=O)c2c(C1=O)cc(cc2)c1cc2c(C(=O)N(C2=O)c2ccc(cc2)Oc2c3c(ccc2)c(ccc3)Oc2ccc(cc2)*)cc1,0.37148684,uwm_md,train
*c1cc2c(C(=O)N(C2=O)c2ccc(cc2)Oc2c3c(ccc2)c(ccc3)Oc2ccc(cc2)N2C(=O)c3c(C2=O)cc(cc3)C(=O)*)cc1,0.3770815,uwm_md,test
*N1C(=O)c2c(C1=O)cc(cc2)S(=O)(=O)c1cc2c(C(=O)N(C2=O)c2ccc(cc2)Oc2c3c(ccc2)c(ccc3)Oc2ccc(cc2)*)cc1,0.38098412,uwm_md,train
*c1cc2c(C(=O)N(C2=O)c2ccc(cc2)Oc2c3c(ccc2)c(ccc3)Oc2ccc(cc2)N2C(=O)c3c(C2=O)cc(cc3)C(=O)Nc2cc(ccc2)NC(=O)*)cc1,0.35671803,uwm_md,train
*c1cc2c(C(=O)N(C2=O)c2ccc(cc2)Oc2c3c(ccc2)c(ccc3)Oc2ccc(cc2)N2C(=O)c3c(C2=O)cc(cc3)C(=O)Nc2ccc(cc2)Sc2ccc(cc2)NC(=O)*)cc1,0.36055336,uwm_md,train
*c1cc2c(C(=O)N(C2=O)c2ccc(cc2)Oc2c3c(ccc2)c(ccc3)Oc2ccc(cc2)N2C(=O)c3c(C2=O)cc(cc3)C(=O)Nc2ccc(cc2)Oc2ccc(cc2)Oc2ccc(cc2)NC(=O)*)cc1,0.36000298,uwm_md,train
*c1cc2c(C(=O)N(C2=O)c2ccc(cc2)Oc2c3c(ccc2)c(ccc3)Oc2ccc(cc2)N2C(=O)c3c(C2=O)cc(cc3)C(=O)Nc2ccc(cc2)Oc2ccc(cc2)c2ccc(cc2)Oc2ccc(cc2)NC(=O)*)cc1,0.36093422,uwm_md,train
*c1cc2c(C(=O)N(C2=O)c2ccc(cc2)Oc2c3c(ccc2)c(ccc3)Oc2ccc(cc2)N2C(=O)c3c(C2=O)cc(cc3)C(=O)Nc2ccc(cc2)C(c2ccc(cc2)NC(=O)*)(C(F)(F)F)C(F)(F)F)cc1,0.36021287,uwm_md,train
*c1cc2c(C(=O)N(C2=O)c2ccc(cc2)Oc2c3c(ccc2)c(ccc3)Oc2ccc(cc2)N2C(=O)c3c(C2=O)cc(cc3)C(=O)Nc2ccc(cc2)Oc2ccc(cc2)C(c2ccc(cc2)Oc2ccc(cc2)NC(=O)*)(C)C)cc1,0.36505048,uwm_md,train
*c1cc2c(C(=O)N(C2=O)c2ccc(cc2)Oc2c3c(ccc2)c(ccc3)Oc2ccc(cc2)N2C(=O)c3c(C2=O)cc(cc3)C(=O)Nc2ccc(cc2)Oc2ccc(cc2)C(c2ccc(cc2)Oc2ccc(cc2)NC(=O)*)(C(F)(F)F)C(F)(F)F)cc1,0.36565404,uwm_md,train
*c1cc2c(C(=O)N(C2=O)c2ccc(cc2)Oc2c3c(ccc2)c(ccc3)Oc2ccc(cc2)N2C(=O)c3c(C2=O)cc(cc3)C(=O)Nc2ccc(cc2)Oc2ccc(cc2)S(=O)(=O)c2ccc(cc2)Oc2ccc(cc2)NC(=O)*)cc1,0.36004645,uwm_md,train
*c1cc2c(C(=O)N(C2=O)c2ccc(cc2)Oc2c3c(ccc2)c(ccc3)Oc2ccc(cc2)N2C(=O)c3c(C2=O)cc(cc3)C(=O)Nc2ccc(cc2)c2sc(c(c2c2ccccc2)c2ccccc2)c2ccc(cc2)NC(=O)*)cc1,0.38574846,uwm_md,train
*c1cc2c(C(=O)N(C2=O)c2ccc(cc2)Oc2ccc(cc2)C(c2ccc(cc2)Oc2ccc(cc2)N2C(=O)c3c(C2=O)cc(cc3)C(*)(C(F)(F)F)C(F)(F)F)(C(F)(F)F)C(F)(F)F)cc1,0.38115589,uwm_md,test
*c1cc2c(C(=O)N(C2=O)c2ccc(cc2)C(c2ccc(cc2)N2C(=O)c3c(C2=O)cc(cc3)C(=O)*)(C(F)(F)F)C(F)(F)F)cc1,0.39124786,uwm_md,train
*c1cc2c(C(=O)N(C2=O)c2ccc(cc2)N2C(=O)c3c(C2=O)cc(cc3)C(*)(C(F)(F)F)C(F)(F)F)cc1,0.39320221,uwm_md,test
*N1C(=O)c2c(C1=O)cc(cc2)c1cc2c(C(=O)N(C2=O)c2ccc(cc2)C(c2ccc(cc2)*)(C(F)(F)F)C(F)(F)F)cc1,0.39361972,uwm_md,train
*c1cc2c(C(=O)N(C2=O)c2ccc(cc2)C(c2ccc(cc2)N2C(=O)c3c(C2=O)cc(cc3)C(*)(C(F)(F)F)C(F)(F)F)(C(F)(F)F)C(F)(F)F)cc1,0.39524704,uwm_md,train
*c1cc2c(C(=O)N(C2=O)c2c(cc(c(c2)C)N2C(=O)c3c(C2=O)cc(cc3)C(*)(C(F)(F)F)C(F)(F)F)C)cc1,0.40933634,uwm_md,train
*c1cc2c(C(=O)N(C2=O)c2c(cc(c(c2C)N2C(=O)c3c(C2=O)cc(cc3)C(=O)*)C)C)cc1,0.40883151,uwm_md,train
*c1cc2c(C(=O)N(C2=O)c2c(cc(c(c2C)N2C(=O)c3c(C2=O)cc(cc3)C(*)(C(F)(F)F)C(F)(F)F)C)C)cc1,0.4222629,uwm_md,train
*c1cc2c(C(=O)N(C2=O)c2c(c(c(c(c2C)C)N2C(=O)c3c(C2=O)cc(cc3)C(*)(C(F)(F)F)C(F)(F)F)C)C)cc1,0.41737364,uwm_md,train
*N1C(=O)c2c(C1=O)cc(cc2)c1cc2c(C(=O)N(C2=O)c2cc3S(=O)(=O)c4c(c3cc2C)cc(c(c4)*)C)cc1,0.41132119,uwm_md,test
*N1C(=O)c2c(C1=O)cc(cc2)c1cc2c(C(=O)N(C2=O)c2ccc(cc2)Oc2cc3c(cc2Oc2ccc(cc2)*)cccc3)cc1,0.36809048,uwm_md,test
*N1C(=O)c2c(C1=O)cc(cc2)Oc1cc2c(C(=O)N(C2=O)c2ccc(cc2)Oc2cc3c(cc2Oc2ccc(cc2)*)cccc3)cc1,0.36873488,uwm_md,test
*c1cc2c(C(=O)N(C2=O)c2ccc(cc2)Oc2cc3c(cc2Oc2ccc(cc2)N2C(=O)c4c(C2=O)cc(cc4)C(=O)*)cccc3)cc1,0.37047012,uwm_md,test
*N1C(=O)c2c(C1=O)cc(cc2)S(=O)(=O)c1cc2c(C(=O)N(C2=O)c2ccc(cc2)Oc2cc3c(cc2Oc2ccc(cc2)*)cccc3)cc1,0.37064659,uwm_md,train
*c1cc2c(C(=O)N(C2=O)c2cc(cc(c2)OCCN(c2ccc(cc2)N=Nc2ccc(cc2)[N+](=O)[O-])CC)N2C(=O)c3c(C2=O)cc(cc3)C(*)(C(F)(F)F)C(F)(F)F)cc1,0.37866227,uwm_md,train
*N(C(=O)c1cc(ccc1)C(=O)*)c1ccccc1,0.38456711,uwm_md,train
*N(C(=O)c1ccc(cc1)C(=O)*)c1ccccc1,0.38571493,uwm_md,train
*N(C(=O)c1c(cc(cc1)C(=O)*)Sc1ccccc1)c1ccccc1,0.3849002,uwm_md,test
*c1cc2c(C(=O)N(C2=O)c2c(cc(cc2c2ccccc2)c2ccc(cc2)c2cc(c(c(c2)c2ccccc2)N2C(=O)c3c(C2=O)cc(cc3)C(=O)*)c2ccccc2)c2ccccc2)cc1,0.41151687,uwm_md,train
*N1C(=O)c2c(C1=O)c(ccc2)c1cc2c(C(=O)N(C2=O)c2ccc(cc2)*)cc1,0.37822963,uwm_md,train
*N1C(=O)c2c(C1=O)cc(cc2)C(=O)c1cc2c(C(=O)N(C2=O)CCCOC(=O)OCCCCCCOC(=O)OCCC*)cc1,0.32872339,uwm_md,train
*N1C(=O)c2c(C1=O)cc(cc2)C(=O)c1cc2c(C(=O)N(C2=O)CCCCCCOC(=O)OCCCOC(=O)OCCCCCC*)cc1,0.33499957,uwm_md,train
*N1C(=O)c2c(C1=O)cc(cc2)C(=O)c1cc2c(C(=O)N(C2=O)CCCCCCOC(=O)OCCCCCCOC(=O)OCCCCCC*)cc1,0.33877986,uwm_md,train
*C1C(=O)N(C(=O)C1*)c1c(cccc1CC)CC,0.41528164,uwm_md,train
*C1C(=O)N(C(=O)C1*)c1c(cccc1)C,0.37508855,uwm_md,train
*C1C(=O)N(C(=O)C1C(C*)(C)C)c1c(cccc1CC)CC,0.36266864,uwm_md,train
*c1cc2c(C(=O)N(C2=O)c2cc(cc(c2)c2nc3c([nH]2)cccc3)N2C(=O)c3c(C2=O)cc(cc3)C(=O)*)cc1,0.39603335,uwm_md,test
*c1cc2c(C(=O)N(C2=O)c2cc3c(C(CC3(c3ccc(cc3)N3C(=O)c4c(C3=O)cc(cc4)C(=O)*)C)(C)C)cc2)cc1,0.40280655,uwm_md,train
*C1C(=O)N(C(=O)C1*)c1c(cccc1)C(=O)OC,0.36145459,uwm_md,test
*C1C(=O)N(C(=O)C1*)c1c(cccc1)C(=O)OCC,0.37540296,uwm_md,train
*C1C(=O)N(C(=O)C1*)c1c(cccc1)C(=O)OCCCC,0.37158832,uwm_md,train
*C1(C(=O)N(C(=O)C1)c1ccccc1)C*,0.34449463,uwm_md,train
*c1cc2c(C(=O)N(C2=O)c2cc(cc(c2)c2c(=O)oc3c(cccc3)n2)N2C(=O)c3c(C2=O)cc(cc3)C(=O)*)cc1,0.37512848,uwm_md,train
*OC(=O)c1ccc(cc1)CCCCCCc1ccc(cc1)C(=O)*,0.36077317,uwm_md,train
*OC(=O)c1ccc(cc1)Cc1ccc(cc1)C(=O)*,0.34410161,uwm_md,train
*OC(=O)c1ccc(cc1)CCCCCc1ccc(cc1)C(=O)*,0.35615105,uwm_md,train
*OC(=O)Cc1ccc(cc1)CC(=O)*,0.32669712,uwm_md,train
*OC(=O)c1ccc(cc1)CCCCc1ccc(cc1)C(=O)*,0.35446575,uwm_md,test
*OC(=O)c1ccc(cc1)C(C(C(c1ccc(cc1)C(=O)*)(F)F)(F)F)(F)F,0.34059869,uwm_md,train
*OC(=O)c1cc(ccc1)C(=O)*,0.31383194,uwm_md,train
*C1(C(=O)OC(=O)C(C1)(C*)C)C,0.30782553,uwm_md,train
*C1C(=O)OC(=O)C(C1)C*,0.29067637,uwm_md,train
*OC(=O)OCCCCCC*,0.34844798,uwm_md,train
*OC1C(C(C1(C)C)OC(=O)*)(C)C,0.37459599,uwm_md,test
*OC(=O)OCC(C(C(C(C*)(F)F)(F)F)(F)F)(F)F,0.31456225,uwm_md,test
*Oc1ccc(cc1)Cc1ccc(cc1)OC(=O)*,0.34889783,uwm_md,train
*Oc1c(cc(cc1)Cc1cc(c(cc1)OC(=O)*)C)C,0.36953235,uwm_md,train
*Oc1ccc(cc1)C(c1ccc(cc1)OC(=O)*)C,0.35421995,uwm_md,train
*Oc1ccc(cc1)C(c1ccc(cc1)OC(=O)*)CCC,0.36627071,uwm_md,train
*Oc1ccc(cc1)C(c1ccc(cc1)OC(=O)*)C(C)C,0.36947312,uwm_md,train
*Oc1ccc(cc1)C(c1ccc(cc1)OC(=O)*)c1ccccc1,0.36406756,uwm_md,test
*Oc1cc(c(cc1)C(c1c(cc(cc1)OC(=O)*)C)c1ccccc1)C,0.37510529,uwm_md,train
*Oc1ccc(cc1)C(c1ccc(cc1)OC(=O)*)(CC)C,0.3639544,uwm_md,train
*Oc1ccc(cc1)C(c1ccc(cc1)OC(=O)*)(CCC)C,0.37045396,uwm_md,train
*Oc1c(cc(cc1)C(c1cc(c(cc1)OC(=O)*)C)(C)C)C,0.37267711,uwm_md,train
*Oc1c(cc(cc1)C(c1cc(c(cc1)OC(=O)*)Cl)(C)C)Cl,0.37372084,uwm_md,train
*Oc1c(cc(cc1Cl)C(c1cc(c(c(c1)Cl)OC(=O)*)Cl)(C)C)Cl,0.39482335,uwm_md,test
*Oc1c(cc(cc1Br)C(c1cc(c(c(c1)Br)OC(=O)*)Br)(C)C)Br,0.4290399,uwm_md,train
*Oc1ccc(cc1)C(c1ccc(cc1)OC(=O)*)(c1ccccc1)C,0.36147298,uwm_md,train
*Oc1ccc(cc1)C(c1ccc(cc1)OC(=O)*)(CCC)CCC,0.38249055,uwm_md,test
*Oc1ccc(cc1)C1(CCCC1)c1ccc(cc1)OC(=O)*,0.35187363,uwm_md,train
*Oc1ccc(cc1)C1(CCCCC1)c1ccc(cc1)OC(=O)*,0.35918735,uwm_md,train
*Oc1c(cc(cc1)C1(CCCCC1)c1cc(c(cc1)OC(=O)*)C)C,0.38771377,uwm_md,train
*Oc1c(cc(cc1Cl)C1(CCCCC1)c1cc(c(c(c1)Cl)OC(=O)*)Cl)Cl,0.39600978,uwm_md,test
*Oc1c(cc(cc1)C1(CCCCC1)c1cc(c(cc1)OC(=O)*)Cl)Cl,0.37361861,uwm_md,test
*Oc1ccc(cc1)C1(c2ccccc2c2ccccc12)c1ccc(cc1)OC(=O)*,0.38475968,uwm_md,test
*Oc1ccc(cc1)C(c1ccc(cc1)OC(=O)*)(c1ccccc1)c1ccccc1,0.38338026,uwm_md,test
*Oc1ccc(cc1)C(c1ccc(cc1)OC(=O)*)(C(F)(F)F)C(F)(F)F,0.3466164,uwm_md,train
*Oc1ccc(cc1)C(c1ccc(cc1)OC(=O)*)(C(Cl)(F)F)C(Cl)(F)F,0.36111109,uwm_md,train
*Oc1ccc(cc1)C(c1ccc(cc1)OC(=O)*)(c1ccccc1)C#N,0.36601192,uwm_md,train
*Oc1cc(ccc1)C(C(C(c1cc(ccc1)OC(=O)*)(F)F)(F)F)(F)F,0.33862324,uwm_md,train
*Oc1ccc(cc1)C(c1ccc(cc1)C(c1ccc(cc1)OC(=O)*)(C)C)(C)C,0.36640421,uwm_md,test
*Oc1c(cc(cc1C)C(c1cc(c(c(c1)C)OC(=O)*)C)(C)C)C,0.39805007,uwm_md,train
*Oc1ccc(cc1)Cc1ccc(cc1)OC(=S)*,0.35541969,uwm_md,train
*Oc1ccc(cc1)C(c1ccc(cc1)OC(=S)*)CC,0.36420995,uwm_md,train
*Oc1ccc(cc1)C(c1ccc(cc1)OC(=S)*)CCC,0.3689351,uwm_md,train
*Oc1ccc(cc1)C(c1ccc(cc1)OC(=S)*)C(C)C,0.37198799,uwm_md,train
*Oc1ccc(cc1)C(c1ccc(cc1)OC(=S)*)C(CC)CC,0.37352636,uwm_md,train
*Oc1ccc(cc1)C1(CCCC1)c1ccc(cc1)OC(=S)*,0.35616229,uwm_md,train
*Oc1ccc(cc1)C1(CCCCC1)c1ccc(cc1)OC(=S)*,0.36130705,uwm_md,train
*Oc1ccc(cc1)C1(CCC(CC1)C)c1ccc(cc1)OC(=S)*,0.36588296,uwm_md,train
*Oc1ccc(cc1)C(c1ccc(cc1)OC(=S)*)c1ccccc1,0.36796394,uwm_md,train
*Oc1ccc(cc1)C(c1ccc(cc1)OC(=S)*)c1c2c(ccc1)cccc2,0.37286204,uwm_md,train
*Oc1ccc(cc1)C(c1ccc(cc1)OC(=S)*)(C)C,0.35877547,uwm_md,train
*Oc1ccc(cc1)C(c1ccc(cc1)OC(=S)*)(CC)C,0.36451292,uwm_md,train
*Oc1ccc(cc1)C(c1ccc(cc1)OC(=S)*)(CC(C)C)C,0.36650609,uwm_md,train
*Oc1ccc(cc1)C(c1ccc(cc1)OC(=S)*)(CC)CC,0.36838966,uwm_md,train
*Oc1ccc(cc1)C(c1ccc(cc1)OC(=S)*)(c1ccccc1)C,0.36499297,uwm_md,train
*Oc1ccc(cc1)C(c1ccc(cc1)OC(=S)*)(CC)c1ccccc1,0.36657618,uwm_md,train
*OC(=O)OCCCC*,0.33188575,uwm_md,train
*OC(=O)OCCCCCCCCCC*,0.36904474,uwm_md,train
*Oc1c(cc(cc1)C(c1cc(c(cc1)OC(=O)*)C(C)C)(C)C)C(C)C,0.40309692,uwm_md,train
*Oc1cc(c(c(c1)Br)C(c1c(cc(cc1Br)OC(=O)*)Br)(C)C)Br,0.3939151,uwm_md,train
*Oc1cc(c(c(c1)Cl)C(c1c(cc(cc1Cl)OC(=O)*)Cl)(C)C)Cl,0.37057341,uwm_md,test
*OC(=O)OCCCCC*,0.3428874,uwm_md,train
*C1(c2c(C(=O)O1)cccc2)c1ccc(cc1)OC(=O)Oc1ccc(cc1)*,0.35641972,uwm_md,test
*Oc1ccc(cc1)C(=C(Cl)Cl)c1ccc(cc1)OC(=O)*,0.37391919,uwm_md,train
*Oc1ccc(cc1)C1(C2CCC(C1)C2)c1ccc(cc1)OC(=O)*,0.36263983,uwm_md,test
*Oc1ccc(cc1)C(c1ccc(cc1)OC(=O)*)C(Cl)(Cl)Cl,0.36652065,uwm_md,train
*OC(=O)OCC(CS(=O)(=O)CC(C*)(C)C)(C)C,0.35691907,uwm_md,train
*Oc1c(cc(cc1C)C(c1cc(c(c(c1)Cl)OC(=O)*)C)(C)C)Cl,0.3979854,uwm_md,train
*NCC*,0.40888608,uwm_md,train
*N(CC*)C(=O)C,0.32742534,uwm_md,train
*N(CC*)C(=O)CC,0.34536777,uwm_md,train
*N(CC*)C(=O)CCC,0.35159195,uwm_md,train
*N(CC*)C(=O)C(C)C,0.3630483,uwm_md,train
*N(CC*)C(=O)CCCC,0.36217869,uwm_md,train
*N(CC*)C(=O)CC(C)C,0.36933528,uwm_md,train
*N(CC*)C(=O)CCCCC,0.36643228,uwm_md,train
*N(CCC*)C(=O)CCCCC,0.36869304,uwm_md,train
*N(CC*)C(=O)CCCCCC,0.37545125,uwm_md,train
*N(CC*)C(=O)CCCCCCC,0.37652091,uwm_md,train
*N(CC*)C(=O)CCCCCCCCCCC,0.38506928,uwm_md,test
*N(CC*)C(=O)CCCCCCCCCCCCCCCCC,0.39935287,uwm_md,train
*N(CC*)C(=O)c1ccccc1,0.35014456,uwm_md,test
*N(CCC*)C(=O)c1ccccc1,0.35183326,uwm_md,test
*N(CC*)C(=O)c1cc2c(cc1)cccc2,0.35477943,uwm_md,train
*N(CCC*)C(=O)C(C(C(C(C(C(C(F)(F)F)(F)F)(F)F)(F)F)(F)F)(F)F)(F)F,0.3285942,uwm_md,train
*N(CCC*)C(=O)C,0.34005308,uwm_md,train
*N(CCC*)C(=O)CC,0.34854625,uwm_md,train
*N(CC*)C(=O)CCC(=O)OC,0.31456612,uwm_md,test
*c1ccc2c(nc(cn2)c2ccc(cc2)c2nc3c(nc2)ccc(c3)C(=O)*)c1,0.40401109,uwm_md,train
*c1cc2c(nc(c(n2)c2ccc(cc2)c2c(nc3c(n2)cc(cc3)C(=O)*)c2ccccc2)c2ccccc2)cc1,0.4322761,uwm_md,test
*c1nc2c(nc1)ccc(c2)S(=O)(=O)c1ccc2c(nc(cn2)c2ccc(cc2)*)c1,0.4054389,uwm_md,train
*c1c(nc2c(n1)cc(cc2)S(=O)(=O)c1cc2c(nc(c(n2)c2ccc(cc2)*)c2ccccc2)cc1)c1ccccc1,0.42858574,uwm_md,test
*c1nc2cc3c(cc2nc1)ncc(n3)c1ccc(cc1)*,0.44896941,uwm_md,test
*c1c(nc2c(n1)cc(cc2)c1cc2c(nc(c(n2)c2cc(ccc2)*)c2ccccc2)cc1)c1ccccc1,0.41818532,uwm_md,test
*c1cc2c(nc(cn2)c2ccc(cc2)c2nc3c(nc2)cc(cc3)C(=O)*)cc1,0.42198142,uwm_md,train
*c1nc2c(nc1)cc(cc2)S(=O)(=O)c1cc2c(nc(cn2)c2ccc(cc2)*)cc1,0.43056013,uwm_md,train
*c1nc2c(nc1)cc(cc2)c1ccc2c(nc(cn2)c2ccc(cc2)*)c1,0.42108918,uwm_md,train
*c1nc2cc3c(cc2nc1)nc(cn3)c1ccc(cc1)*,0.49831615,uwm_md,train
*c1nc2c(nc1c1ccccc1)cc(cc2)S(=O)(=O)c1cc2c(nc(c(n2)c2ccccc2)c2ccc(cc2)*)cc1,0.44809167,uwm_md,test
*c1nc2cc3c(cc2nc1c1ccccc1)nc(c(n3)c1ccccc1)c1cc(ccc1)*,0.45725149,uwm_md,train
*c1nc2cc3c(cc2nc1c1ccccc1)nc(c(n3)c1ccccc1)c1ccc(cc1)*,0.51398194,uwm_md,train
*c1nc2c(c(c1)c1ccccc1)cc(cc2)*,0.44585296,uwm_md,test
*c1nc2c(nc1c1ccccc1)cc(cc2)c1cc2c(nc(c(n2)c2ccccc2)c2ccc(cc2)c2ccc(cc2)*)cc1,0.43978712,uwm_md,train
*c1nc2c(nc1c1ccccc1)cc(cc2)S(=O)(=O)c1cc2c(nc(c(n2)c2ccc(cc2)*)c2ccccc2)cc1,0.43534029,uwm_md,train
*c1nc2c(nc1)cc(cc2)c1cc2c(nc(cn2)c2ccc(cc2)c2ccc(cc2)*)cc1,0.40589633,uwm_md,train
*c1nc2c(nc1)cc(cc2)c1cc2c(nc(cn2)c2ccc(cc2)*)cc1,0.43314968,uwm_md,test
*N1CCN(CC1)C(=O)c1c(cccc1)c1c(cccc1)C(=O)*,0.36072955,uwm_md,train
*N1CCN(CC1)C(=O)c1ccc(cc1)C(c1ccc(cc1)C(=O)*)(CC)C,0.37489095,uwm_md,test
*N1CCN(CC1)C(=O)CCC1(c2ccccc2c2ccccc12)CCC(=O)*,0.35082586,uwm_md,test
*N1C(=O)C(CC1=O)CC*,0.31621723,uwm_md,train
*c1nc(nc(n1)N(c1ncnc(n1)N(*)c1ccccc1)c1ccccc1)c1ccccc1,0.41510699,uwm_md,train
*c1nc(nc(n1)C(C(C(C(C(C(*)(F)F)(F)F)(F)F)(F)F)(F)F)(F)F)C(C(C(F)(F)F)(F)F)(F)F,0.34763212,uwm_md,train
*c1nc2c([nH]1)cc(cc2)c1cc2c(nc([nH]2)c2cc(ccc2)*)cc1,0.42946115,uwm_md,train
*c1nc2c([nH]1)cc(cc2)c1cc2c(nc([nH]2)c2cc3c(cc2)cc(cc3)*)cc1,0.43811052,uwm_md,train
*c1nc(nc(n1)NCCCCCCN*)c1ccccc1,0.39025113,uwm_md,train
*c1nc(nc(n1)N(CCCCCCN(*)C)C)c1ccccc1,0.39607619,uwm_md,train
*c1nc(nc(n1)N(CCCCCCN(*)c1ccccc1)c1ccccc1)c1ccccc1,0.38631278,uwm_md,test
*c1nc2c(nc1c1ccccc1)cc(cc2)c1cc2c(nc(c(n2)c2ccc(cc2)*)c2ccccc2)cc1,0.44967432,uwm_md,train
*c1nc2c(nc1c1ccccc1)cc(cc2)c1cc2c(nc(c(n2)c2cc(ccc2)*)c2ccccc2)cc1,0.42889461,uwm_md,train
*c1nc2c(nc1c1cc3c(cc1)cccc3)cc(cc2)c1cc2c(nc(c(n2)c2ccc(cc2)*)c2cc3c(cc2)cccc3)cc1,0.43086415,uwm_md,test
*c1nc2c(nc1c1cc3c(cc1)cccc3)cc(cc2)c1cc2c(nc(c(n2)c2cc(ccc2)*)c2cc3c(cc2)cccc3)cc1,0.42231854,uwm_md,train
*c1ncnc(n1)N(CCCCN(*)c1ccccc1)c1ccccc1,0.37819273,uwm_md,train
*c1ncnc(n1)N(CCCCCCN(*)c1ccccc1)c1ccccc1,0.38019427,uwm_md,train
*c1ncnc(n1)N(CCCCCCCCCCN(*)c1ccccc1)c1ccccc1,0.38355919,uwm_md,train
*c1nc(nc(n1)N(CCCCN(*)c1ccccc1)c1ccccc1)C,0.39040149,uwm_md,train
*c1nc(nc(n1)N(CCCCCCN(*)c1ccccc1)c1ccccc1)C,0.3854823,uwm_md,train
*c1nc(nc(n1)N(CCCCCCCCCCN(*)c1ccccc1)c1ccccc1)C,0.39169547,uwm_md,test
*c1nc(nc(n1)N(CCCCN(*)c1ccccc1)c1ccccc1)c1ccccc1,0.38631994,uwm_md,train
*c1nc(nc(n1)N(CCCCCCCCCCN(*)c1ccccc1)c1ccccc1)c1ccccc1,0.38458096,uwm_md,train
*O[Si](Oc1ccc(cc1)C(c1ccc(cc1)*)(C)C)(C)C,0.40918281,uwm_md,test
*O[Si](*)(CCC)CCC,0.42983858,uwm_md,train
*O[Si](O[Si](O[Si](*)(c1c(c(c(c(c1F)F)F)F)F)c1c(c(c(c(c1F)F)F)F)F)(C)C)(C)C,0.38120028,uwm_md,train
*O[Si](O[Si](O[Si](*)(c1c(c(c(c(c1F)F)Cl)F)F)C)(C)C)(C)C,0.40365353,uwm_md,train
*O[Si](O[Si](*)(c1c(c(c(c(c1F)F)F)F)F)C)(C)C,0.38359544,uwm_md,train
*O[Si](O[Si](O[Si](*)(c1c(c(c(c(c1F)F)F)F)F)C)(C)C)(C)C,0.40336035,uwm_md,train
*O[Si](CCC(C(C(C(C(C(CC[Si](*)(CCC(F)(F)F)C)(F)F)(F)F)(F)F)(F)F)(F)F)(F)F)(CCC(F)(F)F)C,0.37288957,uwm_md,train
*O[Si](CCC(C(C(C(C(C(C(C(C(C(CC[Si](*)(CCC(F)(F)F)C)(F)F)(F)F)(F)F)(F)F)(F)F)(F)F)(F)F)(F)F)(F)F)(F)F)(CCC(F)(F)F)C,0.36246435,uwm_md,train
*O[Si](CCC(C(C(C(C(C(C(C(CC[Si](*)(CCC(F)(F)F)C)(F)F)(F)F)(F)F)(F)F)(F)F)(F)F)(F)F)(F)F)(CCC(F)(F)F)C,0.36576682,uwm_md,train
*O[Si](CCC(C(C(C(CC[Si](*)(CCC(F)(F)F)C)(F)F)(F)F)(F)F)(F)F)(CCC(F)(F)F)C,0.37622546,uwm_md,train
*O[Si](CCC(CC[Si](*)(CCC(F)(F)F)C)(F)F)(CCC(F)(F)F)C,0.39640664,uwm_md,train
*O[Si](CCC(C(CC[Si](*)(CCC(F)(F)F)C)(F)F)(F)F)(CCC(F)(F)F)C,0.38905129,uwm_md,train
*O[Si](*)(c1c(c(c(c(c1F)F)F)F)F)C,0.35719446,uwm_md,train
*O[Si](Oc1ccc(cc1)*)(c1ccccc1)C,0.40342541,uwm_md,train
*O[Si](Oc1ccc(cc1)C(c1ccc(cc1)*)(C)C)(c1ccccc1)C,0.39715022,uwm_md,test
*O[Si](Oc1ccc(cc1)*)(C)C,0.41626444,uwm_md,test
*O[Si](c1c(c(c(c(c1F)F)F)[Si](*)(C)C)F)(C)C,0.39677257,uwm_md,train
*O[Si](O[Si](O[Si](O[Si](c1cc(ccc1)[Si](*)(c1ccccc1)C)(c1ccccc1)C)(C)C)(C)C)(C)C,0.41493555,uwm_md,train
*O[Si](O[Si](c1c(c(c(c(c1F)F)F)[Si](*)(C)C)F)(C)C)(C)C,0.41170032,uwm_md,train
*O[Si](c1cc(ccc1)C(C(c1cc(ccc1)[Si](*)(C)C)(F)F)(F)F)(C)C,0.40311719,uwm_md,train
*O[Si](c1cc(ccc1)C(C(C(c1cc(ccc1)[Si](*)(C)C)(F)F)(F)F)(F)F)(C)C,0.39988791,uwm_md,train
*O[Si](O[Si](c1ccc(cc1)[Si](*)(C)C)(C)C)(C)C,0.43360758,uwm_md,train
*O[Si](O[Si](O[Si](O[Si](O[Si](c1ccc(cc1)[Si](*)(C)C)(C)C)(C)C)(C)C)(C)C)(C)C,0.44568378,uwm_md,test
*O[Si](O[Si](O[Si](O[Si](c1cc(ccc1)[Si](*)(C)C)(C)C)(C)C)(C)C)(C)C,0.44425689,uwm_md,train
*O[Si](O[Si](O[Si](O[Si](c1ccc(cc1)[Si](*)(C)C)(C)C)(C)C)(C)C)(C)C,0.44221475,uwm_md,train
*O[Si](O[Si](O[Si](c1ccc(cc1)[Si](*)(C)C)(C)C)(C)C)(C)C,0.438999,uwm_md,test
*O[Si](c1ccc(cc1)[Si](*)(C)C)(C)C,0.42793636,uwm_md,train
*O[Si](*)(c1ccccc1)c1ccccc1,0.39090744,uwm_md,train
*[Si](C/C=C\C*)(C)C,0.41205158,uwm_md,train
*[Si](C/C=C\C*)(c1ccccc1)C,0.37739733,uwm_md,train
*[Si](C/C=C\C*)(CCCOc1ccccc1)c1ccccc1,0.36365457,uwm_md,train
*[Si](C/C=C\C*)(CCCOc1cc2c(cc1)cccc2)C,0.36773968,uwm_md,train
*[Si](C/C=C\C*)(CCCOc1ccc(cc1)c1ccccc1)C,0.36376356,uwm_md,train
*[Si](C/C=C\C*)(CCCOc1ccccc1)C,0.37468563,uwm_md,train
*O[Si](*)(CCCCCCCCOc1ccc(cc1)C(=O)Oc1c(cc(cc1)C#N)C)C,0.37464171,uwm_md,train
*[Si](C*)(CCCCCC)C,0.39640493,uwm_md,test
*[Si](C*)(CCCN(CC)CC)C,0.38730657,uwm_md,train
*[Si](C*)(CCCn1c2ccccc2c2ccccc12)C,0.36146235,uwm_md,train
*O[Si](*)(CCCn1c2ccccc2c2ccccc12)C,0.37981607,uwm_md,train
*[Si](C*)(CCCOCCOCCOC)C,0.36062899,uwm_md,test
*[Si](C*)(CCC)CCC,0.40187734,uwm_md,train
*[Si](C*)(CCCC)CCCC,0.40581493,uwm_md,train
*[Si](C*)(CCCCC)CCCCC,0.41744785,uwm_md,train
*[Si](C*)(CCCCCC)CCCCCC,0.40662633,uwm_md,test
*N=P(*)(OC)OC,0.33810683,uwm_md,train
*N=P(*)(OCC)OCC,0.38134489,uwm_md,train
*N=P(*)(OCCC)OCCC,0.40352288,uwm_md,train
*N=P(*)(OCCCC)OCCCC,0.40534797,uwm_md,train
*N=P(*)(OCCCCC)OCCC,0.4014852,uwm_md,train
*N=P(*)(OCCCCC)OCCCCC,0.4064028,uwm_md,test
*N=P(*)(OCCCCCC)OCCCCCC,0.4012116,uwm_md,train
*N=P(*)(OCCCCCCC)OCCCCCCC,0.40469164,uwm_md,train
*N=P(*)(OCCCCCCCC)OCCCCCCCC,0.41038222,uwm_md,test
*N=P(*)(OCCCCCCCCC)OCCCCCCCCC,0.40563512,uwm_md,train
*N=P(*)(OCCCCCCCCCC)OCCCCCCCCCC,0.40515813,uwm_md,train
*N=P(*)(Oc1ccccc1)Oc1ccccc1,0.40515813,uwm_md,train
*N=P(*)(Oc1ccc(cc1)c1ccccc1)Oc1ccc(cc1)c1ccccc1,0.36538573,uwm_md,train
*N=P(*)(OCc1ccccc1)OCc1ccccc1,0.35649541,uwm_md,train
*N=P(*)(OCCc1ccccc1)OCCc1ccccc1,0.36125209,uwm_md,train
*N=P(*)(OCCCc1ccccc1)OCCCc1ccccc1,0.36697361,uwm_md,train
*N=P(*)(OCC(F)(F)F)OCC(F)(F)F,0.35273936,uwm_md,train
*N=P(*)(OCC(C(F)(F)F)(F)F)OCC(C(F)(F)F)(F)F,0.3709865,uwm_md,train
*N=P(*)(OCC(C(C(C(C(C(C(F)(F)F)(F)F)(F)F)(F)F)(F)F)(F)F)(F)F)OCC(C(C(C(C(C(C(F)(F)F)(F)F)(F)F)(F)F)(F)F)(F)F)(F)F,0.32778117,uwm_md,train
*N=P(*)(Oc1ccc(cc1)F)Oc1ccc(cc1)F,0.39101993,uwm_md,train
*N=P(*)(Oc1cc(ccc1)C(F)(F)F)Oc1cc(ccc1)C(F)(F)F,0.39150603,uwm_md,test
*N=P(*)(OCc1ccc(cc1)Br)OCc1ccc(cc1)Br,0.37799409,uwm_md,train
*N=P(*)(OCCOC)OCCOC,0.3536972,uwm_md,train
*N=P(*)(OCCOCCOC)OCCOCCOC,0.35370177,uwm_md,test
*N=P(*)(OCCOCCOCC)OCCOCCOCC,0.36520289,uwm_md,train
*N=P(*)(OCCOCCOCCCC)OCCOCCOCCCC,0.37867352,uwm_md,train
*N=P(*)(NCC)NCC,0.39858721,uwm_md,train
*N=P(*)(N(C)C)N(C)C,0.38583819,uwm_md,test
*N=P(*)(N1CCCCC1)N1CCCCC1,0.4443714,uwm_md,test
*N=P(*)(Nc1ccccc1)Nc1ccccc1,0.38717322,uwm_md,train
*N=P(*)(Cl)Cl,0.34644364,uwm_md,train
*N=P(*)(Oc1ccc(cc1)Cl)Oc1ccc(cc1)Cl,0.39730375,uwm_md,train
*N=P(*)(Oc1c(cc(cc1)Cl)Cl)Oc1c(cc(cc1)Cl)Cl,0.40414822,uwm_md,train
*N=P(*)(Oc1ccc(cc1)C(C)C)Oc1ccc(cc1)C(C)C,0.40872556,uwm_md,train
*N=P(*)(Oc1ccc(cc1)C)Oc1ccc(cc1)C,0.39264145,uwm_md,train
*N=P(*)(C)C,0.35255216,uwm_md,train
*N=P(*)(Oc1cc2c(cc1)cccc2)Oc1cc2c(cc1)cccc2,0.3648512,uwm_md,train
*N=P(*)(Oc1cc(ccc1)C)Oc1cc(ccc1)C,0.3884914,uwm_md,train
*P1(=N*)Oc2ccccc2c2ccccc2O1,0.36981013,uwm_md,test
*C(=O)CC*,0.32553925,uwm_md,train
*Oc1ccc(cc1)C(=O)c1ccc(cc1)*,0.37786189,uwm_md,train
*OS(=O)(=O)c1cc(ccc1)C(=O)c1cc(ccc1)S(=O)(=O)Oc1ccc(cc1)C(c1ccc(cc1)*)(C)C,0.36729276,uwm_md,train
*OS(=O)(=O)c1cc(ccc1)S(=O)(=O)Oc1ccc(cc1)C(c1ccc(cc1)*)(C)C,0.36372411,uwm_md,train
*S(=O)(=O)C1C(CCCC1)*,0.35327947,uwm_md,train
*S(=O)(=O)C1CC(CCC1)*,0.35779851,uwm_md,train
*S(=O)(=O)CC(C*)(C)C,0.36380251,uwm_md,train
*S(=O)(=O)c1ccc(cc1)Cc1ccc(cc1)*,0.37585986,uwm_md,test
*c1ccc(cc1)*,0.37523864,uwm_md,train
*c1ccc(cc1)C(*)C,0.38776723,uwm_md,train
*c1ccc(cc1)CC*,0.38563218,uwm_md,train
*c1cc(ccc1)CC*,0.37970446,uwm_md,test
*c1c(cc(cc1)CC*)C,0.39177788,uwm_md,train
*c1c(cc(cc1)CC*)CC,0.39486528,uwm_md,test
*c1c(cc(c(c1)C)CC*)C,0.39678497,uwm_md,train
*c1ccc(cc1)c1c(cc(c(c1c1ccccc1)c1ccccc1)c1ccc(cc1)c1c(c(c(c(c1)c1ccccc1)c1ccc(cc1)CCC*)c1ccccc1)c1ccccc1)c1ccccc1,0.4001193,uwm_md,train
*c1ccc(cc1)c1c(cc(c(c1c1ccccc1)c1ccccc1)c1cc(ccc1)c1c(c(c(c(c1)c1ccccc1)c1ccc(cc1)CCC*)c1ccccc1)c1ccccc1)c1ccccc1,0.4003854,uwm_md,test
*c1ccc(cc1)c1c(cc(c(c1c1ccccc1)c1ccccc1)c1ccc(cc1)c1c(c(c(c(c1)c1ccccc1)c1ccc(cc1)CCCC*)c1ccccc1)c1ccccc1)c1ccccc1,0.39803512,uwm_md,train
*c1ccc(cc1)c1c(cc(c(c1c1ccccc1)c1ccccc1)c1cc(ccc1)c1c(c(c(c(c1)c1ccccc1)c1ccc(cc1)CCCC*)c1ccccc1)c1ccccc1)c1ccccc1,0.39697678,uwm_md,test
*c1ccc(cc1)c1c(cc(c(c1c1ccccc1)c1ccccc1)c1ccc(cc1)c1c(c(c(c(c1)c1ccccc1)c1ccc(cc1)CCCCCC*)c1ccccc1)c1ccccc1)c1ccccc1,0.39784741,uwm_md,test
*c1ccc(cc1)c1c(cc(c(c1c1ccccc1)c1ccccc1)c1cc(ccc1)c1c(c(c(c(c1)c1ccccc1)c1ccc(cc1)CCCCCC*)c1ccccc1)c1ccccc1)c1ccccc1,0.40056446,uwm_md,train
*c1ccc(cc1)c1c(cc(c(c1c1ccccc1)c1ccccc1)c1ccc(cc1)c1c(c(c(c(c1)c1ccccc1)c1ccc(cc1)CCCCCCCCCC*)c1ccccc1)c1ccccc1)c1ccccc1,0.39608248,uwm_md,train
*c1ccc(cc1)c1c(cc(c(c1c1ccccc1)c1ccccc1)c1ccc(cc1)c1c(c(c(c(c1)c1ccccc1)c1ccc(cc1)CCCCCCCCCCCCCC*)c1ccccc1)c1ccccc1)c1ccccc1,0.40147903,uwm_md,train
*c1ccc(cc1)c1c(cc(c(c1c1ccccc1)c1ccccc1)c1cc(ccc1)c1c(c(c(c(c1)c1ccccc1)c1ccc(cc1)CCCCCCCCCCCCCC*)c1ccccc1)c1ccccc1)c1ccccc1,0.40045418,uwm_md,train
*c1c(cc(cc1)CC*)C#N,0.39093091,uwm_md,train
*c1c(cc(cc1)CC*)Cl,0.39148425,uwm_md,train
*c1c(cc(cc1)CC*)Br,0.40939985,uwm_md,train
*c1c2c(c(cc1)CC*)cccc2,0.37967697,uwm_md,train
*c1cc(ccc1)*,0.36874604,uwm_md,train
*c1ccc(cc1)C=C*,0.38774885,uwm_md,train
*c1ccc(cc1)C(C(*)(F)F)(F)F,0.37735155,uwm_md,train
*c1cc(ccc1)c1cc(ccc1)C(C(C(*)(F)F)(F)F)(F)F,0.36208143,uwm_md,test
*c1ccc(cc1)C(C(*)Cl)(Cl)Cl,0.39641701,uwm_md,test
*c1cc(ccc1)C(C(C(*)(F)F)(F)F)(F)F,0.35942273,uwm_md,train
*c1ccc(cc1)c1c(cc(c(c1c1ccccc1)c1ccccc1)c1cc(ccc1)c1c(c(c(c(c1)c1ccccc1)c1ccc(cc1)CCCCCCCCCC*)c1ccccc1)c1ccccc1)c1ccccc1,0.39826604,uwm_md,train
*c1c(cc(cc1Cl)CC*)Cl,0.39170288,uwm_md,train
*C1c2c3c(cccc3ccc2)C1*,0.40696221,uwm_md,train
*C(C(CC*)(C)C)(C)C,0.38272137,uwm_md,test
*C(C(*)(C([2H])([2H])[2H])[2H])([2H])[2H],0.3861434,uwm_md,train
*C1C2C(C(C1)CC*)CCC2,0.37234991,uwm_md,train
*C1C2C(C(C1)CC*)C1C(CC2C1)C,0.38823486,uwm_md,train
*C(CCC*)C,0.40163185,uwm_md,train
*C(C*)C1C(CCCC1)C,0.40280956,uwm_md,train
*C(C*)C1CCC(CC1)C(C)(C)C,0.41878097,uwm_md,test
*C(CCCCC*)C,0.39985278,uwm_md,train
*C(CCCCC*)CC,0.40321995,uwm_md,train
*C(CCCCC*)CCC,0.40474828,uwm_md,test
*C(CCCCC*)CCCC,0.4045687,uwm_md,train
*C(CCCCC*)CCCCCC,0.40628619,uwm_md,train
*C(CCCCC*)CCCCCCCC,0.40682888,uwm_md,train
*C(CCCCC*)CCCCCCCCCC,0.40749823,uwm_md,train
*C(C*)CCCCCCCCCCCCCCCCCC,0.40805705,uwm_md,train
*C1CC(CC1)*,0.37999271,uwm_md,train
*C1C2CCC(C1*)C2,0.39273913,uwm_md,train
*C(C(CC*)[2H])([2H])C,0.40087335,uwm_md,test
*C1C2CC(C(C1*)C2)C,0.40953416,uwm_md,train
*C1C(C2CC(C1C2)*)CCCC,0.41628236,uwm_md,train
*C1C(C2CC(C1C2)*)CCCCCC,0.40905206,uwm_md,train
*C1C2C(C(C1)CC*)C1C(CC2C1)CC,0.3847423,uwm_md,train
*C1C2C(C(C1)CC*)C1CCC2C1,0.38101564,uwm_md,train
*C(C*)c1ccc(cc1)C(=O)OCCN(CC)CC,0.36818478,uwm_md,train
*C(C*)c1ccc(cc1)C(=NO)Cc1ccccc1,0.35451524,uwm_md,train
*C(C*)c1c(cccc1)COCCCCCCCC,0.38758383,uwm_md,train
*C(C*)c1ccc(cc1)C(O)C(F)(F)F,0.35930976,uwm_md,train
*C(C*)c1ccc(cc1)c1c2ccccc2cc2ccccc12,0.37620542,uwm_md,test
*C(C*)(c1nc2c(cc1)cccc2)C,0.38344332,uwm_md,train
*C(C*)c1cc(ccc1)OC(=O)C,0.34951316,uwm_md,train
*C(C*)c1cc(ccc1)NC(=O)C,0.3447239,uwm_md,test
*C(C*)(c1cc2c(cc1)cccc2)C,0.37911502,uwm_md,test
*C(C*)c1ccc(cc1)C([Sn](C)(C)C)[Sn](C)(C)C,0.37911502,uwm_md,train
*C(C*)c1ccc(cc1)C([Si](C)(C)C)[Si](C)(C)C,0.43765265,uwm_md,train
*C(C*)c1ccc(cc1)C[Si](C)(C)C,0.42588217,uwm_md,train
*C(C*)c1c(c(c(c(c1[2H])[2H])[2H])[2H])[2H],0.39369072,uwm_md,train
*C(C*)(c1ccc(cc1)C#N)C,0.3935561,uwm_md,train
*C(CC(C*)c1ccc(cc1)OC(=O)C)(C#N)C#N,0.35920992,uwm_md,train
*C(CC(C*)c1ccc(cc1)F)(C#N)C#N,0.39106819,uwm_md,train
*C(CC(C*)c1ccc(cc1)Cl)(C#N)C#N,0.39209317,uwm_md,train
*C(CC(C*)c1ccc(cc1)CCl)(C#N)C#N,0.3903293,uwm_md,test
*C(C*)c1ccc(cc1)COCCC(C(C(C(F)(F)F)(F)F)(F)F)(F)F,0.35487318,uwm_md,train
*C(C*)c1ccc(cc1)COCCC(C(C(C(C(C(C(C(F)(F)F)(F)F)(F)F)(F)F)(F)F)(F)F)(F)F)(F)F,0.34583882,uwm_md,train
*C(C*)c1ccc(cc1)[Si](O[Si](C)(C)C)(C)C,0.45403849,uwm_md,train
*C(C*)c1c(cccc1)O,0.35680883,uwm_md,train
*C(C*)c1cc(ccc1)O,0.34145083,uwm_md,train
*C(C*)c1cc(c(c(c1)OC)OC(=O)C)OC,0.34893966,uwm_md,test
*C(C*)c1cc(c(c(c1)OC)O)OC,0.32962822,uwm_md,train
*C(C*)c1ccc(cc1)COc1ccc(cc1)c1ccc(cc1)C#N,0.3628679,uwm_md,train
*C(C*)c1cc(c(cc1)Cl)[N+](=O)[O-],0.45234816,uwm_md,train
*C(C*)c1c(cccc1)Br,0.40945525,uwm_md,train
*C(C(*)c1ccc(cc1)N(C)C)c1ccc(cc1)[N+](=O)[O-],0.39669979,uwm_md,train
*C(C(CCCC*)c1ccc(cc1)O)c1c(cc(cc1)O)C,0.35379237,uwm_md,test
*C(C(CCCCC*)c1ccc(cc1)O)c1c(cc(cc1)O)C,0.3564602,uwm_md,test
*C(C(CCCCCC*)c1ccc(cc1)O)c1c(cc(cc1)O)C,0.35738719,uwm_md,train
*C(C(CCCCCCC*)c1ccc(cc1)O)c1c(cc(cc1)O)C,0.36937148,uwm_md,train
*C(C(CCCCCCCC*)c1ccc(cc1)O)c1c(cc(cc1)O)C,0.37294076,uwm_md,train
*C(C(CCCCCCCCC*)c1ccc(cc1)O)c1c(cc(cc1)O)C,0.37834566,uwm_md,test
*C(C(CCCCCCCCCC*)c1ccc(cc1)O)c1c(cc(cc1)O)C,0.37504022,uwm_md,train
*C(C(CCCCCCCCCCC*)c1ccc(cc1)O)c1c(cc(cc1)O)C,0.37037228,uwm_md,train
*C(C(CCCCCCCCCCCC*)c1ccc(cc1)O)c1c(cc(cc1)O)C,0.38002887,uwm_md,train
*C(C*)c1cc(ccc1)Br,0.42093042,uwm_md,train
*C(C*)c1cc(c(cc1)OC(=O)C)OC,0.349142,uwm_md,train
*C(C*)c1cc(c(cc1)O)OC,0.34066185,uwm_md,train
*C(C*)c1ccc(cc1)COCCC(C(C(C(C(C(F)(F)F)(F)F)(F)F)(F)F)(F)F)(F)F,0.35405781,uwm_md,test
*C(C*)c1ccc(cc1)[Si](O[Si](O[Si](C)(C)C)(C)C)(C)C,0.45056995,uwm_md,train
*C(C*)c1ccc(cc1)[Si](O[Si](C)(C)C)(O[Si](C)(C)C)C,0.46187463,uwm_md,test
*C(C*)c1ccc(cc1)[Si](O[Si](C)(C)C)(O[Si](C)(C)C)O[Si](C)(C)C,0.48916637,uwm_md,train
*C(C*)c1ccc(cc1)CCl,0.38772297,uwm_md,train
*C(C*)c1ccc(cc1)OP1(=NP(=NP(=N1)(OCCOCCOCCOC)OCCOCCOCCOC)(OCCOCCOCCOC)OCCOCCOCCOC)OCCOCCOCCOC,0.35241412,uwm_md,train
*C(C*)(c1ccc(cc1)C(O)C(F)(F)F)C,0.35571661,uwm_md,train
*C(C*)c1ccc(cc1)[Si](O)(C)C,0.41238443,uwm_md,train
*C(C*)c1c(cccc1)OC(=O)C,0.35684736,uwm_md,train
*C(C*)c1ccc(cc1)[SiH](C)C,0.42154947,uwm_md,train
*C(C*)c1ccc(cc1)Cn1c2ccccc2c2ccccc12,0.36892883,uwm_md,train
*C(C(CC*)c1ccccc1)c1ccccc1,0.40418065,uwm_md,train
*C(C*)c1c(ccc(c1)C(=O)Oc1ccc(cc1)OC)C(=O)Oc1ccc(cc1)OC,0.34367981,uwm_md,train
*C(C*)c1c(c(c(c(c1F)F)OCC(C(F)(F)F)(F)F)F)F,0.35026517,uwm_md,test
*C(C*)c1c(c(c(c(c1F)F)OCC(C(C(C(C(C(C(F)(F)F)(F)F)(F)F)(F)F)(F)F)(F)F)(F)F)F)F,0.33681331,uwm_md,test
*C(C*)c1c(c(c(c(c1F)F)OC)F)F,0.34990398,uwm_md,train
*C1C2C(C(C1)CC*)C1C(CC2C1)c1ccc(cc1)COC(CC)C,0.37580265,uwm_md,train
*C(C*)c1ccc(cc1)OCCOCCOC(=O)C,0.34580144,uwm_md,train
*C(C*)c1c(ccc(c1)C(=O)Oc1ccc(cc1)OCCCC)C(=O)Oc1ccc(cc1)OCCCC,0.36628846,uwm_md,train
*C(C*)(c1nc(nc(n1)N(CCOCCOCCOC)CCOCCOCCOC)N(CCOCCOCCOC)c1ccccc1)C,0.35963207,uwm_md,test
*C(C*)c1ccc(cc1)N(c1ccccc1)c1ccccc1,0.4131707,uwm_md,train
*C(CC*)(c1ccccc1)C,0.38823069,uwm_md,train
*C(C*)c1ccc(cc1)OC(C)(C)C,0.38657315,uwm_md,train
*C(C*)c1ccc(cc1)c1cc2C(c3c(c2cc1)cccc3)(CCCCCC)CCCCCC,0.40118451,uwm_md,train
*C(C*)c1ccc(cc1)c1cc2C(c3c(c2cc1)ccc(c3)c1cc2C(c3c(c2cc1)cccc3)(CCCCCC)CCCCCC)(CCCCCC)CCCCCC,0.40538104,uwm_md,train
*C(C*)c1cc[n+](cc1)CCCCCCCC,0.39455232,uwm_md,train
*C(C*)c1c(ccc(c1)c1ccc(cc1)C(=O)OC(CC)C)c1ccc(cc1)C(=O)OC(CC)C,0.39103863,uwm_md,test
*C(C*)c1c(ccc(c1)c1ccc(cc1)C(=O)OC(CCCCCC)C)c1ccc(cc1)C(=O)OC(CCCCCC)C,0.37966374,uwm_md,test
*C(C*)c1c(ccc(c1)c1ccc(cc1)C(=O)OC1C(CCC(C1)C)C(C)C)c1ccc(cc1)C(=O)OC1C(CCC(C1)C)C(C)C,0.3845381,uwm_md,train
*C(C*)c1ccc(cc1)COCC(C(C(C(F)(F)F)(F)F)(F)F)(F)F,0.35853406,uwm_md,train
*C(C*)c1ccc(cc1)CCC(C(C(C(F)(F)F)(F)F)(F)F)(F)F,0.37120433,uwm_md,train
*C(C*)c1cc(ccc1)N(c1ccc(cc1)C)c1ccc(cc1)C,0.42262302,uwm_md,train
*C(C*)c1ccc(cc1)c1c2c(nsn2)ccc1,0.37001956,uwm_md,train
*C(C*)c1ccc(cc1)COc1ccc(cc1)c1c2c(nsn2)c(cc1)c1ccc(cc1)C,0.35943603,uwm_md,train
*C(C*)c1ccc(cc1)COc1ccc(cc1)c1c2c(nsn2)c(cc1)c1sc(cc1)C,0.36773,uwm_md,train
*C(C*)c1ccc(cc1)COc1ccc(cc1)c1c2c(nsn2)c(cc1)c1sc(cc1)c1sc(cc1)CCCCCC,0.38938672,uwm_md,train
*C(C*)c1c(ccc(c1)C(=O)OC)c1ccc(cc1)OCCCCCCCC,0.37587647,uwm_md,train
*C(C*)c1c(ccc(c1)C(=O)OCC)c1ccc(cc1)OCCCCCCCC,0.38076446,uwm_md,train
*C(C*)c1c(ccc(c1)C(=O)OCCCC)c1ccc(cc1)OCCCCCCCC,0.38549986,uwm_md,train
*C(C*)c1c(ccc(c1)C(=O)OCCCCCC)c1ccc(cc1)OCCCCCCCC,0.38417048,uwm_md,train
*C(C*)c1c(ccc(c1)C(=O)OCCCCCCCC)c1ccc(cc1)OCCCCCCCC,0.38484165,uwm_md,test
*C(C*)c1c(ccc(c1)C(=O)OCCCCCCCCCC)c1ccc(cc1)OCCCCCCCC,0.39428806,uwm_md,train
*C(C*)c1c(ccc(c1)C(=O)OCCCCCCCCCCCC)c1ccc(cc1)OCCCCCCCC,0.38816333,uwm_md,train
*C(C*)c1c(c(c(c(c1F)F)P(=O)(O)O)F)F,0.32683261,uwm_md,test
*C(C*)c1c(c(c(c(c1F)F)C(F)(F)F)F)F,0.36531928,uwm_md,train
*C(C*)c1c(cccc1)C(F)(F)F,0.37373278,uwm_md,train
*C(C*)c1c(ccc(c1)C(F)(F)F)C(F)(F)F,0.37028401,uwm_md,train
*C(C*)c1cc(cc(c1)C(F)(F)F)C(F)(F)F,0.38284106,uwm_md,train
*C(C*)c1c(ccc(c1)C(=O)Oc1ccc(cc1)OCC)C(=O)Oc1ccc(cc1)OCC,0.34938746,uwm_md,train
*C(C*)c1c(ccc(c1)C(=O)Oc1ccc(cc1)OCCCCCC)C(=O)Oc1ccc(cc1)OCCCCCC,0.36539229,uwm_md,train
*C(C*)c1c(ccc(c1)C(=O)Oc1ccc(cc1)OCCCCCCCC)C(=O)Oc1ccc(cc1)OCCCCCCCC,0.3687618,uwm_md,train
*C(C*)c1c(ccc(c1)C(=O)Oc1ccc(cc1)OCCCCCCCCCC)C(=O)Oc1ccc(cc1)OCCCCCCCCCC,0.37509747,uwm_md,train
*C(C*)c1c(ccc(c1)C(=O)Oc1ccc(cc1)OCCCCCCCCCCCC)C(=O)Oc1ccc(cc1)OCCCCCCCCCCCC,0.37774913,uwm_md,train
*C(C*)c1c(ccc(c1)C(=O)Oc1ccc(cc1)OCCCCCCCCCCCCCC)C(=O)Oc1ccc(cc1)OCCCCCCCCCCCCCC,0.38047103,uwm_md,train
*C(C*)c1c(ccc(c1)C(=O)Oc1ccc(cc1)OCCCCCCCCCCCCCCCC)C(=O)Oc1ccc(cc1)OCCCCCCCCCCCCCCCC,0.38467794,uwm_md,train
*C(C*)c1c(ccc(c1)C(=O)Oc1ccc(cc1)OCCCCCCCCCCCCCCCCCC)C(=O)Oc1ccc(cc1)OCCCCCCCCCCCCCCCCCC,0.39477312,uwm_md,train
*C(C*)OC(=O)C(Cl)(Cl)Cl,0.35515201,uwm_md,train
*C(C*)P(=O)(N(C)C)N(C)C,0.37118508,uwm_md,train
*C(C*)OC(=O)c1c2c(n(n1)C(=O)C)cccc2,0.34764523,uwm_md,train
*C(C*)[Si](C)(C)C,0.41330473,uwm_md,train
*C(C*)OC(=O)OC([2H])([2H])[2H],0.32119753,uwm_md,train
*C(C*)OC(=O)OCC(Cl)(Cl)Cl,0.35918927,uwm_md,train
*C(C*)OC(=O)OCC(F)(F)F,0.32040893,uwm_md,train
*C(C*)OC(=O)OCCC(C(C(C(C(C(F)(F)F)(F)F)(F)F)(F)F)(F)F)(F)F,0.32384943,uwm_md,train
*C(=C(*)c1ccccc1)CC,0.40534286,uwm_md,train
*C(=C(*)c1ccccc1)CCCCCC,0.41697419,uwm_md,train
*C(=C(*)Cl)c1ccccc1,0.41584019,uwm_md,test
*C(=C(*)Cl)CCCC,0.40171374,uwm_md,train
*C(=C(*)Cl)CCCCCC,0.40438433,uwm_md,test
*C(=C(*)Cl)CCCCCCCC,0.40192369,uwm_md,train
*C(=C(*)C)[Si](CCCCCC)(C)C,0.38363595,uwm_md,test
*C(=C(*)C)[Si](C[Si](C)(C)C)(C)C,0.41481827,uwm_md,train
*C(=C(*)C)[Si](CC[Si](C)(C)C)(C)C,0.4237153,uwm_md,train
*C(=C*)C(CCCCC)[Si](C)(C)C,0.42424985,uwm_md,train
*C(=C*)C(CCCCCCC)[Si](C)(C)C,0.41060554,uwm_md,train
*C(C*)n1c2c(c3c1cc1ccccc1c3)cccc2,0.38102074,uwm_md,train
*C(C*)n1c2c(c3ccccc3cc2)c2c1cccc2,0.36652293,uwm_md,train
*C(C*)(CC(=O)O)C(=O)O,0.2269924,uwm_md,test
*C(C*)N1C(=S)CCC1,0.39052842,uwm_md,train
*C=CCC(C*)c1ccccc1,0.38727971,uwm_md,test
*C(C*)[Si](Cc1ccccc1)(C)C,0.36754872,uwm_md,train
*C(C*)OCCOCCOCCOC,0.35815042,uwm_md,train
*C1C(CC(C1)C=C*)[Si](C)(C)C,0.41756193,uwm_md,test
*C1C(CC(C1)C=C*)[Si](C[Si](C)(C)C)(C)C,0.40768894,uwm_md,train
*C(=C*)c1ccc(cc1)n1c(=O)c2cc3c(cc2c1=O)c(=O)n(c3=O)c1ccc(cc1)C#C,0.37446752,uwm_md,test
*C1C(CC(C1)C=C*)C(=O)OCCCCCCCCOc1ccc(cc1)C=Cc1ccc(cc1)[N+](=O)[O-],0.36024408,uwm_md,train
*C=CC(C*)COCC(=O)OCCCCCCCCOc1ccc(cc1)C=Cc1ccc(cc1)[N+](=O)[O-],0.35801119,uwm_md,train
*C=CCC(C*)(C(=O)OC12CC3CC(CC(C1)C3)C2)C(=O)OC12CC3CC(CC(C1)C3)C2,0.379025,uwm_md,train
*C(C*)OCCCCCCCCCCCOc1ccc(cc1)C(=O)Oc1ccc(cc1)C#N,0.36822065,uwm_md,train
*C(C*)OCCCCCCCCCCCOc1ccc(cc1)C(=O)Oc1ccc(cc1)OCC,0.36990497,uwm_md,train
*C=CC(C(*)C(=O)OC12CC3CC(CC(C1)C3)C2)C,0.3828539,uwm_md,train
*C(C*)NC=O,0.27493701,uwm_md,train
*C(C*)c1cc2c(OCO2)cc1,0.3514226,uwm_md,train
*C(C*)c1c2c(OCO2)ccc1,0.35639333,uwm_md,train
*C=CC(C(*)C(=O)OCc1ccccc1)C(=O)OCc1ccccc1,0.35713258,uwm_md,train
*C=CC(C(*)C(=O)OCC)C(=O)OCC,0.36320884,uwm_md,train
*C=CC(C(*)COCc1ccccc1)COCc1ccccc1,0.36790087,uwm_md,train
*C(C*)S(=O)(=O)c1ccccc1,0.3645261,uwm_md,train
*C(=C*)c1c(cccc1)C(F)(F)F,0.41894641,uwm_md,train
*C(=C*)c1c(cccc1)[Si](C)(C)C,0.43881448,uwm_md,train
*C(=C*)c1c(cc(cc1C)C(C)(C)C)C,0.44377353,uwm_md,train
*C(=C*)c1c(cccc1)[Ge](C)(C)C,0.44377353,uwm_md,train
*C(=C*)c1c(cccc1)C[Si](C)(C)C,0.43642908,uwm_md,train
*C(=C*)c1c(c(c(c(c1F)F)CCCC)F)F,0.41251953,uwm_md,train
*C(=C(*)c1ccccc1)c1ccc(cc1)CCCC,0.42642935,uwm_md,train
*C(=C(*)c1ccccc1)c1ccc(cc1)C(C)(C)C,0.47395904,uwm_md,train
*C(=C(*)c1ccccc1)c1ccc(cc1)Oc1ccccc1,0.40046864,uwm_md,train
*C(=C*)C([Si](CCCCCC)(C)C)CCC,0.40434862,uwm_md,train
*C(=C*)C(CCC)[Si](c1ccccc1)(C)C,0.39420659,uwm_md,train
*C(=C(*)C)SCC,0.42702088,uwm_md,train
*C(=C(*)C)SCCCCCC,0.41450621,uwm_md,train
*C(=C(*)C)SCCCCCCCCCC,0.40626048,uwm_md,test
*C(C*)OCCCCCCCOc1ccc(cc1)c1ccc(cc1)C#N,0.36732307,uwm_md,train
*C1C(CC(C1)C=C*)C(=O)OC,0.3605929,uwm_md,train
*C(C*)OC(=O)C=Cc1ccccc1,0.35329706,uwm_md,train
*C(=C*)CCCOc1ccc(cc1)OC(=O)c1ccc(cc1)OC,0.33826779,uwm_md,train
*C(=C*)CCCOc1ccc(cc1)OC(=O)c1ccc(cc1)OCCCC,0.35841923,uwm_md,train
*C(=C*)CCCOc1ccc(cc1)OC(=O)c1ccc(cc1)OCCCCCCCC,0.36337472,uwm_md,test
*C1C(C(C(C1)C=C*)(OC(C(C(F)(F)F)(F)F)(F)F)F)(F)F,0.35218928,uwm_md,train
*C(C*)CO,0.29464648,uwm_md,train
*C1C(C(C(C1)C=C*)C(=O)OCCCCCCCCCCCOc1ccc(cc1)c1ccc(cc1)C#N)C(=O)OCCCCCCCCCCCOc1ccc(cc1)c1ccc(cc1)C#N,0.37717295,uwm_md,train
*C1C(C(C(C1)C=C*)C(=O)OCCCCCCOc1ccc(cc1)c1ccc(cc1)C#N)C(=O)OCCCCCCOc1ccc(cc1)c1ccc(cc1)C#N,0.3627633,uwm_md,train
*C(C*)(CC(=O)OC)C(=O)O,0.27558304,uwm_md,train
*C(C*)(CC(=O)OCC)C(=O)O,0.29105461,uwm_md,train
*C=CC(C(*)C(=O)OCCN(c1ccc(cc1)N(C)C)C)C,0.37701058,uwm_md,train
*C=CC(C(*)C(=O)OCCCN(c1ccc(cc1)N(C)C)C)C,0.37642636,uwm_md,train
*C=CC(C(*)C(=O)OCCCCCCN(c1ccc(cc1)N(C)C)C)C,0.38084203,uwm_md,train
*C(C*)OCCOc1ccc(cc1)N=Nc1ccc(cc1)C#N,0.36910342,uwm_md,train
*C(C*)OCCOc1ccc(cc1)N=Nc1ccc(cc1)[N+](=O)[O-],0.36475321,uwm_md,test
*C(C*)OCCOc1ccc(cc1)C=C(C#N)C#N,0.36175051,uwm_md,train
*C(C*)OCCOc1ccc(cc1)C=C(C(=O)OC)C#N,0.34910915,uwm_md,train
*C(=C(*)c1ccccc1)c1ccc(cc1)[Si](C(C)C)(C(C)C)C(C)C,0.45051401,uwm_md,train
*C(C*)N,0.38223216,uwm_md,train
*C1=C(CC(C1)(C(=O)OCC)C(=O)OCC)C=C*,0.37814836,uwm_md,train
*C1C(CC(C1)C=C*)C#N,0.39476009,uwm_md,train
*C1C(CC(C1)C=C*)(CC)C#N,0.39311406,uwm_md,test
*C1C(CC(C1)C=C*)(CCC)C#N,0.39981874,uwm_md,test
*C1C(CC(C1)C=C*)(CCCC)C#N,0.40049659,uwm_md,train
*C1C(CC(C1)C=C*)([Si](C)(C)C)C#N,0.40700493,uwm_md,train
*C1C(CC(C1)C=C*)([Si](O[Si](C)(C)C)(C)C)C#N,0.43871287,uwm_md,train
*C1C(CC(C1)C=C*)([Si](O[Si](O[Si](C)(C)C)(C)C)(C)C)C#N,0.44205828,uwm_md,train
*C1C(CC(C1)C=C*)(C[Si](C)(C)C)C#N,0.4252906,uwm_md,train
*C1C(CC(C1)C=C*)(C[Si](O[Si](C)(C)C)(C)C)C#N,0.43283262,uwm_md,test
*C1C(CC(C1)C=C*)([Si]([Si](C)(C)C)(C)C)C#N,0.44453599,uwm_md,train
*C(C*)CN,0.36970834,uwm_md,train
*C(C*)n1cncn1,0.33624313,uwm_md,train
*C(C(C(C*)C#N)CCC(O)(C)C=C)(C)C,0.3589437,uwm_md,train
*c1cc2C(c3c(c2cc1)ccc(c3)c1cc2C(c3c(c2cc1)ccc(c3)*)(c1ccc(cc1)c1oc(nn1)c1ccc(cc1)C(C)(C)C)c1ccc(cc1)c1oc(nn1)c1ccc(cc1)C(C)(C)C)(CCCCCCCC)CCCCCCCC,0.43188759,uwm_md,train
*C(=C(CC*)c1ccccc1)c1ccccc1,0.39996108,uwm_md,train
*C(=C(*)C)[Ge](C)(C)C,0.39996108,uwm_md,train
*C(C(C(C*)OC(=O)C)CCC(O)(C)C=C)(C)C,0.34814459,uwm_md,train
*c1cc2C(c3c(c2cc1)ccc(c3)c1cc2C(c3c(c2cc1)ccc(c3)*)(CC1=NC(CO1)Cc1ccccc1)CC1=NC(CO1)Cc1ccccc1)(CCCCCC)CCCCCC,0.40982823,uwm_md,train
*C1C(CC(C1)C=C*)C(=O)Oc1ccccc1,0.36298238,uwm_md,train
*C1C(C(C(C1)C=C*)C(=O)Oc1ccccc1)C(=O)Oc1ccccc1,0.353015,uwm_md,train
*c1cc2C(c3c(c2cc1)ccc(c3)C=Cc1cc2C(c3c(c2cc1)ccc(c3)C=C*)(CCCCCCOc1ccc2c(c1)oc(=O)cc2)CCCCCCOc1ccc2c(c1)oc(=O)cc2)(CCCCCC)CCCCCC,0.3721787,uwm_md,train
*C1C(C(C(C1)C=C*)C(=O)OC)C(=O)OC,0.35233888,uwm_md,test
*C1C(C(C(C1)C=C*)C(=O)OC(C)(C)C)C(=O)OC(C)(C)C,0.38329687,uwm_md,train
*C=CCCCCCCC(CCCCCC*)Cl,0.40278252,uwm_md,train
*C=CCCCCCCCCCC(CCCCCCCCC*)Cl,0.40465306,uwm_md,test
*C=CCCCCCCCCCC(CCCCCCCCC*)COCCOCCOCCOCCOCc1c2ccc3cccc4ccc(cc1)c2c34,0.37379395,uwm_md,test
*C(CCCCCCCCCCCCCCCCCCCC*)COCCOCCOCCOCCOCc1c2ccc3cccc4ccc(cc1)c2c34,0.37669905,uwm_md,test
*C=CCCCCCCCCCC(CCCCCCCCC*)COCCOCCOCCOCCOCCCCCC,0.39011499,uwm_md,train
*C=CC(*)(c1ccccc1)C,0.37130723,uwm_md,test
*C1C2CC(C(C1*)C2)[Si](C)(C)C,0.43382057,uwm_md,test
*C(C*)N1C(=O)CCCCC1,0.36209846,uwm_md,train
*C(=C*)CCCOC(=O)c1c(ccc(c1)c1ccc(cc1)OC)c1ccc(cc1)OC,0.34537263,uwm_md,train
*C1C2CC(C(C1*)C2)CCCCCCCCC(=O)OCC,0.36983985,uwm_md,test
*C1C(CC(C1)C=C*)C(=O)OCCNC(C)(C)C,0.37778417,uwm_md,train
*C1C(CC(C1)C=C*)C(=O)OCCN(C)C,0.37093089,uwm_md,train
*C1C2C(C(C(C1*)C2)COCc1ccccc1)COCc1ccccc1,0.35376741,uwm_md,train
*C1C2C(C(C(C1*)C2)COCCCc1ccccc1)COCCCc1ccccc1,0.36101933,uwm_md,train
*C1C2CC(C(C1*)C2)CCCCc1ccccc1,0.36435732,uwm_md,train
*C(C*)c1[nH]nnn1,0.32198673,uwm_md,test
*C(=C*)c1cc(ccc1)N1C(=O)c2c(C1=O)ccc(c2)C(=O)c1ccc2c(C(=O)N(C2=O)c2cc(ccc2)Oc2cc(ccc2)Oc2cc(ccc2)N2C(=O)c3c(C2=O)ccc(c3)C(=O)c2ccc3c(C(=O)N(C3=O)c3cc(ccc3)C(=C)*)c2)c1,0.36553114,uwm_md,train
*C(C*)COCC1OC(=O)OC1,0.31094849,uwm_md,test
*C(C*)C(=O)NC,0.31352975,uwm_md,test
*C(C*)(C(=O)Oc1ccc(cc1)C(=O)O)C,0.31218986,uwm_md,train
*C(C*)(C(=O)OCCCCCCOc1ccc(cc1)C=Nc1ccc(cc1)C#N)C,0.3618059,uwm_md,train
*C(C*)(C(=O)OCCCCCCCCCCCOc1ccc(cc1)C=Nc1ccc(cc1)C#N)C,0.36948879,uwm_md,train
*C(C*)(C(=O)OCCO[Si](C)(C)C)C,0.40711704,uwm_md,test
*C(C*)(C(=O)OC1CCCC1)C,0.36428861,uwm_md,test
*C(C*)C(=O)OCC(O)C,0.32197696,uwm_md,test
*C(C*)(C(=O)OCCCCCOc1ccc(cc1)c1ccc(cc1)C#N)C,0.3553822,uwm_md,train
*C(C*)(CC(=O)OCCCCCCCC)C(=O)OCCCCCCCC,0.38613046,uwm_md,train
*C(C*)(CC(=O)OCCCCCCCCC)C(=O)OCCCCCCCCC,0.38527679,uwm_md,train
*C(C*)(CC(=O)OC1CCCCCCC1)C(=O)OC1CCCCCCC1,0.36818557,uwm_md,train
*C(C(C(C*)OC)C(=O)OC)C(=O)OC,0.33997342,uwm_md,test
*C(C(C(C*)OCC)C(=O)OC)C(=O)OC,0.35037859,uwm_md,train
*C(C(C(C*)OCC(C)C)C(=O)OC)C(=O)OC,0.36220084,uwm_md,train
*C(C(C(C*)OCCCC)C(=O)OC)C(=O)OC,0.3557316,uwm_md,train
*C(C(C(C*)OC)(C(=O)OC)C)(C(=O)OC)C,0.34091912,uwm_md,test
*C(C(C(C*)OCC)(C(=O)OC)C)(C(=O)OC)C,0.35110044,uwm_md,train
*C(C(C(C*)OCC(C)C)(C(=O)OC)C)(C(=O)OC)C,0.36938061,uwm_md,train
*C(C(C(C*)OCCCC)(C(=O)OC)C)(C(=O)OC)C,0.36338101,uwm_md,train
*C(C*)C(=O)OC(C(C(C(C(C(C(C(F)(F)F)(F)F)(F)F)(F)F)(F)F)(F)F)(F)F)(F)F,0.31737027,uwm_md,train
*C(C*)(C(=O)OCCn1c2ccccc2c2ccccc12)C,0.35181885,uwm_md,train
*C(C*)C(=O)n1c2ccccc2c2ccccc12,0.37111974,uwm_md,train
*C(C*)C(=O)NC(CC(=O)C)(C)C,0.33505306,uwm_md,test
*C(C*)(C(=O)OCC#N)C,0.34496113,uwm_md,train
*C(C*)(C(=O)OCCCCCCOc1ccc(cc1)C(=O)Oc1ccc(cc1)OC)C,0.34298576,uwm_md,train
*C(C*)C(=O)OCCOc1ccc(cc1)C(=O)Oc1ccc(cc1)OC,0.33434555,uwm_md,train
*C(C*)C(=O)OCCCCCCOc1ccc(cc1)C(=O)Oc1ccc(cc1)OC,0.34223337,uwm_md,train
*C(C*)(C(=O)OCCCCCCOc1ccc(cc1)C(=O)Oc1ccc(cc1)OCCCC)C,0.35353312,uwm_md,train
*C(C*)(C(=O)OCCOc1ccc(cc1)C(=O)Oc1ccc(cc1)OCCCC)C,0.34294351,uwm_md,train
*C(C*)(CC(=O)Oc1ccc(cc1)OC)C(=O)Oc1ccc(cc1)OC,0.33732889,uwm_md,train
*C(C*)C(=O)OC(OCC)C(F)(F)F,0.35306137,uwm_md,test
*C(C*)(C(=O)OC(OCC)C(F)(F)F)C,0.35450066,uwm_md,train
*C(C*)(C(=O)OCCCCCCOc1ccc(cc1)C(=O)Oc1ccc(cc1)OCCCC)Cl,0.35349732,uwm_md,train
*C(C*)(C(=O)OCc1sccc1)C,0.35173384,uwm_md,train
*C(C*)(C(=O)OCc1[se]ccc1)C,0.35173384,uwm_md,train
*C(C*)(CC(=O)Oc1ccc(cc1)OCC)C(=O)Oc1ccc(cc1)OCC,0.35102684,uwm_md,train
*C(C*)(CC(=O)Oc1ccc(cc1)OCCC)C(=O)Oc1ccc(cc1)OCCC,0.35583828,uwm_md,train
*C(C*)(CC(=O)Oc1ccc(cc1)OCCCCC)C(=O)Oc1ccc(cc1)OCCCCC,0.36823532,uwm_md,train
*C(C*)(CC(=O)Oc1ccc(cc1)OCCCCCCC)C(=O)Oc1ccc(cc1)OCCCCCCC,0.37071795,uwm_md,train
*C(C*)C(=O)OCCCCOC(=O)c1ccc(cc1)OC(=O)c1ccc(cc1)C#N,0.34363418,uwm_md,test
*C(C*)C(=O)OCCCCCOC(=O)c1ccc(cc1)OC(=O)c1ccc(cc1)C#N,0.3457648,uwm_md,train
*C(C*)C(=O)OCCCCCCOC(=O)c1ccc(cc1)OC(=O)c1ccc(cc1)C#N,0.35001678,uwm_md,train
*C(C*)C(=O)OCCCCCCCOC(=O)c1ccc(cc1)OC(=O)c1ccc(cc1)C#N,0.35313837,uwm_md,train
*C(C*)C(=O)OCCCCCCCCOC(=O)c1ccc(cc1)OC(=O)c1ccc(cc1)C#N,0.34948224,uwm_md,train
*C(C*)C(=O)OCCCCCCCCCOC(=O)c1ccc(cc1)OC(=O)c1ccc(cc1)C#N,0.35420513,uwm_md,train
*C(C*)C(=O)OCCCCCCCCCCOC(=O)c1ccc(cc1)OC(=O)c1ccc(cc1)C#N,0.35628363,uwm_md,train
*C(C*)C(=O)OCCCCCCCCCCCCOC(=O)c1ccc(cc1)OC(=O)c1ccc(cc1)C#N,0.3602016,uwm_md,train
*C(C*)(C(=O)OCCOCCOCCOCCOCCOCCOCCOCCOC)C,0.35087647,uwm_md,train
*C(C*)(CC(=O)OCCOC)C(=O)OCCOC,0.33066892,uwm_md,train
*C(C*)(CC(=O)OCCOCCOC)C(=O)OCCOCCOC,0.33439887,uwm_md,train
*C(C*)(CC(=O)OCCOCCOCCOC)C(=O)OCCOCCOCCOC,0.33995573,uwm_md,test
*C(C*)(CC(=O)OCCOCCOCCOCCOCCOCCOCCOC)C(=O)OCCOCCOCCOCCOCCOCCOCCOC,0.34860054,uwm_md,test
*C(C*)(C(=O)OCC(C(F)(F)F)(F)F)C,0.34535374,uwm_md,train
*C(C*)(C(=O)OCCC(C(C(C(C(C(C(C(F)(F)F)(F)F)(F)F)(F)F)(F)F)(F)F)(F)F)(F)F)C,0.32611657,uwm_md,train
*C(C*)C(=O)Nc1cc2C(=O)c3c(C(=O)c2cc1)cccc3,0.32709343,uwm_md,test
*C(C*)(C(=O)Oc1c(cccc1C)C)C,0.35811982,uwm_md,train
*C(C*)(C(=O)Oc1c(c(ccc1)C)C)C,0.36564325,uwm_md,test
*C(C*)C(=O)OCCCCC,0.37816739,uwm_md,test
*C(C*)(C(=O)OCCN(c1ccc(cc1)N=Nc1c2c(c(cc1)[N+](=O)[O-])cccc2)CC)C,0.35424799,uwm_md,train
*C(C*)C(=O)OC12CC3CC(CC(C1)C3)C2,0.38043932,uwm_md,train
*C(C*)(CC(=O)OC)C(=O)OC12CC3CC(CC(C1)C3)C2,0.37783312,uwm_md,train
*C(C*)(C(=O)OC12CC3(CC(CC(C1)C3)(C2)C)C)CC(=O)OC,0.37886731,uwm_md,train
*C(C*)(CC(=O)OC(C)C)C(=O)OC12CC3CC(CC(C1)C3)C2,0.39313368,uwm_md,test
*C(C*)(CC(=O)OC(C)C)C(=O)OC12CC3(CC(CC(C1)C3)(C2)C)C,0.39295654,uwm_md,train
*C(C*)(CC(=O)OC(C)C)C(=O)OC(C)C,0.37215507,uwm_md,test
*C(C*)(C(=O)OC1CC2C(CC1)CCCC2)C,0.37667899,uwm_md,train
*C(C*)(C(=O)OC1C2C3C(C(C1)C2)C1CCC3C1)C,0.37657118,uwm_md,train
*C(C*)(C(=O)OC1CCC1)C,0.36717327,uwm_md,train
*C(C(*)C(=O)OC12CC3CC(CC(C1)C3)C2)C,0.38554512,uwm_md,train
*C(C(*)C(=O)OC12CC3(CC(CC(C1)C3)(C2)C)C)C,0.39846139,uwm_md,train
*C(C*)(C(=O)OCCCCCCOc1ccc(cc1)c1ccc(cc1)C#N)C,0.35758203,uwm_md,train
*C(C*)(CC(=O)OCC(C)C)C(=O)OCC(C)C,0.38664522,uwm_md,train
*C(C*)(C(=O)OCCc1ccc(cc1)N=Nc1ccccc1)C,0.3677443,uwm_md,test
*C(C*)(C(=O)OCCOc1ccc(cc1)c1ccc(cc1)c1ccc(cc1)C#N)C,0.34955949,uwm_md,train
*C(C*)(C(=O)OCC(Oc1ccc(cc1)c1ccc(cc1)c1ccc(cc1)C#N)C)C,0.35257191,uwm_md,train
*C(C*)(C(=O)OCCCCl)C,0.35991969,uwm_md,train
*C(C*)(C(=O)OCCCCCCN(c1ccc(cc1)N=Nc1ccc(cc1)S(=O)(=O)C)C)C,0.37549174,uwm_md,train
*C(C*)C(=O)OCCOC(=O)c1cc(cc(c1)[N+](=O)[O-])[N+](=O)[O-],0.42097644,uwm_md,train
*C(C*)C(=O)OCCn1c2ccccc2c2ccccc12,0.35947428,uwm_md,train
*C(C*)(C(=O)OCCCCCCc1ccc(cc1)C(=Cc1ccc(cc1)OC)C)C,0.36591214,uwm_md,train
*C(C*)(C(=O)OCCCCOc1ccc(cc1)C(=O)Oc1ccc(cc1)OC)C,0.33838791,uwm_md,train
*C(C*)(C(=O)OCC=C)C,0.34181464,uwm_md,train
*C(C*)C(=O)Oc1ccc(cc1)C(=O)c1ccc(cc1)Cl,0.35501942,uwm_md,train
*C(C*)C(=O)OCCCOc1ccc(cc1)c1ccc(cc1)C#N,0.35282472,uwm_md,test
*C(C*)(C(=O)OCCCOc1ccc(cc1)c1ccc(cc1)C#N)C,0.34900517,uwm_md,train
*C(C*)(C(=O)OCCCCc1ccccc1)C,0.36056705,uwm_md,train
*C(C*)(C(=O)Oc1c(ccc(c1)C)C)C,0.36692261,uwm_md,train
*C(C*)(C(=O)OCCCCCCC(C(C(C(C(C(C(C(C(C(C(C(F)(F)F)(F)F)(F)F)(F)F)(F)F)(F)F)(F)F)(F)F)(F)F)(F)F)(F)F)(F)F)C,0.348815,uwm_md,train
*C(C*)C(=O)OCCCCCCCCCCOc1cnc(nc1)c1ccc(cc1)OC(=O)C1OC(OC1)(C)C,0.36105777,uwm_md,train
*C(C*)(C(=O)OCCOCCOc1ccc(cc1)N=Nc1ccc(cc1)C#N)C,0.356451,uwm_md,train
*C(C(*)(C(=O)OC([2H])([2H])[2H])C([2H])([2H])[2H])([2H])[2H],0.33761653,uwm_md,train
*C(C*)(C(=O)OCCCn1c2ccccc2c2ccccc12)C,0.35272474,uwm_md,train
*C(C*)(C(=O)OCCCCCn1c2ccccc2c2ccccc12)C,0.35157663,uwm_md,train
*C(C*)(C(=O)OCCCCCCn1c2ccccc2c2ccccc12)C,0.35236027,uwm_md,train
*C(C*)(C(=O)OCCCCCCCCCCCn1c2ccccc2c2ccccc12)C,0.36342293,uwm_md,train
*C(C*)C(=O)OCCCn1c2ccccc2c2ccccc12,0.34946013,uwm_md,train
*C(C*)C(=O)OCCCCCn1c2ccccc2c2ccccc12,0.3540605,uwm_md,test
*C(C*)C(=O)OCCCCCCn1c2ccccc2c2ccccc12,0.35821095,uwm_md,train
*C(C*)C(=O)OCCCCCCCCCCCn1c2ccccc2c2ccccc12,0.36992924,uwm_md,test
*C(C*)C(=O)OCCCCCCCCCCCOc1ccc(cc1)C(=O)Oc1ccc(cc1)c1ccc(cc1)OC(CCCCCC)C,0.37426308,uwm_md,test
*C(C*)C(=O)OCCCCn1c2ccccc2c2ccccc12,0.35334507,uwm_md,train
*C(C*)C(=O)OCCCCCCCCn1c2ccccc2c2ccccc12,0.36038485,uwm_md,train
*C(C*)(C(=O)OCCCCCCOc1c(cc(cc1)C(=O)Oc1ccc(cc1)OC)OC)C,0.34293786,uwm_md,test
*C(C*)(C(=O)OCCc1ccc(cc1)N=Nc1ccc(cc1)OC(F)(F)F)C,0.35475551,uwm_md,train
*C(C*)(C(=O)OCCCc1ccc(cc1)N=Nc1ccc(cc1)OC(F)(F)F)C,0.35850149,uwm_md,train
*C(C*)(C(=O)OCCCCc1ccc(cc1)N=Nc1ccc(cc1)OC(F)(F)F)C,0.35542759,uwm_md,train
*C(C*)(C(=O)OCCCCCc1ccc(cc1)N=Nc1ccc(cc1)OC(F)(F)F)C,0.35838591,uwm_md,test
*C(C*)(C(=O)OCCCCCCc1ccc(cc1)N=Nc1ccc(cc1)OC(F)(F)F)C,0.36108556,uwm_md,train
*C(C*)C(=O)OCCOc1ccc(cc1)C(c1ccc(cc1)OCCO)(C)C,0.33916196,uwm_md,train
*C(C*)(C(=O)Oc1cc2c(CCC2)cc1)C,0.36609405,uwm_md,train
*C(C*)(C(=O)OCCOCCOC)C,0.33828721,uwm_md,train
*C(C*)C(=O)OCC(COC(=O)c1ccccc1)(COC(=O)c1ccccc1)COC(=O)c1ccccc1,0.34152411,uwm_md,train
*C(C*)C(=O)Nc1ccccc1,0.3388664,uwm_md,train
*C(C*)(C(=O)Oc1ccc(cc1)C(=O)Oc1ccccc1)C,0.34588936,uwm_md,train
*C(C*)(C(=O)Oc1ccc(cc1)C(=O)Oc1ccc(cc1)C)C,0.34694127,uwm_md,train
*C(C*)(C(=O)Oc1ccc(cc1)C(=O)Oc1ccc(cc1)OC)C,0.34147075,uwm_md,train
*C(C*)(C(=O)Oc1ccc(cc1)C(=O)Oc1ccc(cc1)c1ccccc1)C,0.34391945,uwm_md,train
*C(C*)(C(=O)Oc1ccc(cc1)C(=O)Oc1ccc(cc1)Oc1ccccc1)C,0.34257003,uwm_md,train
*C(C*)(C(=O)Oc1ccc(cc1)C(=O)Oc1ccc(cc1)C(=O)c1ccccc1)C,0.34771734,uwm_md,test
*C(C*)(C(=O)OCCCCCCCC/C=C\CCCCCCCC)C,0.38969165,uwm_md,train
*C(C*)(C(=O)OCCCCCCOc1ccc(cc1)C(=O)Oc1ccc(cc1)C)C,0.3526035,uwm_md,train
*C(C*)(C(=O)OC1C(CCC(C1)C)C(C)C)C,0.38071685,uwm_md,train
*C(C*)(C(=O)OCCCCOc1ccc(cc1)OC(=O)c1ccc(cc1)OC)C,0.33766319,uwm_md,test
*C(C*)(C(=O)OCCCCCOc1ccc(cc1)OC(=O)c1ccc(cc1)OC)C,0.33969728,uwm_md,train
*C(C*)(C(=O)OCCCCCCOc1ccc(cc1)OC(=O)c1ccc(cc1)OC)C,0.34368741,uwm_md,test
*C(C*)(C(=O)OCCCCCCCCCCOc1ccc(cc1)OC(=O)c1ccc(cc1)OC)C,0.35295865,uwm_md,test
*C(C*)(C(=O)OCCCCCCOc1ccc(cc1)OC(=O)c1ccc(cc1)OCCCC)C,0.35532561,uwm_md,train
*C(C*)(C(=O)OCCCCCCOc1ccc(cc1)OC(=O)c1ccc(cc1)OCCCCCC)C,0.35590587,uwm_md,train
*C(C*)(C(=O)OCCCCCCOc1ccc(cc1)OC(=O)c1ccc(cc1)OCCCCCCCC)C,0.3596616,uwm_md,train
*C(C*)(C(=O)OCCCCCCOc1ccc(cc1)OC(=O)c1ccc(cc1)c1ccc(cc1)OC)C,0.34280149,uwm_md,train
*C(C*)(C(=O)OCCCCCCOc1ccc(cc1)OC(=O)c1cc(c(cc1)OC)Br)C,0.35326079,uwm_md,train
*C(C*)(C(=O)OCCCCOc1ccc(cc1)OC(=O)c1ccc(cc1)OCCCC)C,0.34886491,uwm_md,train
*C(C*)(C(=O)OCCCCOc1ccc(cc1)OC(=O)c1ccc(cc1)OCCCCCC)C,0.35714893,uwm_md,train
*C(C*)(C(=O)OCCCCOc1ccc(cc1)OC(=O)c1ccc(cc1)OCCCCCCCC)C,0.38665475,uwm_md,test
*C(C*)(C(=O)OCCCCOc1ccc(cc1)OC(=O)c1ccc(cc1)c1ccc(cc1)OC)C,0.34182885,uwm_md,train
*C(C*)(C(=O)OCCCCOc1ccc(cc1)OC(=O)c1cc(c(cc1)OC)Br)C,0.35295173,uwm_md,train
*C(C*)(C(=O)OCCCCCCCCCCOc1ccc(cc1)OC(=O)c1ccc(cc1)OCCCC)C,0.36120255,uwm_md,train
*C(C*)(C(=O)OCCCCCCCCCCOc1ccc(cc1)OC(=O)c1ccc(cc1)OCCCCCC)C,0.36422964,uwm_md,test
*C(C*)(C(=O)OCCCCCCCCCCOc1ccc(cc1)OC(=O)c1ccc(cc1)OCCCCCCCC)C,0.36549965,uwm_md,train
*C(C*)(C(=O)OCCCCCCCCCCOc1ccc(cc1)OC(=O)c1ccc(cc1)c1ccc(cc1)OC)C,0.35115071,uwm_md,test
*C(C*)(C(=O)OCCCCCCCCCCOc1ccc(cc1)OC(=O)c1cc(c(cc1)OC)Br)C,0.3611176,uwm_md,train
*C(C*)(C(=O)OCCCCCCOc1ccc(cc1)N=Nc1ccc(cc1)OC)C,0.35997482,uwm_md,test
*C(C*)(C(=O)Oc1ccc(cc1)N=Nc1ccc(cc1)C#N)C,0.37991064,uwm_md,train
*C(C*)(C(=O)OCCCCCCOc1ccc(cc1)N=Nc1ccc(cc1)C#N)C,0.36995915,uwm_md,train
*C(C*)(C(=O)OCCCOc1cc2c(cc1)cc(cc2)C(=O)Oc1ccccc1)C,0.34405824,uwm_md,train
*C(C*)(C(=O)OCCCCOc1cc2c(cc1)cc(cc2)C(=O)Oc1ccccc1)C,0.34243851,uwm_md,test
*C(C*)(C(=O)OCCCCCOc1cc2c(cc1)cc(cc2)C(=O)Oc1ccccc1)C,0.34387832,uwm_md,test
*C(C*)(C(=O)OCCCCCCOc1cc2c(cc1)cc(cc2)C(=O)Oc1ccccc1)C,0.35117887,uwm_md,train
*C(C*)(C(=O)OCCCCCCCOc1cc2c(cc1)cc(cc2)C(=O)Oc1ccccc1)C,0.34820779,uwm_md,test
*C(C*)(C(=O)OCCCCCCCCOc1cc2c(cc1)cc(cc2)C(=O)Oc1ccccc1)C,0.35070234,uwm_md,test
*C(C*)(C(=O)OCCCCCCCCCOc1cc2c(cc1)cc(cc2)C(=O)Oc1ccccc1)C,0.35917558,uwm_md,train
*C(C*)(C(=O)OCCCCCCCCCCOc1cc2c(cc1)cc(cc2)C(=O)Oc1ccccc1)C,0.35687756,uwm_md,train
*C(C*)(C(=O)OCCCCCCCCCCCOc1cc2c(cc1)cc(cc2)C(=O)Oc1ccccc1)C,0.35770288,uwm_md,train
*C(C*)(C(=O)OCCCCCCCCCCCCOc1cc2c(cc1)cc(cc2)C(=O)Oc1ccccc1)C,0.35950718,uwm_md,train
*C(C*)(C(=O)NC(c1c2c(ccc1)cccc2)C)C,0.35801124,uwm_md,train
*C(C*)(C(=O)NC(c1ccccc1)C)C,0.3551036,uwm_md,train
*C(C*)(C(=O)OCCN(c1ccc(cc1)N=Nc1ccc(cc1)[N+](=O)[O-])C)C,0.36754584,uwm_md,test
*C(C*)C(=O)OC(C(Cl)(Cl)Cl)Cl,0.36754584,uwm_md,train
*C(C*)C(=O)Oc1c(c(c(c(c1F)F)F)F)F,0.33973517,uwm_md,train
*C(C*)(C(=O)OCCCCCCOc1ccc(cc1)N=Nc1ccc(cc1)OCCCCCCCCCC)C,0.37981521,uwm_md,train
*C(C*)C(=O)OCCCCCCOc1cc(c(cc1)C=Nc1ccc(cc1)OCCCCC)O,0.36508444,uwm_md,train
*C(C*)C(=O)OCC1(COC(OC1)c1ccccc1)CC,0.34648032,uwm_md,train
*C(C*)C(=O)OCCC(C(C(C(C(C(C(C(F)(F)F)(F)F)(F)F)(F)F)(F)F)(F)F)(F)F)(F)F,0.32579382,uwm_md,train
*C(C*)(C(=O)OCCC(C(C(C(C(C(C(C(F)(F)F)(F)F)(F)F)(F)F)(F)F)(F)F)(F)F)(F)F)Cl,0.32985562,uwm_md,train
*C(C*)(C(=O)OCCCCOc1ccc(cc1)N=Nc1ccc(cc1)C#N)C,0.36422503,uwm_md,train
*C(C*)(C(=O)OCCCCCCCCOc1ccc(cc1)N=Nc1ccc(cc1)C#N)C,0.37032483,uwm_md,train
*C(C*)(CCCCC)C(=O)OC,0.38074638,uwm_md,train
*C(C*)C(=O)NCP(=O)(O)O,0.26739328,uwm_md,train
*C(C*)(C(=O)OC1(CC(=O)OCC1)C)C,0.31901326,uwm_md,train
*C(C*)(C(=O)OCC1OC(OC1)c1ccccc1)C,0.33388652,uwm_md,train
*C(C*)C(=O)NC(CS(=O)(=O)O)(C)C,0.32186501,uwm_md,train
*C(*)C(=O)OC1CCCCC1,0.40121578,uwm_md,train
*C(*)C(=O)OC(C)C,0.38104788,uwm_md,train
*C(C*)C(=O)OCCN(C)C,0.36492858,uwm_md,train
*C(C*)(C(=O)OCc1ccc2n(c3c(c2c1)cccc3)CC)C,0.3554716,uwm_md,train
*C(C*)(C(=O)OCc1ccc2n(c3c(c2c1)cccc3)CCCC)C,0.3630391,uwm_md,train
*C(C*)(C(=O)OCc1ccc2n(c3c(c2c1)cccc3)CCCCCC)C,0.36971613,uwm_md,test
*C(C*)(C(=O)OCc1ccc2n(c3c(c2c1)cccc3)CCCCCCCC)C,0.36745632,uwm_md,train
*C(C*)(C(=O)OCc1ccc2n(c3c(c2c1)cccc3)CCCCCCCCCC)C,0.37281948,uwm_md,train
*C(C*)(C(=O)OCc1ccc2n(c3c(c2c1)cccc3)CCCCCCCCCCCC)C,0.37677964,uwm_md,test
*C(C*)(C(=O)OCc1ccc2n(c3c(c2c1)cccc3)CCCCCCCCCCCCCC)C,0.37769725,uwm_md,train
*C(C*)(C(=O)OCc1ccc2n(c3c(c2c1)cccc3)CCCCCCCCCCCCCCCC)C,0.37558543,uwm_md,train
*C(C*)(C(=O)OCCOc1ccc(cc1)C(=O)Oc1ccc(cc1)OCCCC)Cl,0.34720014,uwm_md,train
*C(C*)(C(=O)OCCN(c1ccc(cc1)C=Cc1ccc(cc1)[N+](=O)[O-])C)C,0.35608042,uwm_md,test
*C(C*)(C(=O)OC1(C2CC3CC(CC1C3)C2)C)C,0.37224912,uwm_md,train
*C(C*)(C(=O)OCCN(c1ccc(cc1)N(C)C)C)C,0.36781623,uwm_md,test
*C(C*)(C(=O)OCCCN(c1ccc(cc1)N(C)C)C)C,0.36463818,uwm_md,train
*C(C*)(C(=O)OCCCCCCN(c1ccc(cc1)N(C)C)C)C,0.36989914,uwm_md,train
*C(C*)(C(=O)Oc1c(cccc1C(C)C)C(C)C)C,0.3967853,uwm_md,train
*C(C*)(C(=O)OCCCCCCOc1ccc(cc1)C(=O)Oc1ccc(cc1)C#N)C,0.34952395,uwm_md,train
*C(C*)(C(=O)OCCCCCCCCCCCOc1ccc(cc1)C(=O)Oc1ccc(cc1)C#N)C,0.3618429,uwm_md,test
*C(C*)C(=O)OCCCCCCOc1ccc(cc1)c1ccc(cc1)C#N,0.35839221,uwm_md,test
*C(C*)(C(=O)OCC1OC(OC1)CP(=O)(OCC)OCC)C,0.34351571,uwm_md,train
*C(C*)(C(=O)OC1COC(OC1)CP(=O)(OCC)OCC)C,0.34922258,uwm_md,train
*C(C*)C(=O)OCCN(c1ccc(cc1)N=Nc1c(cc(cc1)[N+](=O)[O-])Cl)CC,0.36808555,uwm_md,train
*C(C*)(C(=O)Oc1ccc(cc1)N=Nc1ccc(cc1)OCCCCCCCCCCCOC(=O)c1cc2c(OCCOCCOCCOCCO2)cc1)C,0.35926185,uwm_md,train
*C(C*)(C(=O)OCCCCCCOc1cc(ccc1)C(=O)Oc1ccc(cc1)C#N)C,0.34903264,uwm_md,train
*C(C*)(C(=O)OCCN(c1ccc(cc1)[N+](=O)[O-])CC)C,0.35415635,uwm_md,train
*C(C*)(C(=O)OCCCN(c1ccc(cc1)N=Nc1ccc(cc1)[N+](=O)[O-])CCO)C,0.35100241,uwm_md,train
*C(C*)(C(=O)OCc1c(cc(cc1)F)F)C,0.3435113,uwm_md,train
*C(C*)(C(=O)OCc1c(ccc(c1)F)F)C,0.34376939,uwm_md,train
*C(C*)(C(=O)OCc1c(cccc1F)F)C,0.33933326,uwm_md,test
*C(C*)(C(=O)OCCCCCCCCCCCOc1ccc(cc1)N=Nc1ccc(cc1)OC(=O)c1cc2c(OCCOCCOCCOCCO2)cc1)C,0.35856938,uwm_md,train
*C(C*)(C(=O)Oc1ccc(cc1)C(=O)C=Cc1ccc(cc1)Cl)C,0.3546963,uwm_md,train
*C(C*)(C(=O)OC1C(CCCC1)C(C)(C)C)C,0.39683141,uwm_md,train
*C(C*)(C(=O)OCC(C1CC(C1)(c1ccccc1)C)O)C,0.35190962,uwm_md,train
*C(C*)(C(=O)OCC(=O)c1ccccc1)C,0.34187342,uwm_md,test
*C(C*)(C(=O)OCCOCCOCCOc1ccc(cc1)N=Nc1ccc(cc1)C#N)C,0.35955244,uwm_md,train
*C(C*)(C(=O)OCCOCCOCCOCCOc1ccc(cc1)N=Nc1ccc(cc1)C#N)C,0.35894931,uwm_md,train
*C(C(CC*)C)(C(=O)OC)C,0.35037365,uwm_md,train
*C(C*)(C(=O)OCCC1CCCCC1)C,0.36923892,uwm_md,test
*C(C*)(C(=O)OCCCC1CCCCC1)C,0.36533383,uwm_md,test
*C(C*)(C(=O)OCCCCC1CCCCC1)C,0.36717544,uwm_md,train
*C(CC(C*)C)(C(=O)OC)C,0.34800535,uwm_md,train
*C(C*)(C(=O)OCCCCCCOc1ccc(cc1)N=Nc1ccc(cc1)C1OCC2(CO1)CC1C=CC2C1)C,0.3605339,uwm_md,train
*C(C*)(C(=O)OCCCCCCCCOc1ccc(cc1)N=Nc1ccc(cc1)C1OCC2(CO1)CC1C=CC2C1)C,0.36026363,uwm_md,train
*C(C*)(C(=O)OCCCCCCCCCCOc1ccc(cc1)N=Nc1ccc(cc1)C1OCC2(CO1)CC1C=CC2C1)C,0.3670177,uwm_md,train
*C(C*)(C(=O)OCC1(COC1)CC)C,0.36219625,uwm_md,test
*C(C*)(C(=O)OCc1ccc(cc1)C=CC(=O)Oc1ccc(cc1)OC)C,0.33755795,uwm_md,test
*C(C*)(C(=O)OCc1ccc(cc1)C=CC(=O)C1c2c(C(=O)c3c1cccc3)cccc2)C,0.34725441,uwm_md,train
*C(C*)(C(=O)OCc1ccc(cc1)C=CC(=O)Oc1cc2c(cc1)oc(=O)cc2)C,0.32586124,uwm_md,train
*C(C*)(C(=O)OCc1cc(c(cc1)Cl)Cl)C,0.35729851,uwm_md,test
*C(C*)(C(=O)OCSC)C,0.36623582,uwm_md,train
*C(C(*)(C(=O)OC(C([2H])([2H])[2H])([2H])[2H])C([2H])([2H])[2H])([2H])[2H],0.35523733,uwm_md,train
*C(C*)(C(=O)OCCN(c1ccc(cc1)N=Nc1ccc(cc1)S(=O)(=O)Nc1nccs1)CCCC)C,0.36999432,uwm_md,test
*C(C*)C(=O)Oc1cc(cc(c1)C)C,0.36603281,uwm_md,train
*C(C*)(C(=O)OCCN(c1ccc(cc1)N=Nc1ccc(cc1)S(=O)(=O)Nc1noc(c1)C)C)C,0.36514397,uwm_md,train
*C(C*)(C(=O)OCCN(c1ccc(cc1)N=Nc1ccc(cc1)S(=O)(=O)Nc1noc(c1)C)CCCC)C,0.37056907,uwm_md,test
*C(C*)(C(=O)Oc1ccc(cc1)C(=O)C=Cc1cc(c(cc1)OC)OC)C,0.34006811,uwm_md,train
*C(C*)(C(=O)OCCCCCC(=O)Oc1ccc(cc1)OC(=O)c1ccc(cc1)OC)C,0.3349532,uwm_md,train
*C(C*)(C(=O)OCCCCCC(=O)Oc1ccc(cc1)OC(=O)c1ccc(cc1)OCC)C,0.34042214,uwm_md,train
*C(C*)(C(=O)OCCCCCC(=O)Oc1ccc(cc1)OC(=O)c1ccc(cc1)OCCC)C,0.34387044,uwm_md,train
*C(C*)(C(=O)OCCCCCC(=O)Oc1ccc(cc1)OC(=O)c1ccc(cc1)OCCCC)C,0.34676418,uwm_md,train
*C(C*)(C(=O)OCCCCCC(=O)Oc1ccc(cc1)OC(=O)c1ccc(cc1)OCCCCC)C,0.34489175,uwm_md,train
*C(C*)(C(=O)OCCCCCC(=O)Oc1ccc(cc1)OC(=O)c1ccc(cc1)OCCCCCC)C,0.35200857,uwm_md,train
*C(C*)(CC(=O)OC1CCC1)C(=O)OC1CCC1,0.38532463,uwm_md,train
*C(C*)(CC(=O)OC1CCCCCC1)C(=O)OC1CCCCCC1,0.36822035,uwm_md,train
*C(C*)C(=O)Oc1ccc(cc1)C(=O)OCc1ccccc1,0.33941879,uwm_md,train
*C(C*)(C(=O)OCc1cscc1)C,0.35367667,uwm_md,train
*C(C*)(C(=O)OCC1CCC1)C,0.36732984,uwm_md,train
*C(C*)C(=O)Nc1c(cccc1)Cl,0.34811254,uwm_md,train
*C(C*)C(=O)Nc1cc(ccc1)Cl,0.34957383,uwm_md,train
*C(C*)C(=O)Nc1ccc(cc1)Cl,0.35389835,uwm_md,train
*C(C*)C(=O)NCCC[N+](CCCS(=O)(=O)O)(C)C,0.4782126,uwm_md,train
*C(C*)C(=O)NCCC[N+](C)(C)C,0.68705709,uwm_md,train
*C(C*)C(=O)OCCOCC1(COC1)CC,0.35230889,uwm_md,test
*C(C*)(C(=O)Nc1cc(ccc1)c1oc(nn1)c1ccccc1)C,0.38307246,uwm_md,test
*C(C*)(C(=O)OCC(=O)Nc1noc(c1)C)C,0.3312576,uwm_md,train
*C(C*)(C(=O)OCCn1c2ccc(cc2c2ccccc12)N=Nc1ccc(cc1)[N+](=O)[O-])C,0.36133223,uwm_md,test
*C(C*)(C(=O)OCCCCCCOc1ccc(cc1)N=Nc1ccncc1)C,0.36156812,uwm_md,train
*C(C*)(CC(=O)OCCCl)C(=O)OCCCl,0.35304556,uwm_md,train
*C(C*)(CC(=O)OCCCCl)C(=O)OCCCCl,0.3535211,uwm_md,train
*C(C*)(C(=O)OCC(=O)N1CCOCC1)C,0.32527676,uwm_md,train
*C(C*)(C(=O)OCC(=O)N1CCCC1)C,0.33084137,uwm_md,train
*C(C*)C(=O)Oc1ccc(cc1)C(=O)Oc1ccc(cc1)OC(=O)c1ccc(cc1)OCCCCC,0.34978241,uwm_md,train
*C(C*)C(=O)OCCOc1ccc(cc1)C(=O)Oc1ccc(cc1)OC(=O)c1ccc(cc1)OCCCC,0.3436788,uwm_md,train
*C(C*)C(=O)OCCOc1ccc(cc1)C(=O)Oc1ccc(cc1)OC(=O)c1ccc(cc1)OCCCCC,0.34788271,uwm_md,train
*C(C*)C(=O)Oc1ccc(cc1)[N+](=O)[O-],0.38054744,uwm_md,train
*C(C*)C(=O)Nc1ccc(cc1)C(=O)C=Cc1cc(ccc1)Br,0.36040488,uwm_md,train
*C(C*)C(=O)Nc1ccc(cc1)C(=O)C=Cc1ccc(cc1)Br,0.36262044,uwm_md,train
*C(C*)(C(=O)OCCN(c1ccc(cc1)N=Nc1c(cc(cc1)N=Nc1ccc(cc1)C#N)C)C)C,0.38137962,uwm_md,train
*C(C*)(C(=O)OC(COc1c2c(ccc1)cccc2)COc1c2c(ccc1)cccc2)C,0.35180615,uwm_md,test
*C(C*)(C(=O)OC(COc1ccc(cc1)c1ccccc1)COc1ccc(cc1)c1ccccc1)C,0.34956652,uwm_md,test
*C(C*)(C(=O)OC(COc1c2ccccc2c2ccccc2c1)COc1c2ccccc2c2ccccc2c1)C,0.34422999,uwm_md,train
*C(C*)(C(=O)OCCN(c1ccc(cc1)N=Nc1sc2c(n1)ccc(c2)[N+](=O)[O-])CC)C,0.37343287,uwm_md,train
*C(C*)(C(=O)OCCN(c1ccc(cc1)N=Nc1ccc(cc1)S(=O)(=O)C)CC)C,0.37573,uwm_md,train
*C(C*)(C(=O)OCCS(=O)(=O)c1ccc(cc1)N=Nc1ccc(cc1)N(CC)CC)C,0.37486297,uwm_md,train
*C1C2C(C(C1)CC*)C1C(CC2C1)(C(=O)OC)C,0.3681131,uwm_md,train
*C(C*)(C(=O)OCCC1CCN(CC1)CCCCCCOc1ccc(cc1)N=Nc1ccc(cc1)[N+](=O)[O-])C,0.36030129,uwm_md,train
*C(C*)C(=O)OC([2H])([2H])[2H],0.32713966,uwm_md,train
*C(C*)C(=O)OCCCCOc1ccc(cc1)c1ccc(cc1)C#N,0.3538219,uwm_md,train
*C(C*)(C(=O)Nc1ccc(cc1)C(=O)C=Cc1ccc(cc1)OC)C,0.34238812,uwm_md,train
*C(C*)(C(=O)OC)CCC,0.37329926,uwm_md,test
*C(C*)(CCCCCCCC)C(=O)OC,0.38929213,uwm_md,train
*C(C*)(C(=O)OCC[N+](CCCCS(=O)(=O)O)(C)C)C,0.45104433,uwm_md,train
*C(C*)(C(=O)OCCOCC[N+](CCCCS(=O)(=O)O)(CC)CC)C,0.420485,uwm_md,train
*C(C*)(C(=O)OCCOCCOCC[N+](CCCCS(=O)(=O)O)(CC)CC)C,0.40560629,uwm_md,train
*C(C*)(C(=O)Oc1ccc(cc1)c1oc(nn1)c1ccc(cc1)C(C)(C)C)C,0.38550865,uwm_md,train
*C(C*)C(=O)OCCCCCCCCCCCCOc1ccc(cc1)C(=O)Oc1ccc(cc1)c1cc(ccc1)OC(=O)c1ccc(cc1)OC(=O)c1ccc(cc1)OCCCCCCCCCCCC,0.36748449,uwm_md,test
*C(C*)(C(=O)OCCCCCCOc1ccc(cc1)C(=O)Oc1ccc(cc1)c1cc(ccc1)OC(=O)c1ccc(cc1)OC(=O)c1ccc(cc1)OCCCCCCCCCCCC)C,0.36170245,uwm_md,test
*C(C*)(C(=O)OCCCCCCCCCCCCOc1ccc(cc1)C(=O)Oc1ccc(cc1)c1cc(ccc1)OC(=O)c1ccc(cc1)OC(=O)c1ccc(cc1)OCCCCCCCCCCCC)C,0.36392032,uwm_md,test
*C(C*)(C(=O)Oc1cc(c(cc1)[N+](=O)[O-])C)C,0.37079204,uwm_md,train
*C(C*)(C(=O)OCCC(C(C(C(F)(F)F)(F)F)(F)F)(F)F)C,0.33305735,uwm_md,train
*C(C*)(C(=O)OCCCCC(C(C(C(F)(F)F)(F)F)(F)F)(F)F)C,0.34226697,uwm_md,train
*C(C*)(C(=O)OCCCCCCC(C(C(C(F)(F)F)(F)F)(F)F)(F)F)C,0.36048254,uwm_md,train
*C(C*)C(=O)Oc1ccc(cc1)N=Nc1ccc(cc1)[N+](=O)[O-],0.3750338,uwm_md,test
*C(C*)C(=O)Oc1ccc(cc1)N=Nc1ccc(cc1)OC,0.35769038,uwm_md,train
*C(C*)(C(=O)OCCn1c2ccc(cc2c2ccccc12)N=Nc1c(cc(cc1)[N+](=O)[O-])[N+](=O)[O-])C,0.37693372,uwm_md,train
*C(C*)(C(=O)OCCCCn1c2ccc(cc2c2ccccc12)N=Nc1c(cc(cc1)[N+](=O)[O-])[N+](=O)[O-])C,0.36195293,uwm_md,train
*C(C*)(C(=O)OCCCCCCn1c2ccc(cc2c2ccccc12)N=Nc1c(cc(cc1)[N+](=O)[O-])[N+](=O)[O-])C,0.3638222,uwm_md,train
*C(C*)(C(=O)OCCCCCCCCCCn1c2ccc(cc2c2ccccc12)N=Nc1c(cc(cc1)[N+](=O)[O-])[N+](=O)[O-])C,0.36431526,uwm_md,train
*C(C*)(C(=O)OCCCCCCCCCCn1c2ccc(cc2c2ccccc12)C=C(c1ccc(cc1)[N+](=O)[O-])C#N)C,0.3617365,uwm_md,test
*C(C*)(C(=O)OCCCCCCCCCCn1c2ccc(cc2c2ccccc12)C=C(C(=O)OC)C#N)C,0.36253093,uwm_md,train
*C(C*)(C(=O)OCCCCCCCCCCn1c2ccc(cc2c2ccccc12)C=CC1=C(C(=C(C#N)C#N)OC1(C)C)C#N)C,0.37456116,uwm_md,train
*C(C*)(C(=O)OCc1cc(ccc1)Cl)C,0.3685976,uwm_md,train
*C(C*)(C(=O)OCc1ccc(cc1)Cl)C,0.35830867,uwm_md,train
*C(C*)(C(=O)OCc1c(c(ccc1)Cl)Cl)C,0.35611555,uwm_md,train
*C(C*)(C(=O)OCc1c(cc(cc1)Cl)Cl)C,0.3570137,uwm_md,train
*C(C*)(C(=O)OCc1c(ccc(c1)Cl)Cl)C,0.36119278,uwm_md,train
*C(C*)(C(=O)OCc1c(cccc1Cl)Cl)C,0.35787475,uwm_md,train
*C(C*)(C(=O)OCc1cc(cc(c1)Cl)Cl)C,0.35906953,uwm_md,train
*C(C*)(C(=O)OC1CCOCC1)C,0.34938977,uwm_md,train
*C(C*)(C(=O)Oc1ccc(cc1)C(=O)c1ccccc1)C,0.35600022,uwm_md,train
*C(C*)(C(=O)OCCCCCCOc1ccc(cc1)N=Nc1ccc(cc1)OCCCC)C,0.36838691,uwm_md,train
*C(C*)(C(=O)Oc1ccc(cc1)C(=O)C=Cc1ccc(cc1)OCc1ccccc1)C,0.34505383,uwm_md,train
*C(C*)(C(=O)Oc1ccc(cc1)N=Nc1ccc(cc1)[N+](=O)[O-])C,0.37332413,uwm_md,train
*C(C*)(C(=O)OCCOc1ccc(cc1)N=Nc1ccc(cc1)[N+](=O)[O-])C,0.35958926,uwm_md,train
*C(C*)(C(=O)OCCCCCCOc1ccc(cc1)N=Nc1ccc(cc1)[N+](=O)[O-])C,0.36098706,uwm_md,train
*C(C*)(C(=O)Oc1ccc(cc1)N=Nc1ccc(cc1)OC)C,0.35867178,uwm_md,train
*C(C*)(C(=O)OCCOc1ccc(cc1)N=Nc1ccc(cc1)OC)C,0.36003088,uwm_md,test
*C(C*)(C(=O)OCCCCCCOc1ccc(cc1)C(=O)Oc1c2c(c(cc1)N=Nc1ccccc1)cccc2)C,0.35826257,uwm_md,train
*C(C*)(C(=O)OCCCCCCOc1ccc(cc1)C(=O)Oc1c2c(c(cc1)N=Nc1ccc(cc1)C)cccc2)C,0.36498491,uwm_md,train
*C(C*)(C(=O)OCCCCCCOc1ccc(cc1)C(=O)Oc1c2c(c(cc1)N=Nc1ccc(cc1)C#N)cccc2)C,0.35826873,uwm_md,train
*C(C*)(C(=O)OCCCOc1ccc(cc1)C(=O)Oc1ccc2c(c1)oc(=O)cc2)C,0.32418426,uwm_md,train
*C(C*)(C(=O)OCC1N(CC(C1)NC(=O)OC(C)(C)C)C(=O)OC(C)(C)C)C,0.36053611,uwm_md,test
*C(C*)(C(=O)OCC1N(CC(C1)NC(=O)C1N(CC(C1)NC(=O)OC(C)(C)C)C(=O)OC(C)(C)C)C(=O)C1N(CC(C1)NC(=O)OC(C)(C)C)C(=O)OC(C)(C)C)C,0.35571836,uwm_md,train
*C(C*)(C(=O)OCC1OC(C(C1O)O)n1c(=O)[nH]c(=O)cc1)C,0.28114011,uwm_md,train
*C(C*)(C(=O)NC1C(OC(C(C1O)O)CO)O)C,0.28358,uwm_md,train
*C(C*)(C(=O)OC1(CN(CCC1)c1ccc(cc1)N=Nc1ccc(cc1)C=C(S(=O)(=O)C)C#N)C)C,0.37311394,uwm_md,test
*C(C*)(C(=O)OCCCCCCCCCCOc1ccc(cc1)C#Cc1c(cc(c(c1)C)C=Cc1ccncc1)C)C,0.38135827,uwm_md,test
*C(C*)(C(=O)OCCCCCCCCCCOc1ccc(cc1)C#Cc1c(cc(c(c1)OC)C=Cc1ccncc1)OC)C,0.37047455,uwm_md,train
*C(C*)(C(=O)OCCCCCCCCCCOc1ccc(cc1)C(=O)Oc1ccc(cc1)C(=O)C=Cc1c(c2c(n1CCCC)cccc2)C)C,0.36405968,uwm_md,train
*C(C*)(C(=O)OCCCCCCCCOc1ccc(cc1)C(=O)Oc1ccc(cc1)C(=O)C=Cc1c(c2c(n1CCCC)cccc2)C)C,0.36425846,uwm_md,train
*C(C*)(C(=O)OCCCCCCOc1ccc(cc1)C(=O)Oc1ccc(cc1)C(=O)C=Cc1c(c2c(n1CCCC)cccc2)C)C,0.36019365,uwm_md,train
*C(C*)(C(=O)OCCCCCCCCCCOc1ccc(cc1)C(=O)Oc1ccc(cc1)C(=O)C=Cc1c(c2c(n1C)cccc2)C)C,0.36171157,uwm_md,train
*C(C*)(C(=O)OCCCCCCCCOc1ccc(cc1)C(=O)Oc1ccc(cc1)C(=O)C=Cc1c(c2c(n1C)cccc2)C)C,0.35752069,uwm_md,train
*C(C*)(C(=O)OCCCCCCOc1ccc(cc1)C(=O)Oc1ccc(cc1)C(=O)C=Cc1c(c2c(n1C)cccc2)C)C,0.35645942,uwm_md,test
*C(C*)(C(=O)OCCCCC(C(C(C(C(C(F)(F)F)(F)F)(F)F)(F)F)(F)F)(F)F)C,0.34149841,uwm_md,train
*C(C*)(C(=O)OCCN(c1cc(c(cc1)N=Nc1ccc(cc1)OC)C)CC)C,0.36983634,uwm_md,train
*C(C*)C(=O)OCCCOc1ccc(cc1)C(=O)OCCCC(C(C(C(C(C(F)(F)F)(F)F)(F)F)(F)F)(F)F)(F)F,0.333167,uwm_md,test
*C(C*)C(=O)OCCCOc1ccc(cc1)C(=O)OCCCC(C(C(C(C(C(C(C(F)(F)F)(F)F)(F)F)(F)F)(F)F)(F)F)(F)F)(F)F,0.33201436,uwm_md,train
*C(C*)(C(=O)OCCCCCCCCCCCCCCC(=O)NC1OC(C(C(C1OC(=O)C)OC(=O)C)OC1OC(C(C(C1OC(=O)C)OC(=O)C)OC(=O)C)COC(=O)C)COC(=O)C)C,0.34215996,uwm_md,test
*C(C*)(C(=O)OCCCCCCCCCCCCCCC(=O)NC1OC(C(C(C1O)O)OC1OC(C(C(C1O)O)O)CO)CO)C,0.32366656,uwm_md,train
*C(C*)(C(=O)OCCCCCCOc1ccc(cc1)C(=O)Oc1c2c(c(cc1)N=Nc1ccc(cc1)F)cccc2)C,0.35605621,uwm_md,train
*C(C*)(C(=O)OCCCCCCOc1ccc(cc1)C(=O)Oc1c2c(c(cc1)N=Nc1ccc(cc1)Cl)cccc2)C,0.36207231,uwm_md,train
*C(C*)(C(=O)OCCCCCCOc1ccc(cc1)C(=O)Oc1c2c(c(cc1)N=Nc1ccc(cc1)Br)cccc2)C,0.36678226,uwm_md,train
*C(C*)(C(=O)OCCCCCCN1CCN(CC1)c1ccc(cc1)N=Nc1ccc(cc1)C#N)C,0.37393027,uwm_md,train
*C(C*)(C(=O)OCCN(CC)c1ccccc1)C,0.36250293,uwm_md,test
*C(C*)(C(=O)OCCN(c1ccc(cc1)N=Nc1ccc(cc1)C#N)CC)C,0.37352321,uwm_md,train
*C1C2CC(C(C1*)C2)C(=O)OCCc1ccc(cc1)N(c1ccccc1)c1ccccc1,0.37725216,uwm_md,train
*C1C2CC(C(C1*)C2)C(=O)OCCc1ccc(cc1)N(c1cc(ccc1)C)c1ccccc1,0.38569582,uwm_md,train
*C1C2CC(C(C1*)C2)C(=O)OCCc1ccc(cc1)N(c1c2c(ccc1)cccc2)c1ccccc1,0.37604528,uwm_md,train
*C(C*)(C(=O)OCCCCCCCCCCOc1ccc(cc1)N=Nc1ccc(cc1)[N+](=O)[O-])C,0.36239685,uwm_md,train
*C(C*)(C(=O)OCCCCCCCCCCOc1ccc(cc1)N=Nc1ccc(cc1)C#N)C,0.37216814,uwm_md,test
*C(C*)(C(=O)OCCCCCCCCCCOc1ccc(cc1)N=Nc1ccc(cc1)F)C,0.37077177,uwm_md,test
*C(C*)(C(=O)OCCCCCCCCCCOc1ccc(cc1)N=Nc1ccc(cc1)Cl)C,0.37292398,uwm_md,train
*C(C*)(C(=O)OCCCCCCCCCCOc1ccc(cc1)N=Nc1ccccc1)C,0.3703315,uwm_md,test
*C(C*)(C(=O)OCCCCCCCCCCOc1ccc(cc1)N=Nc1ccc(cc1)OC)C,0.36656596,uwm_md,train
*C(C*)(C(=O)OCC[N+](CCCCCCC)(C)C)C,0.48837644,uwm_md,train
*C(C*)(C(=O)OCCCCCCN1CCN(CC1)c1ccc(cc1)N=Nc1ccc(cc1)[N+](=O)[O-])C,0.36331592,uwm_md,test
*C(C*)(C(=O)OCCCCCCN1CCN(CC1)c1ccc(cc1)N=Nc1ccc(cc1)C=C(C#N)C#N)C,0.37590326,uwm_md,train
*C(C*)(C(=O)OCC#CO[Si](C)(C)C)C,0.41218435,uwm_md,train
*C(C*)(C(=O)Oc1ccc(cc1)C=Cc1ccccc1)C,0.36180049,uwm_md,train
*C(C*)(C(=O)Oc1c(cc(cc1OC)C=Cc1ccccc1)OC)C,0.36033906,uwm_md,train
*C(C*)(C(=O)OCc1cc2c(OCCOCCOCCOCCO2)cc1)C,0.34634532,uwm_md,test
*C(C*)(C(=O)OCc1cc(c(cc1)OCCOCC)OCCOCC)C,0.3637068,uwm_md,train
*C(C*)(C(=O)OCc1cc(c(cc1)OCCOCCOCC)OCCOCCOCC)C,0.35596618,uwm_md,train
*C(C*)(C(=O)OCc1cc(c(cc1)OCCOCCOCCOCC)OCCOCCOCCOCC)C,0.35316611,uwm_md,train
*C1C2C(C(C(C1*)C2)C(=O)OCc1ccccc1)C(=O)OCc1ccccc1,0.34460081,uwm_md,train
*C1C2C(C(C(C1*)C2)C(=O)OCCc1ccccc1)C(=O)OCCc1ccccc1,0.35586688,uwm_md,train
*C1C2C(C(C(C1*)C2)C(=O)OCCCc1ccccc1)C(=O)OCCCc1ccccc1,0.35924036,uwm_md,test
*C1C2C(C(C(C1*)C2)C(=O)OCC12CC3CC(CC(C1)C3)C2)C(=O)OCC12CC3CC(CC(C1)C3)C2,0.37365813,uwm_md,train
*C1C2C(C(C(C1*)C2)C(=O)OCCC12CC3CC(CC(C1)C3)C2)C(=O)OCCC12CC3CC(CC(C1)C3)C2,0.37541018,uwm_md,train
*C1C2C(C(C(C1*)C2)C(=O)OCC1C2CCC(C1)C2)C(=O)OCC1C2CCC(C1)C2,0.3915968,uwm_md,train
*C1C2C(C(C(C1*)C2)C(=O)OCCC1C2CCC(C1)C2)C(=O)OCCC1C2CCC(C1)C2,0.38027867,uwm_md,train
*C(C*)(C(=O)Oc1ccc(cc1)OCc1ccccc1)C,0.34318377,uwm_md,test
*C(C*)(C(=O)OCCC1CC[N+](CC1)(CCCCCCOc1ccc(cc1)N=Nc1ccc(cc1)[N+](=O)[O-])C)C,0.36107045,uwm_md,train
*C(C*)C(=O)N1CC[NH+](CC1)CC,0.6509068,uwm_md,train
*C(C*)(C(=O)OCCC[Si]12O[Si]3(O[Si]4(O[Si]5(O[Si](O[Si](O[Si](O[Si](O1)(O4)CC(C)C)(O5)CC(C)C)(O2)CC(C)C)(O3)CC(C)C)CC(C)C)CC(C)C)CC(C)C)C,0.40617403,uwm_md,train
*C(C*)(C(=O)OC1CCCCCCC1)C,0.36870383,uwm_md,train
*C(C*)(C(=O)OC1CCCCCCCCC1)C,0.40440294,uwm_md,train
*C(C*)(C(=O)OC1CCCCCCCCCCC1)C,0.37197293,uwm_md,test
*C(C*)(C)C(=O)OC(C(OC(=O)C(*)C*)C1COC(O1)CP(=O)(OCC)OCC)C1COC(O1)CP(=O)(OCC)OCC,0.34820034,uwm_md,test
*C(C*)(C)C(=O)OCC1(COC(OC1)CP(=O)(OCC)OCC)COCC1(COC(OC1)CP(=O)(OCC)OCC)COC(=O)C(*)C*,0.34782459,uwm_md,train
*C(C*)(C(=O)OCCCCCCCC[n+]1ccc(cc1)N(C)C)C,0.36783355,uwm_md,train
*C(C*)(C(=O)OCCCCCCCCCCCC[n+]1ccc(cc1)N(C)C)C,0.37084263,uwm_md,train
*C(C*)(C(=O)OCCCCCCCCCCCCCCCC[n+]1ccc(cc1)N(C)C)C,0.37909157,uwm_md,train
*C(C(C(C*)OC(=O)C)C(=O)OCCCC)C(=O)OCCCC,0.36399896,uwm_md,train
*C(C*)(C(=O)OCCCCCCOc1c(cc(cc1)C=CC1=C(C(=C(C#N)C#N)OC1(C)C)C#N)OCCCCCC)C,0.37360953,uwm_md,train
*C(C*)C(=O)NCC(=O)N,0.24561261,uwm_md,train
*C(C*)(C(=O)OCC(=O)c1cc2c(o1)ccc(c2)Br)C,0.37116728,uwm_md,train
*C(C(CCCCCC*)Cl)Cl,0.39133632,uwm_md,train
*C(C(*)F)C(F)(F)F,0.31361691,uwm_md,train
*C1(C(C(C(C(C(C1(F)F)(F)F)(F)F)(F)F)(C(*)(F)F)F)(F)F)F,0.31519849,uwm_md,test
*C(C(*)(Cl)[2H])([2H])[2H],0.37387095,uwm_md,train
*C(CCCCCCCC*)Cl,0.40010889,uwm_md,train
*C(=C(*)C)CCC,0.40232091,uwm_md,test
*C(=C(*)C)CCCCC,0.40782502,uwm_md,train
*C(=C(*)C)CCCCCCC,0.40916746,uwm_md,train
*C(=C*)C(C)(C)C,0.39086188,uwm_md,train
*C(=C(C(C(*)([2H])[2H])([2H])[2H])[2H])C([2H])([2H])[2H],0.40600876,uwm_md,test
*C(C(*)(C(=C([2H])[2H])[2H])[2H])([2H])[2H],0.39062915,uwm_md,train
*C1C2C(C=CC2)C(C1)C=C*,0.39371357,uwm_md,train
*C(=CC(C*)C)C,0.40607353,uwm_md,train
*C1C2CC(=CC)C(C1*)C2,0.42130953,uwm_md,test
*C1C2C3C(C=CC3)C(C1*)C2,0.43220188,uwm_md,test
*C1C(CC(C1)C=C*)C1CC=CCC1,0.39319144,uwm_md,test
*c1cc2C(c3c(c2cc1)ccc(c3)*)(CCCCCCCC)CCCCCCCC,0.4176963,uwm_md,train
*c1cc2C(c3c(c2cc1)ccc(c3)*)(CC(CCCC)CC)CC(CCCC)CC,0.41460255,uwm_md,train
*c1cc2C(c3c(c2cc1)ccc(c3)*)(CCCCCC)CCCCCC,0.42664647,uwm_md,train
*C1C(=CC)CC(C1)C=C*,0.40651799,uwm_md,train
*c1cc2C(c3c(c2cc1)ccc(c3)C=C*)(CC(CCCC)CC)CC(CCCC)CC,0.40667606,uwm_md,train
*C=CC(*)(C)C,0.41706039,uwm_md,train
*C1C2C(C(C1)C=C*)C1CCC2C1,0.38257932,uwm_md,train
*OC(=O)CCCCCCCCCCC(=O)OCCOCC*,0.35940014,uwm_md,train
*c1c(nnc(n1)c1nc(ccc1)c1nc(c(nn1)c1ccccc1)c1ccc(cc1)Oc1ccc(cc1)*)c1ccccc1,0.41817078,uwm_md,train
*c1nnc(nc1)c1nc(ccc1)c1nc(cnn1)c1ccc(cc1)Oc1ccc(cc1)*,0.41536896,uwm_md,train
*c1nc(nc(n1)Oc1ccc(cc1)C(c1ccc(cc1)O*)(C)C)Cl,0.36279792,uwm_md,train
*C1CC2CC(CC(C1)O2)OC(=O)Oc1ccc(cc1)C(c1ccc(cc1)OC(=O)O*)(C)C,0.34709392,uwm_md,train
*C1CC2CC(CC(C1)O2)OC(=O)Oc1ccc(cc1)S(=O)(=O)c1ccc(cc1)OC(=O)O*,0.3395961,uwm_md,train
*C1CC2CC(CC(C1)O2)OC(=O)NC1CCC(CC1)CC1CCC(CC1)NC(=O)O*,0.35624612,uwm_md,train
*N1CCN(CC1)C(=O)OC1CC2CC(CC(C1)O2)OC(=O)*,0.33921521,uwm_md,train
*C1CC2CC(CC(C1)O2)OC(=O)Nc1ccc(cc1)Cc1ccc(cc1)NC(=O)O*,0.34955799,uwm_md,train
*C1CC2CC(CC(C1)O2)OC(=O)c1ccc(cc1)C(=O)O*,0.34801487,uwm_md,test
*C1CC2CC(CC(C1)O2)OC(=O)c1cc(ccc1)C(=O)O*,0.34862273,uwm_md,train
*C1(c2c(CO1)cccc2)c1ccc(cc1)OC(=O)c1ccc(cc1)C(=O)Oc1ccc(cc1)*,0.36114179,uwm_md,train
*C1(c2c(Oc3c1cccc3)cccc2)c1ccc(cc1)OC(=O)c1ccc(cc1)C(=O)Oc1ccc(cc1)*,0.3739272,uwm_md,test
*c1cc2Oc3c(C4(c2cc1)c1ccccc1c1ccccc41)ccc(c3)OC(=O)O*,0.39255677,uwm_md,train
*c1cc2Oc3c(C4(c2cc1)c1ccccc1c1ccccc41)ccc(c3)OC(=O)c1ccc(cc1)C(=O)O*,0.38655989,uwm_md,train
*Oc1ccc(cc1)S(=O)(=O)c1ccc(cc1)OCC(COc1ccc(cc1)C(c1ccc(cc1)OCC(C*)O)(C)C)O,0.34762026,uwm_md,train
*Oc1c(cc(cc1)S(=O)(=O)c1cc(c(cc1)OCC(COc1ccc(cc1)C(c1ccc(cc1)OCC(C*)O)(C)C)O)C)C,0.35738719,uwm_md,train
*Oc1c(cc(cc1C)S(=O)(=O)c1cc(c(c(c1)C)OCC(COc1ccc(cc1)C(c1ccc(cc1)OCC(C*)O)(C)C)O)C)C,0.36906105,uwm_md,train
*Oc1c(cc(cc1)S(=O)(=O)c1cc(c(cc1)OCC(COc1ccc(cc1)S(=O)(=O)c1ccc(cc1)OCC(C*)O)O)C)C,0.34891923,uwm_md,test
*Oc1c(cc(cc1C)S(=O)(=O)c1cc(c(c(c1)C)OCC(COc1ccc(cc1)S(=O)(=O)c1ccc(cc1)OCC(C*)O)O)C)C,0.35617654,uwm_md,test
*Oc1c(cc(cc1)S(=O)(=O)c1cc(c(cc1)OCC(C*)O)C)C,0.35246453,uwm_md,train
*Oc1c(cc(cc1C)S(=O)(=O)c1cc(c(c(c1)C)OCC(C*)O)C)C,0.36816578,uwm_md,train
*Oc1ccc(cc1)C(c1ccc(cc1)OCC(COc1ccc(cc1)C(=O)c1ccc(cc1)OCC(C*)O)O)(C)C,0.34542983,uwm_md,train
*Oc1ccc(cc1)C(=O)c1ccc(cc1)OCC(C*)O,0.3378744,uwm_md,test
*Oc1ccc(cc1)Oc1ccc(cc1)OCC(COc1ccc(cc1)C(c1ccc(cc1)OCC(C*)O)(C)C)O,0.34329551,uwm_md,train
*Oc1c(cc(cc1C)C(c1cc(c(c(c1)C)OCC(COc1ccc(cc1)C(c1ccc(cc1)OCC(C*)O)(C)C)O)C)(C)C)C,0.36071143,uwm_md,train
*Oc1ccc(cc1)C(c1ccc(cc1)OCC(COc1c(cc(cc1Cl)C(c1cc(c(c(c1)Cl)OCC(C*)O)Cl)(C)C)Cl)O)(C)C,0.36154236,uwm_md,train
*Oc1ccc(cc1)S(=O)(=O)c1ccc(cc1)OCC(COc1c(cc(cc1C)C(c1cc(c(c(c1)C)OCC(C*)O)C)(C)C)C)O,0.36142782,uwm_md,train
*Oc1c(cc(cc1C)S(=O)(=O)c1cc(c(c(c1)C)OCC(COc1c(cc(cc1C)C(c1cc(c(c(c1)C)OCC(C*)O)C)(C)C)C)O)C)C,0.36996727,uwm_md,train
*Oc1c(cc(cc1C)C(c1cc(c(c(c1)C)OCC(C*)O)C)(C)C)C,0.37509406,uwm_md,train
*Oc1ccc(cc1)C(c1ccc(cc1)OC(=O)c1ccc(cc1)Oc1ccc(cc1)C(=O)*)(C)C,0.36060711,uwm_md,train
*Oc1ccc(cc1)C(c1ccc(cc1)OC(=O)c1cc(ccc1)Oc1cc(ccc1)C(=O)*)(C)C,0.3604747,uwm_md,train
*C1OCCC1*,0.35254503,uwm_md,train
*Oc1ccc(cc1)Oc1ccc(cc1)C(=O)c1ccc(cc1)C(=O)c1ccc(cc1)*,0.37938549,uwm_md,train
*Oc1ccc(cc1)c1ccc(cc1)Oc1ccc(cc1)C(=O)c1ccc(cc1)*,0.37378543,uwm_md,train
*Oc1cc(ccc1)NC(=O)c1ccc(cc1)C(=O)Nc1ccc(cc1)*,0.34535991,uwm_md,train
*Oc1ccc(cc1)C(=O)OCC(COC(=O)c1ccc(cc1)*)(C)C,0.35526052,uwm_md,train
*C1OC(CO1)COC(=O)CCCCCCC*,0.35131956,uwm_md,train
*C1OCC(CO1)OC(=O)CCCCCCC*,0.35442774,uwm_md,test
*C1OCC(OC1)CNC(=O)CCCCC(=O)NC*,0.31541925,uwm_md,train
*C1OCC(OC1)CNC(=O)CCCCCCCCC(=O)NC*,0.33667776,uwm_md,test
*C1OCC(OC1)CC(=O)NCCCCCCNC(=O)C*,0.32963111,uwm_md,test
*c1c(c(nc2c1cccc2)c1ccc(cc1)c1nc2c(c(c1c1ccccc1)c1ccc(cc1)Oc1ccc(cc1)*)cccc2)c1ccccc1,0.40153318,uwm_md,train
*c1cc(nc2c1cccc2)c1cc(ccc1)c1nc2c(c(c1)c1ccc(cc1)Oc1ccc(cc1)*)cccc2,0.40199506,uwm_md,test
*C1OC(C(C(C1OCC)OCC)O*)COCC,0.37498776,uwm_md,train
*C1OC(C(C(C1O)O)O*)CO,0.29046872,uwm_md,test
*c1nc(c(c(c1F)OCC(C(C(COc1c(c(nc(c1F)F)OCC(C(C(CO*)(F)F)(F)F)(F)F)F)(F)F)(F)F)(F)F)F)F,0.33124109,uwm_md,test
*c1nc(nc(c1F)OCC(C(C(CO*)(F)F)(F)F)(F)F)F,0.34008549,uwm_md,train
*c1nc2cc3c(cc2c(c1)c1ccccc1)c(cc(n3)c1ccc(cc1)Oc1ccc(cc1)*)c1ccccc1,0.41795495,uwm_md,train
*c1nc2cc3c(cc2c(c1)c1ccccc1)nc(cc3c1ccccc1)c1ccc(cc1)Oc1ccc(cc1)*,0.42862349,uwm_md,train
*OC(C(*)(F)F)(C(F)(F)F)F,0.30186398,uwm_md,train
*Oc1c(c(c(c(c1)C)*)C)Br,0.42901007,uwm_md,test
*Oc1c(cc(cc1Cl)*)Cl,0.40066645,uwm_md,train
*Oc1c(cc(cc1C(C)C)*)C(C)C,0.44422978,uwm_md,train
*Oc1ccc(cc1)OC(=O)c1cc(ccc1)Oc1cc(ccc1)C(=O)*,0.34914243,uwm_md,train
*Oc1cc(ccc1)OC(=O)c1ccc(cc1)Oc1ccc(cc1)C(=O)*,0.34914542,uwm_md,test
*Oc1ccc(cc1)Oc1ccc(cc1)Oc1ccc(cc1)Oc1ccc(cc1)OC(=O)c1cc(ccc1)C(=O)*,0.35576866,uwm_md,train
*Oc1ccc(cc1)Oc1cc(ccc1)C(=O)Oc1ccc(cc1)OC(=O)c1cc(ccc1)*,0.35315362,uwm_md,train
*Oc1cc2c(cc1)cc(cc2)OC(=O)c1cc(ccc1)Oc1ccc(cc1)Oc1cc(ccc1)C(=O)*,0.34970341,uwm_md,test
*Oc1ccc(cc1)Oc1ccc(cc1)Oc1cc(ccc1)C(=O)Oc1ccc(cc1)OC(=O)c1cc(ccc1)*,0.35258751,uwm_md,train
*Oc1ccc(cc1)Oc1ccc(cc1)Oc1cc(ccc1)C(=O)Oc1ccc(cc1)c1ccc(cc1)OC(=O)c1cc(ccc1)*,0.35465002,uwm_md,train
*Oc1ccc(cc1)Oc1ccc(cc1)OC(=O)c1cc(ccc1)Oc1ccc(cc1)Oc1cc(ccc1)C(=O)*,0.35436946,uwm_md,train
*Oc1cc(ccc1)Oc1ccc(cc1)Oc1cc(ccc1)OC(=O)c1ccc(cc1)C(=O)*,0.35180531,uwm_md,train
*Oc1cc(ccc1)Oc1ccc(cc1)C(=O)Oc1cc(ccc1)OC(=O)c1ccc(cc1)*,0.35286115,uwm_md,train
*OP(=O)(Oc1ccc(cc1)C(c1ccc(cc1)*)(C)C)Oc1ccccc1,0.35305401,uwm_md,train
*OP(=O)(Oc1ccc(cc1)C(c1ccc(cc1)*)(C)C)Oc1ccc(cc1)Cl,0.36942228,uwm_md,train
*OP(=O)(Oc1ccc(cc1)C(c1ccc(cc1)*)(C)C)Oc1c(cccc1Cl)Cl,0.36463475,uwm_md,train
*OP(=O)(Oc1ccc(cc1)C(c1ccc(cc1)*)(C)C)Oc1c(cc(cc1Cl)Cl)Cl,0.3676303,uwm_md,train
*OP(=O)(Oc1ccc(cc1)C(c1ccc(cc1)*)(C)C)Oc1c(c(c(c(c1Cl)Cl)Cl)Cl)Cl,0.36757265,uwm_md,train
*OP(=O)(Oc1c(c(c(c(c1Cl)Cl)*)Cl)Cl)Oc1ccccc1,0.35206352,uwm_md,train
*OP(=O)(Oc1c(c(c(c(c1Cl)Cl)*)Cl)Cl)Oc1ccc(cc1)Cl,0.35896209,uwm_md,train
*OP(=O)(Oc1c(c(c(c(c1Cl)Cl)*)Cl)Cl)Oc1c(cccc1Cl)Cl,0.35947365,uwm_md,train
*OP(=O)(Oc1c(c(c(c(c1Cl)Cl)*)Cl)Cl)Oc1c(cc(cc1Cl)Cl)Cl,0.36280983,uwm_md,train
*OP(=O)(Oc1c(c(c(c(c1Cl)Cl)*)Cl)Cl)Oc1c(c(c(c(c1Cl)Cl)Cl)Cl)Cl,0.36344351,uwm_md,train
*Oc1ccc(cc1)NC(=O)c1cc(cc(c1)NC(=O)c1ccccc1)C(=O)Nc1ccc(cc1)*,0.34264944,uwm_md,test
*ON(C(C(*)(F)F)(Cl)F)C(F)(F)F,0.31968065,uwm_md,train
*ON(C(C(=C(C(*)(F)F)F)F)(F)F)C(F)(F)F,0.30255693,uwm_md,train
*c1ccc2c3n(c4ccc(cc4n3)c3cc4n5c(nc4cc3)c3cccc4c(ccc(c5=O)c34)Oc3cc(ccc3)O*)c(=O)c3cccc1c23,0.3689235,uwm_md,train
*c1ccc2c3n(c4ccc(cc4n3)Oc3cc4n5c(nc4cc3)c3cccc4c(ccc(c5=O)c34)Oc3cc(ccc3)O*)c(=O)c3cccc1c23,0.36887196,uwm_md,train
*c1ccc2c3n(c4ccc(cc4n3)c3cc4n5c(nc4cc3)c3cccc4c(ccc(c5=O)c34)Oc3cc4c(cc3)cc(cc4)O*)c(=O)c3cccc1c23,0.37975728,uwm_md,train
*c1ccc2c3n(c4ccc(cc4n3)c3cc4n5c(nc4cc3)c3cccc4c(ccc(c5=O)c34)Oc3c(cccc3)c3c(cccc3)O*)c(=O)c3cccc1c23,0.3792992,uwm_md,train
*c1ccc2c3n(c4ccc(cc4n3)c3cc4n5c(nc4cc3)c3cccc4c(ccc(c5=O)c34)Oc3ccc(cc3)Sc3ccc(cc3)O*)c(=O)c3cccc1c23,0.37801304,uwm_md,train
*c1ccc2c3n(c4ccc(cc4n3)Oc3cc4n5c(nc4cc3)c3cccc4c(ccc(c5=O)c34)Oc3ccc(cc3)Sc3ccc(cc3)O*)c(=O)c3cccc1c23,0.37773112,uwm_md,train
*c1ccc2c3n(c4ccc(cc4n3)c3cc4n5c(nc4cc3)c3cccc4c(ccc(c5=O)c34)Oc3ccc(cc3)S(=O)(=O)c3ccc(cc3)O*)c(=O)c3cccc1c23,0.37552366,uwm_md,test
*c1ccc2c3n(c4ccc(cc4n3)Oc3cc4n5c(nc4cc3)c3cccc4c(ccc(c5=O)c34)Oc3ccc(cc3)S(=O)(=O)c3ccc(cc3)O*)c(=O)c3cccc1c23,0.37350253,uwm_md,train
*c1ccc2c3n(c4ccc(cc4n3)c3cc4n5c(nc4cc3)c3cccc4c(ccc(c5=O)c34)Oc3ccc(cc3)C(=O)c3ccc(cc3)O*)c(=O)c3cccc1c23,0.38178031,uwm_md,train
*c1ccc2c3n(c4ccc(cc4n3)c3cc4n5c(nc4cc3)c3cccc4c(ccc(c5=O)c34)Oc3ccc(cc3)C(c3ccc(cc3)O*)(C)C)c(=O)c3cccc1c23,0.3824439,uwm_md,train
*c1ccc2c3n(c4ccc(cc4n3)Oc3cc4n5c(nc4cc3)c3cccc4c(ccc(c5=O)c34)Oc3ccc(cc3)C(c3ccc(cc3)O*)(C)C)c(=O)c3cccc1c23,0.38434287,uwm_md,train
*c1ccc2c3n(c4ccc(cc4n3)c3cc4n5c(nc4cc3)c3cccc4c(ccc(c5=O)c34)Oc3ccc(cc3)C(c3ccc(cc3)O*)(c3ccccc3)c3ccccc3)c(=O)c3cccc1c23,0.40111229,uwm_md,train
*c1ccc2c3n(c4ccc(cc4n3)c3cc4n5c(nc4cc3)c3cccc4c(ccc(c5=O)c34)Oc3ccc(cc3)C3(c4ccccc4c4ccccc34)c3ccc(cc3)O*)c(=O)c3cccc1c23,0.39512322,uwm_md,train
*c1ccc2c3n(c4ccc(cc4n3)Oc3cc4n5c(nc4cc3)c3cccc4c(ccc(c5=O)c34)Oc3ccc(cc3)C3(c4ccccc4c4ccccc34)c3ccc(cc3)O*)c(=O)c3cccc1c23,0.396728,uwm_md,train
*c1ccc2c3n(c4ccc(cc4n3)c3cc4n5c(nc4cc3)c3cccc4c(ccc(c5=O)c34)Oc3ccc(cc3)C3(c4ccccc4C(=O)c4ccccc34)c3ccc(cc3)O*)c(=O)c3cccc1c23,0.39530481,uwm_md,train
*ON(C(C(*)(SC(F)(F)F)F)(F)F)C(F)(F)F,0.3185822,uwm_md,test
*c1oc2c(n1)cc(cc2)c1cc2c(oc(n2)c2ccc(cc2)*)cc1,0.43315781,uwm_md,train
*C1c2c(OC1*)cccc2,0.40215636,uwm_md,train
*Oc1c(cc(cc1Cl)*)Br,0.4236255,uwm_md,train
*Oc1c(cc(cc1Br)*)Br,0.44645964,uwm_md,train
*OC(COC(COC(=O)c1ccc(cc1)C(=O)*)C)C,0.3488532,uwm_md,test
*OC(C(C(*)(F)F)(F)F)(F)F,0.2987695,uwm_md,test
*Oc1ccc(cc1)P(=O)(c1ccc(cc1)Oc1ccc(cc1)c1ccc(cc1)*)c1ccccc1,0.40024416,uwm_md,train
*OC(=O)C1CCC(CC1)C(=O)OCCOCC*,0.33324128,uwm_md,train
*Oc1cc(c(cc1)C=NN=Cc1c(cc(cc1)OCCCCCCCCCCCC*)O)O,0.36634153,uwm_md,train
*Oc1ccc(cc1)C(c1ccc(cc1)OC*)(C(F)(F)F)C(F)(F)F,0.34402643,uwm_md,train
*Oc1ccc(cc1)C(c1ccc(cc1)OC*)(C)C,0.35264631,uwm_md,train
*O[Si](O[Si](Oc1c(cc(cc1C)c1cc(c(c(c1)C)*)C)C)(C)C)(C)C,0.3890851,uwm_md,train
*O[Si](O[Si](O[Si](Oc1c(cc(cc1C)c1cc(c(c(c1)C)*)C)C)(C)C)(C)C)(C)C,0.39230829,uwm_md,train
*O[Si](O[Si](O[Si](O[Si](Oc1c(cc(cc1C)c1cc(c(c(c1)C)*)C)C)(C)C)(C)C)(C)C)(C)C,0.4031994,uwm_md,train
*O[Si](O[Si](Oc1ccc(cc1)c1ccc(cc1)*)(C)C)(C)C,0.40651802,uwm_md,test
*OCc1ccc(cc1)C*,0.35484206,uwm_md,train
*c1oc2c(n1)ccc(c2)c1ccc2c(oc(n2)CCCCCCC*)c1,0.37087012,uwm_md,train
*c1oc2c(n1)ccc(c2)c1ccc2c(oc(n2)CCCCCCCCC*)c1,0.38117284,uwm_md,test
*c1oc2c(n1)ccc(c2)c1ccc2c(oc(n2)CCCCCCCCCC*)c1,0.37701196,uwm_md,train
*c1oc2c(n1)ccc(c2)c1ccc2c(oc(n2)CCCCCCCCCCC*)c1,0.37454114,uwm_md,train
*c1oc2c(n1)ccc(c2)c1ccc2c(oc(n2)CCCCCCCCCCCC*)c1,0.39112847,uwm_md,test
*Oc1ccc(cc1)C(c1ccc(cc1)Oc1ccc(cc1)C(=O)c1ccc(cc1)P(=O)(c1ccc(cc1)C(=O)c1ccc(cc1)*)c1ccccc1)(C(F)(F)F)C(F)(F)F,0.38280626,uwm_md,train
*Oc1ccc(cc1)C(c1ccc(cc1)Oc1ccc(cc1)C(=O)c1ccc(cc1)P(=O)(c1ccc(cc1)C(=O)c1ccc(cc1)*)c1ccccc1)(C)C,0.38593544,uwm_md,test
*Oc1ccc(cc1)Oc1ccc(cc1)C(=O)c1ccc(cc1)P(=O)(c1ccc(cc1)C(=O)c1ccc(cc1)*)c1ccccc1,0.38390226,uwm_md,train
*Oc1cc(ccc1)Oc1ccc(cc1)C(=O)c1ccc(cc1)P(=O)(c1ccc(cc1)C(=O)c1ccc(cc1)*)c1ccccc1,0.37794539,uwm_md,train
*Oc1cc2c(cc1)ccc(c2)Oc1ccc(cc1)C(=O)Nc1cc(ccc1)Oc1ccc(cc1)NC(=O)c1ccc(cc1)*,0.35277036,uwm_md,train
*Oc1cc2c(cc1)ccc(c2)Oc1ccc(cc1)C(=O)Nc1ccc(cc1)Oc1ccc(cc1)Oc1ccc(cc1)NC(=O)c1ccc(cc1)*,0.35681519,uwm_md,train
*Oc1cc2c(cc1)ccc(c2)Oc1ccc(cc1)C(=O)Nc1ccc(cc1)C(c1ccc(cc1)C(c1ccc(cc1)NC(=O)c1ccc(cc1)*)(C)C)(C)C,0.36959735,uwm_md,train
*Oc1cc2c(cc1)ccc(c2)Oc1ccc(cc1)C(=O)Nc1ccc(cc1)Oc1ccc(cc1)C(c1ccc(cc1)Oc1ccc(cc1)NC(=O)c1ccc(cc1)*)(C)C,0.36672584,uwm_md,train
*Oc1cc2c(cc1)ccc(c2)Oc1ccc(cc1)C(=O)Nc1ccc(cc1)Oc1ccc(cc1)S(=O)(=O)c1ccc(cc1)Oc1ccc(cc1)NC(=O)c1ccc(cc1)*,0.35891323,uwm_md,train
*Oc1cc2c(cc1)ccc(c2)Oc1ccc(cc1)C(=O)Nc1ccc(cc1)Oc1ccc(cc1)C(c1ccc(cc1)Oc1ccc(cc1)NC(=O)c1ccc(cc1)*)(c1ccccc1)C,0.36558414,uwm_md,train
*Oc1cc2c(cc1)ccc(c2)Oc1ccc(cc1)C(=O)Nc1ccc(cc1)Oc1ccc(cc1)C(c1ccc(cc1)Oc1ccc(cc1)NC(=O)c1ccc(cc1)*)(C(F)(F)F)C(F)(F)F,0.3598661,uwm_md,train
*Oc1cc2c(cc1)ccc(c2)Oc1ccc(cc1)C(=O)Nc1ccc(cc1)Oc1ccc(cc1)C(c1ccc(cc1)C(c1ccc(cc1)Oc1ccc(cc1)NC(=O)c1ccc(cc1)*)(C)C)(C)C,0.36837941,uwm_md,train
*Oc1ccc(cc1)C(c1ccc(cc1)Oc1c(c(c(c(c1F)F)C(=O)c1c(c(c(c(c1F)F)*)F)F)F)F)(C(F)(F)F)C(F)(F)F,0.3658273,uwm_md,train
*Oc1ccc(cc1)C1(c2ccccc2c2ccccc12)c1ccc(cc1)Oc1c(c(c(c(c1F)F)C(=O)c1c(c(c(c(c1F)F)*)F)F)F)F,0.39033829,uwm_md,train
*Oc1ccc(cc1)C(c1ccc(cc1)Oc1c(c(c(c(c1F)F)C(=O)c1c(c(c(c(c1F)F)*)F)F)F)F)(c1ccccc1)C,0.37735643,uwm_md,train
*Oc1c(c(c(c(c1F)F)c1c(c(c(c(c1F)F)Oc1ccc(cc1)C(c1ccc(cc1)*)(C(F)(F)F)C(F)(F)F)F)F)F)F,0.36997043,uwm_md,train
*c1oc(nn1)c1ccc(cc1)NC(=O)c1c(cc(cc1)C(=O)Nc1ccc(cc1)*)Oc1ccccc1,0.37065873,uwm_md,train
*c1oc(nn1)c1ccc(cc1)Oc1ccc(cc1)NC(=O)c1c(cc(cc1)C(=O)Nc1ccc(cc1)Oc1ccc(cc1)*)Oc1ccccc1,0.36628379,uwm_md,train
*c1oc(nn1)c1ccc(cc1)Oc1cc(ccc1)NC(=O)c1c(cc(cc1)C(=O)Nc1cc(ccc1)Oc1ccc(cc1)*)Oc1ccccc1,0.36258207,uwm_md,train
*c1oc(nn1)c1ccc(cc1)NC(=O)c1c(cc(cc1)*)Oc1ccccc1,0.38004401,uwm_md,test
*c1n(nc(c1)c1ccc(cc1)Oc1ccc(cc1)C(=O)c1ccc(cc1)Oc1ccc(cc1)C(=O)c1ccc(cc1)Oc1ccc(cc1)*)c1ccccc1,0.3855566,uwm_md,train
*c1n(nc(c1)c1ccc(cc1)Oc1ccc(cc1)C(=O)c1cc(ccc1)C(=O)c1ccc(cc1)Oc1ccc(cc1)*)c1ccccc1,0.38437007,uwm_md,train
*c1n(nc(c1)c1ccc(cc1)Oc1ccc(cc1)C(=O)c1ccc(cc1)Oc1ccc(cc1)*)c1ccccc1,0.39170081,uwm_md,train
*c1n(nc(c1)c1ccc(cc1)Oc1ccc(cc1)C(=O)c1ccc(cc1)C(=O)c1ccc(cc1)Oc1ccc(cc1)*)c1ccccc1,0.38790383,uwm_md,train
*c1n(nc(c1)c1ccc(cc1)Oc1ccc(cc1)S(=O)(=O)c1ccc(cc1)Oc1ccc(cc1)*)c1ccccc1,0.38538397,uwm_md,train
*c1n(nc(c1)c1ccc(cc1)Oc1ccc(cc1)P(=O)(c1ccc(cc1)Oc1ccc(cc1)*)c1ccccc1)c1ccccc1,0.39388717,uwm_md,train
*c1[nH]nc(c1)c1ccc(cc1)Oc1ccc(cc1)C(=O)c1cc(ccc1)C(=O)c1ccc(cc1)Oc1ccc(cc1)*,0.37462428,uwm_md,train
*c1[nH]nc(c1)c1ccc(cc1)Oc1ccc(cc1)C(=O)c1ccc(cc1)Oc1ccc(cc1)*,0.3828364,uwm_md,train
*c1[nH]nc(c1)c1ccc(cc1)Oc1ccc(cc1)C(=O)c1ccc(cc1)C(=O)c1ccc(cc1)Oc1ccc(cc1)*,0.38159758,uwm_md,train
*c1[nH]nc(c1)c1ccc(cc1)Oc1ccc(cc1)S(=O)(=O)c1ccc(cc1)Oc1ccc(cc1)*,0.3751119,uwm_md,train
*c1[nH]nc(c1)c1ccc(cc1)Oc1ccc(cc1)P(=O)(c1ccc(cc1)Oc1ccc(cc1)*)c1ccccc1,0.39032537,uwm_md,train
*Oc1ccc(cc1)C(=O)OC(COC(COC(COC(=O)c1ccc(cc1)OC(=O)c1ccc(cc1)C(=O)*)C)C)C,0.34810342,uwm_md,train
*Oc1ccc(cc1)Oc1c(cc(cc1)C(=O)c1ccc(cc1)Oc1ccc(cc1)Oc1ccc(cc1)C(=O)c1cc(c(cc1)*)C(C)C)C(C)C,0.3952199,uwm_md,train
*C1(c2c(C(=O)O1)cccc2)c1ccc(cc1)Oc1ccc(cc1)C(=O)c1ccc(cc1)Oc1ccc(cc1)*,0.38030093,uwm_md,train
*C1(c2c(C(=O)N1)cccc2)c1ccc(cc1)Oc1ccc(cc1)C(=O)c1ccc(cc1)Oc1ccc(cc1)*,0.37763456,uwm_md,train
*Oc1ccc(cc1)C(c1ccc(cc1)Oc1ccc(cc1)C(=O)c1ccc(cc1)*)c1c(cccc1)C(=O)O,0.37386948,uwm_md,test
*OS(=O)(=O)c1ccc(cc1)Oc1ccc(cc1)S(=O)(=O)Oc1ccc(cc1)C(c1ccc(cc1)*)(C)C,0.36351582,uwm_md,train
*OC(C*)c1occc1,0.36350816,uwm_md,train
*c1oc(nn1)c1ccc(cc1)NC(=O)c1cc(cc(c1)N1C(=O)c2c(C1=O)cccc2)C(=O)Nc1ccc(cc1)*,0.36231124,uwm_md,train
*c1oc(nn1)c1ccc(cc1)Oc1ccc(cc1)NC(=O)c1cc(cc(c1)N1C(=O)c2c(C1=O)cccc2)C(=O)Nc1ccc(cc1)Oc1ccc(cc1)*,0.36154579,uwm_md,train
*c1oc(nn1)c1ccc(cc1)Oc1cc(ccc1)NC(=O)c1cc(cc(c1)N1C(=O)c2c(C1=O)cccc2)C(=O)Nc1cc(ccc1)Oc1ccc(cc1)*,0.35911141,uwm_md,train
*c1oc(nn1)c1ccc(cc1)Oc1cc(ccc1)NC(=O)c1cc(cc(c1)N1C(=O)c2c(C1=O)c(c(c(c2Cl)Cl)Cl)Cl)C(=O)Nc1cc(ccc1)Oc1ccc(cc1)*,0.3655579,uwm_md,train
*c1oc(nn1)c1ccc(cc1)NC(=O)c1cc(cc(c1)N1C(=O)c2c(C1=O)cccc2)*,0.3700457,uwm_md,train
*Oc1cc(ccc1)NC(=O)c1cc(ccc1)OCC(COc1ccc(cc1)C(c1ccc(cc1)OCC(C*)O)(C)C)O,0.34135559,uwm_md,test
*Oc1cc(ccc1)NC(=O)C(=O)Nc1cc(ccc1)OCC(COc1ccc(cc1)C(c1ccc(cc1)OCC(C*)O)(C)C)O,0.33163835,uwm_md,test
*Oc1cc(ccc1)NC(=O)CCCC(=O)Nc1cc(ccc1)OCC(COc1ccc(cc1)C(c1ccc(cc1)OCC(C*)O)(C)C)O,0.33823192,uwm_md,train
*Oc1cc(ccc1)NC(=O)CCCCC(=O)Nc1cc(ccc1)OCC(COc1ccc(cc1)C(c1ccc(cc1)OCC(C*)O)(C)C)O,0.34097584,uwm_md,test
*Oc1cc(ccc1)NC(=O)CCCCCC(=O)Nc1cc(ccc1)OCC(COc1ccc(cc1)C(c1ccc(cc1)OCC(C*)O)(C)C)O,0.33816204,uwm_md,test
*Oc1cc(ccc1)NC(=O)CCCCCCC(=O)Nc1cc(ccc1)OCC(COc1ccc(cc1)C(c1ccc(cc1)OCC(C*)O)(C)C)O,0.33977526,uwm_md,train
*Oc1cc(ccc1)NC(=O)CCCCCCCCCCC(=O)Nc1cc(ccc1)OCC(COc1ccc(cc1)C(c1ccc(cc1)OCC(C*)O)(C)C)O,0.34635755,uwm_md,train
*Oc1cc(ccc1)NC(=O)Cc1cc(ccc1)CC(=O)Nc1cc(ccc1)OCC(COc1ccc(cc1)C(c1ccc(cc1)OCC(C*)O)(C)C)O,0.3397353,uwm_md,train
*Oc1cc(ccc1)NC(=O)c1cc(ccc1)C(=O)Nc1cc(ccc1)OCC(COc1ccc(cc1)C(c1ccc(cc1)OCC(C*)O)(C)C)O,0.34174788,uwm_md,train
*Oc1ccc(cc1)NC(=O)c1ccc(cc1)OCC(COc1ccc(cc1)C(c1ccc(cc1)OCC(C*)O)(C)C)O,0.34123375,uwm_md,test
*Oc1ccc(cc1)NC(=O)c1c(cccc1)OCC(COc1ccc(cc1)C(c1ccc(cc1)OCC(C*)O)(C)C)O,0.34086664,uwm_md,test
*Oc1ccc(cc1)NC(=O)CCCC(=O)Nc1ccc(cc1)OCC(COc1ccc(cc1)C(c1ccc(cc1)OCC(C*)O)(C)C)O,0.3351735,uwm_md,test
*Oc1ccc(cc1)NC(=O)CCCCC(=O)Nc1ccc(cc1)OCC(COc1ccc(cc1)C(c1ccc(cc1)OCC(C*)O)(C)C)O,0.3386598,uwm_md,train
*Oc1ccc(cc1)NC(=O)CCCCCC(=O)Nc1ccc(cc1)OCC(COc1ccc(cc1)C(c1ccc(cc1)OCC(C*)O)(C)C)O,0.33850297,uwm_md,train
*Oc1ccc(cc1)Sc1ccc(cc1)Sc1ccc(cc1)Sc1ccc(cc1)*,0.38951806,uwm_md,train
*Oc1ccc(cc1)C(c1ccc(cc1)Oc1ccc(cc1)C(=O)c1c2c(ccc1)cccc2C(=O)c1ccc(cc1)*)(C)C,0.37726443,uwm_md,train
*C1(c2c(C(=O)O1)cccc2)c1ccc(cc1)Oc1ccc(cc1)S(=O)(=O)c1ccc(cc1)Oc1ccc(cc1)*,0.37707713,uwm_md,train
*Oc1c2c(ccc1)ccc(c2)Oc1ccc(cc1)NC(=O)c1cc(ccc1)C(=O)Nc1ccc(cc1)*,0.35312849,uwm_md,train
*Oc1c2c(ccc1)ccc(c2)Oc1ccc(cc1)NC(=O)c1cc(cc(c1)C(C)(C)C)C(=O)Nc1ccc(cc1)*,0.36260258,uwm_md,test
*Oc1c2c(ccc1)ccc(c2)Oc1ccc(cc1)NC(=O)c1ccc(cc1)Oc1ccc(cc1)C(=O)Nc1ccc(cc1)*,0.35386288,uwm_md,train
*Oc1c2c(ccc1)ccc(c2)Oc1ccc(cc1)NC(=O)c1ccc(cc1)S(=O)(=O)c1ccc(cc1)C(=O)Nc1ccc(cc1)*,0.35780365,uwm_md,train
*Oc1c2c(ccc1)ccc(c2)Oc1ccc(cc1)NC(=O)c1ccc(cc1)C(c1ccc(cc1)C(=O)Nc1ccc(cc1)*)(C(F)(F)F)C(F)(F)F,0.35696537,uwm_md,train
*Oc1c2c(ccc1)ccc(c2)Oc1ccc(cc1)NC(=O)c1ccc(cc1)Oc1ccc(cc1)Oc1ccc(cc1)C(=O)Nc1ccc(cc1)*,0.35493198,uwm_md,train
*Oc1c2c(ccc1)ccc(c2)Oc1ccc(cc1)NC(=O)c1ccc(cc1)Oc1cc(ccc1)Oc1ccc(cc1)C(=O)Nc1ccc(cc1)*,0.35508677,uwm_md,train
*Oc1c2c(ccc1)ccc(c2)Oc1ccc(cc1)NC(=O)c1ccc(cc1)Oc1c(cccc1)Oc1ccc(cc1)C(=O)Nc1ccc(cc1)*,0.35799579,uwm_md,train
*Oc1c2c(ccc1)ccc(c2)Oc1ccc(cc1)NC(=O)c1ccc(cc1)Oc1ccc(cc1)S(=O)(=O)c1ccc(cc1)Oc1ccc(cc1)C(=O)Nc1ccc(cc1)*,0.35811295,uwm_md,train
*Oc1c2c(ccc1)ccc(c2)Oc1ccc(cc1)NC(=O)c1ccc(cc1)Oc1ccc(cc1)C(c1ccc(cc1)Oc1ccc(cc1)C(=O)Nc1ccc(cc1)*)(c1ccccc1)C,0.36713277,uwm_md,train
*Oc1c2c(ccc1)ccc(c2)Oc1ccc(cc1)NC(=O)c1ccc(cc1)Oc1ccc(cc1)C(c1cc(ccc1)C(c1ccc(cc1)Oc1ccc(cc1)C(=O)Nc1ccc(cc1)*)(C)C)(C)C,0.36813986,uwm_md,train
*Oc1ccc(cc1)C(=O)Nc1c(cccc1)c1ccc(cc1)NC(=O)c1ccc(cc1)*,0.34957751,uwm_md,test
*Oc1ccc(cc1)C(=O)Nc1c(cc(cc1)Br)c1ccc(cc1)NC(=O)c1ccc(cc1)*,0.36393423,uwm_md,train
*Oc1ccc(cc1)C(c1ccc(cc1)Oc1ccc(cc1)C(=O)c1c2c(ccc1)cccc2C(=O)c1ccc(cc1)*)(C(F)(F)F)C(F)(F)F,0.37599895,uwm_md,test
*Oc1ccc(cc1)Oc1ccc(cc1)C(=O)c1c2c(ccc1)cccc2C(=O)c1ccc(cc1)*,0.3769196,uwm_md,train
*Oc1ccc(cc1)C1(c2ccccc2c2ccccc12)c1ccc(cc1)Oc1ccc(cc1)C(=O)c1c2c(ccc1)cccc2C(=O)c1ccc(cc1)*,0.38951494,uwm_md,train
*Oc1ccc(cc1)c1ccc(cc1)Oc1ccc(cc1)C(=O)c1c2c(ccc1)cccc2C(=O)c1ccc(cc1)*,0.37806189,uwm_md,train
*Oc1c(cc(cc1)Oc1ccc(cc1)C(=O)c1c2c(ccc1)cccc2C(=O)c1ccc(cc1)*)C(C)(C)C,0.38686999,uwm_md,test
*Oc1ccc(cc1)C(c1ccc(cc1)Oc1ccc(cc1)C(=O)c1ccc(cc1)c1ccc(cc1)C(=O)c1ccc(cc1)*)(C)C,0.37583933,uwm_md,train
*Oc1ccc(cc1)C(c1ccc(cc1)Oc1ccc(cc1)C(=O)c1cc2c(cc1)cc(cc2)C(=O)c1ccc(cc1)*)(C)C,0.3816141,uwm_md,train
*Oc1ccc(cc1)C(c1ccc(cc1)Oc1ccc(cc1)C(=O)c1c2c(ccc1C)c(c(cc2)C)C(=O)c1ccc(cc1)*)(C)C,0.39186106,uwm_md,train
*Oc1ccc(cc1)S(=O)(=O)c1ccc(cc1)Oc1ccc(cc1)C(c1ccc(cc1)Oc1ccc(cc1)C(=O)c1ccc(cc1)*)(C)C,0.37602514,uwm_md,train
*Oc1ccc(cc1)Oc1ccc(cc1)S(=O)(=O)c1ccc(cc1)Oc1ccc(cc1)C(=O)c1ccc(cc1)*,0.37202073,uwm_md,train
*Oc1cc(ccc1)Oc1ccc(cc1)S(=O)(=O)c1ccc(cc1)Oc1ccc(cc1)C(=O)c1ccc(cc1)*,0.36939797,uwm_md,test
*Oc1ccc(cc1)S(=O)(=O)c1ccc(cc1)Oc1ccc(cc1)c1ccc(cc1)Oc1ccc(cc1)C(=O)c1ccc(cc1)*,0.37208574,uwm_md,train
*Oc1cc2c(cc1)cc(cc2)Oc1ccc(cc1)S(=O)(=O)c1ccc(cc1)Oc1ccc(cc1)C(=O)c1ccc(cc1)*,0.36982073,uwm_md,train
*Oc1c(c(ccc1)Oc1cc(ccc1)*)C#N,0.37237337,uwm_md,train
*Oc1ccc(cc1)Oc1ccc(cc1)Oc1ccc(cc1)C(c1ccc(cc1)*)(C)C,0.37740838,uwm_md,train
*Oc1ccc(cc1)c1ccc(cc1)Oc1ccc(cc1)C(c1ccc(cc1)*)(C)C,0.37742789,uwm_md,train
*Oc1ccc(cc1)c1ccc(cc1)c1ccc(cc1)Oc1ccc(cc1)C(c1ccc(cc1)*)(C)C,0.37801095,uwm_md,train
*Oc1ccc(cc1)S(=O)(=O)c1ccc(cc1)Oc1c(cc(cc1)C(c1cc(c(cc1)*)C)(C)C)C,0.3875115,uwm_md,train
*Oc1ccc(cc1)S(=O)(=O)c1ccc(cc1)Oc1c(cc(cc1C)c1cc(c(c(c1)C)*)C)C,0.39339685,uwm_md,train
*Oc1ccc(cc1)S(=O)(=O)c1ccc(cc1)Oc1c(cc(cc1C(C)C)C(c1cc(c(c(c1)C(C)C)*)C(C)C)(C)C)C(C)C,0.41746736,uwm_md,train
*c1cc2c(oc(n2)c2ccc(cc2)Oc2ccc(cc2)c2oc3c(n2)cc(cc3)C(*)(C(F)(F)F)C(F)(F)F)cc1,0.41418077,uwm_md,train
*c1cc2c(oc(n2)c2ccc(cc2)Oc2ccc(cc2)c2oc3c(n2)cc(cc3)C(*)(c2ccccc2)C(F)(F)F)cc1,0.41979595,uwm_md,train
*c1cc2c(oc(n2)c2ccc(cc2)C(c2ccc(cc2)c2oc3c(n2)cc(cc3)C(*)(C(F)(F)F)C(F)(F)F)(c2ccccc2)C(F)(F)F)cc1,0.43912224,uwm_md,train
*c1cc2c(oc(n2)c2ccc(cc2)C(c2ccc(cc2)c2oc3c(n2)cc(cc3)C(*)(c2ccccc2)C(F)(F)F)(c2ccccc2)C(F)(F)F)cc1,0.43791406,uwm_md,train
*c1cc2c(oc(n2)c2cc(ccc2)c2oc3c(n2)cc(cc3)C(*)(C(F)(F)F)C(F)(F)F)cc1,0.42780861,uwm_md,train
*c1cc2c(oc(n2)c2cc(ccc2)c2oc3c(n2)cc(cc3)C(*)(c2ccccc2)C(F)(F)F)cc1,0.43815792,uwm_md,train
*c1cc2c(oc(n2)c2ccc(cc2)c2oc3c(n2)cc(cc3)C(*)(C(F)(F)F)C(F)(F)F)cc1,0.45097253,uwm_md,train
*c1cc2c(oc(n2)c2ccc(cc2)c2oc3c(n2)cc(cc3)C(*)(c2ccccc2)C(F)(F)F)cc1,0.45875481,uwm_md,train
*c1cc2c(oc(n2)c2ccc(cc2)C(c2ccc(cc2)c2oc3c(n2)cc(cc3)C(*)(C(F)(F)F)C(F)(F)F)(C(F)(F)F)C(F)(F)F)cc1,0.42121884,uwm_md,train
*c1cc2c(oc(n2)c2ccc(cc2)C(c2ccc(cc2)c2oc3c(n2)cc(cc3)C(*)(c2ccccc2)C(F)(F)F)(C(F)(F)F)C(F)(F)F)cc1,0.42531677,uwm_md,train
*Oc1cc(ccc1)C(=O)c1ccc(cc1)*,0.36502137,uwm_md,test
*Oc1ccc(cc1)C(c1ccc(cc1)Oc1ccc(cc1)C(=O)c1c(c(c(c(c1c1ccc(cc1)F)c1ccc(cc1)F)c1ccc(cc1)F)c1ccc(cc1)F)C(=O)c1ccc(cc1)*)(C)C,0.40131849,uwm_md,train
*Oc1ccc(cc1)C(c1ccc(cc1)Oc1ccc(cc1)C(=O)c1c(c(c(c(c1c1ccc(cc1)F)c1ccc(cc1)F)c1ccc(cc1)F)c1ccc(cc1)F)C(=O)c1ccc(cc1)*)(C(F)(F)F)C(F)(F)F,0.40384519,uwm_md,test
*Oc1ccc(cc1)c1ccc(cc1)Oc1ccc(cc1)C(=O)c1c(c(c(c(c1c1ccc(cc1)F)c1ccc(cc1)F)c1ccc(cc1)F)c1ccc(cc1)F)C(=O)c1ccc(cc1)*,0.40390264,uwm_md,train
*Oc1ccc(cc1)C(=O)c1ccc(cc1)Oc1ccc(cc1)C(=O)c1c(c(c(c(c1c1ccc(cc1)F)c1ccc(cc1)F)c1ccc(cc1)F)c1ccc(cc1)F)C(=O)c1ccc(cc1)*,0.39692359,uwm_md,train
*Oc1ccc(cc1)C1(c2ccccc2c2ccccc12)c1ccc(cc1)Oc1ccc(cc1)C(=O)c1c(c(c(c(c1c1ccc(cc1)F)c1ccc(cc1)F)c1ccc(cc1)F)c1ccc(cc1)F)C(=O)c1ccc(cc1)*,0.40790835,uwm_md,train
*Oc1ccc(cc1)C(c1ccc(cc1)Oc1ccc(cc1)C(=O)c1c(c(c(c(c1c1ccccc1)c1cc2c(cc1)cccc2)c1cc2c(cc1)cccc2)c1ccccc1)C(=O)c1ccc(cc1)*)(C)C,0.39617794,uwm_md,train
*Oc1ccc(cc1)C(c1ccc(cc1)Oc1ccc(cc1)C(=O)c1c(c(c(c(c1c1ccccc1)c1cc2c(cc1)cccc2)c1cc2c(cc1)cccc2)c1ccccc1)C(=O)c1ccc(cc1)*)(C(F)(F)F)C(F)(F)F,0.39580075,uwm_md,train
*Oc1ccc(cc1)c1ccc(cc1)Oc1ccc(cc1)C(=O)c1c(c(c(c(c1c1ccccc1)c1cc2c(cc1)cccc2)c1cc2c(cc1)cccc2)c1ccccc1)C(=O)c1ccc(cc1)*,0.3993001,uwm_md,train
*Oc1ccc(cc1)C(=O)c1ccc(cc1)Oc1ccc(cc1)C(=O)c1c(c(c(c(c1c1ccccc1)c1cc2c(cc1)cccc2)c1cc2c(cc1)cccc2)c1ccccc1)C(=O)c1ccc(cc1)*,0.39702899,uwm_md,train
*Oc1ccc(cc1)C1(c2ccccc2c2ccccc12)c1ccc(cc1)Oc1ccc(cc1)C(=O)c1c(c(c(c(c1c1ccccc1)c1cc2c(cc1)cccc2)c1cc2c(cc1)cccc2)c1ccccc1)C(=O)c1ccc(cc1)*,0.40813978,uwm_md,test
*c1c2c(c(nn1)c1ccc(cc1)Oc1ccc(cc1)C(c1ccc(cc1)Oc1ccc(cc1)*)(C(F)(F)F)C(F)(F)F)c(c(c(c2c1ccc(cc1)F)c1ccc(cc1)F)c1ccc(cc1)F)c1ccc(cc1)F,0.40028133,uwm_md,train
*c1c2c(c(nn1)c1ccc(cc1)Oc1ccc(cc1)c1ccc(cc1)Oc1ccc(cc1)*)c(c(c(c2c1ccc(cc1)F)c1ccc(cc1)F)c1ccc(cc1)F)c1ccc(cc1)F,0.4099229,uwm_md,train
*c1c2c(c(nn1)c1ccc(cc1)Oc1ccc(cc1)C(=O)c1ccc(cc1)Oc1ccc(cc1)*)c(c(c(c2c1ccc(cc1)F)c1ccc(cc1)F)c1ccc(cc1)F)c1ccc(cc1)F,0.4007497,uwm_md,train
*c1c2c(c(nn1)c1ccc(cc1)Oc1ccc(cc1)C1(c3ccccc3c3ccccc13)c1ccc(cc1)Oc1ccc(cc1)*)c(c(c(c2c1ccc(cc1)F)c1ccc(cc1)F)c1ccc(cc1)F)c1ccc(cc1)F,0.41682374,uwm_md,train
*c1c2c(c(nn1)c1ccc(cc1)Oc1ccc(cc1)Oc1ccc(cc1)*)c(c(c(c2c1ccc(cc1)F)c1ccc(cc1)F)c1ccc(cc1)F)c1ccc(cc1)F,0.40913388,uwm_md,train
*c1c2c(c(nn1)c1ccc(cc1)Oc1ccc(cc1)C(c1ccc(cc1)Oc1ccc(cc1)*)(C)C)c(c(c(c2c1ccccc1)c1cc2c(cc1)cccc2)c1cc2c(cc1)cccc2)c1ccccc1,0.40019815,uwm_md,train
*c1c2c(c(nn1)c1ccc(cc1)Oc1ccc(cc1)C(c1ccc(cc1)Oc1ccc(cc1)*)(C(F)(F)F)C(F)(F)F)c(c(c(c2c1ccccc1)c1cc2c(cc1)cccc2)c1cc2c(cc1)cccc2)c1ccccc1,0.39876705,uwm_md,train
*c1c2c(c(nn1)c1ccc(cc1)Oc1ccc(cc1)c1ccc(cc1)Oc1ccc(cc1)*)c(c(c(c2c1ccccc1)c1cc2c(cc1)cccc2)c1cc2c(cc1)cccc2)c1ccccc1,0.40570846,uwm_md,train
*c1c2c(c(nn1)c1ccc(cc1)Oc1ccc(cc1)C(=O)c1ccc(cc1)Oc1ccc(cc1)*)c(c(c(c2c1ccccc1)c1cc2c(cc1)cccc2)c1cc2c(cc1)cccc2)c1ccccc1,0.39742985,uwm_md,train
*c1c2c(c(nn1)c1ccc(cc1)Oc1ccc(cc1)C1(c3ccccc3c3ccccc13)c1ccc(cc1)Oc1ccc(cc1)*)c(c(c(c2c1ccccc1)c1cc2c(cc1)cccc2)c1cc2c(cc1)cccc2)c1ccccc1,0.41100116,uwm_md,train
*C1COC2C1OCC2OC(=O)c1oc(cc1)C(=O)O*,0.35695181,uwm_md,train
*c1oc(cc1)C(=O)NNC(=O)c1ccc(cc1)[Si](c1ccc(cc1)C(=O)NNC(=O)*)(c1ccccc1)c1ccccc1,0.37010873,uwm_md,train
*c1oc(nn1)c1ccc(cc1)[Si](c1ccc(cc1)*)(c1ccccc1)c1ccccc1,0.44572292,uwm_md,test
*c1oc(nn1)c1ccc(cc1)c1oc(nn1)c1ccc(cc1)[Si](c1ccc(cc1)*)(c1ccccc1)c1ccccc1,0.48674163,uwm_md,train
*c1oc(nn1)c1ncc(cc1)c1oc(nn1)c1ccc(cc1)[Si](c1ccc(cc1)*)(c1ccccc1)c1ccccc1,0.46577218,uwm_md,train
*c1oc(nn1)c1nc(ccc1)c1oc(nn1)c1ccc(cc1)[Si](c1ccc(cc1)*)(c1ccccc1)c1ccccc1,0.49159892,uwm_md,train
*c1oc(nn1)c1cncc(c1)c1oc(nn1)c1ccc(cc1)[Si](c1ccc(cc1)*)(c1ccccc1)c1ccccc1,0.44520609,uwm_md,train
*c1oc(nn1)c1oc(cc1)c1oc(nn1)c1ccc(cc1)[Si](c1ccc(cc1)*)(c1ccccc1)c1ccccc1,0.47072462,uwm_md,test
*c1oc(nn1)c1ccc(cc1)[Si](c1ccc(cc1)c1oc(nn1)c1ccc(cc1)c1ccc(cc1)*)(c1ccccc1)c1ccccc1,0.46586821,uwm_md,train
*c1oc(nn1)c1c2c(c(cc1)c1oc(nn1)c1ccc(cc1)[Si](c1ccc(cc1)*)(c1ccccc1)c1ccccc1)cccc2,0.43988277,uwm_md,test
*c1c2c(c(nn1)c1ccc(cc1)Oc1ccc(cc1)C(c1ccc(cc1)Oc1ccc(cc1)*)(C)C)c(c(c(c2c1ccc(cc1)F)c1ccc(cc1)F)c1ccc(cc1)F)c1ccc(cc1)F,0.4058732,uwm_md,train
*Oc1c(c(ccc1)Oc1ccc(cc1)c1ccc(cc1)*)C#N,0.37561604,uwm_md,train
*OC(=O)c1ccc(cc1)c1ccc(cc1)C(=O)OCCOCCOCCOCC*,0.34018016,uwm_md,train
*Oc1cc(c(cc1)CCc1ccc(cc1)OCCCCC*)C,0.37161152,uwm_md,train
*Oc1cc(c(cc1)CCc1ccc(cc1)OCCCCCCC*)C,0.37531301,uwm_md,train
*Oc1cc(c(cc1)CCc1ccc(cc1)OCCCCCCCCC*)C,0.37926968,uwm_md,train
*Oc1cc(c(cc1)CCc1ccc(cc1)OCCCCCCCCCCC*)C,0.38003558,uwm_md,train
*Oc1ccc(cc1)OCc1ccc(cc1)COc1ccc(cc1)OCCCCCCCCCCCC*,0.36434601,uwm_md,train
*OC(=O)c1ccc(cc1)c1ccc(cc1)c1ccc(cc1)C(=O)OCCOCCOCC*,0.34164497,uwm_md,train
*OC(=O)c1ccc(cc1)c1ccc(cc1)c1ccc(cc1)C(=O)OCCOCCOCCOCC*,0.3414643,uwm_md,train
*OC(=O)c1ccc(cc1)c1ccc(cc1)c1ccc(cc1)C(=O)OCCOCCOCCOCCOCCOCCOCCOCCOCCOCC*,0.34589389,uwm_md,train
*Oc1cc(c(cc1)CCc1ccc(cc1)OCCCC*)C,0.36894603,uwm_md,train
*Oc1cc(c(cc1)CCc1ccc(cc1)OCCCCCC*)C,0.37289188,uwm_md,train
*Oc1cc(c(cc1)CCc1ccc(cc1)OCCCCCCCC*)C,0.37561448,uwm_md,train
*Oc1cc(c(cc1)CCc1ccc(cc1)OCCCCCCCCCC*)C,0.3784776,uwm_md,train
*Oc1cc(c(cc1)CCc1ccc(cc1)OCCCCCCCCCCCC*)C,0.37988049,uwm_md,test
*Oc1c(cc(c(c1)C)C(c1c(cc(c(c1)C(C)C)Oc1ccc(cc1)C(=O)c1ccc(cc1)*)C)c1c(cccc1)C(=O)O)C(C)C,0.41139,uwm_md,train
*Oc1ccc(cc1)OCCOC(=O)Nc1ccc(cc1)Cc1ccc(cc1)NC(=O)OCC*,0.33635449,uwm_md,train
*c1c(nc2c(n1)cc(cc2)Oc1ccc(cc1)NC(=O)c1cc(cc(c1)N1C(=O)c2c(C1=O)cccc2)C(=O)Nc1ccc(cc1)Oc1cc2c(nc(c(n2)c2ccc(cc2)Oc2ccc(cc2)*)c2ccccc2)cc1)c1ccccc1,0.37759682,uwm_md,train
*c1c(nc2c(n1)cc(cc2)Oc1ccc(cc1)NC(=O)c1cc(cc(c1)N1C(=O)c2c(C1=O)cccc2)C(=O)Nc1ccc(cc1)Oc1cc2c(nc(c(n2)c2ccc(cc2)Oc2ccc(cc2)*)c2ccc(cc2)[N+](=O)[O-])cc1)c1ccc(cc1)[N+](=O)[O-],0.37884475,uwm_md,train
*c1c(nc2c(n1)cc(cc2)Oc1ccc(cc1)NC(=O)c1cc(cc(c1)N1C(=O)c2c(C1=O)c(c(c(c2Cl)Cl)Cl)Cl)C(=O)Nc1ccc(cc1)Oc1cc2c(nc(c(n2)c2ccc(cc2)Oc2ccc(cc2)*)c2ccccc2)cc1)c1ccccc1,0.38426551,uwm_md,train
*Oc1ccc(cc1)C(c1ccc(cc1)OCCOC(=O)c1ccc(cc1)C(=O)OCC*)(C)C,0.34444131,uwm_md,train
*OCC(C*)(CO)CC,0.3383421,uwm_md,train
*Oc1ccc(cc1)C(=O)OCCOCCOC(=O)c1ccc(cc1)OC(=O)*,0.32931388,uwm_md,test
*Oc1ccc(cc1)C(c1ccc(cc1)Oc1ccc(cc1)C(=O)c1cc(ccc1)C(=O)c1ccc(cc1)*)(C)C,0.37447472,uwm_md,train
*Oc1ccc(cc1)C(=O)c1cc(ccc1)C(=O)c1ccc(cc1)Oc1cc(ccc1)Cc1cc(ccc1)*,0.36716519,uwm_md,train
*Oc1ccc(cc1)C(=O)c1ccc(cc1)C(=O)c1ccc(cc1)Oc1cc(ccc1)Cc1cc(ccc1)*,0.36639351,uwm_md,train
*Oc1ccc(cc1)C(=O)c1cc(ccc1)C(=O)c1ccc(cc1)Oc1ccc(cc1)Cc1ccc(cc1)*,0.37058113,uwm_md,train
*Oc1ccc(cc1)C(=O)c1ccc(cc1)C(=O)c1ccc(cc1)Oc1ccc(cc1)Cc1ccc(cc1)*,0.3772016,uwm_md,test
*Oc1ccc(cc1)C1(c2ccccc2c2ccccc12)c1ccc(cc1)Oc1ccc(cc1)C(=O)c1cc(ccc1)C(=O)c1ccc(cc1)*,0.41414112,uwm_md,train
*Oc1ccc(cc1)C1(c2ccccc2c2ccccc12)c1ccc(cc1)Oc1ccc(cc1)C(=O)c1ccc(cc1)C(=O)c1ccc(cc1)*,0.39550318,uwm_md,test
*Oc1c(cc(cc1)C1(c2ccccc2c2ccccc12)c1cc(c(cc1)Oc1ccc(cc1)C(=O)c1cc(ccc1)C(=O)c1ccc(cc1)*)C)C,0.3968899,uwm_md,train
*Oc1c(cc(cc1C)C1(c2ccccc2c2ccccc12)c1cc(c(c(c1)C)Oc1ccc(cc1)C(=O)c1cc(ccc1)C(=O)c1ccc(cc1)*)C)C,0.41055555,uwm_md,train
*Oc1ccc(cc1)C(c1ccc(cc1)Oc1ccc(cc1)C(=O)c1ccc(cc1)Oc1ccc(cc1)C(=O)c1ccc(cc1)*)(C)C,0.38948605,uwm_md,train
*OC(C*)CSC,0.41981356,uwm_md,train
*OC(C*)CSCC,0.41785443,uwm_md,train
*OC(C*)CSCCC,0.41871813,uwm_md,test
*OC(C*)CSC(C)C,0.41844328,uwm_md,train
*OC(C*)CSCCCC,0.41461382,uwm_md,train
*OC(C*)CSCCCCC,0.4202301,uwm_md,test
*OC(C*)CS(=O)(=O)C,0.36145145,uwm_md,train
*OC(C*)CS(=O)(=O)CC,0.36974777,uwm_md,train
*OC(C*)CS(=O)(=O)CCC,0.37543167,uwm_md,train
*OC(C*)CS(=O)(=O)C(C)C,0.37689062,uwm_md,train
*OC(C*)CS(=O)(=O)CCCC,0.38279045,uwm_md,train
*OC(C*)CS(=O)(=O)CCCCC,0.39727249,uwm_md,train
*OC(=O)CCOCC*,0.3272277,uwm_md,train
*Oc1ccc(cc1)C(=O)c1ccc(cc1)Oc1ccc(cc1)C(=O)c1ccc(cc1)Oc1cc(ccc1)Cc1cc(ccc1)*,0.3678457,uwm_md,train
*Oc1ccc(cc1)C(=O)c1ccc(cc1)Oc1ccc(cc1)C(=O)c1ccc(cc1)Oc1ccc(cc1)Cc1ccc(cc1)*,0.37347921,uwm_md,train
*Oc1ccc(cc1)C1(c2ccccc2c2ccccc12)c1ccc(cc1)Oc1ccc(cc1)C(=O)c1ccc(cc1)Oc1ccc(cc1)C(=O)c1ccc(cc1)*,0.39211202,uwm_md,train
*Oc1ccc(cc1)C1(c2ccccc2c2ccccc12)c1ccc(cc1)Oc1ccc(cc1)C(=O)c1ccc(cc1)*,0.39990412,uwm_md,train
*c1nc2c(nc1c1ccccc1)cc(cc2)c1cc2c(nc(c(n2)c2ccccc2)c2ccc(cc2)OCCCCOc2ccc(cc2)*)cc1,0.38981232,uwm_md,train
*c1nc2c(nc1c1ccccc1)cc(cc2)c1cc2c(nc(c(n2)c2ccccc2)c2ccc(cc2)Oc2ccc(cc2)Oc2ccc(cc2)Oc2ccc(cc2)*)cc1,0.39796101,uwm_md,train
*c1nc2c(c(c1c1ccccc1)c1ccccc1)cc(cc2)Oc1cc2c(nc(cc2c2ccccc2)c2ccc(cc2)Oc2ccc(cc2)*)cc1,0.40987104,uwm_md,train
*c1c(nc2c(c1c1ccccc1)cc(cc2)Oc1cc2c(nc(c(c2c2ccccc2)c2ccc(cc2)Oc2ccc(cc2)*)c2ccccc2)cc1)c1ccccc1,0.39811449,uwm_md,test
*c1c(nc2c(c1c1ccccc1)cc(cc2)Oc1cc2c(nc(c(c2c2ccccc2)c2ccc(cc2)*)c2ccccc2)cc1)c1ccccc1,0.40668067,uwm_md,train
*c1c(nc2c(c1c1ccccc1)cc(cc2)Oc1cc2c(nc(c(c2c2ccccc2)c2ccc(cc2)c2ccc(cc2)*)c2ccccc2)cc1)c1ccccc1,0.40808604,uwm_md,train
*c1c(nc2c(c1c1ccccc1)cc(cc2)c1cc2c(nc(c(c2c2ccccc2)c2ccc(cc2)Oc2ccc(cc2)*)c2ccccc2)cc1)c1ccccc1,0.40050787,uwm_md,train
*c1nc2c(c(c1)c1ccccc1)cc(cc2)Oc1cc2c(nc(cc2c2ccccc2)c2ccc(cc2)C2(c3ccccc3c3ccccc23)c2ccc(cc2)*)cc1,0.42387068,uwm_md,train
*c1nc2c(c(c1)c1ccccc1)cc(cc2)Oc1cc2c(nc(cc2c2ccccc2)c2ccc(cc2)C2(c3ccccc3C(=O)c3ccccc23)c2ccc(cc2)*)cc1,0.41900126,uwm_md,train
*c1nc2c(c(c1)c1ccccc1)cc(cc2)C1(c2ccccc2c2ccccc12)c1cc2c(nc(cc2c2ccccc2)c2ccc(cc2)Oc2ccc(cc2)*)cc1,0.42211202,uwm_md,train
*c1nc2c(c(c1)c1ccccc1)cc(cc2)C1(c2ccccc2C(=O)c2ccccc12)c1cc2c(nc(cc2c2ccccc2)c2ccc(cc2)Oc2ccc(cc2)*)cc1,0.42004547,uwm_md,test
*c1nc2c(c(c1)c1ccccc1)cc(cc2)c1cc2c(nc(cc2c2ccccc2)c2ccc(cc2)Oc2ccc(cc2)*)cc1,0.41044986,uwm_md,train
*c1nc2c(c(c1c1ccccc1)c1ccccc1)cc(cc2)c1cc2c(nc(c(c2c2ccccc2)c2ccccc2)c2ccc(cc2)Oc2ccc(cc2)*)cc1,0.41401327,uwm_md,test
*c1nc2c(c(c1)c1ccccc1)cc(cc2)Oc1cc2c(nc(cc2c2ccccc2)c2ccc(cc2)c2ccc(cc2)c2ccc(cc2)*)cc1,0.40373085,uwm_md,train
*c1nc2c(c(c1)c1ccccc1)cc(cc2)Oc1cc2c(nc(cc2c2ccccc2)c2ccc(cc2)c2ccc(cc2)c2ccc(cc2)c2ccc(cc2)*)cc1,0.40016775,uwm_md,train
*OCC(C*)(CSC)CSC,0.41704128,uwm_md,test
*OCC(C*)(CSCC)CSCC,0.41686273,uwm_md,train
*OCC(C*)(CSC(C)C)CSC(C)C,0.41655745,uwm_md,test
*OCC(C*)(CSCCCCC)CSCCCCC,0.4182603,uwm_md,train
*OCC(C*)(CS(=O)(=O)C)CS(=O)(=O)C,0.37089814,uwm_md,train
*OCC(C*)(CS(=O)(=O)CC)CS(=O)(=O)CC,0.37003283,uwm_md,train
*OCC(C*)(CS(=O)(=O)C(C)C)CS(=O)(=O)C(C)C,0.38031514,uwm_md,train
*OCC(C*)(CS(=O)(=O)CCC)CS(=O)(=O)CCC,0.38361184,uwm_md,train
*OCC(C*)(CS(=O)(=O)CCCC)CS(=O)(=O)CCCC,0.38553918,uwm_md,train
*OCC(C*)(CS(=O)(=O)CCCCC)CS(=O)(=O)CCCCC,0.3851805,uwm_md,train
*C1OC(OC1COC(=O)OC*)(C)C,0.33690966,uwm_md,train
*C1OC(OC1COC(=O)OC*)OCC,0.32726581,uwm_md,train
*C1OC(OC1COC(=O)OC*)(OCC)OCC,0.34101825,uwm_md,train
*C1(OC(CO1)c1ccccc1)C*,0.35076731,uwm_md,train
*OC(CC(=O)OCC*)C,0.33475958,uwm_md,train
*Oc1ccc(cc1)c1ccc(cc1)CC(c1ccc(cc1)OCCCCCCCCCCCC*)C,0.38201502,uwm_md,test
*Oc1cc(ccc1)C(=O)c1ccc(cc1)Oc1ccc(cc1)C(=O)c1ccc(cc1)*,0.36799842,uwm_md,train
*c1nc(ccc1)Oc1ccc(cc1)Oc1ccc(cc1)C(=O)c1ccc(cc1)Oc1ccc(cc1)O*,0.35865674,uwm_md,test
*c1nc(ccc1)Oc1ccc(cc1)Oc1ccc(cc1)C(=Nc1ccccc1)c1ccc(cc1)Oc1ccc(cc1)O*,0.37099152,uwm_md,train
*c1nc(ccc1)Oc1ccc(cc1)Oc1ccc(cc1)S(=O)c1ccc(cc1)Oc1ccc(cc1)O*,0.35458448,uwm_md,train
*c1nc(ccc1)Oc1ccc(cc1)Oc1ccc(cc1)S(=O)(=O)c1ccc(cc1)Oc1ccc(cc1)O*,0.35681485,uwm_md,train
*c1nc(ccc1)Oc1ccc(cc1)Oc1ccc(cc1)P(=O)(c1ccc(cc1)Oc1ccc(cc1)O*)c1ccccc1,0.36767472,uwm_md,train
*Oc1cc(c(cc1)S(=O)(=O)c1c(cc(cc1)Oc1ccc(cc1)C(c1ccc(cc1)*)(C)C)N)N,0.37039035,uwm_md,train
*Oc1cc(c(cc1)S(=O)(=O)c1c(cc(cc1)Oc1ccc(cc1)c1ccc(cc1)*)N)N,0.36266828,uwm_md,train
*Oc1cc(c(cc1)S(=O)(=O)c1ccc(cc1)Oc1ccc(cc1)C(c1ccc(cc1)*)(C)C)N,0.37235553,uwm_md,train
*Oc1ccc(cc1)S(=O)(=O)c1ccc(cc1)Oc1c(cc(cc1)C(c1cc(c(cc1)*)N)(C)C)N,0.37586152,uwm_md,train
*Oc1cc(c(cc1)S(=O)(=O)c1ccc(cc1)Oc1c(cc(cc1)C(c1cc(c(cc1)*)N)(C)C)N)N,0.37345371,uwm_md,train
*Oc1ccc(cc1)P(=O)(c1ccc(cc1)Oc1ccc(cc1)C(c1ccc(cc1)*)(C)C)C,0.38231831,uwm_md,train
*C1(c2c(C(=O)O1)cccc2)c1ccc(cc1)Oc1ccc(cc1)P(=O)(c1ccc(cc1)Oc1ccc(cc1)*)C,0.38109983,uwm_md,train
*Oc1ccc(cc1)P(=O)(c1ccc(cc1)Oc1ccc(cc1)C(c1ccc(cc1)*)(c1ccccc1)C(F)(F)F)C,0.38583407,uwm_md,test
*Oc1ccc(cc1)P(=O)(c1ccc(cc1)Oc1ccc(cc1)C(c1ccc(cc1)*)(C(F)(F)F)C(F)(F)F)C,0.37833818,uwm_md,train
*Oc1ccc(cc1)Oc1ccc(cc1)P(=O)(c1ccc(cc1)*)C,0.37537227,uwm_md,train
*Oc1ccc(cc1)S(=O)(=O)c1ccc(cc1)Oc1ccc(cc1)P(=O)(c1ccc(cc1)*)C,0.37865073,uwm_md,train
*Oc1ccc(cc1)S(=O)(=O)c1ccc(cc1)Oc1ccc(cc1)P(=O)(c1ccc(cc1)*)c1ccccc1,0.38096649,uwm_md,train
*Oc1cc(c(cc1)N=Cc1ccc(cc1)C=Nc1c(cc(cc1)OCCCCCCCCCC*)C)C,0.38083348,uwm_md,train
*Oc1ccc(cc1)C=NN=Cc1ccc(cc1)Oc1ccc(cc1)C(c1ccc(cc1)*)(C)C,0.3809024,uwm_md,train
*Oc1ccc(cc1)C=NN=Cc1ccc(cc1)Oc1ccc(cc1)C(c1ccc(cc1)*)(C(F)(F)F)C(F)(F)F,0.37282962,uwm_md,train
*Oc1ccc(cc1)C1(c2ccccc2c2ccccc12)c1ccc(cc1)Oc1ccc(cc1)C=NN=Cc1ccc(cc1)*,0.39319174,uwm_md,train
*Oc1ccc(cc1)C=NN=Cc1ccc(cc1)Oc1ccc(cc1)C(=O)c1ccc(cc1)*,0.37285172,uwm_md,train
*Oc1ccc(cc1)S(=O)c1ccc(cc1)Oc1ccc(cc1)C=NN=Cc1ccc(cc1)*,0.37027564,uwm_md,test
*Oc1ccc(cc1)P(=O)(c1ccc(cc1)Oc1ccc(cc1)C(c1ccc(cc1)*)(C)C)c1ccccc1,0.39008003,uwm_md,test
*c1oc2c(n1)ccc(c2)c1ccc2c(oc(n2)c2ccc(cc2)C(c2ccc(cc2)*)(C(F)(F)F)C(F)(F)F)c1,0.41473896,uwm_md,train
*c1oc2c(n1)ccc(c2)c1ccc2c(oc(n2)c2ccc(cc2)C(c2ccc(cc2)*)(c2ccccc2)C(F)(F)F)c1,0.42450788,uwm_md,test
*c1n(c(nn1)c1ccc(cc1)Oc1ccc(cc1)C(c1ccc(cc1)Oc1ccc(cc1)*)(C)C)c1ccccc1,0.38502718,uwm_md,train
*c1n(c(nn1)c1ccc(cc1)Oc1ccc(cc1)C(c1ccc(cc1)Oc1ccc(cc1)*)(C(F)(F)F)C(F)(F)F)c1ccccc1,0.38673273,uwm_md,train
*c1n(c(nn1)c1ccc(cc1)Oc1ccc(cc1)C(c1ccc(cc1)Oc1ccc(cc1)*)(C)C)c1cc(ccc1)C(F)(F)F,0.38422628,uwm_md,train
*c1n(c(nn1)c1ccc(cc1)Oc1ccc(cc1)C(c1ccc(cc1)Oc1ccc(cc1)*)(C(F)(F)F)C(F)(F)F)c1cc(ccc1)C(F)(F)F,0.38188218,uwm_md,train
*c1n(c(nn1)c1ccc(cc1)Oc1ccc(cc1)C(c1ccc(cc1)Oc1ccc(cc1)*)(C)C)c1ccc(cc1)C,0.39161329,uwm_md,train
*c1n(c(nn1)c1ccc(cc1)Oc1ccc(cc1)C(c1ccc(cc1)Oc1ccc(cc1)*)(C)C)c1ccc(cc1)S(=O)(=O)C,0.38732371,uwm_md,train
*c1n(c(nn1)c1ccc(cc1)Oc1ccc(cc1)C(c1ccc(cc1)Oc1ccc(cc1)*)(C)C)c1ccc(cc1)S(=O)(=O)c1ccccc1,0.37755482,uwm_md,test
*Oc1ccc(cc1)C(c1ccc(cc1)Oc1ccc(cc1)C(=O)C(=O)c1ccc(cc1)*)(C)C,0.37690328,uwm_md,train
*c1nnc(nc1c1ccc(cc1)Oc1ccc(cc1)C(c1ccc(cc1)Oc1ccc(cc1)*)(C)C)c1ncccc1,0.39013945,uwm_md,train
*c1n(c(nn1)c1ccc(cc1)Oc1ccc(cc1)C(c1ccc(cc1)Oc1ccc(cc1)*)(C(F)(F)F)C(F)(F)F)c1ccc(cc1)C,0.38349717,uwm_md,test
*c1n(c(nn1)c1ccc(cc1)Oc1ccc(cc1)C(c1ccc(cc1)Oc1ccc(cc1)*)(C(F)(F)F)C(F)(F)F)c1ccc(cc1)S(=O)(=O)C,0.38547657,uwm_md,train
*c1n(c(nn1)c1ccc(cc1)Oc1ccc(cc1)C(c1ccc(cc1)Oc1ccc(cc1)*)(C(F)(F)F)C(F)(F)F)c1ccc(cc1)S(=O)(=O)c1ccccc1,0.38778693,uwm_md,test
*Oc1ccc(cc1)C(c1ccc(cc1)Oc1ccc(cc1)C(=O)C(=O)c1ccc(cc1)*)(C(F)(F)F)C(F)(F)F,0.37168595,uwm_md,train
*c1nnc(nc1c1ccc(cc1)Oc1ccc(cc1)C(c1ccc(cc1)Oc1ccc(cc1)*)(C(F)(F)F)C(F)(F)F)c1ncccc1,0.39042731,uwm_md,train
*c1nnc(nc1c1ccc(cc1)Oc1ccc(cc1)C(c1ccc(cc1)Oc1ccc(cc1)*)(c1ccccc1)C)c1ncccc1,0.39778842,uwm_md,train
*Oc1ccc(cc1)C(c1ccc(cc1)Oc1ccc(cc1)C(=O)C(=O)c1ccc(cc1)*)(c1ccccc1)C,0.38132966,uwm_md,train
*Oc1ccc(cc1)C1(c2ccccc2c2ccccc12)c1ccc(cc1)Oc1ccc(cc1)C(=O)C(=O)c1ccc(cc1)*,0.3923538,uwm_md,train
*c1nnc(nc1c1ccc(cc1)Oc1ccc(cc1)C1(c2ccccc2c2ccccc12)c1ccc(cc1)Oc1ccc(cc1)*)c1ncccc1,0.40668886,uwm_md,train
*c1nnc(nc1c1ccc(cc1)Oc1ccc(cc1)c1ccc(cc1)Oc1ccc(cc1)*)c1ncccc1,0.39038278,uwm_md,train
*c1nnc(nc1c1ccc(cc1)Oc1ccc(cc1)C(=O)c1ccc(cc1)Oc1ccc(cc1)*)c1ncccc1,0.38856425,uwm_md,train
*c1nnc(nc1c1ccc(cc1)Oc1ccc(cc1)S(=O)(=O)c1ccc(cc1)Oc1ccc(cc1)*)c1ncccc1,0.38715626,uwm_md,train
*c1nnc(nc1c1ccc(cc1)Oc1ccc(cc1)C(=O)c1cc(ccc1)C(=O)c1ccc(cc1)Oc1ccc(cc1)*)c1ncccc1,0.37990238,uwm_md,train
*Oc1cc(ccc1)OCC(COc1ccc(cc1)C(c1ccc(cc1)OCC(C*)O)(C)C)O,0.34411231,uwm_md,train
*Oc1cc(ccc1)OCC(COc1ccc(cc1)S(=O)(=O)c1ccc(cc1)OCC(C*)O)O,0.33700601,uwm_md,train
*Oc1cc(ccc1)OCC(C*)O,0.33076501,uwm_md,train
*Oc1ccc(cc1)C1(c2ccccc2c2ccccc12)c1ccc(cc1)OCC(COc1ccc(cc1)C(c1ccc(cc1)OCC(C*)O)(C)C)O,0.35752228,uwm_md,train
*Oc1ccc(cc1)C(c1ccc(cc1)OCC(COC(=O)c1cc(ccc1)C(=O)OCC(C*)O)O)(C)C,0.33980018,uwm_md,train
*Oc1ccc(cc1)C(c1ccc(cc1)OCC(CN(CC(C*)O)CCO)O)(C)C,0.33466845,uwm_md,train
*N1CCN(CC1)CC(COc1ccc(cc1)C(c1ccc(cc1)OCC(C*)O)(C)C)O,0.35130308,uwm_md,train
*c1sc(cc1)Oc1ccc(cc1)C(c1ccc(cc1)Oc1sc(cc1)C(=O)*)(C)C,0.37910073,uwm_md,train
*c1sc(cc1)Oc1ccc(cc1)C(c1ccc(cc1)Oc1sc(cc1)C(=O)c1ccc(cc1)C(=O)*)(C)C,0.37349224,uwm_md,train
*c1sc(cc1)Oc1ccc(cc1)C(c1ccc(cc1)Oc1ccc(cc1)C(=O)*)(C)C,0.37738334,uwm_md,train
*c1sc(cc1)Oc1ccc(cc1)C1(c2ccccc2c2ccccc12)c1ccc(cc1)Oc1ccc(cc1)C(=O)*,0.39472012,uwm_md,train
*Oc1ccc(cc1)S(=O)(=O)c1ccc(cc1)Oc1c(cc(cc1)C(c1ccc(cc1)*)(C)C)[N+](=O)[O-],0.37040317,uwm_md,train
*Oc1c(cc(cc1)S(=O)(=O)c1cc(c(cc1)Oc1ccc(cc1)C(c1ccc(cc1)*)(C)C)[N+](=O)[O-])[N+](=O)[O-],0.38190674,uwm_md,test
*Oc1ccc(cc1)S(=O)(=O)c1ccc(cc1)Oc1c(cc(cc1)C1(CCCCC1)c1cc(c(cc1)*)C)C,0.38723397,uwm_md,train
*Oc1ccc(cc1)S(=O)(=O)c1ccc(cc1)Oc1c(cc(cc1C)Cc1cc(c(c(c1)C)*)C)C,0.3923948,uwm_md,train
*Oc1ccc(cc1)S(=O)(=O)c1ccc(cc1)Oc1c(cc(cc1C)C(c1cc(c(c(c1)C)*)C)(C(F)(F)F)C(F)(F)F)C,0.39642368,uwm_md,train
*Oc1ccc(cc1)C(=C(Cl)Cl)c1ccc(cc1)OC*,0.3737643,uwm_md,train
*c1cc2Oc3c(C(c2cc1)(C)C)ccc(c3)OC(=O)c1cc2c(C(CC2(c2ccc(cc2)C(=O)O*)C)(C)C)cc1,0.38516135,uwm_md,test
*Oc1ccc(cc1)S(=O)(=O)c1ccc(cc1)Oc1ccc(cc1)C(=C)c1ccc(cc1)*,0.37206608,uwm_md,train
*Oc1ccc(cc1)S(=O)(=O)c1ccc(cc1)Oc1ccc(cc1)C=Cc1ccc(cc1)*,0.37415859,uwm_md,test
*Oc1ccc(cc1)NC(=C(C#N)C#N)c1ccc(cc1)c1ccc(cc1)C(=C(C#N)C#N)Nc1ccc(cc1)*,0.41214769,uwm_md,train
*Oc1ccc(cc1)NC(=C(C#N)C#N)c1ccc(cc1)c1ccc(cc1)c1ccc(cc1)C(=C(C#N)C#N)Nc1ccc(cc1)*,0.39506825,uwm_md,train
*Oc1ccc(cc1)C(c1ccc(cc1)Oc1ccc(cc1)C(=O)c1ccc(cc1)C(c1ccc(cc1)C(=O)c1ccc(cc1)*)(C)C)(C)C,0.39689064,uwm_md,test
*Oc1ccc(cc1)C(c1ccc(cc1)Oc1ccc(cc1)C(=O)c1ccc(cc1)C(c1ccc(cc1)C(=O)c1ccc(cc1)*)(C)C)(C(F)(F)F)C(F)(F)F,0.38148615,uwm_md,train
*Oc1ccc(cc1)C(c1ccc(cc1)Oc1ccc(cc1)C(=O)c1ccc(cc1)C(c1ccc(cc1)C(=O)c1ccc(cc1)*)(C(F)(F)F)C(F)(F)F)(C)C,0.3798743,uwm_md,train
*Oc1ccc(cc1)C(c1ccc(cc1)Oc1ccc(cc1)C(=O)c1ccc(cc1)C(c1ccc(cc1)C(=O)c1ccc(cc1)*)(C(F)(F)F)C(F)(F)F)(C(F)(F)F)C(F)(F)F,0.37426463,uwm_md,train
*c1c([nH]c(n1)c1ccc(cc1)c1[nH]c(c(n1)c1ccc(cc1)Oc1ccc(cc1)S(=O)(=O)c1ccc(cc1)Oc1ccc(cc1)*)c1ccccc1)c1ccccc1,0.40109727,uwm_md,train
*c1c([nH]c(n1)c1ccc(cc1)c1[nH]c(c(n1)c1ccc(cc1)Oc1ccc(cc1)C(=O)c1cc2c(cc1)cc(cc2)C(=O)c1ccc(cc1)Oc1ccc(cc1)*)c1ccccc1)c1ccccc1,0.40364332,uwm_md,test
*c1c([nH]c(n1)c1ccc(cc1)c1[nH]c(c(n1)c1ccc(cc1)Oc1ccc(cc1)C(=O)c1ccc(cc1)C(=O)c1ccc(cc1)Oc1ccc(cc1)*)c1ccccc1)c1ccccc1,0.40004414,uwm_md,train
*c1c([nH]c(n1)c1ccc(cc1)c1[nH]c(c(n1)c1ccc(cc1)Oc1ccc(cc1)C(=O)c1ccc(cc1)Oc1ccc(cc1)*)c1ccccc1)c1ccccc1,0.40672617,uwm_md,test
*c1c([nH]c(n1)c1ccc(cc1)c1[nH]c(c(n1)c1ccc(cc1)Oc1ccc(cc1)C(=O)c1ccc(cc1)c1ccc(cc1)C(=O)c1ccc(cc1)Oc1ccc(cc1)*)c1ccccc1)c1ccccc1,0.40415832,uwm_md,train
*c1c([nH]c(n1)c1ccc(cc1)c1[nH]c(c(n1)c1ccc(cc1)Oc1ccc(cc1)C(=O)c1cc(ccc1)C(=O)c1ccc(cc1)Oc1ccc(cc1)*)c1ccccc1)c1ccccc1,0.39401881,uwm_md,train
*c1c([nH]c(n1)c1ccc(cc1)c1[nH]c(c(n1)c1ccc(cc1)Oc1ccc(cc1)C(=O)c1ccc(cc1)Oc1ccc(cc1)C(=O)c1ccc(cc1)Oc1ccc(cc1)*)c1ccccc1)c1ccccc1,0.40281752,uwm_md,train
*c1c([nH]c(n1)c1cc(ccc1)c1[nH]c(c(n1)c1ccc(cc1)Oc1ccc(cc1)S(=O)(=O)c1ccc(cc1)Oc1ccc(cc1)*)c1ccccc1)c1ccccc1,0.40187067,uwm_md,test
*c1c([nH]c(n1)c1cc(ccc1)c1[nH]c(c(n1)c1ccc(cc1)Oc1ccc(cc1)C(=O)c1ccc(cc1)Oc1ccc(cc1)*)c1ccccc1)c1ccccc1,0.39966133,uwm_md,train
*c1c([nH]c(n1)c1cc(ccc1)c1[nH]c(c(n1)c1ccc(cc1)Oc1ccc(cc1)C(=O)c1ccc(cc1)c1ccc(cc1)C(=O)c1ccc(cc1)Oc1ccc(cc1)*)c1ccccc1)c1ccccc1,0.39957908,uwm_md,test
*c1c([nH]c(n1)c1cc(ccc1)c1[nH]c(c(n1)c1ccc(cc1)Oc1ccc(cc1)C(=O)c1ccc(cc1)C(=O)c1ccc(cc1)Oc1ccc(cc1)*)c1ccccc1)c1ccccc1,0.40285522,uwm_md,train
*c1c([nH]c(n1)c1cc(ccc1)c1[nH]c(c(n1)c1ccc(cc1)Oc1ccc(cc1)C(=O)c1cc(ccc1)C(=O)c1ccc(cc1)Oc1ccc(cc1)*)c1ccccc1)c1ccccc1,0.39177495,uwm_md,train
*c1cc2c(oc(n2)c2nc(ccc2)c2oc3c(n2)cc(cc3)C(*)(C(F)(F)F)C(F)(F)F)cc1,0.45901468,uwm_md,train
*c1cc2c(oc(n2)c2ncc(cc2)c2oc3c(n2)cc(cc3)C(*)(C(F)(F)F)C(F)(F)F)cc1,0.44520367,uwm_md,train
*c1cc2c(oc(n2)c2c(cc(c(c2)OCCCCCCCCCC)c2oc3c(n2)cc(cc3)C(*)(C(F)(F)F)C(F)(F)F)OCCCCCCCCCC)cc1,0.39288084,uwm_md,train
*c1nc(ccc1)Oc1cc(ccc1)O*,0.35077616,uwm_md,train
*c1nc(ccc1)Oc1c(cc(cc1)O*)c1ccccc1,0.36427467,uwm_md,train
*c1nc(ccc1)Oc1ccc(cc1)C(c1ccc(cc1)O*)(C)C,0.3589821,uwm_md,train
*c1cocc1C[Ge](C*)(C)C,0.3589821,uwm_md,train
*OC(=O)OCC(=C)COCC(=C)C*,0.3369446,uwm_md,train
*Oc1c(cc(cc1)OC(=O)c1ccc(cc1)OCCCCCCOc1ccc(cc1)C(=O)*)N=Nc1ccc(cc1)C#N,0.35843895,uwm_md,train
*OC(C*)CN1C(=O)C2C(C1=O)C1C=CC2C1,0.34392035,uwm_md,test
*OC(C*)COC(=O)CCCCCN1C(=O)C2C(C1=O)C1C=CC2C1,0.33852716,uwm_md,train
*OC(C*)COC(=O)CCCCCCCCCCN1C(=O)C2C(C1=O)C1C=CC2C1,0.34865046,uwm_md,train
*OC(C*)COC(=O)c1ccc(cc1)N1C(=O)C2C(C1=O)C1C=CC2C1,0.34283926,uwm_md,train
*c1c([nH]c(n1)c1cc(ccc1)c1[nH]c(c(n1)c1ccc(cc1)Oc1ccc(cc1)C(=O)c1cc(ccc1)c1cc(ccc1)C(=O)c1ccc(cc1)Oc1ccc(cc1)*)c1ccccc1)c1ccccc1,0.39209457,uwm_md,train
*c1[nH]c(nc1c1ccc(cc1)Oc1ccc(cc1)P(=O)(c1ccc(cc1)Oc1ccc(cc1)*)c1ccccc1)c1ccccc1,0.39143285,uwm_md,train
*c1[nH]c(nc1c1ccc(cc1)Oc1ccc(cc1)S(=O)(=O)c1ccc(cc1)Oc1ccc(cc1)*)c1ccccc1,0.39015986,uwm_md,train
*c1[nH]c(nc1c1ccc(cc1)Oc1ccc(cc1)C(=O)c1ccc(cc1)Oc1ccc(cc1)*)c1ccccc1,0.38724079,uwm_md,train
*c1[nH]c(nc1c1ccc(cc1)Oc1ccc(cc1)C(=O)c1ccc(cc1)C(=O)c1ccc(cc1)Oc1ccc(cc1)*)c1ccccc1,0.38697246,uwm_md,train
*c1[nH]c(nc1c1ccc(cc1)Oc1ccc(cc1)C(=O)c1cc(ccc1)C(=O)c1ccc(cc1)Oc1ccc(cc1)*)c1ccccc1,0.38321715,uwm_md,train
*c1[nH]c(nc1c1ccc(cc1)Oc1ccc(cc1)C(=O)c1ccc(cc1)c1ccc(cc1)C(=O)c1ccc(cc1)Oc1ccc(cc1)*)c1ccccc1,0.38363841,uwm_md,train
*c1[nH]c(nc1c1ccc(cc1)Oc1ccc(cc1)C(=O)c1ccc(cc1)C(=O)c1ccc(cc1)C(=O)c1ccc(cc1)Oc1ccc(cc1)*)c1ccccc1,0.38623156,uwm_md,train
*c1[nH]c(nc1c1ccc(cc1)Oc1ccc(cc1)C(=O)c1ccc(cc1)Cc1ccc(cc1)C(=O)c1ccc(cc1)Oc1ccc(cc1)*)c1ccccc1,0.39839746,uwm_md,train
*c1[nH]c(nc1c1ccc(cc1)Oc1ccc(cc1)C(=O)c1ccc(cc1)Oc1ccc(cc1)C(=O)c1ccc(cc1)Oc1ccc(cc1)*)c1ccccc1,0.38523355,uwm_md,train
*c1[nH]c(nc1c1ccc(cc1)Oc1ccc(cc1)C(=O)c1cc2c(cc1)cc(cc2)C(=O)c1ccc(cc1)Oc1ccc(cc1)*)c1ccccc1,0.38999587,uwm_md,train
*c1nc(ccc1)Oc1ccc(cc1)O*,0.3485515,uwm_md,train
*c1nc(ccc1)Oc1ccc(cc1)c1ccc(cc1)O*,0.34884407,uwm_md,train
*c1nc(ccc1)Oc1c(cc(cc1)O*)C,0.35844504,uwm_md,train
*OC(C*)COc1ccc(cc1)c1ccc(cc1)C#N,0.3561426,uwm_md,train
*OC(C*)COc1ccc(cc1)c1ccc(cc1)OC,0.34505988,uwm_md,train
*OCC(C*)(COCC(F)(F)F)C,0.36946745,uwm_md,train
*OCC(C*)(COCC(C(C(F)(F)F)(F)F)(F)F)C,0.35888622,uwm_md,train
*OCC(C*)(COCC(C(C(C(C(C(C(F)(F)F)(F)F)(F)F)(F)F)(F)F)(F)F)(F)F)C,0.33988756,uwm_md,train
*C1OC(C(C(C1OC(=O)C)OC(=O)C)O*)COC(=O)C,0.33034582,uwm_md,train
*OP(=O)(Oc1c(cc(cc1Br)C(c1cc(c(c(c1)Br)*)Br)(C(F)(F)F)C(F)(F)F)Br)Oc1ccccc1,0.39155263,uwm_md,train
*OP(=O)(Oc1c(cc(cc1Br)C(c1cc(c(c(c1)Br)*)Br)(C(F)(F)F)C(F)(F)F)Br)Oc1ccc(cc1)C,0.39766764,uwm_md,train
*OP(=O)(Oc1c(cc(cc1Br)C(c1cc(c(c(c1)Br)*)Br)(C(F)(F)F)C(F)(F)F)Br)Oc1ccc(cc1)[N+](=O)[O-],0.39706819,uwm_md,train
*OP(=O)(Oc1c(cc(cc1Br)C(c1cc(c(c(c1)Br)*)Br)(C(F)(F)F)C(F)(F)F)Br)Oc1ccc(cc1)Br,0.39848019,uwm_md,test
*OP(=O)(Oc1c(cc(cc1Br)C(c1cc(c(c(c1)Br)*)Br)(C(F)(F)F)C(F)(F)F)Br)Oc1ccc(cc1)OC,0.38658695,uwm_md,train
*Oc1ccc(cc1)P(=O)(c1ccc(cc1)*)C,0.38176997,uwm_md,test
*Oc1ccc(cc1)P(=O)(c1ccc(cc1)Oc1ccc(cc1)P(=O)(c1ccc(cc1)*)c1ccccc1)C,0.38699983,uwm_md,train
*Oc1ccc(cc1)P(=O)(c1ccc(cc1)*)c1ccccc1,0.38958964,uwm_md,test
*Oc1ccc(cc1)N[Se]Nc1ccc(cc1)*,0.38958964,uwm_md,train
*Oc1ccc(cc1)S(=O)(=O)c1ccc(cc1)Oc1ccc(cc1)C12CC3(CC(CC(C1)C3)C2)c1ccc(cc1)*,0.37269141,uwm_md,train
*Oc1ccc(cc1)S(=O)(=O)c1ccc(cc1)Oc1ccc(cc1)C1(C2CC3CC(CC1C3)C2)c1ccc(cc1)*,0.38601547,uwm_md,train
*Oc1ccc(cc1)S(=O)(=O)c1ccc(cc1)Oc1ccc(cc1)C=NN=Cc1ccc(cc1)*,0.37217659,uwm_md,test
*Oc1ccc(cc1)c1ccc(cc1)Oc1ccc(cc1)C(=Nc1ccc(cc1)N=C(c1ccc(cc1)*)c1ccccc1)c1ccccc1,0.37996197,uwm_md,train
*Oc1ccc(cc1)Oc1ccc(cc1)C(=Nc1ccc(cc1)N=C(c1ccc(cc1)*)c1ccccc1)c1ccccc1,0.38545938,uwm_md,train
*Oc1ccc(cc1)C(=Nc1ccc(cc1)N=C(c1ccc(cc1)Oc1ccc(cc1)C(c1ccc(cc1)*)(C)C)c1ccccc1)c1ccccc1,0.38832422,uwm_md,test
*Oc1cc2c(cc1)ccc(c2)Oc1ccc(cc1)C(=Nc1ccc(cc1)N=C(c1ccc(cc1)*)c1ccccc1)c1ccccc1,0.38174047,uwm_md,train
*Oc1ccc(cc1)C(=Nc1ccc(cc1)N=C(c1ccc(cc1)Oc1ccc(cc1)C(c1ccc(cc1)*)(c1ccccc1)c1ccccc1)c1ccccc1)c1ccccc1,0.39566509,uwm_md,test
*Oc1ccc(cc1)N=C(c1ccc(cc1)Oc1ccc(cc1)c1ccc(cc1)Oc1ccc(cc1)C(=Nc1ccc(cc1)*)c1ccccc1)c1ccccc1,0.38227472,uwm_md,train
*Oc1ccc(cc1)Oc1ccc(cc1)C(=Nc1ccc(cc1)Oc1ccc(cc1)N=C(c1ccc(cc1)*)c1ccccc1)c1ccccc1,0.38246465,uwm_md,train
*Oc1ccc(cc1)N=C(c1ccc(cc1)Oc1ccc(cc1)C(c1ccc(cc1)Oc1ccc(cc1)C(=Nc1ccc(cc1)*)c1ccccc1)(C)C)c1ccccc1,0.38185283,uwm_md,train
*Oc1cc2c(cc1)ccc(c2)Oc1ccc(cc1)C(=Nc1ccc(cc1)Oc1ccc(cc1)N=C(c1ccc(cc1)*)c1ccccc1)c1ccccc1,0.38273527,uwm_md,train
*Oc1ccc(cc1)N=C(c1ccc(cc1)Oc1ccc(cc1)C(c1ccc(cc1)Oc1ccc(cc1)C(=Nc1ccc(cc1)*)c1ccccc1)(c1ccccc1)c1ccccc1)c1ccccc1,0.38989325,uwm_md,test
*Oc1ccc(cc1)C(=Nc1ccc(cc1)N=C(c1ccc(cc1)Oc1ccc(cc1)C(c1ccc(cc1)*)(C)C)C)C,0.38124481,uwm_md,test
*Oc1ccc(cc1)C(=Nc1ccc(cc1)N=C(c1ccc(cc1)Oc1ccc(cc1)C(c1ccc(cc1)*)(c1ccccc1)c1ccccc1)C)C,0.38978483,uwm_md,train
*Oc1ccc(cc1)N=C(c1ccc(cc1)Oc1ccc(cc1)C(c1ccc(cc1)Oc1ccc(cc1)C(=Nc1ccc(cc1)*)C)(C)C)C,0.37958544,uwm_md,train
*Oc1ccc(cc1)N=C(c1ccc(cc1)Oc1ccc(cc1)C(c1ccc(cc1)Oc1ccc(cc1)C(=Nc1ccc(cc1)*)C)(c1ccccc1)c1ccccc1)C,0.38825618,uwm_md,train
*Oc1ccc(cc1)C=Nc1ccc(cc1)N=Cc1ccc(cc1)Oc1ccc(cc1)C(c1ccc(cc1)*)(c1ccccc1)c1ccccc1,0.39135122,uwm_md,test
*Oc1ccc(cc1)N=Cc1ccc(cc1)Oc1ccc(cc1)C(c1ccc(cc1)Oc1ccc(cc1)C=Nc1ccc(cc1)*)(c1ccccc1)c1ccccc1,0.388023,uwm_md,train
*OC(=O)CCSCCC(=O)OCCOCC*,0.34050222,uwm_md,train
*OC(=O)CCSCCC(=O)OCCOCCOCC*,0.34274002,uwm_md,train
*OC(=O)CCSCCC(=O)OCCOCCOCCOCC*,0.34735821,uwm_md,test
*OC(=O)CCSCCC(=O)OCCOCCOCCOCCOCC*,0.34968925,uwm_md,train
*Oc1ccc(cc1)Oc1ccc(cc1)OCCCCCCOC(=O)OCCOC(=O)OCCCCCC*,0.35004228,uwm_md,train
*Oc1ccc(cc1)Oc1ccc(cc1)OCCCCCCOC(=O)OCCCOC(=O)OCCCCCC*,0.34845785,uwm_md,test
*Oc1ccc(cc1)Oc1ccc(cc1)OCCCCCCOC(=O)OCCCCOC(=O)OCCCCCC*,0.35116404,uwm_md,train
*Oc1ccc(cc1)Oc1ccc(cc1)OCCCCCCOC(=O)OCCCCCOC(=O)OCCCCCC*,0.35226204,uwm_md,test
*Oc1ccc(cc1)Oc1ccc(cc1)OCCCCCCOC(=O)OCCCCCCOC(=O)OCCCCCC*,0.35593526,uwm_md,train
*Oc1ccc(cc1)Oc1ccc(cc1)OCCCCCCOC(=O)OCCCCCCCCOC(=O)OCCCCCC*,0.35889601,uwm_md,test
*Oc1ccc(cc1)Oc1ccc(cc1)OCCCCCCOC(=O)OCCCCCCCCCOC(=O)OCCCCCC*,0.35651223,uwm_md,train
*Oc1ccc(cc1)Oc1ccc(cc1)OCCCCCCOC(=O)OCCCCCCCCCCOC(=O)OCCCCCC*,0.35910685,uwm_md,train
*Oc1ccc(cc1)Oc1ccc(cc1)OCCCCCCOC(=O)OCCCCCCCCCCCCOC(=O)OCCCCCC*,0.36332291,uwm_md,train
*Oc1ccc(cc1)C(=O)c1ccc(cc1)OCCCCCCOC(=O)OCCOC(=O)OCCCCCC*,0.34934036,uwm_md,train
*Oc1ccc(cc1)C(=O)c1ccc(cc1)OCCCCCCOC(=O)OCCCOC(=O)OCCCCCC*,0.34612362,uwm_md,train
*Oc1ccc(cc1)C(=O)c1ccc(cc1)OCCCCCCOC(=O)OCCCCOC(=O)OCCCCCC*,0.3498749,uwm_md,test
*Oc1ccc(cc1)C(=O)c1ccc(cc1)OCCCCCCOC(=O)OCCCCCOC(=O)OCCCCCC*,0.34762282,uwm_md,train
*Oc1ccc(cc1)C(=O)c1ccc(cc1)OCCCCCCOC(=O)OCCCCCCOC(=O)OCCCCCC*,0.35359242,uwm_md,test
*Oc1ccc(cc1)C(=O)c1ccc(cc1)OCCCCCCOC(=O)OCCCCCCCCOC(=O)OCCCCCC*,0.35645109,uwm_md,train
*Oc1ccc(cc1)C(=O)c1ccc(cc1)OCCCCCCOC(=O)OCCCCCCCCCOC(=O)OCCCCCC*,0.35587164,uwm_md,train
*Oc1ccc(cc1)C(=O)c1ccc(cc1)OCCCCCCOC(=O)OCCCCCCCCCCOC(=O)OCCCCCC*,0.36434074,uwm_md,train
*Oc1ccc(cc1)C(=O)c1ccc(cc1)OCCCCCCOC(=O)OCCCCCCCCCCCCOC(=O)OCCCCCC*,0.35846938,uwm_md,train
*Oc1c(cccc1)S(=O)(=O)c1ccc(cc1)*,0.36770444,uwm_md,train
*Oc1c2c(c(cc1)S(=O)(=O)c1ccc(cc1)*)cccc2,0.36846516,uwm_md,test
*Oc1ccc(cc1)S(=O)(=O)c1ccc(cc1)c1ccc(cc1)*,0.37072306,uwm_md,train
*Oc1ccc(cc1)OC(=O)c1ccc(cc1)C(=O)Oc1ccc(cc1)OCCCCCC*,0.34461787,uwm_md,train
*Oc1ccc(cc1)S(=O)(=O)c1c2c(ccc1)c(ccc2)S(=O)(=O)c1ccc(cc1)Oc1ccc(cc1)c1ccc(cc1)*,0.36562978,uwm_md,train
*Oc1ccc(cc1)S(=O)(=O)c1c2c(ccc1)c(ccc2)S(=O)(=O)c1ccc(cc1)Oc1c(cc(cc1C)c1cc(c(c(c1)C)*)C)C,0.3844626,uwm_md,train
*Oc1ccc(cc1)S(=O)(=O)c1cc2c(cc1)cc(cc2)S(=O)(=O)c1ccc(cc1)Oc1ccc(cc1)c1ccc(cc1)*,0.37364004,uwm_md,train
*Oc1ccc(cc1)S(=O)(=O)c1cc2c(cc1)cc(cc2)S(=O)(=O)c1ccc(cc1)Oc1c(cc(cc1C)c1cc(c(c(c1)C)*)C)C,0.39138896,uwm_md,test
*Oc1ccc(cc1)S(=O)(=O)c1cc2c(cc1)cc(cc2)S(=O)(=O)c1ccc(cc1)Oc1c(cc(c(c1C)C)c1c(c(c(c(c1)C)*)C)C)C,0.39776859,uwm_md,train
*c1cc2c(C(=O)OC2=Nc2cc(ccc2)Oc2cc(ccc2)Oc2cc(ccc2)N=C2OC(=O)c3c2cc(cc3)C(=O)*)cc1,0.35278937,uwm_md,train
*c1cc2c(C(=O)OC2=Nc2cc(ccc2)Oc2ccc(cc2)N=C2OC(=O)c3c2cc(cc3)C(=O)*)cc1,0.35475052,uwm_md,train
*c1cc2c(C(=O)OC2=Nc2ccc(cc2)Oc2ccc(cc2)C(c2ccc(cc2)Oc2ccc(cc2)N=C2OC(=O)c3c2cc(cc3)C(=O)*)(C(F)(F)F)C(F)(F)F)cc1,0.36045189,uwm_md,train
*c1nc(cnc1)Oc1ccc(cc1)C(c1ccc(cc1)O*)(C)C,0.35753445,uwm_md,train
*Oc1ccc(cc1)C(c1ccc(cc1)OCC(CN(CC(C*)O)c1ccc(cc1)C#N)O)(C)C,0.35785256,uwm_md,test
*Oc1ccc(cc1)c1ccc(cc1)Oc1ccc(cc1)C(=O)c1cc2c(cc1)cc(cc2)C(=O)c1ccc(cc1)*,0.38062816,uwm_md,test
*Oc1c(cc(cc1C)c1cc(c(c(c1)C)Oc1ccc(cc1)C(=O)c1cc2c(cc1)cc(cc2)C(=O)c1ccc(cc1)*)C)C,0.40029643,uwm_md,train
*c1nc2c(cc1)cc(cc2)C(=O)c1ccc(cc1)Oc1ccc(cc1)c1ccc(cc1)Oc1ccc(cc1)C(=O)*,0.38017203,uwm_md,test
*c1nc2c(cc1)cc(cc2)C(=O)c1ccc(cc1)Oc1c(cc(cc1C)c1cc(c(c(c1)C)Oc1ccc(cc1)C(=O)*)C)C,0.39852455,uwm_md,train
*c1nc2c(cc1)cc(cc2)C(=O)c1ccc(cc1)Oc1c(cc(c(c1C)C)c1c(c(c(c(c1)C)Oc1ccc(cc1)C(=O)*)C)C)C,0.40570264,uwm_md,test
*Oc1ccc(cc1)N=CNc1ccc(cc1)OCCOCC*,0.35570592,uwm_md,test
*OC(=O)c1ccc(cc1)N=CNc1ccc(cc1)C(=O)OCCOCC*,0.34881657,uwm_md,train
*Oc1ccc(cc1)SC(=O)Sc1ccc(cc1)*,0.3635142,uwm_md,train
*Oc1ccc(cc1)SC(=O)Oc1ccc(cc1)C(c1ccc(cc1)OC(=O)Sc1ccc(cc1)*)(C)C,0.34795585,uwm_md,test
*Oc1cc(ccc1)Oc1ccc(cc1)S(=O)(=O)c1ccc(cc1)*,0.3644213,uwm_md,train
*Oc1c(cccc1)Oc1ccc(cc1)S(=O)(=O)c1ccc(cc1)*,0.3645491,uwm_md,train
*Oc1ccc(cc1)S(=O)(=O)c1ccc(cc1)Oc1ccc(cc1)S(=O)(=O)c1ccc(cc1)c1ccc(cc1)S(=O)(=O)c1ccc(cc1)*,0.3714925,uwm_md,train
*Oc1ccc(cc1)Oc1ccc(cc1)S(=O)(=O)c1ccc(cc1)c1ccc(cc1)S(=O)(=O)c1ccc(cc1)*,0.36986468,uwm_md,train
*Oc1ccc(cc1)NC(=O)c1ccc(cc1)C(=O)Nc1ccc(cc1)Oc1ccc(cc1)C(=O)c1ccc(cc1)*,0.35575698,uwm_md,train
*Oc1ccc(cc1)NC(=O)c1cc(ccc1)C(=O)Nc1ccc(cc1)Oc1ccc(cc1)C(=O)c1ccc(cc1)*,0.3548653,uwm_md,train
*c1ncc(cc1)C(=O)Nc1ccc(cc1)Oc1ccc(cc1)C(=O)c1ccc(cc1)Oc1ccc(cc1)NC(=O)*,0.35989736,uwm_md,train
*Oc1cc(ccc1)NC(=O)c1ccc(cc1)C(=O)Nc1ccc(cc1)Oc1ccc(cc1)C(=O)c1ccc(cc1)*,0.35216883,uwm_md,train
*Oc1cc(ccc1)NC(=O)c1cc(ccc1)C(=O)Nc1ccc(cc1)Oc1ccc(cc1)C(=O)c1ccc(cc1)*,0.35172352,uwm_md,train
*c1ncc(cc1)C(=O)Nc1cc(ccc1)Oc1ccc(cc1)C(=O)c1ccc(cc1)Oc1cc(ccc1)NC(=O)*,0.3539953,uwm_md,train
*c1nc(nc(n1)c1ccc(cc1)Oc1ccc(cc1)c1ccc(cc1)Oc1ccc(cc1)*)c1ccccc1,0.40426914,uwm_md,train
*c1nc(nc(n1)c1ccc(cc1)Oc1ccc(cc1)Oc1ccc(cc1)*)c1ccccc1,0.40894875,uwm_md,train
*c1nc(nc(n1)c1ccc(cc1)Oc1ccc(cc1)C(c1ccc(cc1)Oc1ccc(cc1)*)(C)C)c1ccccc1,0.40568051,uwm_md,train
*c1nc(nc(n1)c1ccc(cc1)Oc1cc2c(cc1)ccc(c2)Oc1ccc(cc1)*)c1ccccc1,0.40348828,uwm_md,train
*c1nc(nc(n1)c1ccc(cc1)Oc1ccc(cc1)Sc1ccc(cc1)Oc1ccc(cc1)*)c1ccccc1,0.39963304,uwm_md,train
*c1nc(nc(n1)c1ccc(cc1)Oc1ccc(cc1)Oc1ccc(cc1)Oc1ccc(cc1)*)c1ccccc1,0.39322876,uwm_md,train
*c1nc(nc(n1)c1ccc(cc1)Oc1ccc(cc1)C(c1ccc(cc1)Oc1ccc(cc1)*)(c1ccccc1)c1ccccc1)c1ccccc1,0.42256432,uwm_md,test
*Oc1c(cc(cc1)OC(=O)c1ccc(cc1)OCCCCCCCCCCOc1ccc(cc1)C(=O)*)S(=O)(=O)c1ccccc1,0.35673875,uwm_md,test
*Oc1ccc(cc1)S(=O)(=O)c1ccc(cc1)Oc1ccc(cc1)NC(=O)c1cc(cc(c1)NC(=O)c1ccncc1)C(=O)Nc1ccc(cc1)*,0.35362805,uwm_md,train
*Oc1ccc(cc1)S(=O)(=O)c1ccc(cc1)Oc1ccc(cc1)NC(=O)c1cc(ccc1)C(=O)Nc1ccc(cc1)*,0.35823661,uwm_md,train
*Oc1ccc(cc1)NC(=O)c1cc(cc(c1)NC(=O)c1ccncc1)C(=O)Nc1ccc(cc1)*,0.33905768,uwm_md,train
*Oc1ccc(cc1)C(=O)c1ccc(cc1)NC(=O)c1ccc(cc1)C(=O)Nc1ccc(cc1)C(=O)c1ccc(cc1)*,0.35794829,uwm_md,train
*Oc1ccc(cc1)C(=O)c1cc(ccc1)NC(=O)c1ccc(cc1)C(=O)Nc1cc(ccc1)C(=O)c1ccc(cc1)*,0.35027261,uwm_md,test
*Oc1ccc(cc1)Oc1ccc(cc1)C(=O)c1ccc(cc1)NC(=O)c1ccc(cc1)C(=O)Nc1ccc(cc1)C(=O)c1ccc(cc1)*,0.3613444,uwm_md,train
*Oc1ccc(cc1)Oc1ccc(cc1)C(=O)c1cc(ccc1)NC(=O)c1ccc(cc1)C(=O)Nc1cc(ccc1)C(=O)c1ccc(cc1)*,0.35637997,uwm_md,train
*Oc1cc(ccc1)Oc1ccc(cc1)C(=O)c1ccc(cc1)NC(=O)c1ccc(cc1)C(=O)Nc1ccc(cc1)C(=O)c1ccc(cc1)*,0.35539719,uwm_md,train
*Oc1ccc(cc1)C(=O)c1ccc(cc1)NC(=O)c1cc(ccc1)C(=O)Nc1ccc(cc1)C(=O)c1ccc(cc1)*,0.35450759,uwm_md,train
*Oc1ccc(cc1)C(=O)c1cc(ccc1)NC(=O)c1cc(ccc1)C(=O)Nc1ccc(cc1)C(=O)c1ccc(cc1)*,0.35641643,uwm_md,train
*Oc1ccc(cc1)C(=O)c1cc(ccc1)NC(=O)c1cc(ccc1)C(=O)Nc1cc(ccc1)C(=O)c1ccc(cc1)*,0.35264877,uwm_md,train
*Oc1ccc(cc1)Oc1ccc(cc1)C(=O)c1ccc(cc1)NC(=O)c1cc(ccc1)C(=O)Nc1ccc(cc1)C(=O)c1ccc(cc1)*,0.36086621,uwm_md,train
*Oc1cc(ccc1)Oc1ccc(cc1)C(=O)c1ccc(cc1)NC(=O)c1cc(ccc1)C(=O)Nc1ccc(cc1)C(=O)c1ccc(cc1)*,0.35415935,uwm_md,train
*Oc1ccc(cc1)C(=O)c1cc(ccc1)NC(=O)CCCCCCCCC(=O)Nc1ccc(cc1)C(=O)c1ccc(cc1)*,0.35168897,uwm_md,test
*Oc1ccc(cc1)C(=O)c1cc(ccc1)NC(=O)CCCCCCCCC(=O)Nc1cc(ccc1)C(=O)c1ccc(cc1)*,0.35027949,uwm_md,train
*Oc1ccc(cc1)Oc1ccc(cc1)C(=O)c1ccc(cc1)NC(=O)CCCCCCCCC(=O)Nc1ccc(cc1)C(=O)c1ccc(cc1)*,0.35538717,uwm_md,train
*Oc1ccc(cc1)Oc1ccc(cc1)C(=O)c1cc(ccc1)NC(=O)CCCCCCCCC(=O)Nc1cc(ccc1)C(=O)c1ccc(cc1)*,0.35474585,uwm_md,train
*Oc1cc(ccc1)Oc1ccc(cc1)C(=O)c1ccc(cc1)NC(=O)CCCCCCCCC(=O)Nc1ccc(cc1)C(=O)c1ccc(cc1)*,0.35461809,uwm_md,train
*Oc1c(cc(cc1C)c1cc(c(c(c1)C)Oc1ccc(cc1)C(=O)c1ccc(cc1)*)C)C,0.40345957,uwm_md,train
*Oc1ccc(cc1)NC(=O)c1cc(ccc1)C(=O)Nc1ccc(cc1)Oc1ccc(cc1)C(c1cc(ccc1)C(c1ccc(cc1)*)(C)C)(C)C,0.35956065,uwm_md,train
*OP(=O)(Oc1c(cc(cc1C)S(=O)(=O)c1cc(c(c(c1)C)*)C)C)Oc1ccccc1,0.3661802,uwm_md,train
*OP(=O)(Oc1c(cc(cc1C)S(=O)(=O)c1cc(c(c(c1)C)*)C)C)Oc1ccc(cc1)C,0.36875805,uwm_md,train
*OP(=O)(Oc1c(cc(cc1C)S(=O)(=O)c1cc(c(c(c1)C)*)C)C)Oc1ccc(cc1)[N+](=O)[O-],0.36156233,uwm_md,test
*OP(=O)(Oc1c(cc(cc1C)S(=O)(=O)c1cc(c(c(c1)C)*)C)C)Oc1ccc(cc1)Br,0.37734655,uwm_md,train
*OP(=O)(Oc1c(cc(cc1C)S(=O)(=O)c1cc(c(c(c1)C)*)C)C)Oc1ccc(cc1)OC,0.35811043,uwm_md,train
*OP(=O)(Oc1ccc(cc1)S(=O)(=O)c1ccc(cc1)*)Oc1ccccc1,0.34868252,uwm_md,train
*OP(=O)(Oc1ccc(cc1)S(=O)(=O)c1ccc(cc1)*)Oc1ccc(cc1)C,0.35406248,uwm_md,train
*OP(=O)(Oc1ccc(cc1)S(=O)(=O)c1ccc(cc1)*)Oc1ccc(cc1)[N+](=O)[O-],0.35035156,uwm_md,train
*OP(=O)(Oc1ccc(cc1)S(=O)(=O)c1ccc(cc1)*)Oc1ccc(cc1)Br,0.36041928,uwm_md,train
*OP(=O)(Oc1ccc(cc1)S(=O)(=O)c1ccc(cc1)*)Oc1ccc(cc1)OC,0.34736304,uwm_md,train
*OP(=O)(OCCOc1ccc(cc1)S(=O)(=O)c1ccc(cc1)OCC*)Oc1ccccc1,0.34320859,uwm_md,test
*OP(=O)(OCCOc1ccc(cc1)S(=O)(=O)c1ccc(cc1)OCC*)Oc1ccc(cc1)C,0.34896025,uwm_md,test
*OP(=O)(OCCOc1ccc(cc1)S(=O)(=O)c1ccc(cc1)OCC*)Oc1ccc(cc1)[N+](=O)[O-],0.3392001,uwm_md,train
*OP(=O)(OCCOc1ccc(cc1)S(=O)(=O)c1ccc(cc1)OCC*)Oc1ccc(cc1)Br,0.35394137,uwm_md,test
*OP(=O)(OCCOc1ccc(cc1)S(=O)(=O)c1ccc(cc1)OCC*)Oc1ccc(cc1)OC,0.3433683,uwm_md,test
*Oc1cc(c(cc1)C(=O)O)C(=O)Nc1ccc(cc1)NC(=O)c1c(ccc(c1)*)C(=O)O,0.31304057,uwm_md,train
*OC(=O)OCCOCC*,0.32111694,uwm_md,train
*Oc1ccc(cc1)C(=O)OCCOCCOCCOC(=O)c1ccc(cc1)OC(=O)c1ccc(cc1)C(=O)*,0.33612915,uwm_md,train
*Oc1ccc(cc1)C(=O)OCCOCCOCCOCCOC(=O)c1ccc(cc1)OC(=O)c1ccc(cc1)C(=O)*,0.3367055,uwm_md,train
*c1nc(nc(n1)Oc1ccc(cc1)C1(CCCCC1)c1ccc(cc1)O*)OC,0.36354043,uwm_md,train
*Oc1c(cc(cc1)OC(=O)c1ccc(cc1)OCCCCCCOc1ccc(cc1)C(=O)*)S(=O)(=O)c1ccccc1,0.35188537,uwm_md,train
*Oc1c(cc(cc1)OC(=O)c1ccc(cc1)OCCCCCCCCCCCCOc1ccc(cc1)C(=O)*)S(=O)(=O)c1ccccc1,0.36220577,uwm_md,train
*c1nc2c(nc1c1ccccc1)cc(cc2)Oc1ccc(cc1)Oc1ccc(cc1)P(=O)(c1ccc(cc1)Oc1ccc(cc1)Oc1cc2c(nc(c(n2)c2ccccc2)c2ccc(cc2)*)cc1)c1ccccc1,0.40210863,uwm_md,train
*c1nc2c(nc1c1ccc(cc1)Oc1ccc(cc1)Oc1ccc(cc1)P(=O)(c1ccc(cc1)Oc1ccc(cc1)Oc1ccc(cc1)*)c1ccccc1)cccc2,0.38425793,uwm_md,train
*c1oc2c(n1)ccc(c2)c1ccc2c(oc(n2)c2ccc(cc2)Oc2ccc(cc2)Oc2ccc(cc2)P(=O)(c2ccc(cc2)Oc2ccc(cc2)Oc2ccc(cc2)*)c2ccccc2)c1,0.38892688,uwm_md,train
*Oc1cc(c(cc1)C=Nc1c(cc(cc1)c1cc(c(cc1)N=Cc1c(cc(cc1)OCCCCCCCCCC*)O)OC)OC)O,0.36372258,uwm_md,train
*Oc1cc(ccc1)NC(=O)c1cc(ccc1)C(=O)Nc1cc(ccc1)OCCCCC*,0.34386571,uwm_md,train
*Oc1cc(ccc1)NC(=O)c1ccc(cc1)C(=O)Nc1cc(ccc1)OCCCCCCCC*,0.34707685,uwm_md,train
*Oc1ccc(cc1)NC(=O)c1cc(ccc1)C(=O)Nc1ccc(cc1)OCCCCC*,0.34643018,uwm_md,train
*Oc1ccc(cc1)C(c1ccc(cc1)OCC(COC(=O)CCCCC(=O)OCC(C*)O)O)(C)C,0.33384251,uwm_md,test
*Oc1ccc(cc1)C(c1ccc(cc1)OCC(COC(=O)CCCCCCC(=O)OCC(C*)O)O)(C)C,0.34100579,uwm_md,train
*Oc1ccc(cc1)C(c1ccc(cc1)OCC(COC(=O)CCCCCCCCC(=O)OCC(C*)O)O)(C)C,0.3435317,uwm_md,train
*Oc1ccc(cc1)C(c1ccc(cc1)OCC(COC(=O)CCCCCCCCCCC(=O)OCC(C*)O)O)(C)C,0.34941747,uwm_md,train
*Oc1ccc(cc1)C(c1ccc(cc1)OCC(COC(=O)C1CCC(CC1)C(=O)OCC(C*)O)O)(C)C,0.334916,uwm_md,train
*Oc1ccc(cc1)C1(c2ccccc2c2ccccc12)c1ccc(cc1)OCC(COC(=O)C1CCC(CC1)C(=O)OCC(C*)O)O,0.34780473,uwm_md,test
*Oc1ccc(cc1)OCC(COC(=O)CCCCCCCCCCC(=O)OCC(C*)O)O,0.34177602,uwm_md,train
*Oc1ccc(cc1)OCC(COC(=O)CCCCC(=O)OCC(C*)O)O,0.3223982,uwm_md,train
*Oc1ccc(cc1)C(c1ccc(cc1)OC(=O)c1ccc(cc1)Oc1ccc(cc1)C(=O)*)(C(F)(F)F)C(F)(F)F,0.35569196,uwm_md,train
*C1COC2C1OCC2OC(=O)Oc1ccc(cc1)OC(=O)c1ccc(cc1)OC(=O)O*,0.33078823,uwm_md,train
*OP(=O)(OC(COc1ccc(cc1)S(=O)(=O)c1ccc(cc1)OCC(*)CCl)CCl)Oc1ccccc1,0.35156893,uwm_md,train
*OP(=O)(OC(COc1ccc(cc1)S(=O)(=O)c1ccc(cc1)OCC(*)CCl)CCl)Oc1ccc(cc1)Br,0.3602855,uwm_md,test
*OP(=O)(Oc1ccc(cc1)NC(=O)Oc1ccc(cc1)c1ccc(cc1)OC(=O)Nc1ccc(cc1)*)c1ccccc1,0.34568614,uwm_md,test
*OP(=O)(Oc1ccc(cc1)NC(=O)OCCCCCCOC(=O)Nc1ccc(cc1)*)c1ccccc1,0.34447887,uwm_md,train
*OP(=O)(Oc1ccc(cc1)NC(=O)Oc1ccc(cc1)C(c1ccc(cc1)OC(=O)Nc1ccc(cc1)*)(C)C)c1ccccc1,0.35222708,uwm_md,train
*Oc1ccc(cc1)NC(=O)c1c(ccc(c1)c1cc(c(cc1)C(=O)O)C(=O)Nc1ccc(cc1)*)C(=O)O,0.32759097,uwm_md,train
*c1oc(nn1)c1c2c(c(cc1)Oc1ccc(cc1)C(c1ccc(cc1)Oc1c3c(c(cc1)*)cccc3)(C(F)(F)F)C(F)(F)F)cccc2,0.39620569,uwm_md,train
*Oc1ccc(cc1)C(c1ccc(cc1)Oc1ccc(cc1)C(C(c1ccc(cc1)*)O)O)(C)C,0.36610689,uwm_md,train
*Oc1ccc(cc1)NC(=O)c1cc(cc(c1)C(C)(C)C)C(=O)Nc1ccc(cc1)Oc1ccc(cc1)C(c1ccc(cc1)*)(C)C,0.36926959,uwm_md,test
*OP(=O)(N=Nc1ccc(cc1)c1ccc(cc1)N=NP(=O)(OCC*)OCC)OCC,0.35913079,uwm_md,train
*OP(=O)(N=Nc1ccc(cc1)Oc1ccc(cc1)N=NP(=O)(OCC*)OCC)OCC,0.3620127,uwm_md,train
*OP(=O)(N=Nc1ccc(cc1)C(=O)c1ccc(cc1)N=NP(=O)(OCC*)OCC)OCC,0.36466519,uwm_md,test
*OP(=O)(N=Nc1ccc(cc1)c1ccc(cc1)N=NP(=O)(OCCCCCC*)OC)OC,0.36135767,uwm_md,test
*OP(=O)(N=Nc1ccc(cc1)Oc1ccc(cc1)N=NP(=O)(OCCCCCC*)OC)OC,0.36018857,uwm_md,train
*OP(=O)(N=Nc1ccc(cc1)C(=O)c1ccc(cc1)N=NP(=O)(OCCCCCC*)OC)OC,0.3606996,uwm_md,test
*OP(=O)(N=Nc1ccc(cc1)c1ccc(cc1)N=NP(=O)(OCCOCC*)OC)OC,0.35788799,uwm_md,train
*OP(=O)(N=Nc1ccc(cc1)Oc1ccc(cc1)N=NP(=O)(OCCOCC*)OC)OC,0.35616921,uwm_md,train
*OP(=O)(N=Nc1ccc(cc1)C(=O)c1ccc(cc1)N=NP(=O)(OCCOCC*)OC)OC,0.35159394,uwm_md,test
*OP(=O)(N=Nc1ccc(cc1)c1ccc(cc1)N=NP(=O)(OCC1CCC(CC1)C*)OC)OC,0.3611032,uwm_md,train
*OP(=O)(N=Nc1ccc(cc1)Oc1ccc(cc1)N=NP(=O)(OCC1CCC(CC1)C*)OC)OC,0.36114969,uwm_md,train
*OP(=O)(N=Nc1ccc(cc1)C(=O)c1ccc(cc1)N=NP(=O)(OCC1CCC(CC1)C*)OC)OC,0.36569586,uwm_md,test
*OP(=O)(N=Nc1ccc(cc1)c1ccc(cc1)N=NP(=O)(OCc1ccc(cc1)C*)OC)OC,0.35769989,uwm_md,train
*OP(=O)(N=Nc1ccc(cc1)Oc1ccc(cc1)N=NP(=O)(OCc1ccc(cc1)C*)OC)OC,0.35571352,uwm_md,train
*OP(=O)(N=Nc1ccc(cc1)C(=O)c1ccc(cc1)N=NP(=O)(OCc1ccc(cc1)C*)OC)OC,0.35518082,uwm_md,test
*OC(=O)c1cc(cc(c1)OCCCCCCOc1ccc(cc1)c1ccc(cc1)OC)C(=O)OCCOCCOCCOCCOCCOCC*,0.34770487,uwm_md,train
*OC(=O)c1cc(ccc1)C(=O)OCCOCCOCCOCCOCCOCC*,0.34081676,uwm_md,train
*Oc1c(cc(cc1C)*)C(CCCCC)C,0.41074836,uwm_md,train
*Oc1c(cc(cc1C)*)C(CCCCCC)C,0.41283959,uwm_md,train
*Oc1c(cc(cc1C)*)C(CCCCCCCC)C,0.40648391,uwm_md,test
*Oc1c(cc(c(c1)C(C)(C)C)Oc1ccc(cc1)C(=O)c1ccc(cc1)*)C(C)(C)C,0.40798893,uwm_md,train
*Oc1c(cc(cc1)Oc1ccc(cc1)C(=O)c1ccc(cc1)*)c1ccccc1,0.38222364,uwm_md,train
*Oc1ccc(cc1)NC(=O)c1ccc(cc1)*,0.35267198,uwm_md,train
*Oc1ccc(cc1)C1(c2ccccc2c2ccccc12)c1ccc(cc1)Oc1ccc(cc1)C(=O)c1c(cccc1)c1c(cccc1)C(=O)c1ccc(cc1)*,0.38946752,uwm_md,train
*Oc1ccc(cc1)C1(c2ccccc2c2ccccc12)c1ccc(cc1)Oc1cc(c(cc1)C(=O)c1ccccc1)c1c(ccc(c1)*)C(=O)c1ccccc1,0.39595329,uwm_md,train
*Oc1ccc(cc1)C(=O)c1cc(ccc1)c1cc(ccc1)C(=O)c1ccc(cc1)*,0.36823829,uwm_md,test
*c1oc(nn1)c1sc(cc1CCCCCCCC)c1oc(nn1)c1c(cc(c(c1)OCCCCCCCC)*)OCCCCCCCC,0.41777055,uwm_md,train
*c1oc(nn1)c1sc(c(c1)CCCCCCCCCC)c1sc(cc1CCCCCCCCCC)c1oc(nn1)c1c(cc(c(c1)OCCCCCCCC)*)OCCCCCCCC,0.40215236,uwm_md,train
*c1oc(nn1)c1sc(c(c1)CCCCCCCC)c1sc(cc1)c1sc(cc1CCCCCCCC)c1oc(nn1)c1c(cc(c(c1)OCCCCCCCC)*)OCCCCCCCC,0.41155198,uwm_md,train
*c1c(nc2c(n1)cc(cc2)Oc1ccc(cc1)NC(=O)c1cc(cc(c1)N1C(=O)c2c(C1=O)cccc2)C(=O)Nc1ccc(cc1)Oc1cc2c(nc(c(n2)c2ccc(cc2)*)c2ccccc2)cc1)c1ccccc1,0.38397838,uwm_md,test
*Oc1ccc(cc1)Oc1ccc(cc1)NC(=O)c1c(cc(cc1)c1cc(c(cc1)C(=O)Nc1ccc(cc1)*)C)C,0.35817189,uwm_md,train
*Oc1cc(ccc1)Oc1ccc(cc1)NC(=O)c1c(cc(cc1)c1cc(c(cc1)C(=O)Nc1ccc(cc1)*)C)C,0.35683995,uwm_md,train
*Oc1ccc(cc1)Oc1ccc(cc1)Oc1ccc(cc1)NC(=O)c1c(cc(cc1)c1cc(c(cc1)C(=O)Nc1ccc(cc1)*)C)C,0.36165997,uwm_md,test
*Oc1ccc(cc1)S(=O)(=O)c1ccc(cc1)Oc1ccc(cc1)NC(=O)c1c(cc(cc1)c1cc(c(cc1)C(=O)Nc1ccc(cc1)*)C)C,0.36387145,uwm_md,train
*Oc1ccc(cc1)S(=O)(=O)c1ccc(cc1)Oc1cc(ccc1)NC(=O)c1c(cc(cc1)c1cc(c(cc1)C(=O)Nc1cc(ccc1)*)C)C,0.35676805,uwm_md,train
*Oc1ccc(cc1)NC(=O)c1c(cc(cc1)c1cc(c(cc1)C(=O)Nc1ccc(cc1)Oc1ccc(cc1)C(c1ccc(cc1)*)(C)C)C)C,0.36556689,uwm_md,train
*Oc1ccc(cc1)C(c1ccc(cc1)Oc1c(cc(cc1)C(=O)c1ccc(cc1)C(=O)c1cc(c(cc1)*)C(F)(F)F)C(F)(F)F)(C)C,0.38323456,uwm_md,train
*Oc1ccc(cc1)c1ccc(cc1)Oc1c(cc(cc1)C(=O)c1ccc(cc1)C(=O)c1cc(c(cc1)*)C(F)(F)F)C(F)(F)F,0.37975744,uwm_md,train
*Oc1ccc(cc1)S(=O)(=O)c1ccc(cc1)Oc1ccc(cc1)C1(CCCC1)c1ccc(cc1)*,0.37454618,uwm_md,train
*Oc1ccc(cc1)S(=O)(=O)c1ccc(cc1)Oc1ccc(cc1)C1(CCCCCC1)c1ccc(cc1)*,0.37649846,uwm_md,train
*Oc1ccc(cc1)C(c1ccc(cc1)OC(=O)c1ccc(cc1)OCCCCCCCCCCOc1ccc(cc1)C(=O)*)(C)C,0.35755108,uwm_md,train
*Oc1ccc(cc1)C(c1ccc(cc1)OC(=O)c1ccc(cc1)OCCCCCCCCCCOc1ccc(cc1)C(=O)*)(C(F)(F)F)C(F)(F)F,0.35492275,uwm_md,train
*Oc1c(cc(cc1Br)C(c1cc(c(c(c1)Br)OC(=O)c1ccc(cc1)OCCCCCCCCCCOc1ccc(cc1)C(=O)*)Br)(C)C)Br,0.39126002,uwm_md,test
*Oc1c(cc(cc1Cl)C(c1cc(c(c(c1)Cl)OC(=O)c1ccc(cc1)OCCCCCCCCCCOc1ccc(cc1)C(=O)*)Cl)(C)C)Cl,0.37760348,uwm_md,train
*Oc1ccc(cc1)C(c1ccc(cc1)Oc1ccc(cc1)C(=O)c1cc(ccc1)c1cc(ccc1)C(=O)c1ccc(cc1)*)(C(F)(F)F)C(F)(F)F,0.37249164,uwm_md,train
*Oc1ccc(cc1)C1(c2ccccc2c2ccccc12)c1ccc(cc1)Oc1ccc(cc1)C(=O)c1cc(ccc1)c1cc(ccc1)C(=O)c1ccc(cc1)*,0.38241447,uwm_md,train
*Oc1c(cc(cc1C)c1cc(c(c(c1)C)Oc1ccc(cc1)C(=O)c1c(cccc1)c1c(cccc1)C(=O)c1ccc(cc1)*)C)C,0.40252214,uwm_md,train
*Oc1c2c(c(cc1)C(=O)c1ccc(cc1)Oc1ccc(cc1)C(c1ccc(cc1)*)(C(F)(F)F)C(F)(F)F)cccc2,0.36856069,uwm_md,train
*Oc1c2c(c(cc1)C(=O)c1ccc(cc1)Oc1ccc(cc1)C1(c3ccccc3c3ccccc13)c1ccc(cc1)*)cccc2,0.4002848,uwm_md,train
*c1nc2c(c(c1)c1ccccc1)cc(cc2)Oc1cc2c(nc(cc2c2ccccc2)c2c(ccc(c2)*)OCCN(c2ccc(cc2)c2sc(cc2)C(=C(C#N)C#N)c2ccc(cc2)N(CC)CC)CC)cc1,0.40104761,uwm_md,train
*c1nc2c(c(c1)c1ccccc1)cc(cc2)Oc1cc2c(nc(cc2c2ccccc2)c2c(ccc(c2)*)OCCN(c2ccc(cc2)c2sc(cc2)C(=C(C#N)C#N)c2sc(cc2)c2ccc(cc2)N(CC)CC)CC)cc1,0.40222587,uwm_md,train
*c1nc2c(c(c1)c1ccccc1)cc(cc2)Oc1cc2c(nc(cc2c2ccccc2)c2ccc(cc2)C(c2ccc(cc2)*)(C(F)(F)F)C(F)(F)F)cc1,0.40660468,uwm_md,train
*Oc1ccc(cc1)c1ccc(cc1)OCCCCCCCCOC(=O)Nc1c(cc(cc1)NC(=O)OCCCCCCCC*)C,0.3579984,uwm_md,train
*Oc1ccc(cc1)c1ccc(cc1)OCCCCCCCCCCCOC(=O)Nc1c(cc(cc1)NC(=O)OCCCCCCCCCCC*)C,0.36758677,uwm_md,train
*Oc1ccc(cc1)c1ccc(cc1)OCCCCCCOC(=O)Nc1c(cc(cc1)NC(=O)OCCCCCC*)C,0.34994782,uwm_md,train
*Oc1ccc(cc1)C(c1ccc(cc1)OCC(C*)(CCl)CO)(C(F)(F)F)C(F)(F)F,0.35329338,uwm_md,train
*Oc1c(cc(c(c1)C(=O)c1ccccc1)Oc1ccc(cc1)*)C(=O)c1ccccc1,0.37661047,uwm_md,train
*Oc1ccc(cc1)C(=Cc1ccc(cc1)OCCOCC*)C,0.36557344,uwm_md,train
*Oc1cc(ccc1)NC(=O)c1cc(ccc1)C(=O)Nc1cc(ccc1)OCCOCC*,0.3366937,uwm_md,train
*Oc1cc(ccc1)NC(=O)c1ccc(cc1)C(=O)Nc1cc(ccc1)OCCOCC*,0.33599238,uwm_md,test
*Oc1ccc(cc1)NC(=O)c1cc(ccc1)C(=O)Nc1ccc(cc1)OCCOCC*,0.33617998,uwm_md,train
*Oc1cc(ccc1)NC(=O)c1cc(ccc1)C(=O)Nc1cc(ccc1)OCCOCCOCC*,0.33785763,uwm_md,train
*Oc1cc(ccc1)NC(=O)c1ccc(cc1)C(=O)Nc1cc(ccc1)OCCOCCOCC*,0.33695594,uwm_md,train
*Oc1ccc(cc1)NC(=O)c1cc(ccc1)C(=O)Nc1ccc(cc1)OCCOCCOCC*,0.34013313,uwm_md,train
*Oc1cc(ccc1)NC(=O)c1ccc(cc1)C(=O)Nc1cc(ccc1)OCCCCC*,0.34353259,uwm_md,test
*Oc1cc(ccc1)NC(=O)c1cc(ccc1)C(=O)Nc1cc(ccc1)OCCCCCCCC*,0.35145128,uwm_md,train
*Oc1ccc(cc1)NC(=O)c1cc(ccc1)C(=O)Nc1ccc(cc1)OCCCCCCCC*,0.35153722,uwm_md,test
*Oc1ccc(cc1)NC(=C(C#N)C#N)c1cc(ccc1)C(=C(C#N)C#N)Nc1ccc(cc1)Oc1ccc(cc1)NC(=O)c1ccc(cc1)C(=O)Nc1ccc(cc1)*,0.37385099,uwm_md,train
*Oc1ccc(cc1)NC(=O)c1cc(cc(c1)NC(=O)c1ccc(cc1)OC(=O)C)C(=O)Nc1ccc(cc1)*,0.33796697,uwm_md,train
*Oc1cc(ccc1)NC(=O)c1cc(cc(c1)NC(=O)c1ccc(cc1)OC(=O)C)C(=O)Nc1ccc(cc1)*,0.3340158,uwm_md,test
*Oc1ccc(cc1)Oc1ccc(cc1)NC(=O)c1cc(cc(c1)NC(=O)c1ccc(cc1)OC(=O)C)C(=O)Nc1ccc(cc1)*,0.34312529,uwm_md,train
*Oc1cc(ccc1)Oc1ccc(cc1)NC(=O)c1cc(cc(c1)NC(=O)c1ccc(cc1)OC(=O)C)C(=O)Nc1ccc(cc1)*,0.3367398,uwm_md,train
*Oc1ccc(cc1)S(=O)(=O)c1ccc(cc1)Oc1ccc(cc1)NC(=O)c1cc(cc(c1)NC(=O)c1ccc(cc1)OC(=O)C)C(=O)Nc1ccc(cc1)*,0.34979882,uwm_md,train
*Oc1ccc(cc1)NC(=O)c1cc(cc(c1)NC(=O)c1ccc(cc1)OC(=O)C)C(=O)Nc1ccc(cc1)Oc1ccc(cc1)C(c1ccc(cc1)*)(C)C,0.35350082,uwm_md,train
*Oc1ccc(cc1)NC(=O)c1cc(cc(c1)NC(=O)c1ccc(cc1)OC(=O)C)C(=O)Nc1ccc(cc1)Oc1ccc(cc1)c1ccc(cc1)*,0.34777733,uwm_md,test
*OCCOCCOCCCNC(=O)CCCCCCCCC(=O)NCCC*,0.3490113,uwm_md,train
*OCCOCCOCCCNC(=O)C(NC(=O)CCCCCCCCC(=O)NC(C(=O)NCCC*)Cc1ccccc1)Cc1ccccc1,0.35141201,uwm_md,train
*OCCOCCOCCCNC(=O)CNC(=O)C(NC(=O)CCCCCCCCC(=O)NC(C(=O)NCC(=O)NCCC*)Cc1ccccc1)Cc1ccccc1,0.34027118,uwm_md,test
*OCCOCCOCCCNC(=O)CNC(=O)C(NC(=O)C(NC(=O)CCCCCCCCC(=O)NC(C(=O)NC(C(=O)NCC(=O)NCCC*)C(C)C)Cc1ccccc1)Cc1ccccc1)C(C)C,0.34386538,uwm_md,train
*OCCOCCOCCCNC(=O)C(NC(=O)C(NC(=O)CCCCCCCCC(=O)NC(C(=O)NC(C(=O)NCCC*)C(C)C)Cc1ccccc1)Cc1ccccc1)C(C)C,0.34899724,uwm_md,train
*Oc1c(cc(cc1OC)C=Cc1c(cc(c(c1)CCCCCC)C=Cc1cc(c(c(c1)OC)OCCCCCCCC*)OC)CCCCCC)OC,0.38267439,uwm_md,train
*Oc1c(cc(cc1OC)C=Cc1c(cc(c(c1)C(C)C)C=Cc1cc(c(c(c1)OC)OCCCCCCCC*)OC)C(C)C)OC,0.3769967,uwm_md,test
*Oc1ccc(cc1)c1cc(c(c(c1)c1ccccc1)c1ccc(cc1)NC(=O)c1ccc(cc1)C(=O)Nc1ccc(cc1)c1c(cc(cc1c1ccccc1)c1ccc(cc1)OCCCCCC*)c1ccccc1)c1ccccc1,0.37246219,uwm_md,train
*Oc1ccc(cc1)c1cc(c(c(c1)c1ccccc1)c1ccc(cc1)NC(=O)c1ccc(cc1)C(=O)Nc1ccc(cc1)c1c(cc(cc1c1ccccc1)c1ccc(cc1)OCCCCCCCCCC*)c1ccccc1)c1ccccc1,0.37093746,uwm_md,train
*Oc1ccc(cc1)c1cc(c(c(c1)c1ccc(cc1)c1ccccc1)c1ccc(cc1)NC(=O)c1ccc(cc1)C(=O)Nc1ccc(cc1)c1c(cc(cc1c1ccc(cc1)c1ccccc1)c1ccc(cc1)OCCCCCC*)c1ccc(cc1)c1ccccc1)c1ccc(cc1)c1ccccc1,0.36743587,uwm_md,train
*Oc1ccc(cc1)c1cc(c(c(c1)c1ccc(cc1)c1ccccc1)c1ccc(cc1)NC(=O)c1ccc(cc1)C(=O)Nc1ccc(cc1)c1c(cc(cc1c1ccc(cc1)c1ccccc1)c1ccc(cc1)OCCCCCCCCCC*)c1ccc(cc1)c1ccccc1)c1ccc(cc1)c1ccccc1,0.36612407,uwm_md,train
*Oc1ccc(cc1)NC(=O)c1cc2c(cc1)cc(cc2)C(=O)Nc1ccc(cc1)Oc1ccc(cc1)C1(C2CCC(C1)C2)c1ccc(cc1)*,0.37134443,uwm_md,train
*Oc1ccc(cc1)NC(=O)c1ccc(cc1)c1ccc(cc1)C(=O)Nc1ccc(cc1)Oc1ccc(cc1)C1(C2CCC(C1)C2)c1ccc(cc1)*,0.3665982,uwm_md,train
*Oc1ccc(cc1)NC(=O)c1ccc(cc1)S(=O)(=O)c1ccc(cc1)C(=O)Nc1ccc(cc1)Oc1ccc(cc1)C1(C2CCC(C1)C2)c1ccc(cc1)*,0.37041679,uwm_md,train
*Oc1ccc(cc1)NC(=O)c1ccc(cc1)C(=O)Nc1ccc(cc1)Oc1ccc(cc1)C1(C2CCC(C1)C2)c1ccc(cc1)*,0.36666266,uwm_md,train
*Oc1ccc(cc1)NC(=O)c1cc(ccc1)C(=O)Nc1ccc(cc1)Oc1ccc(cc1)C1(C2CCC(C1)C2)c1ccc(cc1)*,0.36723415,uwm_md,train
*Oc1ccc(cc1)NC(=O)c1cc(cc(c1)C(C)(C)C)C(=O)Nc1ccc(cc1)Oc1ccc(cc1)C1(C2CCC(C1)C2)c1ccc(cc1)*,0.37881264,uwm_md,test
*C1COC2C1OCC2OC(=O)c1ccc(cc1)C(=O)O*,0.33842265,uwm_md,train
*Oc1ccc(cc1)CC(NC(=O)CCc1ccc(cc1)OC(=O)COCC(=O)*)C(=O)OCCCC,0.33911271,uwm_md,train
*Oc1ccc(cc1)CC(NC(=O)CCc1ccc(cc1)OC(=O)COCC(=O)*)C(=O)OCc1ccccc1,0.33379444,uwm_md,train
*Oc1ccc(cc1)CC(NC(=O)CCc1ccc(cc1)OC(=O)COCC(=O)*)C(=O)OCCCCCCCCCCCC,0.35696126,uwm_md,train
*Oc1ccc(cc1)CC(NC(=O)CCc1ccc(cc1)OC(=O)COCC(=O)*)C(=O)OCC,0.33546601,uwm_md,train
*Oc1ccc(cc1)CC(NC(=O)CCc1ccc(cc1)OC(=O)COCC(=O)*)C(=O)OCCOCCOCC,0.33608462,uwm_md,train
*Oc1ccc(cc1)CC(NC(=O)CCc1ccc(cc1)OC(=O)COCC(=O)*)C(=O)OCCCCCC,0.34376894,uwm_md,train
*Oc1ccc(cc1)CC(NC(=O)CCc1ccc(cc1)OC(=O)COCC(=O)*)C(=O)OC,0.33150539,uwm_md,train
*Oc1ccc(cc1)CC(NC(=O)CCc1ccc(cc1)OC(=O)COCC(=O)*)C(=O)OCCCCCCCC,0.34855736,uwm_md,train
*Oc1ccc(cc1)CC(NC(=O)CCc1ccc(cc1)OC(=O)COCC(=O)*)C(=O)OCC(C)C,0.33925962,uwm_md,train
*Oc1ccc(cc1)CC(NC(=O)CCc1ccc(cc1)OC(=O)COCC(=O)*)C(=O)OC(C)C,0.33804671,uwm_md,train
*Oc1ccc(cc1)CC(NC(=O)CCc1ccc(cc1)OC(=O)COCC(=O)*)C(=O)OC(CC)C,0.341417,uwm_md,train
*Oc1ccc(cc1)CC(NC(=O)CCc1ccc(cc1)OC(=O)COCCOCC(=O)*)C(=O)OCCCC,0.34168737,uwm_md,train
*Oc1ccc(cc1)CC(NC(=O)CCc1ccc(cc1)OC(=O)COCCOCC(=O)*)C(=O)OCc1ccccc1,0.33524164,uwm_md,train
*Oc1ccc(cc1)CC(NC(=O)CCc1ccc(cc1)OC(=O)COCCOCC(=O)*)C(=O)OCCCCCCCCCCCC,0.35598861,uwm_md,train
*Oc1ccc(cc1)CC(NC(=O)CCc1ccc(cc1)OC(=O)COCCOCC(=O)*)C(=O)OCC,0.33648171,uwm_md,train
*Oc1ccc(cc1)CC(NC(=O)CCc1ccc(cc1)OC(=O)COCCOCC(=O)*)C(=O)OCCOCCOCC,0.33730096,uwm_md,train
*Oc1ccc(cc1)CC(NC(=O)CCc1ccc(cc1)OC(=O)COCCOCC(=O)*)C(=O)OCCCCCC,0.34629979,uwm_md,train
*Oc1ccc(cc1)CC(NC(=O)CCc1ccc(cc1)OC(=O)COCCOCC(=O)*)C(=O)OC,0.33270357,uwm_md,train
*Oc1ccc(cc1)CC(NC(=O)CCc1ccc(cc1)OC(=O)COCCOCC(=O)*)C(=O)OCCCCCCCC,0.34916517,uwm_md,train
*Oc1ccc(cc1)CC(NC(=O)CCc1ccc(cc1)OC(=O)COCCOCC(=O)*)C(=O)OCC(C)C,0.3422569,uwm_md,train
*Oc1ccc(cc1)CC(NC(=O)CCc1ccc(cc1)OC(=O)COCCOCC(=O)*)C(=O)OC(C)C,0.33859086,uwm_md,train
*Oc1ccc(cc1)CC(NC(=O)CCc1ccc(cc1)OC(=O)COCCOCC(=O)*)C(=O)OC(CC)C,0.3394136,uwm_md,test
*Oc1ccc(cc1)CC(NC(=O)Cc1ccc(cc1)OC(=O)COCC(=O)*)C(=O)OCC,0.33180261,uwm_md,train
*Oc1ccc(cc1)CC(NC(=O)Cc1ccc(cc1)OC(=O)COCC(=O)*)C(=O)OCCCCCC,0.34424319,uwm_md,train
*Oc1ccc(cc1)CC(NC(=O)Cc1ccc(cc1)OC(=O)COCC(=O)*)C(=O)OCCCCCCCC,0.34542529,uwm_md,train
*Oc1ccc(cc1)CC(NC(=O)Cc1ccc(cc1)OC(=O)COCCOCC(=O)*)C(=O)OCC,0.33327297,uwm_md,train
*Oc1ccc(cc1)CC(NC(=O)Cc1ccc(cc1)OC(=O)COCCOCC(=O)*)C(=O)OCCCCCC,0.3424812,uwm_md,train
*Oc1ccc(cc1)CC(NC(=O)Cc1ccc(cc1)OC(=O)COCCOCC(=O)*)C(=O)OCCCCCCCC,0.34897667,uwm_md,train
*Oc1c(cc(cc1)c1ccc(cc1)c1cc(c(cc1)Oc1ccc(cc1)C(c1ccc(cc1)*)(C(F)(F)F)C(F)(F)F)C(F)(F)F)C(F)(F)F,0.37834788,uwm_md,train
*Oc1c(cc(cc1)c1ccc(cc1)c1cc(c(cc1)Oc1ccc(cc1)C(c1ccc(cc1)*)(C)C)C(F)(F)F)C(F)(F)F,0.37983546,uwm_md,test
*Oc1ccc(cc1)C1(c2ccccc2c2ccccc12)c1ccc(cc1)Oc1c(cc(cc1)c1ccc(cc1)c1cc(c(cc1)*)C(F)(F)F)C(F)(F)F,0.40015499,uwm_md,train
*Oc1ccc(cc1)c1ccc(cc1)Oc1c(cc(cc1)c1ccc(cc1)c1cc(c(cc1)*)C(F)(F)F)C(F)(F)F,0.37694175,uwm_md,train
*Oc1ccc(cc1)S(=O)(=O)c1ccc(cc1)Oc1c(cc(cc1)c1ccc(cc1)c1cc(c(cc1)*)C(F)(F)F)C(F)(F)F,0.37643427,uwm_md,train
*c1nc(ccc1)c1cc(c(cc1)Oc1ccc(cc1)C(c1ccc(cc1)Oc1c(cc(cc1)*)C(F)(F)F)(C(F)(F)F)C(F)(F)F)C(F)(F)F,0.38991023,uwm_md,train
*c1nc(ccc1)c1cc(c(cc1)Oc1ccc(cc1)C(c1ccc(cc1)Oc1c(cc(cc1)*)C(F)(F)F)(C)C)C(F)(F)F,0.39554354,uwm_md,train
*c1nc(ccc1)c1cc(c(cc1)Oc1ccc(cc1)C1(c2ccccc2c2ccccc12)c1ccc(cc1)Oc1c(cc(cc1)*)C(F)(F)F)C(F)(F)F,0.41115337,uwm_md,train
*c1sc(cc1)c1cc(c(cc1)Oc1ccc(cc1)C(c1ccc(cc1)Oc1c(cc(cc1)*)C(F)(F)F)(C(F)(F)F)C(F)(F)F)C(F)(F)F,0.40617944,uwm_md,train
*c1sc(cc1)c1cc(c(cc1)Oc1ccc(cc1)C(c1ccc(cc1)Oc1c(cc(cc1)*)C(F)(F)F)(C)C)C(F)(F)F,0.41103531,uwm_md,train
*c1sc(cc1)c1cc(c(cc1)Oc1ccc(cc1)C1(c2ccccc2c2ccccc12)c1ccc(cc1)Oc1c(cc(cc1)*)C(F)(F)F)C(F)(F)F,0.43261591,uwm_md,train
*Oc1c(c(cc(c1)Cl)Cl)*,0.39826398,uwm_md,train
*Oc1c(cc(cc1)OCCCC(=O)NNC(=O)c1ccc(cc1)C(=O)NNC(=O)CCC*)C,0.33330839,uwm_md,train
*Oc1c(cc(cc1)OCCCCC(=O)NNC(=O)c1ccc(cc1)C(=O)NNC(=O)CCCC*)C,0.33967136,uwm_md,train
*Oc1c(cc(cc1)OCCCCCC(=O)NNC(=O)c1ccc(cc1)C(=O)NNC(=O)CCCCC*)C,0.34281562,uwm_md,train
*c1oc(nn1)c1ccc(cc1)c1oc(nn1)CCCOc1c(cc(cc1)OCCC*)C,0.37021373,uwm_md,train
*c1oc(nn1)c1ccc(cc1)c1oc(nn1)CCCCOc1c(cc(cc1)OCCCC*)C,0.36004783,uwm_md,train
*c1oc(nn1)c1ccc(cc1)c1oc(nn1)CCCCCOc1c(cc(cc1)OCCCCC*)C,0.36383465,uwm_md,train
*Oc1ccc(cc1)C(c1ccc(cc1)OCOc1ccc(cc1)C(c1ccc(cc1)OCCCCCCCCCCCC*)(C)C)(C)C,0.36755988,uwm_md,test
*Oc1ccc(cc1)S(=O)(=O)c1ccc(cc1)Oc1ccc(cc1)C=C1C(=O)C(=Cc2ccc(cc2)*)CC1,0.3884516,uwm_md,train
*Oc1ccc(cc1)S(=O)(=O)c1ccc(cc1)Oc1ccc(cc1)C=C1C(=O)C(=Cc2ccc(cc2)*)CCC1,0.37492274,uwm_md,train
*Oc1ccc(cc1)S(=O)(=O)c1ccc(cc1)Oc1ccc(cc1)C=C1C(=O)C(=Cc2ccc(cc2)*)CCCC1,0.3771408,uwm_md,test
*Oc1ccc(cc1)S(=O)(=O)c1ccc(cc1)Oc1ccc(cc1)C=C1C(=O)C(=Cc2ccc(cc2)Oc2ccc(cc2)S(=O)(=O)c2ccc(cc2)Oc2ccc(cc2)C(c2ccc(cc2)*)(C)C)CCC1,0.37671926,uwm_md,train
*Oc1ccc(cc1)S(=O)(=O)c1ccc(cc1)Oc1ccc(cc1)C=C1C(=O)C(=Cc2ccc(cc2)Oc2ccc(cc2)S(=O)(=O)c2ccc(cc2)Oc2ccc(cc2)C(c2ccc(cc2)*)(C)C)CCCC1,0.37593554,uwm_md,train
*Oc1ccc(cc1)S(=O)(=O)c1ccc(cc1)Oc1ccc(cc1)C1(CCCC1)c1ccc(cc1)Oc1ccc(cc1)S(=O)(=O)c1ccc(cc1)Oc1ccc(cc1)C=C1C(=O)C(=Cc2ccc(cc2)*)CC1,0.37436911,uwm_md,train
*Oc1ccc(cc1)S(=O)(=O)c1ccc(cc1)Oc1ccc(cc1)C1(CCCCC1)c1ccc(cc1)Oc1ccc(cc1)S(=O)(=O)c1ccc(cc1)Oc1ccc(cc1)C=C1C(=O)C(=Cc2ccc(cc2)*)CCC1,0.37885964,uwm_md,train
*Oc1ccc(cc1)S(=O)(=O)c1ccc(cc1)Oc1ccc(cc1)C1(CCCCCC1)c1ccc(cc1)Oc1ccc(cc1)S(=O)(=O)c1ccc(cc1)Oc1ccc(cc1)C=C1C(=O)C(=Cc2ccc(cc2)*)CCCC1,0.37546992,uwm_md,train
*Oc1ccc(cc1)OC(=O)c1c(cc(cc1)C(=O)Oc1ccc(cc1)OCC*)OCCCCC,0.34588903,uwm_md,test
*C1COC2C1OCC2OC(=O)O*,0.32110167,uwm_md,test
*Oc1ccc(cc1)NC(=O)c1ccc(cc1)C(=O)Nc1ccc(cc1)Oc1ccc(cc1)C1(C2CC3CC(CC1C3)C2)c1ccc(cc1)*,0.36751197,uwm_md,test
*Oc1ccc(cc1)NC(=O)c1cc(ccc1)C(=O)Nc1ccc(cc1)Oc1ccc(cc1)C1(C2CC3CC(CC1C3)C2)c1ccc(cc1)*,0.36643837,uwm_md,train
*Oc1ccc(cc1)NC(=O)c1ccc(cc1)Oc1ccc(cc1)C(=O)Nc1ccc(cc1)Oc1ccc(cc1)C1(C2CC3CC(CC1C3)C2)c1ccc(cc1)*,0.36901705,uwm_md,train
*Oc1ccc(cc1)NC(=O)c1ccc(cc1)S(=O)(=O)c1ccc(cc1)C(=O)Nc1ccc(cc1)Oc1ccc(cc1)C1(C2CC3CC(CC1C3)C2)c1ccc(cc1)*,0.36857397,uwm_md,train
*Oc1ccc(cc1)NC(=O)c1ccc(cc1)C(c1ccc(cc1)C(=O)Nc1ccc(cc1)Oc1ccc(cc1)C1(C2CC3CC(CC1C3)C2)c1ccc(cc1)*)(C(F)(F)F)C(F)(F)F,0.36728029,uwm_md,train
*Oc1ccc(cc1)NC(=O)c1cc2c(cc1)cc(cc2)C(=O)Nc1ccc(cc1)Oc1ccc(cc1)C1(C2CC3CC(CC1C3)C2)c1ccc(cc1)*,0.36862142,uwm_md,test
*Oc1ccc(cc1)NC(=O)c1c2c(c(cc1)C(=O)Nc1ccc(cc1)Oc1ccc(cc1)C1(C3CC4CC(CC1C4)C3)c1ccc(cc1)*)cccc2,0.37034563,uwm_md,test
*c1cc2c(oc(n2)c2ccc(cc2)Oc2ccc(cc2)C(c2ccc(cc2)Oc2ccc(cc2)c2oc3c(n2)cc(cc3)C(*)(C(F)(F)F)C(F)(F)F)(C(F)(F)F)C(F)(F)F)cc1,0.39360428,uwm_md,test
*OCC(CN(CC(COCCCC*)O)c1ccc(cc1)N(C)C)O,0.35989821,uwm_md,test
*Oc1ccc(cc1)NC(=O)c1c(ccc(c1)C(c1cc(c(cc1)C(=O)O)C(=O)Nc1ccc(cc1)Oc1ccc(cc1)C(c1ccc(cc1)*)(C(F)(F)F)C(F)(F)F)(C(F)(F)F)C(F)(F)F)C(=O)O,0.34130286,uwm_md,test
*C1(COC1)COc1ccc(cc1)C(c1ccc(cc1)OC*)(C(F)(F)F)C(F)(F)F,0.34907081,uwm_md,train
*N1C(N2N(C1=O)C(N(C2=O)c1ccc(cc1)Oc1ccc(cc1)*)c1ccc(cc1)OC)c1ccc(cc1)OC,0.39684923,uwm_md,train
*c1sc2cc3c(cc2n1)sc(n3)c1ccc(cc1)Oc1ccc(cc1)Oc1ccc(cc1)P(=O)(c1ccc(cc1)Oc1ccc(cc1)Oc1ccc(cc1)*)c1ccccc1,0.40182864,uwm_md,train
*N1CCOC1(*)CC,0.35941583,uwm_md,train
*c1c2ccc(=O)cc2oc2cc(ccc12)OC(=O)c1c(cccc1)*,0.35798941,uwm_md,train
*[Si]1(O[Si](O[Si](O1)(C)C)(C)C)O[Si](CC*)(C)C,0.44963517,uwm_md,train
*c1oc(nc1)c1cc(c(cc1)Oc1ccc(cc1)C(c1ccc(cc1)Oc1c(cc(cc1)*)C(F)(F)F)(C(F)(F)F)C(F)(F)F)C(F)(F)F,0.39644075,uwm_md,train
*c1oc(nc1)c1cc(c(cc1)Oc1ccc(cc1)C(c1ccc(cc1)Oc1c(cc(cc1)*)C(F)(F)F)(C)C)C(F)(F)F,0.40096044,uwm_md,train
*c1oc(nc1)c1cc(c(cc1)Oc1ccc(cc1)c1ccc(cc1)Oc1c(cc(cc1)*)C(F)(F)F)C(F)(F)F,0.397283,uwm_md,train
*c1oc(nc1c1ccc(cc1)OCOc1ccc(cc1)*)c1ccc(cc1)[N+](=O)[O-],0.38196728,uwm_md,test
*c1nc(nc(c1c1ccc(cc1)OC)OCCOC(=O)CCCC(=O)OCCO*)c1ccc(cc1)OC,0.34869133,uwm_md,train
*c1nc(nc(c1c1ccc(cc1)OC)OCCOC(=O)CCCC(=O)OCCO*)c1ccc(cc1)OCCCC,0.35340123,uwm_md,train
*c1nc(nc(c1c1ccc(cc1)OCCCC)OCCOC(=O)CCCC(=O)OCCO*)c1ccc(cc1)OCCCC,0.36060882,uwm_md,train
*c1nc(nc(c1c1ccc(cc1)OC)OCCOC(=O)CCCCC(=O)OCCO*)c1ccc(cc1)OC,0.34860734,uwm_md,train
*c1nc(nc(c1c1ccc(cc1)OC)OCCOC(=O)CCCCC(=O)OCCO*)c1ccc(cc1)OCCCC,0.35402393,uwm_md,train
*c1nc(nc(c1c1ccc(cc1)OC)OCCOC(=O)c1ccc(cc1)C(=O)OCCO*)c1ccc(cc1)OCCCC,0.35798582,uwm_md,train
*c1nc(nc(c1c1ccc(cc1)OC)OCCOC(=O)c1cc(ccc1)C(=O)OCCO*)c1ccc(cc1)OCCCC,0.35974624,uwm_md,train
*OC(=O)c1c(ccc(c1)N=Nc1ccc(cc1)OCC)c1c(cc(cc1)N=Nc1ccc(cc1)OCC)C(=O)OCCOCCOCC*,0.36389929,uwm_md,train
*c1nc(nc(c1c1ccc(cc1)OC)OCCOC(=O)c1c(ccc(c1)N=Nc1ccc(cc1)OCC)c1c(cc(cc1)N=Nc1ccc(cc1)OCC)C(=O)OCCO*)c1ccc(cc1)OCCCC,0.36727846,uwm_md,train
*C1OC(C(C(C1O)O)O*)COCO,0.29530816,uwm_md,train
*Oc1ccc(cc1)C=CC(=O)OCCN(CCOC(=O)C=Cc1ccc(cc1)OCCCCC*)c1ccc(cc1)N=Nc1ccc(cc1)[N+](=O)[O-],0.35112235,uwm_md,train
*OC(=O)/C=C/C(=O)OCCOCC*,0.3158043,uwm_md,train
*Oc1ccc(cc1)C(c1ccc(cc1)OCC(C*)OC(=O)C=Cc1ccccc1)(C)C,0.35543793,uwm_md,train
*Oc1ccc(cc1)C(c1ccc(cc1)OCC(C*)OC(=O)C=Cc1occc1)(C)C,0.3534342,uwm_md,train
*c1nc2c(c(c1)c1ccccc1)cc(cc2)Oc1cc2c(nc(cc2c2ccccc2)c2ccc(cc2)OCCN(CCOc2ccc(cc2)*)c2ccc(cc2)C(=C(C#N)C#N)C#N)cc1,0.38278631,uwm_md,train
*c1nc2c(c(c1)c1ccccc1)cc(cc2)Oc1cc2c(nc(cc2c2ccccc2)c2c(ccc(c2)*)OCCN(c2ccc(cc2)C(=C(C#N)C#N)C#N)CC)cc1,0.39541698,uwm_md,train
*c1nc2c(c(c1)c1ccccc1)cc(cc2)Oc1cc2c(nc(cc2c2ccccc2)c2c(ccc(c2)*)OCCCCCCN(c2ccc(cc2)C(=C(C#N)C#N)C#N)CC)cc1,0.38886127,uwm_md,train
*O[Si](CCCCCCOC(=O)C(Oc1ccc(cc1)OC(=O)c1ccc(cc1)c1ccc(cc1)OCCCCCCCCCC[Si](*)(C)C)C)(C)C,0.38168515,uwm_md,train
*O[Si](CCCCCCOC(=O)C(Oc1c(cc(cc1)OC(=O)c1ccc(cc1)c1ccc(cc1)OCCCCCCCCCC[Si](*)(C)C)[N+](=O)[O-])C)(C)C,0.37268989,uwm_md,train
*Oc1ccc(cc1)NC(=O)Nc1c(cccc1)CCc1ccc(cc1)NC(=O)Nc1ccc(cc1)*,0.34891233,uwm_md,train
*Oc1ccc(cc1)NC(=O)Nc1c(cccc1)CCc1c(cccc1)NC(=O)Nc1ccc(cc1)*,0.35119431,uwm_md,train
*Oc1cc(ccc1)OC1(C(C(C1(F)F)(F)F)(*)F)F,0.33739946,uwm_md,train
*Oc1ccc(cc1)c1ccc(cc1)OC1(C(C(C1(F)F)(F)F)(*)F)F,0.34511864,uwm_md,train
*Oc1ccc(cc1)Sc1ccc(cc1)OC1(C(C(C1(F)F)(F)F)(*)F)F,0.36289708,uwm_md,train
*Oc1ccc(cc1)C(c1ccc(cc1)OC1(C(C(C1(F)F)(F)F)(*)F)F)(C)C,0.3613817,uwm_md,train
*Oc1ccc(cc1)C(c1ccc(cc1)OC1(C(C(C1(F)F)(F)F)(*)F)F)(C(F)(F)F)C(F)(F)F,0.34987919,uwm_md,train
*Oc1ccc(cc1)C1(c2ccccc2c2ccccc12)c1ccc(cc1)OC1(C(C(C1(F)F)(F)F)(*)F)F,0.38927007,uwm_md,train
*Oc1cc(ccc1)Oc1ccc(cc1)C(=O)c1ccc(cc1)*,0.36602466,uwm_md,test
*Oc1c2c(c(cc1)c1c3c(c(cc1)Oc1ccc(cc1)*)cccc3)cccc2,0.39245647,uwm_md,train
*Oc1c2c(c(cc1)c1c3c(c(cc1)Oc1ccc(cc1)Oc1ccc(cc1)Oc1ccc(cc1)*)cccc3)cccc2,0.37716624,uwm_md,train
*Oc1c2c(c(cc1)c1c3c(c(cc1)Oc1ccc(cc1)Oc1c(c(ccc1)Oc1ccc(cc1)*)C)cccc3)cccc2,0.38357509,uwm_md,test
*Oc1c2c(c(cc1)c1c3c(c(cc1)Oc1ccc(cc1)Oc1c(ccc(c1)Oc1ccc(cc1)*)CCCCCC)cccc3)cccc2,0.37973562,uwm_md,train
*C1(c2c(C(=O)O1)cccc2)c1ccc(cc1)Oc1ccc(cc1)Oc1c2c(c(cc1)c1c3c(c(cc1)Oc1ccc(cc1)Oc1ccc(cc1)*)cccc3)cccc2,0.38367366,uwm_md,train
*Oc1c2c(c(cc1)c1c3c(c(cc1)Oc1ccc(cc1)Oc1ccc(cc1)S(=O)(=O)c1ccc(cc1)Oc1ccc(cc1)*)cccc3)cccc2,0.3844144,uwm_md,train
*Oc1c(cc(cc1OC)/C=C/c1ccc(cc1)/C=C/c1cc(c(c(c1)OC)OCCCCCC*)OC)OC,0.36288885,uwm_md,train
*Oc1c(cc(cc1OC)/C=C/c1ccc(cc1)/C=C/c1cc(c(c(c1)OC)OCCCCCCCC*)OC)OC,0.36086403,uwm_md,train
*Oc1c(cc(cc1OC)/C=C/c1ccc(cc1)/C=C/c1cc(c(c(c1)OC)OCCCCCCCCCC*)OC)OC,0.36539147,uwm_md,train
*Oc1c(cc(cc1OC)/C=C/c1ccc(cc1)/C=C/c1cc(c(c(c1)OC)OCCCCCCCCCCCC*)OC)OC,0.36749274,uwm_md,train
*Oc1c(cc(cc1OC)/C=C/c1ccc(cc1)/C=C/c1ccc(cc1)/C=C/c1cc(c(c(c1)OC)OCCCCCCCC*)OC)OC,0.36466644,uwm_md,train
*C1OC(C(C(C1N)O)O*)CO,0.30298041,uwm_md,train
*C1OC(C(C(C1NC(=O)C)O)O*)CO,0.3018663,uwm_md,test
*Oc1ccc(cc1)NC(=O)c1c(ccc(c1)c1cc(c(cc1)C(=O)OCC)C(=O)Nc1ccc(cc1)*)C(=O)OCC,0.34732657,uwm_md,train
*Oc1ccc(cc1)NC(=O)c1c(cc(c(c1)C(=O)Nc1ccc(cc1)*)C(=O)OCC)C(=O)OCC,0.34702207,uwm_md,test
*Oc1c(cc(cc1)Oc1ccc(cc1)C(=O)c1ccc(cc1)*)S(=O)(=O)O,0.36684049,uwm_md,test
*C1OC2C(C1OC(=O)OC*)OC(O2)(C)C,0.33284068,uwm_md,train
*C1COC2C1OCC2OC(=O)C(NC(=O)CCCCC(=O)NC(C(=O)O*)Cc1ccccc1)Cc1ccccc1,0.33895751,uwm_md,test
*C1COC2C1OCC2OC(=O)C(NC(=O)CCCCCCC(=O)NC(C(=O)O*)Cc1ccccc1)Cc1ccccc1,0.34161233,uwm_md,train
*C1COC2C1OCC2OC(=O)C(NC(=O)CCCCCCCCC(=O)NC(C(=O)O*)Cc1ccccc1)Cc1ccccc1,0.34522868,uwm_md,test
*C1COC2C1OCC2OC(=O)C(NC(=O)CCCCCCCCCCC(=O)NC(C(=O)O*)Cc1ccccc1)Cc1ccccc1,0.35207165,uwm_md,test
*C1COC2C1OCC2OC(=O)C(NC(=O)CCCCC(=O)NC(C(=O)O*)CC(C)C)CC(C)C,0.34245153,uwm_md,train
*C1COC2C1OCC2OC(=O)C(NC(=O)CCCCCCCCC(=O)NC(C(=O)O*)CC(C)C)CC(C)C,0.35171013,uwm_md,train
*C1COC2C1OCC2OC(=O)C(NC(=O)CCCCC(=O)NC(C(=O)O*)C(CC)C)C(CC)C,0.34256683,uwm_md,train
*C1COC2C1OCC2OC(=O)C(NC(=O)CCCCCCCCC(=O)NC(C(=O)O*)C(CC)C)C(CC)C,0.35095234,uwm_md,test
*C1COC2C1OCC2OC(=O)C(NC(=O)CCCCC(=O)NC(C(=O)O*)CCSC)CCSC,0.34425455,uwm_md,train
*C1COC2C1OCC2OC(=O)C(NC(=O)CCCCCCCCC(=O)NC(C(=O)O*)CCSC)CCSC,0.35394584,uwm_md,train
*Oc1ccc(cc1)N(c1ccc(cc1)c1ccc(cc1)N(c1ccc(cc1)*)c1ccccc1)c1ccccc1,0.42813403,uwm_md,test
*Oc1ccc(cc1)N(c1cc2c(cc1)ccc(c2)N(c1ccc(cc1)*)c1ccc(cc1)OC)c1ccc(cc1)OC,0.41219974,uwm_md,train
*Oc1ccc(cc1)NC(=C(C#N)C#N)c1ccc(cc1)C(=C(C#N)C#N)Nc1ccc(cc1)*,0.401116,uwm_md,train
*Oc1ccc(cc1)NC(=C(C#N)C#N)c1cc2c(cc1)cc(cc2)C(=C(C#N)C#N)Nc1ccc(cc1)*,0.40578459,uwm_md,train
*Oc1ccc(cc1)Oc1ccc(cc1)NC(=C(C#N)C#N)c1ccc(cc1)C(=C(C#N)C#N)Nc1ccc(cc1)*,0.39351854,uwm_md,train
*Oc1ccc(cc1)Oc1ccc(cc1)NC(=C(C#N)C#N)c1cc(ccc1)C(=C(C#N)C#N)Nc1ccc(cc1)*,0.39273786,uwm_md,test
*C1OC(C(C(C1O)O)O)OC*,0.28194212,uwm_md,train
*Oc1ccc(cc1)OC(=O)c1c(cc(cc1)C(=O)Oc1ccc(cc1)OCCCC*)C(=O)OCC=C,0.34241314,uwm_md,train
*O[Si](COC(=O)CCCCCCCCC(=O)Oc1ccc(cc1)S(=O)(=O)c1ccc(cc1)Oc1ccc(cc1)C=C1C(=O)C(=Cc2ccc(cc2)Oc2ccc(cc2)S(=O)(=O)c2ccc(cc2)OC(=O)CCCCCCCCC(=O)OC[Si](*)(C)C)CC1)(C)C,0.3667682,uwm_md,train
*O[Si](COC(=O)CCCCCCCCC(=O)Oc1ccc(cc1)S(=O)(=O)c1ccc(cc1)Oc1ccc(cc1)C=C1C(=O)C(=Cc2ccc(cc2)Oc2ccc(cc2)S(=O)(=O)c2ccc(cc2)OC(=O)CCCCCCCCC(=O)OC[Si](*)(C)C)CCC1)(C)C,0.36489082,uwm_md,train
*O[Si](COC(=O)CCCCCCCCC(=O)Oc1ccc(cc1)S(=O)(=O)c1ccc(cc1)Oc1ccc(cc1)C=C1C(=O)C(=Cc2ccc(cc2)Oc2ccc(cc2)S(=O)(=O)c2ccc(cc2)OC(=O)CCCCCCCCC(=O)OC[Si](*)(C)C)CCCC1)(C)C,0.36733579,uwm_md,train
*OCCOCCNC(=O)Nc1ccc(cc1)Cc1ccc(cc1)NC(=O)NCC*,0.33154374,uwm_md,train
*C1OC(C(C(C1OC(=O)Nc1ccccc1)OC(=O)Nc1ccccc1)O*)COC(=O)Nc1ccccc1,0.3414528,uwm_md,test
*O[Si](O[Si](O[Si](O[Si](O[Si](O[Si](Oc1c2ccccc2c2ccccc2c1*)(C)C)(C)C)(C)C)(C)C)(C)C)(C)C,0.41772931,uwm_md,train
*O[Si](O[Si](O[Si](O[Si](O[Si](Oc1c2ccccc2c2ccccc2c1*)(C)C)(C)C)(C)C)(C)C)(C)C,0.41127913,uwm_md,test
*O[Si](O[Si](O[Si](O[Si](Oc1c2ccccc2c2ccccc2c1*)(C)C)(C)C)(C)C)(C)C,0.40298758,uwm_md,train
*c1oc(nn1)c1ccc(cc1)Oc1ccc(cc1)C=Cc1ccc(cc1)Oc1ccc(cc1)*,0.38304714,uwm_md,test
*c1oc(nn1)c1ccc(cc1)Oc1c2c(c(cc1)C=Cc1ccc(cc1)Oc1ccc(cc1)*)cccc2,0.38751411,uwm_md,train
*c1oc(nn1)c1c2c(c(cc1)Oc1ccc(cc1)C=Cc1ccc(cc1)Oc1c3c(c(cc1)*)cccc3)cccc2,0.38851942,uwm_md,test
*c1oc(nn1)c1c2c(c(cc1)Oc1c3c(c(cc1)C=Cc1ccc(cc1)Oc1c4c(c(cc1)*)cccc4)cccc3)cccc2,0.38836559,uwm_md,train
*Oc1ccc(cc1)C=Cc1ccc(cc1)OCCCCCC*,0.36660231,uwm_md,train
*Oc1c2c(c(cc1)C=Cc1ccc(cc1)OCCCCCC*)cccc2,0.36429456,uwm_md,train
*Oc1c(ccc(c1)OC(=O)c1ccc(cc1)Oc1ccc(cc1)C1(CCC(CC1)C(C)(C)C)c1ccc(cc1)Oc1ccc(cc1)C(=O)*)C12CC3CC(CC(C1)C3)C2,0.38278757,uwm_md,train
*Oc1cc(c(cc1)c1c(cc(cc1)OC(=O)c1ccc(cc1)Oc1ccc(cc1)C1(CCC(CC1)C(C)(C)C)c1ccc(cc1)Oc1ccc(cc1)C(=O)*)C)C,0.37755445,uwm_md,train
*Oc1ccc(cc1)C1(C2CC3CC(CC1C3)C2)c1ccc(cc1)OC(=O)c1ccc(cc1)Oc1ccc(cc1)C1(CCC(CC1)C(C)(C)C)c1ccc(cc1)Oc1ccc(cc1)C(=O)*,0.38086878,uwm_md,train
*Oc1ccc(cc1)C1(CCC(CC1)C(C)(C)C)c1ccc(cc1)Oc1ccc(cc1)C(=O)Oc1ccc(cc1)C1(CCC(CC1)c1ccccc1)c1ccc(cc1)OC(=O)c1ccc(cc1)*,0.37255795,uwm_md,train
*Oc1ccc(cc1)C1(CCCCCCCCCCC1)c1ccc(cc1)OC(=O)c1ccc(cc1)Oc1ccc(cc1)C1(CCC(CC1)C(C)(C)C)c1ccc(cc1)Oc1ccc(cc1)C(=O)*,0.38180644,uwm_md,train
*Oc1ccc(cc1)C1(CCC(CC1)C(C)(C)C)c1ccc(cc1)Oc1ccc(cc1)C(=O)Oc1ccc(cc1)C(c1ccc(cc1)OC(=O)c1ccc(cc1)*)(C)C,0.37364551,uwm_md,test
*Oc1ccc(cc1)C1(CCC(CC1)C(C)(C)C)c1ccc(cc1)Oc1ccc(cc1)C(=O)Oc1c(cc(cc1C)C(c1cc(c(c(c1)C)OC(=O)c1ccc(cc1)*)C)(C)C)C,0.39731792,uwm_md,test
*C1COC2C1OCC2OC(=O)C(NC(=O)CCCCC(=O)NC(C(=O)O*)C)C,0.32344295,uwm_md,train
*C1COC2C1OCC2OC(=O)C(NC(=O)CCCCCC(=O)NC(C(=O)O*)C)C,0.32870245,uwm_md,test
*C1COC2C1OCC2OC(=O)C(NC(=O)CCCCCCC(=O)NC(C(=O)O*)C)C,0.32784472,uwm_md,test
*C1COC2C1OCC2OC(=O)C(NC(=O)CCCCCCCC(=O)NC(C(=O)O*)C)C,0.33413155,uwm_md,train
*C1COC2C1OCC2OC(=O)C(NC(=O)CCCCCCCCC(=O)NC(C(=O)O*)C)C,0.33769731,uwm_md,train
*C1COC2C1OCC2OC(=O)C(NC(=O)CCCCCCCCCCC(=O)NC(C(=O)O*)C)C,0.34210323,uwm_md,test
*C1COC2C1OCC2OC(=O)CNC(=O)CCCCCCCCC(=O)NCC(=O)O*,0.32250215,uwm_md,test
*C1COC2C1OCC2OC(=O)CNC(=O)CNC(=O)CCCCCCCCC(=O)NCC(=O)NCC(=O)O*,0.31199652,uwm_md,train
*Oc1ccc(cc1)C=Cc1c(cc(c(c1)OCCCCCCCC)C=Cc1ccc(cc1)OCCCCCCCC*)OCCCCCCCC,0.38771383,uwm_md,train
*Oc1ccc(cc1)C(=Cc1c(cc(c(c1)OC)C=C(c1ccc(cc1)*)c1ccc(cc1)F)OC)c1ccc(cc1)F,0.38359708,uwm_md,train
*Oc1ccc(cc1)C(=Cc1c(cc(c(c1)OC)C=C(c1ccc(cc1)*)c1ccc(cc1)C(F)(F)F)OC)c1ccc(cc1)C(F)(F)F,0.3904137,uwm_md,test
*Oc1ccc(cc1)N(c1ccc(cc1)c1ccc(cc1)N(c1ccc(cc1)*)c1ccc(cc1)OCCCCCC)c1ccc(cc1)OCCCCCC,0.40556896,uwm_md,train
*Oc1ccc(cc1)N(c1ccc(cc1)c1ccc(cc1)N(c1ccc(cc1)OCCCCCCCCCC*)c1ccccc1)c1ccccc1,0.38946721,uwm_md,train
*Oc1ccc(cc1)C1(C2C3C(CCC3)C(C1)C2)c1ccc(cc1)OC(=O)c1ccc(cc1)Oc1ccc(cc1)C1(CCC(CC1)C(C)(C)C)c1ccc(cc1)Oc1ccc(cc1)C(=O)*,0.37986369,uwm_md,train
*O[Si](O[Si](O[Si](O[Si](O[Si](O[Si](OC1=C(c2c3c(ccc2)cccc13)*)(C)C)(C)C)(C)C)(C)C)(C)C)(C)C,0.42229227,uwm_md,train
*O[Si](O[Si](O[Si](O[Si](O[Si](OC1=C(c2c3c(ccc2)cccc13)*)(C)C)(C)C)(C)C)(C)C)(C)C,0.41112209,uwm_md,test
*O[Si](O[Si](O[Si](O[Si](OC1=C(c2c3c(ccc2)cccc13)*)(C)C)(C)C)(C)C)(C)C,0.40558784,uwm_md,train
*Oc1c(cc(cc1)Oc1ccc(cc1)NC(=O)c1cc(ccc1)C(=O)Nc1ccc(cc1)*)C(C)(C)C,0.36499914,uwm_md,test
*OCC(C*)(COC(=O)C(=C)C)CC,0.35959663,uwm_md,test
*O[Si](O[Si](OC(CCC(*)C)C)(C)C)(C)C,0.42518322,uwm_md,test
*O[Si](O[Si](O[Si](OC(CCC(*)C)C)(C)C)(C)C)(C)C,0.43005336,uwm_md,train
*O[Si](O[Si](O[Si](O[Si](OC(CCC(*)C)C)(C)C)(C)C)(C)C)(C)C,0.43174845,uwm_md,train
*O[Si](O[Si](O[Si](O[Si](O[Si](OC(CCC(*)C)C)(C)C)(C)C)(C)C)(C)C)(C)C,0.43809694,uwm_md,train
*Oc1ccc(cc1)NC(=O)c1ccc(cc1)NC(=O)c1ccc(cc1)[Si](c1ccc(cc1)C(=O)Nc1ccc(cc1)C(=O)Nc1ccc(cc1)*)(C)C,0.35582732,uwm_md,train
*Oc1ccc(cc1)N(c1ccc(cc1)/C=C(/C(=O)NC1C(CCCC1)NC(=O)/C(=C/c1ccc(cc1)N(c1ccc(cc1)*)CC)/C#N)\C#N)CC,0.37635189,uwm_md,train
*c1sc(c(c1c1ccccc1)c1ccccc1)c1ccc(cc1)CC(=O)Nc1ccc(cc1)Oc1ccc(cc1)NC(=O)Cc1ccc(cc1)*,0.37963807,uwm_md,train
*C1COC2C1OCC2OC(=O)c1ccc(cc1)N=Nc1ccc(cc1)C(=O)O*,0.35808986,uwm_md,train
*C1COC2C1OCC2OC(=O)CCCCCCCCC(=O)O*,0.33909279,uwm_md,train
*Oc1ccc(cc1)C(=O)OCCN(CCOC(=O)c1ccc(cc1)OCC#CC#CC*)c1ccc(cc1)[N+](=O)[O-],0.35625446,uwm_md,train
*Oc1ccc(cc1)C(=O)OCCN(CCOC(=O)c1ccc(cc1)OCC#CC#CC*)c1ccc(cc1)N=Nc1ccc(cc1)C#N,0.36879149,uwm_md,train
*Oc1ccc(cc1)C(=O)OCCN(CCOC(=O)c1ccc(cc1)OCC#CC#CC*)c1ccc(cc1)N=Nc1ccc(cc1)[N+](=O)[O-],0.35856006,uwm_md,train
*Oc1cc(ccc1)C(=O)OCCN(CCOC(=O)c1cc(ccc1)OCC#CC#CC*)c1ccc(cc1)N=Nc1ccc(cc1)C#N,0.36722522,uwm_md,train
*Oc1ccc(cc1)C(=O)OCCN(CCOC(=O)c1ccc(cc1)OCC#CC#CC*)c1ccc(cc1)N=Nc1ccc(cc1)N=Nc1cc(c(c(c1)C)[N+](=O)[O-])C,0.3672374,uwm_md,train
*Oc1ccc(cc1)C(=O)OCCN(CCOC(=O)c1ccc(cc1)OCC#CC#CC*)c1ccc(cc1)N=Nc1ccc(cc1)N=Nc1cc(c(c(c1)C)C#N)C,0.37555317,uwm_md,train
*Oc1ccc(cc1)S(=O)(=O)c1ccc(cc1)Oc1ccc(cc1)C(=O)c1cc(cc(c1)Br)C(=O)c1ccc(cc1)*,0.379535,uwm_md,test
*Oc1ccc(cc1)S(=O)(=O)c1ccc(cc1)Oc1ccc(cc1)C(=O)c1cc(cc(c1)C(C)(C)C)C(=O)c1ccc(cc1)*,0.38222676,uwm_md,train
*Oc1ccc(cc1)C(c1ccc(cc1)Oc1ccc(cc1)C(=O)c1cc(ccc1)C(=O)c1ccc(cc1)*)(C(F)(F)F)C(F)(F)F,0.37070417,uwm_md,train
*Oc1ccc(cc1)C(c1ccc(cc1)Oc1ccc(cc1)C(=O)c1cc(cc(c1)C(C)(C)C)C(=O)c1ccc(cc1)*)(C(F)(F)F)C(F)(F)F,0.38577086,uwm_md,train
*c1oc(nn1)c1ccc(cc1)C#Cc1c(cc(c(c1)OCCCCCCCC)C#Cc1ccc(cc1)*)OCCCCCCCC,0.44177748,uwm_md,train
*O[Si](O[Si](OC(CCCCC(*)C)C)(C)C)(C)C,0.4145335,uwm_md,test
*O[Si](O[Si](O[Si](OC(CCCCC(*)C)C)(C)C)(C)C)(C)C,0.42325418,uwm_md,train
*O[Si](O[Si](O[Si](O[Si](OC(CCCCC(*)C)C)(C)C)(C)C)(C)C)(C)C,0.42702035,uwm_md,train
*O[Si](O[Si](O[Si](O[Si](O[Si](OC(CCCCC(*)C)C)(C)C)(C)C)(C)C)(C)C)(C)C,0.43542054,uwm_md,train
*c1oc(nn1)c1c(cc(cc1)*)OCCCCC,0.42893237,uwm_md,train
*c1oc(nn1)c1c(cc(cc1)*)OCCCCCCCC,0.41320631,uwm_md,test
*c1oc(nn1)c1c(cc(cc1)*)OCCCCCCCCCC,0.41425345,uwm_md,test
*C1(c2c(C(=O)N1C)cccc2)c1ccc(cc1)Oc1ccc(cc1)C(=O)c1ccc(cc1)Oc1ccc(cc1)*,0.39435805,uwm_md,train
*OOC(C*)c1ccc(cc1)C,0.3659097,uwm_md,test
*OOC(C*)c1ccc(cc1)Br,0.38242794,uwm_md,train
*OOC(C*)c1ccc(cc1)C(C)(C)C,0.37482971,uwm_md,train
*Oc1cc(ccc1)Oc1cc(c(cc1)C(=O)O)C(=O)Nc1ccc(cc1)Oc1ccc(cc1)c1ccc(cc1)Oc1ccc(cc1)NC(=O)c1c(ccc(c1)*)C(=O)O,0.34519508,uwm_md,train
*O[Si](OC(CCC*)C)(C)C,0.4012962,uwm_md,train
*O[Si](OC(CC*)C)(C)C,0.39779568,uwm_md,train
*C1OCOC(C1(F)F)C(*)(F)F,0.31802359,uwm_md,train
*Oc1ccc(cc1)P(=O)(c1ccc(cc1)Oc1ccc(cc1)C(c1ccc(cc1)*)(C(F)(F)F)C(F)(F)F)c1ccccc1,0.38335836,uwm_md,train
*Oc1c(c(c(c(c1F)F)Sc1c(c(c(c(c1F)F)Oc1ccc(cc1)C(c1ccc(cc1)*)(C(F)(F)F)C(F)(F)F)F)F)F)F,0.37421023,uwm_md,train
*C1(c2c(C(=O)O1)cccc2)c1cc(c(cc1)Oc1ccc(cc1)S(=O)(=O)c1ccc(cc1)Oc1c(cc(cc1)*)C)C,0.38660473,uwm_md,train
*C1(c2c(C(=O)O1)cccc2)c1c(cc(c(c1)C)Oc1ccc(cc1)S(=O)(=O)c1ccc(cc1)Oc1c(cc(c(c1)C)*)C)C,0.39578665,uwm_md,train
*C1(c2c(C(=O)O1)cccc2)c1c(cc(c(c1)C(C)C)Oc1ccc(cc1)S(=O)(=O)c1ccc(cc1)Oc1c(cc(c(c1)C)*)C(C)C)C,0.40334247,uwm_md,train
*Oc1ccc(cc1)S(=O)(=O)c1ccc(cc1)Oc1c(cc(c(c1)C)C(c1c(cc(c(c1)C(C)C)*)C)c1c(cccc1)C(=O)O)C(C)C,0.39980521,uwm_md,train
*Oc1ccc(cc1)S(=O)(=O)c1ccc(cc1)Oc1ccc(cc1)C(c1ccc(cc1)*)c1c(cccc1)C(=O)O,0.37097336,uwm_md,train
*Oc1cc(ccc1)N(c1ccc(cc1)c1ccc(cc1)N(c1cc(ccc1)OC(=O)OCCOCCOC(=O)*)c1ccccc1)c1ccccc1,0.37532958,uwm_md,train
*Oc1cc(ccc1)N(c1ccc(cc1)c1ccc(cc1)N(c1cc(ccc1)OC(=O)OCCOCCOC(=O)*)c1ccc(cc1)N=Nc1ccc(cc1)[N+](=O)[O-])c1ccccc1,0.37231044,uwm_md,train
*C1OCCCC1C1C(=O)OC(=O)C1*,0.31521835,uwm_md,train
*C1OC(C(C(C1OC(=O)C)O)O*)COC(=O)C,0.32163018,uwm_md,test
*Oc1ccc(cc1)c1ccc(cc1)Oc1ccc(cc1)C(=O)c1ccc(cc1)C(=O)c1ccc(cc1)*,0.37532001,uwm_md,test
*Oc1c2c(c(cc1)OC(=O)c1ccc(cc1)Oc1ccc(cc1)C(=O)*)cccc2,0.35595045,uwm_md,train
*Oc1c2c(ccc1)c(ccc2)OC(=O)c1ccc(cc1)Oc1ccc(cc1)C(=O)*,0.35298988,uwm_md,train
*Oc1c2c(ccc1)cc(cc2)OC(=O)c1ccc(cc1)Oc1ccc(cc1)C(=O)*,0.35254861,uwm_md,train
*Oc1cc2c(cc1OC(=O)c1ccc(cc1)Oc1ccc(cc1)C(=O)*)cccc2,0.35353153,uwm_md,test
*Oc1cc2c(cc1)cc(cc2)OC(=O)c1ccc(cc1)Oc1ccc(cc1)C(=O)*,0.34998488,uwm_md,train
*Oc1cc2c(cc1)ccc(c2)OC(=O)c1ccc(cc1)Oc1ccc(cc1)C(=O)*,0.34864845,uwm_md,train
*c1sc(nn1)c1ccc(cc1)OCCCCCCCCCCCOC(=O)c1cc(ccc1)C(=O)OCCCCCCCCCCCOc1ccc(cc1)*,0.36776086,uwm_md,train
*c1sc(nn1)c1ccc(cc1)OCCCCCCCCCCCOC(=O)c1ccc(cc1)C(=O)OCCCCCCCCCCCOc1ccc(cc1)*,0.37335529,uwm_md,test
*c1sc(nn1)c1ccc(cc1)OCCCCCCCCCCCOC(=O)CCCCC(=O)OCCCCCCCCCCCOc1ccc(cc1)*,0.37404941,uwm_md,train
*c1sc(nn1)c1ccc(cc1)OCCCCCCCCCCCOC(=O)CCCCCCCCC(=O)OCCCCCCCCCCCOc1ccc(cc1)*,0.37562329,uwm_md,train
*c1sc(nn1)c1cc(ccc1)OCCCCCCCCCCCOC(=O)c1cc(ccc1)C(=O)OCCCCCCCCCCCOc1ccc(cc1)*,0.36894733,uwm_md,train
*c1sc(nn1)c1cc(ccc1)OCCCCCCCCCCCOC(=O)c1ccc(cc1)C(=O)OCCCCCCCCCCCOc1ccc(cc1)*,0.37179476,uwm_md,train
*c1sc(nn1)c1cc(ccc1)OCCCCCCCCCCCOC(=O)c1cc(ccc1)C(=O)OCCCCCCCCCCCOc1cc(ccc1)*,0.36865264,uwm_md,train
*c1sc(nn1)c1cc(ccc1)OCCCCCCCCCCCOC(=O)c1ccc(cc1)C(=O)OCCCCCCCCCCCOc1cc(ccc1)*,0.37334678,uwm_md,train
*Oc1c(cc(cc1)C(C)(C)C)Oc1ccc(cc1)S(=O)(=O)c1ccc(cc1)*,0.38015525,uwm_md,train
*Oc1c(cc(cc1)Oc1ccc(cc1)C(=O)c1ccc(cc1)C(=O)c1ccc(cc1)*)c1cc(c(cc1)Cl)C(F)(F)F,0.38008742,uwm_md,test
*Oc1ccc(cc1)C(c1ccc(cc1)OC(=O)/C=C\C(=O)OCC(C*)O)(C)C,0.33533983,uwm_md,train
*Oc1ccc(cc1)C(c1ccc(cc1)OCCCCCCCC*)(C)C,0.36752126,uwm_md,train
*Oc1ccc(cc1)C(c1ccc(cc1)OCCCCCCCC*)(C(F)(F)F)C(F)(F)F,0.36265916,uwm_md,train
*Oc1ccc(cc1)C(=O)NNC(=O)c1ccc(cc1)*,0.34717894,uwm_md,test
*OC(C*)CO,0.30841537,uwm_md,test
*OC(=O)Nc1ccc(cc1)Cc1ccc(cc1)NC(=O)OCCOCCOCCOCC*,0.33889511,uwm_md,train
*Oc1ccc(cc1)N1ON1c1ccc(cc1)OCCCCCCOC(=O)C(C(=O)OCCCCCC*)CCCCCBr,0.37141754,uwm_md,test
*Oc1ccc(cc1)N1ON1c1ccc(cc1)OCCCCCCOC(=O)C(C(=O)OCCCCCC*)CCCCCCCCCCBr,0.37107899,uwm_md,train
*Oc1ccc(cc1)N1ON1c1ccc(cc1)OCCCCCCOC(=O)C(C(=O)OCCCCCC*)CCCCP(=O)(OCC)OCC,0.35900925,uwm_md,test
*Oc1ccc(cc1)N1ON1c1ccc(cc1)OCCCCCCOC(=O)C(C(=O)OCCCCCC*)CCCCP(=O)(O)O,0.34888897,uwm_md,train
*Oc1ccc(cc1)N1ON1c1ccc(cc1)OCCCCCCOC(=O)C(C(=O)OCCCCCC*)CCCCCP(=O)(OCC)OCC,0.36679836,uwm_md,train
*Oc1ccc(cc1)N1ON1c1ccc(cc1)OCCCCCCOC(=O)C(C(=O)OCCCCCC*)CCCCCP(=O)(O)O,0.3498874,uwm_md,train
*Oc1ccc(cc1)N1ON1c1ccc(cc1)OCCCCCCOC(=O)C(C(=O)OCCCCCC*)CCCCCCP(=O)(OCC)OCC,0.3621374,uwm_md,train
*Oc1ccc(cc1)N1ON1c1ccc(cc1)OCCCCCCOC(=O)C(C(=O)OCCCCCC*)CCCCCCP(=O)(O)O,0.35235981,uwm_md,train
*Oc1ccc(cc1)N1ON1c1ccc(cc1)OCCCCCCOC(=O)C(C(=O)OCCCCCC*)CCCCCCCCCCP(=O)(OCC)OCC,0.36595222,uwm_md,train
*Oc1ccc(cc1)N1ON1c1ccc(cc1)OCCCCCCOC(=O)C(C(=O)OCCCCCC*)CCCCCCCCCCP(=O)(O)O,0.35805437,uwm_md,train
*Oc1ccc(cc1)N1ON1c1ccc(cc1)OCCCCCCOC(=O)CC(=O)OCCCCCC*,0.35211181,uwm_md,train
*Oc1ccc(cc1)N1ON1c1ccc(cc1)OCCCCCCOC(=O)C(C(=O)OCCCCCC*)c1ccccc1,0.35801462,uwm_md,train
*Oc1c2c(c(cc1)C=Cc1ccc(cc1)C=Cc1c3c(c(cc1)OCCOCCOCC*)cccc3)cccc2,0.36046358,uwm_md,train
*Oc1c2c(c(cc1)C=Cc1c(cc(c(c1)OC)C=Cc1c3c(c(cc1)OCCOCCOCC*)cccc3)OC)cccc2,0.35883,uwm_md,train
*O[Si](OC(COc1ccc(cc1)C(c1ccc(cc1)OCC(*)CCl)(C)C)CCl)(C)C,0.3750933,uwm_md,train
*O[Si](CCCC(=O)Oc1ccc(cc1)C=Nc1ccc(cc1)Oc1ccc(cc1)N=Cc1ccc(cc1)OC(=O)CCC[Si](*)(C)C)(C)C,0.37725697,uwm_md,test
*Oc1ccc(cc1)N(c1ccc(cc1)c1ccc(cc1)N(c1ccc(cc1)OCCCCCC*)c1ccccc1)c1ccccc1,0.39376633,uwm_md,train
*Oc1ccc(cc1)N(c1ccc(cc1)c1ccc(cc1)N(c1ccc(cc1)OCCCCCCCCCCCC*)c1ccccc1)c1ccccc1,0.39073827,uwm_md,train
*OP(=O)(N=Nc1ccc(cc1)COC(=O)c1cc(cc(c1)C(C)(C)C)C(=O)OCc1ccc(cc1)N=NP(=O)(OCC*)OC)OC,0.35548,uwm_md,train
*OP(=O)(N=Nc1ccc(cc1)CCOC(=O)c1cc(cc(c1)C(C)(C)C)C(=O)OCCc1ccc(cc1)N=NP(=O)(OCC*)OC)OC,0.36089138,uwm_md,test
*OP(=O)(N=Nc1ccc(cc1)CCOC(=O)c1cc(cc(c1)C(C)(C)C)C(=O)OCCc1ccc(cc1)N=NP(=O)(OCCCCCC*)OC)OC,0.36086299,uwm_md,train
*Oc1ccc(cc1)NC(=O)c1cc(cc(c1)NC(=O)CCN1C(=O)c2c(C1=O)cccc2)C(=O)Nc1ccc(cc1)*,0.33234463,uwm_md,train
*Oc1ccc(cc1)NC(=O)c1cc(cc(c1)NC(=O)CCCN1C(=O)c2c(C1=O)cccc2)C(=O)Nc1ccc(cc1)*,0.33591306,uwm_md,train
*Oc1ccc(cc1)NC(=O)c1cc(cc(c1)NC(=O)CCCCCN1C(=O)c2c(C1=O)cccc2)C(=O)Nc1ccc(cc1)*,0.33547772,uwm_md,train
*Oc1ccc(cc1)NC(=O)c1cc(cc(c1)NC(=O)CCCCCCCCCCN1C(=O)c2c(C1=O)cccc2)C(=O)Nc1ccc(cc1)*,0.34139919,uwm_md,train
*Oc1ccc(cc1)S(=O)(=O)c1ccc(cc1)Oc1c(cc(c(c1C)Br)C(c1c(c(c(c(c1)C)*)C)Br)(C)C)C,0.41845298,uwm_md,train
*Oc1ccc(cc1)S(=O)(=O)c1ccc(cc1)Oc1c(cc(c(c1C)Br)c1c(c(c(c(c1)C)*)C)Br)C,0.41770931,uwm_md,train
*Oc1ccc(cc1)C(=O)Nc1ccc(cc1)C(c1ccc(cc1)NC(=O)c1ccc(cc1)*)(P1(=O)c2ccccc2c2ccccc2O1)P1(=O)c2ccccc2c2ccccc2O1,0.36147849,uwm_md,train
*Oc1ccc(cc1)c1ccc(cc1)OCCCCCCCCCCCOC(=O)c1cc(cc(c1)OCCCCCCCCOc1ccc(cc1)N=Nc1ccc(cc1)OC)C(=O)OCCCCCCCCCCC*,0.36775362,uwm_md,train
*Oc1ccc(cc1)c1ccc(cc1)OCCCCCCCCCCCOC(=O)c1cc(cc(c1)OCCCCCCCCCCOc1ccc(cc1)N=Nc1ccc(cc1)OC)C(=O)OCCCCCCCCCCC*,0.36806216,uwm_md,train
*Oc1cc2c(cc1)cc(cc2)Oc1ccc(cc1)C(=O)c1ccc(cc1)*,0.37630261,uwm_md,train
*Oc1c2c(ccc1)c(ccc2)OC1(C(C(C1(F)F)(F)F)(*)F)F,0.3436634,uwm_md,test
*Oc1ccc(cc1)OC1(C(C(C1(F)F)(F)F)(*)F)F,0.34021379,uwm_md,train
*Oc1ccc(cc1)SSc1ccc(cc1)*,0.3974058,uwm_md,train
*Oc1c2c(c(cc1)c1c3c(c(cc1)Oc1c(c4c(cc1)cccc4)c1c4c(ccc1*)cccc4)cccc3)cccc2,0.39374699,uwm_md,train
*c1oc(nn1)c1ccc(cc1)Oc1ccc(cc1)c1c(cc(c(c1)OCCCCCC)c1ccc(cc1)Oc1ccc(cc1)*)OCCCCCC,0.39000442,uwm_md,train
*Oc1ccc(cc1)S(=O)(=O)c1ccc(cc1)Oc1c(cc(cc1)C(c1cc(c(cc1)*)Br)(C(F)(F)F)C(F)(F)F)Br,0.39473159,uwm_md,train
*Oc1ccc(cc1)S(=O)(=O)c1ccc(cc1)Oc1c(cc(cc1)C(c1cc(c(cc1)*)[Si](C)(C)C)(C(F)(F)F)C(F)(F)F)[Si](C)(C)C,0.40476699,uwm_md,test
*Oc1cc(c(cc1)S(=O)(=O)c1c(cc(cc1)Oc1ccc(cc1)C(c1ccc(cc1)*)(C(F)(F)F)C(F)(F)F)[Si](C)(C)C)[Si](C)(C)C,0.39362302,uwm_md,test
*Oc1cc(c(cc1)S(=O)(=O)c1c(cc(cc1)Oc1c(cc(cc1)C(c1cc(c(cc1)*)[Si](C)(C)C)(C(F)(F)F)C(F)(F)F)[Si](C)(C)C)[Si](C)(C)C)[Si](C)(C)C,0.41875754,uwm_md,train
*Oc1c(cc(cc1)S(=O)(=O)c1cc(c(cc1)Oc1c(cc(cc1C)C(c1cc(c(c(c1)C)*)C)(C(F)(F)F)C(F)(F)F)C)Br)Br,0.41274823,uwm_md,train
*Oc1cc(c(cc1)S(=O)(=O)c1c(cc(cc1)Oc1c(cc(cc1C)C(c1cc(c(c(c1)C)*)C)(C(F)(F)F)C(F)(F)F)C)[Si](C)(C)C)[Si](C)(C)C,0.41286543,uwm_md,train
*Oc1ccc(cc1)Oc1ccc(cc1)C=NCCN=Cc1ccc(cc1)*,0.37614959,uwm_md,train
*Oc1ccc(cc1)Oc1ccc(cc1)C=NCCCCN=Cc1ccc(cc1)*,0.36995005,uwm_md,train
*Oc1ccc(cc1)Oc1ccc(cc1)C=NCCCCCCN=Cc1ccc(cc1)*,0.37498701,uwm_md,train
*Oc1ccc(cc1)Oc1ccc(cc1)C=NCCCCCCCCCCN=Cc1ccc(cc1)*,0.37760079,uwm_md,train
*Oc1ccc(cc1)Oc1ccc(cc1)C=NCCCCCCCCCCCCN=Cc1ccc(cc1)*,0.37925907,uwm_md,train
*Oc1ccc(cc1)Oc1ccc(cc1)C=Nc1ccc(cc1)N=Cc1ccc(cc1)*,0.37280796,uwm_md,train
*Oc1ccc(cc1)Oc1ccc(cc1)C=Nc1ccc(cc1)Oc1ccc(cc1)N=Cc1ccc(cc1)*,0.37351245,uwm_md,train
*OP(=O)(Oc1ccc(cc1)*)OC1CCCCC1,0.35761127,uwm_md,train
*OP(=O)(Oc1ccc(cc1)C(c1ccc(cc1)*)(C)C)OC1CCCCC1,0.36508508,uwm_md,train
*OP(=O)(Oc1ccc(cc1)c1ccc(cc1)*)OC1CCCCC1,0.36429244,uwm_md,train
*OP(=O)(Oc1c2c(ccc1)c(ccc2)*)OC1CCCCC1,0.36283438,uwm_md,test
*OP(=O)(Oc1ccc(cc1)S(=O)(=O)c1ccc(cc1)*)OC1CCCCC1,0.36199402,uwm_md,train
*OP(=O)(Oc1ccc(cc1)*)Oc1ccccc1,0.34040236,uwm_md,train
*OP(=O)(Oc1ccc(cc1)c1ccc(cc1)*)Oc1ccccc1,0.34952529,uwm_md,train
*OP(=O)(Oc1c2c(ccc1)c(ccc2)*)Oc1ccccc1,0.34871423,uwm_md,test
*c1sc(nn1)SCC(=O)NN=Cc1ccc(cc1)OCCCCCCCCCCOc1ccc(cc1)C=NNC(=O)CS*,0.36696758,uwm_md,test
*c1sc(nn1)SCC(=O)NN=Cc1cc(c(cc1)OCCCCCCCCCCOc1c(cc(cc1)C=NNC(=O)CS*)OC)OC,0.36310288,uwm_md,train
*c1ncc(cc1)c1ccc(cc1)Oc1ccc(cc1)P(=O)(c1ccc(cc1)Oc1ccc(cc1)*)c1ccccc1,0.38782954,uwm_md,train
*Oc1c(c(c(c(c1F)F)c1c(c(c(c(c1F)F)Oc1c(cc(cc1)Cc1cc(c(cc1)*)C=O)C=O)F)F)F)F,0.35996186,uwm_md,test
*Oc1ccc(cc1)C(=Cc1ccc(cc1)OCC(COC(=O)CCCCC(=O)OCC(C*)O)O)C,0.34074081,uwm_md,test
*Oc1ccc(cc1)C(=Cc1ccc(cc1)OCC(COC(=O)CCCCCCCCC(=O)OCC(C*)O)O)C,0.35077016,uwm_md,test
*Oc1ccc(cc1)OC(=O)c1ccc(cc1)OCC(COC(=O)CCCCC(=O)OCC(C*)O)O,0.32619562,uwm_md,train
*Oc1ccc(cc1)OC(=O)c1ccc(cc1)OCC(COC(=O)CCCCCCCCC(=O)OCC(C*)O)O,0.33714528,uwm_md,train
*OCC(C*)(COCCC#N)C,0.38263098,uwm_md,train
*OCC(C*)(COCCOCCOCCOC)C,0.36052012,uwm_md,train
*Oc1ccc(cc1)S(=O)(=O)c1ccc(cc1)Oc1ccc(cc1)C(c1ccc(cc1)*)(CCC(=O)O)C,0.36717423,uwm_md,train
*Oc1ccc(cc1)C1(c2ccccc2c2ccccc12)c1ccc(cc1)OCCOC(=O)Nc1ccc(cc1)Cc1ccc(cc1)NC(=O)OCC*,0.35416456,uwm_md,train
*Oc1ccc(cc1)C1(c2ccccc2c2ccccc12)c1ccc(cc1)OCCOC(=O)Nc1c(ccc(c1)NC(=O)OCC*)C,0.35870068,uwm_md,train
*Oc1ccc(cc1)C1(c2ccccc2c2ccccc12)c1ccc(cc1)OCCOC(=O)NCCCCCCNC(=O)OCC*,0.34888968,uwm_md,train
*Oc1ccc(cc1)C1(c2ccccc2c2ccccc12)c1ccc(cc1)OCCOC(=O)NC1CCC(CC1)CC1CCC(CC1)NC(=O)OCC*,0.35609978,uwm_md,train
*Oc1ccc(cc1)C1(c2ccccc2c2ccccc12)c1ccc(cc1)OCCOC(=O)C1CCC(CC1)C(=O)OCC*,0.35566835,uwm_md,train
*Oc1ccc(cc1)C(c1ccc(cc1)OCCOC(=O)Nc1ccc(cc1)Cc1ccc(cc1)NC(=O)OCC*)(C)C,0.3438323,uwm_md,test
*Oc1ccc(cc1)C(c1ccc(cc1)OCCOC(=O)C1CCC(CC1)C(=O)OCC*)(C)C,0.34686046,uwm_md,train
*Oc1ccc(cc1)C(=O)Nc1cc(cc(c1)C(=O)OCCOC(=O)C=Cc1ccc(cc1)N(C)C)NC(=O)c1ccc(cc1)*,0.3451955,uwm_md,train
*C1COC2C1OCC2OC(=O)OCCCCCCOC(=O)O*,0.33128506,uwm_md,test
*Oc1ccc(cc1)S(=O)(=O)c1ccc(cc1)OC1(C(C(C1(F)F)(F)F)(*)F)F,0.34883911,uwm_md,train
*C1COC2C1OCC2OC(=O)OCC(C(COC(=O)O*)OC)OC,0.32510823,uwm_md,train
*C1COC2C1OCC2OC(=O)OCC(C(COC(=O)O*)O)O,0.29768641,uwm_md,train
*C1COC2C1OCC2OC(=O)OCC1OC(OC1COC(=O)O*)(C)C,0.32749602,uwm_md,train
*c1nc(nc(n1)Oc1ccc(cc1)C(=O)Nc1ccc(cc1)S(=O)(=O)c1ccc(cc1)NC(=O)c1ccc(cc1)O*)Sc1ccccc1,0.35315957,uwm_md,train
*c1nc(nc(n1)Oc1ccc(cc1)C(=O)Nc1ccc(cc1)Cc1ccc(cc1)NC(=O)c1ccc(cc1)O*)Sc1ccccc1,0.35642575,uwm_md,train
*c1nc(nc(n1)Oc1cc(ccc1)C(=O)Nc1ccc(cc1)c1ccc(cc1)NC(=O)c1cc(ccc1)O*)Sc1ccccc1,0.35084083,uwm_md,train
*c1nc(nc(n1)Oc1cc(ccc1)C(=O)Nc1ccc(cc1)S(=O)(=O)c1ccc(cc1)NC(=O)c1cc(ccc1)O*)Sc1ccccc1,0.35247357,uwm_md,train
*C1(OC(C(O1)(F)C(F)(F)F)(F)F)C(*)(F)F,0.35247357,uwm_md,train
*Oc1ccc(cc1)C(=O)Nc1cc(cc(c1)c1nc2c([nH]1)cccc2)NC(=O)c1ccc(cc1)*,0.36445259,uwm_md,train
*Oc1ccc(cc1)C(=O)Nc1cc(cc(c1)c1nc2c([nH]1)cccc2)NC(=O)c1ccc(cc1)OCC*,0.35204064,uwm_md,train
*Oc1ccc(cc1)C(=O)Nc1cc(cc(c1)c1nc2c([nH]1)cccc2)NC(=O)c1ccc(cc1)OCCOCC*,0.34638057,uwm_md,test
*Oc1ccc(cc1)C(=O)Nc1cc(cc(c1)c1nc2c([nH]1)cccc2)NC(=O)c1ccc(cc1)OCCOCCOCC*,0.34154325,uwm_md,test
*Oc1ccc(cc1)C(=O)Nc1cc(cc(c1)c1nc2c([nH]1)cccc2)NC(=O)c1ccc(cc1)OCCOCCOCCOCC*,0.3483589,uwm_md,train
*Oc1ccc(cc1)C(=O)Nc1cc(cc(c1)c1nc2c([nH]1)cccc2)NC(=O)c1ccc(cc1)OCCOCCOCCOCCOCC*,0.34659235,uwm_md,test
*Oc1ccc(cc1)C(=O)Nc1cc(cc(c1)c1nc2c([nH]1)cccc2)NC(=O)c1ccc(cc1)OCCOCCOCCOCCOCCOCC*,0.34429063,uwm_md,test
*Oc1c(cc(cc1)Oc1ccc(cc1)C(=O)c1cc(ccc1)C(=O)c1ccc(cc1)*)S(=O)(=O)O,0.36037958,uwm_md,train
*Oc1c(cc(cc1)Oc1c(cc(cc1)C(=O)c1cc(c(cc1)*)S(=O)(=O)O)S(=O)(=O)O)S(=O)(=O)O,0.3508676,uwm_md,train
*Oc1ccc(cc1)Oc1c(cc(cc1)C(=O)c1cc(c(cc1)*)S(=O)(=O)O)S(=O)(=O)O,0.35202663,uwm_md,train
*Oc1ccc(cc1)c1ccc(cc1)Oc1c(cc(cc1)C(=O)c1cc(c(cc1)*)S(=O)(=O)O)S(=O)(=O)O,0.36352019,uwm_md,train
*Oc1ccc(cc1)C(c1ccc(cc1)Oc1c(cc(cc1)C(=O)c1cc(c(cc1)*)S(=O)(=O)O)S(=O)(=O)O)(C)C,0.36520818,uwm_md,train
*Oc1c(cc(cc1)S(=O)(=O)c1cc(c(cc1)Oc1ccc(cc1)C(c1ccc(cc1)*)(C)C)S(=O)(=O)O)S(=O)(=O)O,0.36521953,uwm_md,train
*Oc1c(cc(cc1C)C(=O)c1ccc(cc1)*)C,0.4003208,uwm_md,train
*Oc1c(c(c(c(c1F)F)S(=O)(=O)c1c(c(c(c(c1F)F)Oc1ccc(cc1)C(c1ccc(cc1)*)(C(F)(F)F)C(F)(F)F)F)F)F)F,0.36236981,uwm_md,train
*Oc1c(cc(c(c1)C(C)(C)C)Oc1ccc(cc1)C(=O)Nc1ccc(cc1)C(c1ccc(cc1)NC(=O)c1ccc(cc1)*)(C)C)C(C)(C)C,0.3776416,uwm_md,train
*Oc1c(cc(c(c1)C(C)(C)C)Oc1ccc(cc1)C(=O)Nc1c(cc(cc1)C(c1cc(c(cc1)NC(=O)c1ccc(cc1)*)C)(C)C)C)C(C)(C)C,0.38910548,uwm_md,train
*Oc1c(cc(c(c1)C(C)(C)C)Oc1ccc(cc1)C(=O)Nc1c(cc(cc1C)C(c1cc(c(c(c1)C)NC(=O)c1ccc(cc1)*)C)(C)C)C)C(C)(C)C,0.39461572,uwm_md,train
*Oc1c(cc(c(c1)C(C)(C)C)Oc1ccc(cc1)C(=O)Nc1c(cc(cc1C)Cc1cc(c(c(c1)C(C)C)NC(=O)c1ccc(cc1)*)C)C(C)C)C(C)(C)C,0.40228306,uwm_md,train
*Oc1c(cc(c(c1)C(C)(C)C)Oc1ccc(cc1)C(=O)Nc1ccc(cc1)C(c1ccc(cc1)NC(=O)c1ccc(cc1)*)(C(F)(F)F)C(F)(F)F)C(C)(C)C,0.37989241,uwm_md,train
*c1cc2c(nc(cc2c2ccccc2)c2cc(ccc2)c2nc3c(c(c2)c2ccccc2)cc(cc3)c2ccc(cc2)OCCCCCCCCCCCOc2ccc(cc2)*)cc1,0.3894808,uwm_md,train
*OP(=O)(OCCCCCCCCCCOc1ccc(cc1)C=Cc1ccc(cc1)OCCCCCCCCCC*)OCCCCCCCCCCOc1ccc(cc1)N=Nc1ccccc1,0.37909933,uwm_md,train
*OP(=O)(OCCCCCCCCCCOc1ccc(cc1)C=Cc1ccc(cc1)OCCCCCCCCCC*)OCCCCCCCCCCOc1ccc(cc1)N=Nc1ccc(cc1)Cl,0.37552981,uwm_md,train
*OP(=O)(OCCCCCCCCCCOc1ccc(cc1)C=Cc1ccc(cc1)OCCCCCCCCCC*)OCCCCCCCCCCOc1ccc(cc1)N=Nc1ccc(cc1)[N+](=O)[O-],0.36876796,uwm_md,train
*OP(=O)(OCCCCCCCCCCOc1ccc(cc1)C=Cc1ccc(cc1)OCCCCCCCCCC*)OCCCCCCCCCCOc1ccc(cc1)N=Nc1ccc(cc1)OC,0.374166,uwm_md,train
*OP(=O)(OCCCCCCCCCCOc1ccc(cc1)C=Cc1ccc(cc1)OCCCCCCCCCC*)OCCCCCCCCCCOc1ccc(cc1)N=Nc1ccc(cc1)c1ccccc1,0.37252491,uwm_md,test
*c1nc2c([nH]1)ccc(c2)NC(=O)c1ccc(cc1)OCCOc1ccc(cc1)C(=O)Nc1ccc(cc1)*,0.35057029,uwm_md,train
*c1nc2c([nH]1)ccc(c2)NC(=O)c1ccc(cc1)OCCOCCOc1ccc(cc1)C(=O)Nc1ccc(cc1)*,0.34897445,uwm_md,train
*c1nc2c([nH]1)ccc(c2)NC(=O)c1ccc(cc1)OCCOCCOCCOc1ccc(cc1)C(=O)Nc1ccc(cc1)*,0.34555816,uwm_md,train
*c1nc2c([nH]1)ccc(c2)NC(=O)c1ccc(cc1)OCCOCCOCCOCCOc1ccc(cc1)C(=O)Nc1ccc(cc1)*,0.34281464,uwm_md,train
*c1nc2c([nH]1)ccc(c2)NC(=O)c1ccc(cc1)OCCOCCOCCOCCOCCOc1ccc(cc1)C(=O)Nc1ccc(cc1)*,0.34464658,uwm_md,train
*c1nc2c([nH]1)ccc(c2)NC(=O)c1ccc(cc1)OCCOc1ccc(cc1)C(=O)Nc1cc(ccc1)*,0.35047536,uwm_md,train
*c1nc2c([nH]1)ccc(c2)NC(=O)c1ccc(cc1)OCCOCCOc1ccc(cc1)C(=O)Nc1cc(ccc1)*,0.34893481,uwm_md,train
*c1nc2c([nH]1)ccc(c2)NC(=O)c1ccc(cc1)OCCOCCOCCOc1ccc(cc1)C(=O)Nc1cc(ccc1)*,0.34384925,uwm_md,train
*c1nc2c([nH]1)ccc(c2)NC(=O)c1ccc(cc1)OCCOCCOCCOCCOc1ccc(cc1)C(=O)Nc1cc(ccc1)*,0.34339353,uwm_md,train
*c1nc2c([nH]1)ccc(c2)NC(=O)c1ccc(cc1)OCCOCCOCCOCCOCCOc1ccc(cc1)C(=O)Nc1cc(ccc1)*,0.34535507,uwm_md,train
*C1COC2C1OCC2OC(=O)CCCCC(=O)OC1COC2C1OCC2OCCCCO*,0.33206648,uwm_md,train
*Oc1ccc(cc1)Oc1ccc(cc1)OC(=O)c1ccc(cc1)C(c1ccc(cc1)C(=O)*)(C(F)(F)F)C(F)(F)F,0.35598766,uwm_md,test
*Oc1ccc(cc1)Oc1ccc(cc1)OC(=O)c1c(cccc1)c1c(cccc1)C(=O)*,0.35136953,uwm_md,train
*c1nc2c(nc1c1ccccc1)cc(cc2)Oc1cc2c(nc(c(n2)c2ccccc2)c2ccc(cc2)OCCN(CCOc2ccc(cc2)*)c2ccc(cc2)C=Cc2ccc(cc2)[N+](=O)[O-])cc1,0.37700388,uwm_md,train
*c1nc2c(nc1c1ccccc1)cc(cc2)Oc1cc2c(nc(c(n2)c2ccccc2)c2ccc(cc2)OCCOc2c(ccc(c2)OCCOc2ccc(cc2)*)C=Cc2ccc(cc2)[N+](=O)[O-])cc1,0.37078887,uwm_md,train
*c1nc2c(nc1c1ccccc1)cc(cc2)Oc1cc2c(nc(c(n2)c2ccccc2)c2ccc(cc2)OCCN(CCOc2ccc(cc2)*)c2ccc(cc2)N=Nc2ccc(cc2)[N+](=O)[O-])cc1,0.38165004,uwm_md,train
*c1nc2c(nc1c1ccccc1)cc(cc2)Oc1cc2c(nc(c(n2)c2ccccc2)c2ccc(cc2)OCCN(CCOc2ccc(cc2)*)c2ccc(cc2)N=Nc2c(cc(cc2)[N+](=O)[O-])C)cc1,0.38224032,uwm_md,train
*c1nc2c(nc1c1ccccc1)cc(cc2)Oc1cc2c(nc(c(n2)c2ccccc2)c2ccc(cc2)OCCN(c2ccc(cc2)C=CC2=CC(=C3C(=C(C#N)C#N)c4c(C3=O)cccc4)C=C(O2)C=Cc2ccc(cc2)N(CCOc2ccc(cc2)*)C)C)cc1,0.39171687,uwm_md,test
*Oc1ccc(cc1)N=Cc1ccc(cc1)Oc1ccc(cc1)C(c1ccc(cc1)Oc1ccc(cc1)C=Nc1ccc(cc1)Oc1ccc(cc1)c1ccc(cc1)*)(C)C,0.37355301,uwm_md,train
*Oc1ccc(cc1)N=Cc1ccc(cc1)Oc1ccc(cc1)C(c1ccc(cc1)Oc1ccc(cc1)C=Nc1ccc(cc1)Oc1ccc(cc1)c1ccc(cc1)*)(C(F)(F)F)C(F)(F)F,0.36915045,uwm_md,train
*Oc1ccc(cc1)S(=O)(=O)c1ccc(cc1)Oc1ccc(cc1)C=Nc1ccc(cc1)Oc1ccc(cc1)c1ccc(cc1)Oc1ccc(cc1)N=Cc1ccc(cc1)*,0.3708493,uwm_md,test
*Oc1ccc(cc1)S(=O)(=O)c1ccc(cc1)Oc1ccc(cc1)C=Nc1ccc(cc1)Oc1ccc(cc1)N=Cc1ccc(cc1)*,0.37338058,uwm_md,test
*Oc1ccc(cc1)S(=O)(=O)c1ccc(cc1)Oc1ccc(cc1)N=Cc1ccc(cc1)*,0.37509009,uwm_md,test
*C1COC2C1OCC2Oc1ccc(cc1)CNC(=O)c1ccc(cc1)C(=O)NCc1ccc(cc1)O*,0.33322541,uwm_md,test
*C1COC2C1OCC2Oc1ccc(cc1)CNC(=O)c1cc(ccc1)C(=O)NCc1ccc(cc1)O*,0.33419104,uwm_md,train
*C1COC2C1OCC2Oc1ccc(cc1)CNC(=O)CCCCC(=O)NCc1ccc(cc1)O*,0.33099906,uwm_md,train
*C1COC2C1OCC2Oc1ccc(cc1)NC(=O)c1ccc(cc1)OC1COC2C1OCC2Oc1ccc(cc1)C(=O)Nc1ccc(cc1)O*,0.34067358,uwm_md,test
*OC(C*)COCOCC(C)([N+](=O)[O-])[N+](=O)[O-],0.44890128,uwm_md,test
*Oc1c(cc(cc1)Oc1ccc(cc1)C(=O)c1ccc(cc1)*)c1cc(cc(c1)C(F)(F)F)C(F)(F)F,0.37731962,uwm_md,train
*Oc1c(cc(cc1)Oc1ccc(cc1)C(=O)c1ccc(cc1)*)c1cc(ccc1)C(F)(F)F,0.38193114,uwm_md,train
*Oc1c(cc(cc1)Oc1ccc(cc1)C(=O)c1ccc(cc1)*)c1cc(cc(c1)C)C,0.38469279,uwm_md,test
*Oc1c(cc(cc1)Oc1ccc(cc1)C(=O)c1ccc(cc1)*)c1ccc(cc1)Oc1ccccc1,0.37479029,uwm_md,test
*Oc1c(cc(cc1)Oc1ccc(cc1)C(=O)c1ccc(cc1)C(=O)c1ccc(cc1)*)c1cc(ccc1)C,0.38304917,uwm_md,train
*Oc1c(cc(cc1)Oc1ccc(cc1)C(=O)c1ccc(cc1)c1ccc(cc1)C(=O)c1ccc(cc1)*)c1cc(ccc1)C,0.38116077,uwm_md,train
*Oc1c(cc(cc1)Oc1ccc(cc1)C(=O)c1ccc(cc1)C(=O)c1ccc(cc1)*)c1ccccc1,0.38107447,uwm_md,train
*Oc1c(cc(cc1)Oc1ccc(cc1)C(=O)c1ccc(cc1)c1ccc(cc1)C(=O)c1ccc(cc1)*)c1ccccc1,0.3777411,uwm_md,train
*Oc1c(cc(cc1)Oc1ccc(cc1)C(=O)c1ccc(cc1)C(=O)c1ccc(cc1)*)c1cc(c(cc1)S(=O)(=O)O)C,0.36929236,uwm_md,train
*Oc1c(cc(cc1)Oc1ccc(cc1)C(=O)c1ccc(cc1)c1ccc(cc1)C(=O)c1ccc(cc1)*)c1cc(c(cc1)S(=O)(=O)O)C,0.37255113,uwm_md,train
*Oc1c(cc(cc1)Oc1ccc(cc1)C(=O)c1ccc(cc1)C(=O)c1ccc(cc1)*)c1ccc(cc1)S(=O)(=O)O,0.37247097,uwm_md,train
*C1(OC(C(O1)(F)C(F)(F)F)(F)C(F)(F)F)C(*)(F)F,0.33383626,uwm_md,train
*Oc1c(c2c(cc1)cccc2)Sc1c2c(ccc1OCC(=O)Nc1ccc(cc1)NC(=O)C*)cccc2,0.33977149,uwm_md,train
*Oc1c(c2c(cc1)cccc2)Sc1c2c(ccc1OCC(=O)Nc1cc(ccc1)NC(=O)C*)cccc2,0.33988537,uwm_md,train
*Oc1c(c2c(cc1)cccc2)Sc1c2c(ccc1OCC(=O)Nc1ccc(cc1)Cc1ccc(cc1)NC(=O)C*)cccc2,0.34521945,uwm_md,train
*Oc1c(c2c(cc1)cccc2)Sc1c2c(ccc1OCC(=O)Nc1ccc(cc1)Oc1ccc(cc1)NC(=O)C*)cccc2,0.34293502,uwm_md,train
*Oc1c(c2c(cc1)cccc2)Sc1c2c(ccc1OCC(=O)Nc1c3c(ccc1)c(ccc3)NC(=O)C*)cccc2,0.34427885,uwm_md,train
*Oc1cc(cc(c1)C(=O)Oc1ccc(cc1)N=Nc1ccc(cc1)C#N)Oc1ccc(cc1)C(c1ccc(cc1)*)(C)C,0.37807662,uwm_md,test
*C1COC2C1OCC2Oc1ccc(cc1)NC(=O)c1ccc(cc1)C(=O)Nc1ccc(cc1)O*,0.33832234,uwm_md,train
*C1COC2C1OCC2Oc1ccc(cc1)NC(=O)c1cc(ccc1)C(=O)Nc1ccc(cc1)O*,0.34004989,uwm_md,test
*C1COC2C1OCC2Oc1ccc(cc1)NC(=O)CCCCC(=O)Nc1ccc(cc1)O*,0.33012557,uwm_md,train
*C1COC2C1OCC2Oc1ccc(cc1)NC(=O)CCCCCCC(=O)Nc1ccc(cc1)O*,0.33802231,uwm_md,train
*Oc1ccc(cc1)Oc1ccc(cc1)C(=O)c1c2c(c(cc1)C(=O)c1ccc(cc1)*)cccc2,0.37892993,uwm_md,train
*Oc1c(cc(cc1)OC(=O)c1ccc(cc1)OCCCCCCCCCCCCOc1ccc(cc1)C(=O)*)C=Cc1ccncc1,0.36385478,uwm_md,train
*C1COC2C1OCC2OC(=O)OCCCCOC(=O)O*,0.3180929,uwm_md,train
*C1COC2C1OCC2OC(=O)OCCCCCCCCOC(=O)O*,0.33598554,uwm_md,test
*C1COC2C1OCC2OC(=O)OCCCCCCCCCCOC(=O)O*,0.34183349,uwm_md,train
*C1COC2C1OCC2OC(=O)OCCOCCOC(=O)O*,0.31603172,uwm_md,train
*C1COC2C1OCC2OC(=O)OCCOCCOCCOC(=O)O*,0.32153252,uwm_md,train
*C1COC2C1OCC2OC(=O)OCCOCCOCCOCCOC(=O)O*,0.32639137,uwm_md,train
*Oc1ccc(cc1)C(=O)NCC*,0.3294033,uwm_md,train
*Oc1cc(ccc1)C(=O)NCC*,0.32622214,uwm_md,test
*Oc1c(cccc1)C(=O)NCC*,0.32695077,uwm_md,train
*C1=CC(=C(C#N)C#N)C=C(O1)C=Cc1sc(cc1)N(CCOC(=O)Nc1c(ccc(c1)NC(=O)OCCN(c1sc(cc1)C=C*)C)C)C,0.37243706,uwm_md,train
*C1CCN(CC1)c1sc(cc1)C=CC1=CC(=C(C#N)C#N)C=C(O1)C=Cc1sc(cc1)N1CCC(CC1)OC(=O)Nc1c(ccc(c1)NC(=O)O*)C,0.37611035,uwm_md,train
*C1=CC(=C(C#N)C#N)C=C(O1)C=Cc1ccc(cc1)N=Nc1ccc(cc1)N(CCOC(=O)Nc1c(ccc(c1)NC(=O)OCCN(c1ccc(cc1)N=Nc1ccc(cc1)C=C*)C)C)C,0.37425307,uwm_md,train
*OP(=O)(OCCOc1c(cc(cc1)C=C1C(=O)C(=Cc2cc(c(cc2)OCC*)OC)CC1)OC)OC,0.34158729,uwm_md,train
*OP(=O)(OCCCCOc1c(cc(cc1)C=C1C(=O)C(=Cc2cc(c(cc2)OCCCC*)OC)CC1)OC)OC,0.35092765,uwm_md,train
*OP(=O)(OCCCCCCOc1c(cc(cc1)C=C1C(=O)C(=Cc2cc(c(cc2)OCCCCCC*)OC)CC1)OC)OC,0.35402154,uwm_md,test
*OP(=O)(OCCCCCCCCOc1c(cc(cc1)C=C1C(=O)C(=Cc2cc(c(cc2)OCCCCCCCC*)OC)CC1)OC)OC,0.36012749,uwm_md,train
*OP(=O)(OCCCCCCCCCCOc1c(cc(cc1)C=C1C(=O)C(=Cc2cc(c(cc2)OCCCCCCCCCC*)OC)CC1)OC)OC,0.3684349,uwm_md,test
*OP(=O)(OCCOc1c(cc(cc1)C=C1C(=O)C(=Cc2cc(c(cc2)OCC*)OC)CC1)OC)OCC,0.34641138,uwm_md,train
*OP(=O)(OCCCCOc1c(cc(cc1)C=C1C(=O)C(=Cc2cc(c(cc2)OCCCC*)OC)CC1)OC)OCC,0.35140206,uwm_md,train
*OP(=O)(OCCCCCCOc1c(cc(cc1)C=C1C(=O)C(=Cc2cc(c(cc2)OCCCCCC*)OC)CC1)OC)OCC,0.35788491,uwm_md,train
*OP(=O)(OCCCCCCCCOc1c(cc(cc1)C=C1C(=O)C(=Cc2cc(c(cc2)OCCCCCCCC*)OC)CC1)OC)OCC,0.36323545,uwm_md,train
*OP(=O)(OCCCCCCCCCCOc1c(cc(cc1)C=C1C(=O)C(=Cc2cc(c(cc2)OCCCCCCCCCC*)OC)CC1)OC)OCC,0.3656755,uwm_md,train
*Oc1ccc(cc1)C(=O)CNc1ccc(cc1)S(=O)(=O)c1ccc(cc1)NCC(=O)c1ccc(cc1)*,0.36395079,uwm_md,train
*Oc1ccc(cc1)NCC(=O)c1ccc(cc1)Sc1ccc(cc1)C(=O)CNc1ccc(cc1)*,0.37243845,uwm_md,train
*Oc1cc(c(cc1)OC(COCCCCCCCOc1ccc(cc1)c1ccc(cc1)C(=O)*)C)[N+](=O)[O-],0.34838594,uwm_md,train
*Oc1ccc(cc1)N=Cc1ccc(cc1)N(c1ccc(cc1)C=Nc1ccc(cc1)*)c1ccccc1,0.39892551,uwm_md,train
*Oc1cc(ccc1)Oc1ccc(cc1)N=Cc1ccc(cc1)N(c1ccc(cc1)C=Nc1ccc(cc1)*)c1ccccc1,0.38883651,uwm_md,train
*Oc1ccc(cc1)S(=O)(=O)c1ccc(cc1)Oc1c(cc(cc1)C(c1cc(c(cc1)*)C(O)(C(F)(F)F)C(F)(F)F)(C)C)C(O)(C(F)(F)F)C(F)(F)F,0.3757357,uwm_md,train
*Oc1ccc(cc1)S(=O)(=O)c1ccc(cc1)Oc1c(cc(cc1)C(c1cc(c(cc1)*)C(OC)(C(F)(F)F)C(F)(F)F)(C)C)C(OC)(C(F)(F)F)C(F)(F)F,0.37975399,uwm_md,train
*Oc1cc(c(cc1)S(=O)(=O)c1c(cc(cc1)Oc1c(cc(cc1C)C(c1cc(c(c(c1)C)*)C)(C)C)C)C(O)(C(F)(F)F)C(F)(F)F)C(O)(C(F)(F)F)C(F)(F)F,0.38564574,uwm_md,train
*Oc1cc(c(cc1)S(=O)(=O)c1c(cc(cc1)Oc1ccc(cc1)C(c1ccc(cc1)*)(C(F)(F)F)C(F)(F)F)C(O)(C(F)(F)F)C(F)(F)F)C(O)(C(F)(F)F)C(F)(F)F,0.35851232,uwm_md,train
*Oc1cc(c(cc1)S(=O)(=O)c1c(cc(cc1)Oc1c(cc(cc1C)C(c1cc(c(c(c1)C)*)C)(C(F)(F)F)C(F)(F)F)C)C(O)(C(F)(F)F)C(F)(F)F)C(O)(C(F)(F)F)C(F)(F)F,0.37988372,uwm_md,train
*Oc1cc(c(cc1)S(=O)(=O)c1c(cc(cc1)Oc1c(cc(cc1C)C(c1cc(c(c(c1)C)*)C)(C(F)(F)F)C(F)(F)F)C)C(OC)(C(F)(F)F)C(F)(F)F)C(OC)(C(F)(F)F)C(F)(F)F,0.37962717,uwm_md,train
*c1oc(nn1)c1ccc(cc1)NC(=O)c1cc(cc(c1)NC(=O)c1ccc(cc1)OC(=O)C)C(=O)Nc1ccc(cc1)*,0.34832358,uwm_md,train
*c1oc(nn1)c1ccc(cc1)Oc1ccc(cc1)NC(=O)c1cc(cc(c1)NC(=O)c1ccc(cc1)OC(=O)C)C(=O)Nc1ccc(cc1)Oc1ccc(cc1)*,0.35432779,uwm_md,test
*c1oc(nn1)c1ccc(cc1)Oc1cc(ccc1)NC(=O)c1cc(cc(c1)NC(=O)c1ccc(cc1)OC(=O)C)C(=O)Nc1cc(ccc1)Oc1ccc(cc1)*,0.35615516,uwm_md,train
*OC(C*)COC(C)C,0.38129236,uwm_md,train
*OC(C*)COC(C)(C)C,0.3876684,uwm_md,train
*C1(OC(C(O1)(F)F)(F)F)C(*)(F)F,0.3876684,uwm_md,test
*c1oc(nn1)c1ccc(cc1)C(=O)OCCCCCCCCOc1ccc(cc1)C=C1C(=O)C(=Cc2ccc(cc2)OCCCCCCCCOC(=O)c2ccc(cc2)*)CCC1,0.37367873,uwm_md,train
*c1oc(nn1)c1ccc(cc1)C(=O)OCCCCCCCCOc1ccc(cc1)C=C1C(=O)C(=Cc2ccc(cc2)OCCCCCCCCOC(=O)c2ccc(cc2)*)CC1,0.3617754,uwm_md,train
*c1oc(nn1)c1ccc(cc1)C(=O)OCCCCCCCCCCOc1ccc(cc1)C=C1C(=O)C(=Cc2ccc(cc2)OCCCCCCCCCCOC(=O)c2ccc(cc2)*)CC1,0.36684911,uwm_md,train
*c1nc(sc1)N=Cc1ccc(cc1)OCCCCCCOc1ccc(cc1)C=Nc1nc(cs1)c1ccc(cc1)Oc1ccc(cc1)*,0.37846605,uwm_md,train
*c1nc(sc1)N=Cc1ccc(cc1)OCCCCCCCCOc1ccc(cc1)C=Nc1nc(cs1)c1ccc(cc1)Oc1ccc(cc1)*,0.37304106,uwm_md,train
*Oc1ccc(cc1)C(=O)OCCN(CCOC(=O)c1ccc(cc1)OC1(C(C(C1(F)F)(F)F)(*)F)F)c1ccc(cc1)C=CC1=CC(=C(C#N)C#N)CC(C1)(C)C,0.36168331,uwm_md,train
*Oc1c(cc(cc1)C=C1C(=O)C(=Cc2cc(c(cc2)OCC(=O)c2ccc(cc2)Oc2ccc(cc2)C(=O)C*)OC)CCC1)OC,0.35837048,uwm_md,train
*Oc1ccc(cc1)C(c1ccc(cc1)OCCCCCC*)(C)C,0.36632136,uwm_md,train
*OCC(C*)(COCCCCCCCCCCOc1ccc(cc1)c1ccc(cc1)C#N)C,0.37119619,uwm_md,train
*Oc1ccc(cc1)Sc1ccc(cc1)Oc1c(cc(cc1)c1ccc(cc1)c1cc(c(cc1)*)C(F)(F)F)C(F)(F)F,0.37806344,uwm_md,train
*Oc1ccc(cc1)Sc1ccc(cc1)Oc1c(cc(cc1)c1ccc(cc1)c1ccc(cc1)c1cc(c(cc1)*)C(F)(F)F)C(F)(F)F,0.37984577,uwm_md,train
*c1nc(ccc1)c1cc(c(cc1)Oc1ccc(cc1)Sc1ccc(cc1)Oc1c(cc(cc1)*)C(F)(F)F)C(F)(F)F,0.39151592,uwm_md,train
*c1sc(cc1)c1cc(c(cc1)Oc1ccc(cc1)Sc1ccc(cc1)Oc1c(cc(cc1)*)C(F)(F)F)C(F)(F)F,0.40843871,uwm_md,train
*Oc1ccc(cc1)Oc1ccc(cc1)NC(=O)c1cc(cc(c1)C(C)(C)C)C(=O)Nc1ccc(cc1)*,0.36524897,uwm_md,test
*Oc1ccc(cc1)S(=O)(=O)c1ccc(cc1)Oc1ccc(cc1)NC(=O)c1cc(cc(c1)C(C)(C)C)C(=O)Nc1ccc(cc1)*,0.36687927,uwm_md,train
*Oc1ccc(cc1)Oc1ccc(cc1)Oc1ccc(cc1)NC(=O)c1cc(cc(c1)C(C)(C)C)C(=O)Nc1ccc(cc1)*,0.36514177,uwm_md,train
*Oc1c(cc(cc1OC)C=Cc1ccc(cc1)C=Cc1ccc(cc1)C=Cc1cc(c(c(c1)OC)OCCCCCCCC*)OC)OC,0.36573737,uwm_md,train
*Oc1ccc(cc1)C(c1ccc(cc1)OCC(CN(CC(C*)O)c1ccc(cc1)N=Nc1ccc(cc1)[N+](=O)[O-])O)(C)C,0.35223599,uwm_md,train
*OC(OC(=O)c1cc(ccc1)C(=O)OC(OCC1CCC(CC1)C*)C)C,0.35679176,uwm_md,train
*OC(OC(=O)c1c2c(c(cc1)C(=O)OC(OCC1CCC(CC1)C*)C)cccc2)C,0.35502936,uwm_md,train
*OC(OC(=O)c1ccc(cc1)C(=O)OC(OCC1CCC(CC1)C*)C)C,0.36174353,uwm_md,train
*O[Si](Oc1c(cc(cc1)C1(c2ccccc2c2ccccc12)c1cc(c(cc1)*)C)C)(c1ccccc1)c1ccccc1,0.42654959,uwm_md,test
*O[Si](Oc1ccc(cc1)C1(c2ccccc2c2ccccc12)c1ccc(cc1)*)(c1ccccc1)c1ccccc1,0.41378255,uwm_md,test
*O[Si](OCCOc1ccc(cc1)C1(c2ccccc2c2ccccc12)c1ccc(cc1)OCC*)(c1ccccc1)c1ccccc1,0.36865547,uwm_md,train
*C1=CC(=C(C#N)C#N)C=C(O1)C=Cc1sc(c(c1CCCCCC)CCCCCC)c1cc2C(c3c(c2cc1)ccc(c3)c1sc(c(c1CCCCCC)CCCCCC)C=C*)(CCCCCC)CCCCCC,0.42087423,uwm_md,train
*c1ccc2N(c3c(Sc2c1)cc(cc3)c1sc(c(c1CCCCCC)CCCCCC)C=CC1=CC(=C(C#N)C#N)C=C(O1)C=Cc1sc(c(c1CCCCCC)CCCCCC)*)CCCCCC,0.41634717,uwm_md,test
*C1=CC(=C(C#N)C#N)C=C(O1)C=Cc1sc(c(c1CCCCCC)CCCCCC)c1sc(cc1)c1sc(cc1)c1sc(c(c1CCCCCC)CCCCCC)C=C*,0.42318746,uwm_md,train
*Oc1ccc(cc1)C=C1C(=O)C(=Cc2ccc(cc2)OCCCCCC*)CCC1,0.36783098,uwm_md,train
*Oc1ccc(cc1)C=C1C(=O)C(=Cc2ccc(cc2)OCCCCCCCC*)CCC1,0.37127154,uwm_md,train
*Oc1ccc(cc1)C=C1C(=O)C(=Cc2ccc(cc2)OCCCCCCCCCC*)CCC1,0.37076764,uwm_md,train
*Oc1c(cc(cc1)C=C1C(=O)C(=Cc2cc(c(cc2)OCCCCCC*)OC)CCC1)OC,0.35895367,uwm_md,train
*Oc1c(cc(cc1)C=C1C(=O)C(=Cc2cc(c(cc2)OCCCCCCCC*)OC)CCC1)OC,0.36354284,uwm_md,train
*Oc1c(cc(cc1)C=C1C(=O)C(=Cc2cc(c(cc2)OCCCCCCCCCC*)OC)CCC1)OC,0.36585975,uwm_md,test
*Oc1c(cc(cc1OC)C=C1C(=O)C(=Cc2cc(c(c(c2)OC)OCCCCCC*)OC)CCC1)OC,0.35644797,uwm_md,train
*Oc1c(cc(cc1OC)C=C1C(=O)C(=Cc2cc(c(c(c2)OC)OCCCCCCCC*)OC)CCC1)OC,0.35816729,uwm_md,train
*Oc1c(cc(cc1OC)C=C1C(=O)C(=Cc2cc(c(c(c2)OC)OCCCCCCCCCC*)OC)CCC1)OC,0.3627628,uwm_md,train
*c1cc2c(cc1OC(=O)COc1ccc3c(c1)oc(=O)cc3)oc(=O)c(c2)C(=O)Nc1ccc(cc1)Oc1ccc(cc1)NC(=O)c1c(=O)oc2c(cc(c(c2)OC(=O)COc2ccc3c(c2)oc(=O)cc3)C*)c1,0.32641041,uwm_md,train
*Oc1cc2c(cc1)cc(cc2)Oc1ccc(cc1)S(=O)(=O)c1ccc(cc1)*,0.36801316,uwm_md,train
*c1cc2c(oc(n2)C2CCC(CC2)c2oc3c(n2)cc(cc3)C(*)(C(F)(F)F)C(F)(F)F)cc1,0.38067376,uwm_md,train
*c1oc2c(n1)cc(cc2)S(=O)(=O)c1cc2c(oc(n2)C2CCC(CC2)*)cc1,0.3932565,uwm_md,train
*OC(=O)C=CC(=O)NCCCCCCNC(=O)C=CC(=O)OCCOCC*,0.32070713,uwm_md,train
*OC(=O)C=CC(=O)NCCCCCCNC(=O)C=CC(=O)OCCOCCOCC*,0.32787972,uwm_md,train
*OC(=O)C=CC(=O)NCCCCCCNC(=O)C=CC(=O)OCCOCCOCCOCC*,0.32877992,uwm_md,train
*c1ccc2n(c3c(c2c1)cc(cc3)Nc1ccc(cc1)Oc1ccc(cc1)N*)CC(CCCC)CC,0.38890239,uwm_md,train
*Oc1ccc(cc1)Nc1ccc(cc1)N=Nc1ccc(cc1)Nc1ccc(cc1)*,0.39236421,uwm_md,train
*Oc1ccc(cc1)Nc1ccc(cc1)C(=O)c1ccc(cc1)C(=O)c1ccc(cc1)Nc1ccc(cc1)*,0.38639477,uwm_md,train
*Oc1ccc(cc1)NC(=O)c1cc(cc(c1)C(C)(C)C)C(=O)Nc1ccc(cc1)*,0.36167594,uwm_md,train
*Oc1ccc(cc1)C1(c2ccccc2c2ccccc12)c1ccc(cc1)Oc1c(cc(cc1)c1ccc(cc1)NC(=O)c1cc(cc(c1)C(C)(C)C)C(=O)Nc1ccc(cc1)c1cc(c(cc1)*)C(F)(F)F)C(F)(F)F,0.38174779,uwm_md,train
*Oc1c(cc(cc1)c1ccc(cc1)NC(=O)c1cc(cc(c1)C(C)(C)C)C(=O)Nc1ccc(cc1)c1cc(c(cc1)Oc1ccc(cc1)C(c1ccc(cc1)*)(C(F)(F)F)C(F)(F)F)C(F)(F)F)C(F)(F)F,0.37054632,uwm_md,test
*Oc1c(cc(cc1)c1ccc(cc1)NC(=O)c1cc(cc(c1)C(C)(C)C)C(=O)Nc1ccc(cc1)c1cc(c(cc1)Oc1ccc(cc1)C(c1ccc(cc1)*)(C)C)C(F)(F)F)C(F)(F)F,0.37653866,uwm_md,test
*C1COC2C1OCC2OC(=O)C1CCC(CC1)C(=O)O*,0.3404303,uwm_md,train
*C1COC2C1OCC2OC(=O)C=CC(=O)O*,0.31212102,uwm_md,train
*C1=CC(=C(C#N)C#N)C=C(O1)C=Cc1sc(c(c1CCCCCC)CCCCCC)c1sc(cc1)c1sc(c(c1CCCCCC)CCCCCC)C=C*,0.41455567,uwm_md,train
*C1=CC(=C(C#N)C#N)C=C(O1)C=Cc1sc(c(c1CCCCCC)CCCCCC)c1sc(cc1)c1sc(cc1)c1sc(cc1)c1sc(c(c1CCCCCC)CCCCCC)C=C*,0.42429336,uwm_md,train
*c1oc(nn1)c1ccc(cc1)C(=O)OCCCCCCOc1ccc(cc1)C=CC(=O)C=Cc1ccc(cc1)OCCCCCCOC(=O)c1ccc(cc1)*,0.35964696,uwm_md,test
*c1oc(nn1)c1ccc(cc1)C(=O)OCCCCCCCCOc1ccc(cc1)C=CC(=O)C=Cc1ccc(cc1)OCCCCCCCCOC(=O)c1ccc(cc1)*,0.36096728,uwm_md,train
*c1oc(nn1)c1ccc(cc1)C(=O)OCCCCCCCCCCOc1ccc(cc1)C=CC(=O)C=Cc1ccc(cc1)OCCCCCCCCCCOC(=O)c1ccc(cc1)*,0.36732562,uwm_md,train
*c1oc(nn1)c1ccc(cc1)C(=O)OCCCCCCOc1ccc(cc1)C=C1C(=O)C(=Cc2ccc(cc2)OCCCCCCOC(=O)c2ccc(cc2)*)CCCC1,0.36570631,uwm_md,train
*c1oc(nn1)c1ccc(cc1)C(=O)OCCCCCCCCOc1ccc(cc1)C=C1C(=O)C(=Cc2ccc(cc2)OCCCCCCCCOC(=O)c2ccc(cc2)*)CCCC1,0.36677031,uwm_md,train
*c1oc(nn1)c1ccc(cc1)C(=O)OCCCCCCCCCCOc1ccc(cc1)C=C1C(=O)C(=Cc2ccc(cc2)OCCCCCCCCCCOC(=O)c2ccc(cc2)*)CCCC1,0.36697686,uwm_md,train
*c1cc2c(cc1)oc(=O)c(c2)C(=O)Nc1ccc(cc1)Oc1ccc(cc1)NC(=O)c1c(=O)oc2c(cc(cc2)C*)c1,0.33664324,uwm_md,train
*c1cc2c(cc1)oc(=O)c(c2)C(=O)Nc1ccc(cc1)Oc1ccc(cc1)Oc1ccc(cc1)NC(=O)c1c(=O)oc2c(cc(cc2)C*)c1,0.34606436,uwm_md,train
*c1cc2c(cc1)oc(=O)c(c2)C(=O)Nc1ccc(cc1)Oc1ccc(cc1)C(c1ccc(cc1)Oc1ccc(cc1)NC(=O)c1c(=O)oc2c(cc(cc2)C*)c1)(C(F)(F)F)C(F)(F)F,0.34746519,uwm_md,train
*c1sc(cc1)C=Nc1ccc(cc1)C(=O)OCCCCOCCCCOCCCCOC(=O)c1ccc(cc1)N=C*,0.36455788,uwm_md,train
*c1ccc2n(c3c(c2c1)cc(cc3)C=Nc1ccc(cc1)C(=O)OCCCCOCCCCOCCCCOC(=O)c1ccc(cc1)N=C*)CC(CCCC)CC,0.36987967,uwm_md,test
*OC(=O)c1ccc(cc1)N=Cc1c(cc(c(c1)OCCCCCC)C=Cc1c(cc(c(c1)OCCCCCC)C=Cc1c(cc(c(c1)OCCCCCC)C=Nc1ccc(cc1)C(=O)OCCCCOCCCCOCCCC*)OCCCCCC)OCCCCCC)OCCCCCC,0.38309201,uwm_md,train
*OC(=O)c1ccc(cc1)N=Cc1ccc(cc1)C=Nc1ccc(cc1)C(=O)OCCCCOCCCCOCCCC*,0.36331077,uwm_md,test
*OC(=O)c1ccc(cc1)N=Cc1c(cc(c(c1)OCCC(CCCC(C)C)C)C=Nc1ccc(cc1)C(=O)OCCCCOCCCCOCCCC*)OCCC(CCCC(C)C)C,0.37606592,uwm_md,train
*Oc1c(c(c(c(c1F)F)COC(c1cc(ccc1)C(OCc1c(c(c(c(c1F)F)Oc1ccc(cc1)Cc1ccc(cc1)*)F)F)(C(F)(F)F)C(F)(F)F)(C(F)(F)F)C(F)(F)F)F)F,0.34625699,uwm_md,test
*Oc1ccc(cc1)C(c1ccc(cc1)Oc1c(c(c(c(c1F)F)COC(c1cc(ccc1)C(OCc1c(c(c(c(c1F)F)*)F)F)(C(F)(F)F)C(F)(F)F)(C(F)(F)F)C(F)(F)F)F)F)(C)C,0.34981945,uwm_md,train
*Oc1ccc(cc1)C(c1ccc(cc1)Oc1c(c(c(c(c1F)F)COC(c1cc(ccc1)C(OCc1c(c(c(c(c1F)F)*)F)F)(C(F)(F)F)C(F)(F)F)(C(F)(F)F)C(F)(F)F)F)F)(C(F)(F)F)C(F)(F)F,0.34613414,uwm_md,train
*Oc1c(cc(cc1)NC(=O)NC1CC(CC(C1)(CNC(=O)Nc1cc(c(cc1)*)c1ccc(cc1)Oc1ccccc1)C)(C)C)c1ccc(cc1)Oc1ccccc1,0.35601929,uwm_md,train
*Oc1c(cc(cc1)NC(=O)Nc1c(ccc(c1)NC(=O)Nc1cc(c(cc1)*)c1ccc(cc1)Oc1ccccc1)C)c1ccc(cc1)Oc1ccccc1,0.35573638,uwm_md,test
*Oc1ccc(cc1)NC(=O)NC1CC(CC(C1)(CNC(=O)Nc1ccc(cc1)*)C)(C)C,0.34918835,uwm_md,train
*Oc1ccc(cc1)NC(=O)Nc1c(ccc(c1)NC(=O)Nc1ccc(cc1)*)C,0.34206534,uwm_md,train
*c1n(c(cc1)Oc1ccc(cc1)C(c1ccc(cc1)OC*)(C)C)c1ccc(cc1)C#N,0.3718604,uwm_md,train
*c1n(c(cc1)Oc1ccc(cc1)C(c1ccc(cc1)OC*)(C)C)c1ccc(cc1)[N+](=O)[O-],0.35710014,uwm_md,train
*Oc1ccc(cc1)NC(=O)c1cc(cc(c1)NC(=O)C12CC3CC(CC(C1)C3)C2)C(=O)Nc1ccc(cc1)*,0.35628794,uwm_md,train
*Oc1c(ccc(c1)Oc1ccc(cc1)NC(=O)c1cc(cc(c1)NC(=O)C12CC3CC(CC(C1)C3)C2)C(=O)Nc1ccc(cc1)*)C12CC3CC(CC(C1)C3)C2,0.36497894,uwm_md,train
*OC(=O)C1CCC(CC1)C(=O)OCCOCCOCC*,0.33745828,uwm_md,train
*Oc1cc(ccc1)Oc1cc(ccc1)NC(=O)c1c(ccc(c1)Oc1cc(c(cc1)C(=O)O)C(=O)Nc1cc(ccc1)*)C(=O)O,0.32944697,uwm_md,test
*Oc1c(ccc(c1)Oc1cc(ccc1)NC(=O)c1c(ccc(c1)Oc1cc(c(cc1)C(=O)O)C(=O)Nc1cc(ccc1)*)C(=O)O)C#N,0.33806241,uwm_md,train
*Oc1c(c(ccc1)Oc1cc(ccc1)NC(=O)c1c(ccc(c1)Oc1cc(c(cc1)C(=O)O)C(=O)Nc1cc(ccc1)*)C(=O)O)C#N,0.33531487,uwm_md,test
*Oc1c(c(c(c(c1[2H])[2H])S(=O)(=O)c1c(c(c(c(c1[2H])[2H])Oc1c(c(c(c(c1[2H])[2H])C(c1c(c(c(c(c1[2H])[2H])*)[2H])[2H])(C([2H])([2H])[2H])C([2H])([2H])[2H])[2H])[2H])[2H])[2H])[2H])[2H],0.37933974,uwm_md,train
*OC(C(=O)OCCC*)C,0.34983248,uwm_md,train
*Oc1ccc(cc1)C(=O)Nc1cc(ccc1)P(=O)(c1cc(ccc1)NC(=O)c1ccc(cc1)OCCCC*)c1ccccc1,0.35398022,uwm_md,train
*Oc1c(cc(cc1)Oc1c(c(c(c(c1F)F)c1c(c(c(c(c1F)F)*)F)F)F)F)S(=O)(=O)O,0.36032726,uwm_md,test
*Oc1ccc(cc1)Oc1ccc(cc1)Nc1ccc(cc1)S(=O)(=O)c1ccc(cc1)Nc1ccc(cc1)*,0.39625118,uwm_md,train
*Oc1ccc(cc1)Nc1ccc(cc1)S(=O)(=O)c1ccc(cc1)Nc1ccc(cc1)Oc1ccc(cc1)C(c1ccc(cc1)*)(C)C,0.38534918,uwm_md,test
*C1COC2C1OCC2OC(=O)c1cc(ccc1)OCCCCCCOc1cc(ccc1)C(=O)O*,0.34442932,uwm_md,train
*C1COC2C1OCC2OC(=O)c1cc(ccc1)OCCCCCCCCOc1cc(ccc1)C(=O)O*,0.34800981,uwm_md,train
*C1COC2C1OCC2OC(=O)c1cc(ccc1)OCCCCCCCCCCOc1cc(ccc1)C(=O)O*,0.34799982,uwm_md,train
*Oc1ccc(cc1)C1(CC2C(CC1)CCCC2)c1ccc(cc1)Oc1ccc(cc1)C(=O)c1ccc(cc1)*,0.387972,uwm_md,train
*Oc1c(cc(cc1)C1(CC2C(CC1)CCCC2)c1cc(c(cc1)Oc1ccc(cc1)C(=O)c1ccc(cc1)*)C)C,0.39820678,uwm_md,train
*Oc1c(cc(cc1C)C1(CC2C(CC1)CCCC2)c1cc(c(c(c1)C)Oc1ccc(cc1)C(=O)c1ccc(cc1)*)C)C,0.41226899,uwm_md,train
*Oc1ccc(cc1)C1(CC2C(CC1)CCCC2)c1ccc(cc1)Oc1ccc(cc1)C(=O)c1cc(ccc1)C(=O)c1ccc(cc1)*,0.39821297,uwm_md,test
*Oc1c(cc(cc1)C1(CC2C(CC1)CCCC2)c1cc(c(cc1)Oc1ccc(cc1)C(=O)c1cc(ccc1)C(=O)c1ccc(cc1)*)C)C,0.3933978,uwm_md,test
*Oc1c(cc(cc1C)C1(CC2C(CC1)CCCC2)c1cc(c(c(c1)C)Oc1ccc(cc1)C(=O)c1cc(ccc1)C(=O)c1ccc(cc1)*)C)C,0.39855056,uwm_md,train
*P1(=NP(=NP(=N1)(Oc1ccc(cc1)C(=O)OC)Oc1ccc(cc1)C(=O)OC)(Oc1ccc(cc1)C(c1ccc(cc1)O*)(C)C)Oc1ccc(cc1)C(=O)OC)Oc1ccc(cc1)C(=O)OC,0.34690701,uwm_md,train
*P1(=NP(=NP(=N1)(Oc1ccc(cc1)C(=O)OCCC)Oc1ccc(cc1)C(=O)OCCC)(Oc1ccc(cc1)C(c1ccc(cc1)O*)(C)C)Oc1ccc(cc1)C(=O)OCCC)Oc1ccc(cc1)C(=O)OCCC,0.35923565,uwm_md,test
*P1(=NP(=NP(=N1)(Oc1ccc(cc1)C(=O)OC)Oc1ccc(cc1)C(=O)OC)(Oc1ccc(cc1)C(c1ccc(cc1)O*)(C(F)(F)F)C(F)(F)F)Oc1ccc(cc1)C(=O)OC)Oc1ccc(cc1)C(=O)OC,0.34107289,uwm_md,train
*P1(=NP(=NP(=N1)(Oc1ccc(cc1)C(=O)OCCC)Oc1ccc(cc1)C(=O)OCCC)(Oc1ccc(cc1)C(c1ccc(cc1)O*)(C(F)(F)F)C(F)(F)F)Oc1ccc(cc1)C(=O)OCCC)Oc1ccc(cc1)C(=O)OCCC,0.35657352,uwm_md,train
*Oc1c(cc(cc1C)c1cc(c(c(c1)CBr)Oc1ccc(cc1)C(=O)c1ccc(cc1)*)C)CBr,0.40843427,uwm_md,train
*Oc1c(cc(cc1C)c1cc(c(c(c1)CBr)Oc1ccc(cc1)C(=O)c1ccc(cc1)*)CBr)CBr,0.4178534,uwm_md,train
*Oc1ccc(cc1)CCc1ccc(cc1)OCCCCCCOC(=O)NC1CCC(CC1)CC1CCC(CC1)NC(=O)OCCCCCC*,0.36064219,uwm_md,train
*Oc1ccc(cc1)c1ccc(cc1)OCCCCCCOC(=O)C(C(=O)OCCCCCC*)CCCCCOc1cc(nc(c1)c1ncccc1)c1ncccc1,0.36437086,uwm_md,test
*c1oc(nn1)c1ccc(cc1)Oc1c2c(ccc1)c(ccc2)NC(=O)c1ccc(cc1)C(c1ccc(cc1)C(=O)Nc1c2c(ccc1)c(ccc2)Oc1ccc(cc1)*)(C(F)(F)F)C(F)(F)F,0.37104971,uwm_md,train
*c1oc(nn1)c1ccc(cc1)Oc1c2c(ccc1)c(ccc2)NC(=O)c1ccc(cc1)[Si](c1ccc(cc1)C(=O)Nc1c2c(ccc1)c(ccc2)Oc1ccc(cc1)*)(c1ccccc1)c1ccccc1,0.37704837,uwm_md,train
*c1oc(nn1)c1ccc(cc1)Oc1c2c(ccc1)c(ccc2)NC(=O)c1ccc(cc1)Oc1ccc(cc1)C(=O)Nc1c2c(ccc1)c(ccc2)Oc1ccc(cc1)*,0.36893685,uwm_md,train
*Oc1c(c(c(c(c1F)C#N)Oc1ccc(cc1)C(c1cc(ccc1)C(c1ccc(cc1)*)(C)C)(C)C)F)C#N,0.38046147,uwm_md,test
*OCC(*)CCCCCCCCC(=O)Oc1ccc(cc1)c1ccc(cc1)C(=O)Oc1cc(ccc1)OC(=O)c1ccc(cc1)c1ccc(cc1)OC(=O)CCCCCCCCC*O*,0.38046147,uwm_md,train
*OCC(*)CCCCCCCCC(=O)Oc1ccc(cc1)c1ccc(cc1)C(=O)Oc1c(ccc(c1)OC(=O)c1ccc(cc1)c1ccc(cc1)OC(=O)CCCCCCCCC*O*)C(=O)OC,0.38046147,uwm_md,train
*OCC(*)CCCCCCCCC(=O)Oc1ccc(cc1)c1ccc(cc1)C(=O)Oc1c(ccc(c1)OC(=O)c1ccc(cc1)c1ccc(cc1)OC(=O)CCCCCCCCC*O*)Cl,0.38046147,uwm_md,train
*OCC(*)CCCCCCCCC(=O)Oc1ccc(cc1)c1ccc(cc1)C(=O)Oc1cccc(c1[N+](=O)[O-])OC(=O)c1ccc(cc1)c1ccc(cc1)OC(=O)CCCCCCCCC*O*,0.38046147,uwm_md,train
*OCC(*)CCCCCCCCC(=O)Oc1ccc(cc1)c1ccc(cc1)C(=O)Oc1c(ccc(c1[N+](=O)[O-])OC(=O)c1ccc(cc1)c1ccc(cc1)OC(=O)CCCCCCCCC*O*)C(=O)OC,0.38046147,uwm_md,train
*OCCCCCCCCCCCOc1ccc2c(sc(n2)c2ccc(cc2)OCCCCCCCCCCCOC(=O)c2cc(cc(c2)C(=O)*)C(=O)*)c1,0.36316614,uwm_md,train
*OCCCCOc1ncnc(n1)*,0.35576743,uwm_md,train
*c1nc(nc(n1)OCCCCO*)OC,0.3615296,uwm_md,train
*C(=O)Nc1ccc(cc1)Cc1ccc(cc1)NC(=O)OCCOc1ccc(cc1N=Nc1ccc(cc1)N(OCCO*)OCCO*)[N+](=O)[O-],0.33829793,uwm_md,test
*c1cc(ccc1C#N)Oc1cc(cc(c1)O*)O*,0.35031084,uwm_md,train
*OC(C(=O)OCC*)C,0.33713195,uwm_md,train
*Oc1ccc(cc1)C(=O)c1cc(ccc1)*,0.36659274,uwm_md,test
*Oc1ccc(cc1)c1ccc(cc1)C(=O)NCC*,0.33621674,uwm_md,train
*c1ccc2c3c(C(c2c1)(CC)CC)cc(cc3C=C(c1ccc(cc1)c1sc(cc1)C=CC1=CC(=C(C#N)C#N)C=C(O1)C=Cc1sc(cc1)c1ccc(cc1)C(=C*)C#N)C#N)C=C(c1ccc(cc1)c1sc(cc1)C=CC1=CC(=C(C#N)C#N)C=C(O1)C=Cc1sc(cc1)c1ccc(cc1)C(=C*)C#N)C#N,0.40990352,uwm_md,train
*C1=CC(=C(C#N)C#N)C=C(O1)C=Cc1sc(cc1)c1ccc(cc1)C(=Cc1cc2C(c3c(c2cc1)ccc(c3)C=C(c1ccc(cc1)c1sc(cc1)C=C*)C#N)(CC)CC)C#N,0.40560476,uwm_md,train
*Oc1cc2c(cc1)cc(cc2)C(=O)NCC*,0.33091429,uwm_md,train
*Oc1c2c(ccc1)cc(cc2)OCCNC(=O)c1ccc(cc1)C(=O)NCC*,0.33252314,uwm_md,train
*Oc1c2c(ccc1)cc(cc2)OCCNC(=O)c1cc(ccc1)C(=O)NCC*,0.33057891,uwm_md,train
*Oc1cc2c(cc1)ccc(c2)OCCNC(=O)c1ccc(cc1)C(=O)NCC*,0.32844046,uwm_md,train
*Oc1cc2c(cc1)ccc(c2)OCCNC(=O)c1cc(ccc1)C(=O)NCC*,0.32973712,uwm_md,train
*Oc1c2c(ccc1)c(ccc2)OCCNC(=O)c1cc(ccc1)C(=O)NCC*,0.33080425,uwm_md,test
*Oc1cc2c(cc1OCCNC(=O)c1ccc(cc1)C(=O)NCC*)cccc2,0.32766581,uwm_md,train
*OC(C*)COC(OCC)C,0.36879886,uwm_md,train
*C1COC2C1OCC2OC(=O)Nc1c(ccc(c1)NC(=O)O*)C,0.33930504,uwm_md,train
*Oc1c(cc(cc1)C(C)(C)C)Oc1ccc(cc1)S(=O)(=O)c1ccc(cc1)*,0.38325009,uwm_md,train
*c1sc(cc1)*,0.49681739,uwm_md,test
*c1sc(cc1C)*,0.5168642,uwm_md,train
*C1SC(C=C1CCCCCC)*,0.42189435,uwm_md,train
*SCC(C*)(CC)CC,0.39177135,uwm_md,train
*Sc1ccc(cc1)P(=O)(c1ccc(cc1)Sc1ccc(cc1)c1ccc(cc1)*)c1ccccc1,0.39670171,uwm_md,train
*c1sc(cc1CCCCCCCCCCCC)*,0.41022463,uwm_md,train
*c1sc(cc1CCCCCCCCCC)*,0.41339329,uwm_md,train
*c1sc(cc1CCCCCC)*,0.42393246,uwm_md,train
*c1sc(cc1CCCCCCCC)*,0.41466296,uwm_md,train
*S(=O)c1ccc(cc1)Sc1ccc(cc1)Sc1ccc(cc1)Sc1ccc(cc1)*,0.38833103,uwm_md,train
*S(=O)c1ccc(cc1)Sc1cc(ccc1)Sc1ccc(cc1)*,0.37723883,uwm_md,train
*Sc1ccc(cc1)C(=O)c1ccc(cc1)C(c1ccc(cc1)C(=O)c1ccc(cc1)*)(C(F)(F)F)C(F)(F)F,0.38438273,uwm_md,train
*Sc1ccc(cc1)C(=O)c1ccc(cc1)C(c1ccc(cc1)C(=O)c1ccc(cc1)*)(C)C,0.40938395,uwm_md,train
*c1n(c(cc1)c1sc(cc1)c1sc(cc1)c1sc(cc1)*)CCCCCCCCCCCC,0.41937735,uwm_md,test
*c1n(c(cc1)c1sc(cc1)c1sc(cc1)c1sc(cc1)c1sc(cc1)*)CCCCCCCCCCCC,0.43060128,uwm_md,train
*c1sc(cc1)[Si](*)(C)C,0.42057371,uwm_md,train
*c1sc(cc1)[Si]([Si](*)(C)C)(C)C,0.46355784,uwm_md,train
*c1sc(cc1)[Si]([Si](*)(CCCC)CCCC)(CCCC)CCCC,0.44335751,uwm_md,train
*c1sc(cc1)c1sc(cc1)[Si](*)(C)C,0.43527879,uwm_md,train
*c1sc(cc1)c1sc(cc1)[Si](*)(CCCC)CCCC,0.4246241,uwm_md,train
*c1sc(cc1)c1sc(cc1)[Si]([Si](*)(CCCC)CCCC)(CCCC)CCCC,0.42578552,uwm_md,train
*c1sc(cc1)c1sc(cc1)c1sc(cc1)[Si](*)(C)C,0.45230424,uwm_md,train
*c1sc(cc1)c1sc(cc1)c1sc(cc1)[Si]([Si](*)(C)C)(C)C,0.45398953,uwm_md,test
*c1sc(cc1)c1sc(cc1)c1sc(cc1)[Si](*)(CCCC)CCCC,0.43066164,uwm_md,train
*c1sc(cc1)c1sc(cc1)c1sc(cc1)[Si]([Si](*)(CCCC)CCCC)(CCCC)CCCC,0.42687929,uwm_md,test
*c1sc(cc1)c1sc(c(c1)CCCCCCCC)c1sc(cc1)c1sc(cc1)c1sc(cc1CCCCCCCC)c1sc(cc1)[Si](*)(C)C,0.43305383,uwm_md,train
*c1sc(cc1)c1sc(c(c1)CCCCCCCC)c1sc(cc1)c1sc(cc1)c1sc(cc1CCCCCCCC)c1sc(cc1)[Si]([Si](*)(C)C)(C)C,0.44805866,uwm_md,train
*c1sc(cc1)c1sc(c(c1)CCCCCCCC)c1sc(cc1)c1sc(cc1)c1sc(cc1CCCCCCCC)c1sc(cc1)[Si](*)(CCCC)CCCC,0.42518997,uwm_md,train
*c1sc(cc1)c1sc(c(c1)CCCCCCCC)c1sc(cc1)c1sc(cc1)c1sc(cc1CCCCCCCC)c1sc(cc1)[Si]([Si](*)(CCCC)CCCC)(CCCC)CCCC,0.42281457,uwm_md,train
*c1sc(cc1)c1sc(cc1)c1sc(cc1)c1sc(cc1)[Si](*)(CCCC)CCCC,0.43213271,uwm_md,test
*c1sc(cc1)c1sc(cc1)c1sc(cc1)c1sc(cc1)[Si]([Si](*)(CCCC)CCCC)(CCCC)CCCC,0.42782111,uwm_md,train
*S(=O)(=O)c1ccc(cc1)Sc1ccc(cc1)*,0.38393848,uwm_md,train
*c1sc(cc1CCCC)*,0.4491673,uwm_md,train
*c1sc(cc1CCOC(=O)NCCCC)*,0.36941899,uwm_md,train
*Oc1ccc(cc1)Sc1ccc(cc1)OC(=O)OC1C(C(C1(C)C)OC(=O)*)(C)C,0.36425728,uwm_md,train
*OC(=O)CCSCCC(=O)OCC*,0.33737751,uwm_md,train
*SSc1ccc(cc1)N=CNc1ccc(cc1)*,0.41922647,uwm_md,test
*c1sc(cc1)c1ccc(cc1)C=Nc1cc(ccc1)N=Cc1ccc(cc1)*,0.39327219,uwm_md,test
*c1sc(cc1)c1ccc(cc1)C=Nc1ccc(cc1)C(c1ccc(cc1)N=Cc1ccc(cc1)*)c1ccccc1,0.40126347,uwm_md,train
*c1sc(cc1CCCC)c1sc(c(c1)CCCC)c1ccc(cc1)*,0.49358329,uwm_md,test
*c1sc(cc1CCCCCCCC)c1sc(c(c1)CCCCCCCC)c1ccc(cc1)*,0.42872185,uwm_md,train
*c1sc(cc1CCCCCCCCCCCC)c1sc(c(c1)CCCCCCCCCCCC)c1ccc(cc1)*,0.41997349,uwm_md,test
*Sc1ccc(cc1)Nc1ccc(cc1)Nc1ccc(cc1)*,0.4021004,uwm_md,train
*c1sc(cc1CCCCBr)*,0.44837181,uwm_md,train
*OC(=O)CSCc1ccc(cc1)Cc1ccc(cc1)CSCC(=O)OCCSCc1ccc(cc1)Cc1ccc(cc1)CSCC*,0.36564834,uwm_md,train
*OC(=O)CCSCc1ccc(cc1)Cc1ccc(cc1)CSCCC(=O)OCCSCc1ccc(cc1)Cc1ccc(cc1)CSCC*,0.36622097,uwm_md,train
*c1c2c(c(=O)n(n1)c1ccc(cc1)S(=O)(=O)c1ccc(cc1)n1nc(c3c(c1=O)cccc3)c1ccc(cc1)Sc1ccc(cc1)*)cccc2,0.39793898,uwm_md,train
*c1sc(nn1)c1ccc(cc1)C(=O)OCCCCCCOC(=O)c1ccc(cc1)*,0.36031607,uwm_md,train
*c1sc(nn1)c1ccc(cc1)C(=O)OCCCCCCCCOC(=O)c1ccc(cc1)*,0.36108206,uwm_md,train
*c1sc(nn1)c1ccc(cc1)C(=O)OCCCCCCCCCOC(=O)c1ccc(cc1)*,0.36418344,uwm_md,test
*c1sc(nn1)c1ccc(cc1)C(=O)OCCCCCCCCCCOC(=O)c1ccc(cc1)*,0.36609452,uwm_md,train
*c1sc(nn1)c1ccc(cc1)C(=O)OCCCCCCCCCCCCOC(=O)c1ccc(cc1)*,0.36737797,uwm_md,train
*c1cc2Sc3c(Sc2cc1)cc(cc3)C(=Cc1c(cc(c(c1)OCCCCCCCC)C=C(*)c1ccccc1)OCCCCCCCC)c1ccccc1,0.39856806,uwm_md,train
*c1sc(c(c1c1ccccc1)c1ccccc1)c1ccc(cc1)NC(=O)c1ccc(cc1)NC(=O)c1ccc(cc1)[Si](c1ccc(cc1)C(=O)Nc1ccc(cc1)C(=O)Nc1ccc(cc1)*)(C)C,0.38057891,uwm_md,train
*SSC(C*)c1ccccc1,0.40293208,uwm_md,train
*c1sc(c(c1c1ccccc1)c1ccccc1)c1ccc(cc1)CC(=O)Nc1ccc(cc1)NC(=O)Cc1ccc(cc1)*,0.38234707,uwm_md,train
*c1sc(c(c1c1ccccc1)c1ccccc1)c1ccc(cc1)CC(=O)Nc1cc(ccc1)NC(=O)Cc1ccc(cc1)*,0.3789381,uwm_md,train
*c1sc(c(c1c1ccccc1)c1ccccc1)c1ccc(cc1)CC(=O)Nc1ccc(cc1)c1ccc(cc1)NC(=O)Cc1ccc(cc1)*,0.37860211,uwm_md,train
*c1sc(c(c1c1ccccc1)c1ccccc1)c1ccc(cc1)CC(=O)Nc1ccc(cc1)Cc1ccc(cc1)NC(=O)Cc1ccc(cc1)*,0.38110654,uwm_md,train
*c1sc(c(c1c1ccccc1)c1ccccc1)c1ccc(cc1)CC(=O)Nc1ccc(cc1)S(=O)(=O)c1ccc(cc1)NC(=O)Cc1ccc(cc1)*,0.37882713,uwm_md,train
*c1sc(c(c1c1ccccc1)c1ccccc1)c1ccc(cc1)CC(=O)Nc1c2c(ccc1)c(ccc2)NC(=O)Cc1ccc(cc1)*,0.38341143,uwm_md,test
*c1sc(c(c1c1ccccc1)c1ccccc1)c1ccc(cc1)NC(=O)Cc1ccc(cc1)c1sc(c(c1c1ccccc1)c1ccccc1)c1ccc(cc1)CC(=O)Nc1ccc(cc1)*,0.40560913,uwm_md,train
*c1sc(cc1C(=O)OCCCCCCCCCCOc1ccc(cc1)c1ccc(cc1)OC(=O)c1ccc(cc1)OCC(CCCCCC)F)*,0.36606782,uwm_md,train
*Sc1ccc(cc1)Sc1ccc(cc1)Sc1ccc(cc1)P(=O)(c1ccc(cc1)*)c1ccccc1,0.39970198,uwm_md,train
*c1sc(cc1c1ccc(cc1)C(=C1C=C(C(=O)C(=C1)C(C)(C)C)C(C)(C)C)c1cc(c(c(c1)C(C)(C)C)OC(=O)C)C(C)(C)C)*,0.45309822,uwm_md,train
*c1sc(cc1c1ccc(cc1)C(=C1C=C(C(=O)C(=C1)C(C)(C)C)C(C)(C)C)c1cc(c(c(c1)C(C)(C)C)O)C(C)(C)C)*,0.4542834,uwm_md,test
*Sc1ccc(cc1)Nc1ccc(cc1)*,0.3997415,uwm_md,train
*c1c2c(nsn2)c(cc1)c1cc2C(c3c(c2cc1)ccc(c3)*)(CCCCCCCC)CCCCCCCC,0.4103927,uwm_md,test
*c1sc(cc1SCCCC)c1ccc(cc1)c1sc(c(c1)SCCCC)c1ccc(cc1)*,0.51197804,uwm_md,train
*c1sc(cc1SCCCCCCCC)c1ccc(cc1)c1sc(c(c1)SCCCCCCCC)c1ccc(cc1)*,0.46732994,uwm_md,train
*c1sc(cc1SCCCC)c1sc(c(c1)SCCCC)c1ccc(cc1)*,0.50761848,uwm_md,train
*c1sc(cc1SCCCCCCCC)c1sc(c(c1)SCCCCCCCC)c1ccc(cc1)*,0.46090001,uwm_md,train
*c1sc(cc1SCCCCCCCCCCCC)c1sc(c(c1)SCCCCCCCCCCCC)c1ccc(cc1)*,0.43658652,uwm_md,train
*c1sc(cc1CCCC)c1ccc(cc1)c1sc(c(c1)CCCC)c1ccc(cc1)*,0.50077803,uwm_md,train
*c1sc(cc1CCCCCCCC)c1ccc(cc1)c1sc(c(c1)CCCCCCCC)c1ccc(cc1)*,0.44716761,uwm_md,train
*c1sc(cc1CCCCCCCCCCCC)c1ccc(cc1)c1sc(c(c1)CCCCCCCCCCCC)c1ccc(cc1)*,0.42148672,uwm_md,train
*c1sc(cc1SCCCCCC)*,0.43728421,uwm_md,train
*c1sc(cc1SCCCCCCCCCCCC)*,0.41856492,uwm_md,train
*c1sc(c(c1CCCCCCN(c1ccc(cc1)N=Nc1ccc(cc1)[N+](=O)[O-])CC)CCCCCC)*,0.38480348,uwm_md,train
*c1sc(cc1CC(=O)OCCN(c1ccc(cc1)N=Nc1ccc(cc1)[N+](=O)[O-])CC)*,0.37112026,uwm_md,train
*c1sc(cc1CCOc1ccc(cc1)N=Nc1ccc(cc1)C#N)*,0.38587992,uwm_md,train
*c1sc(cc1CC(=O)OCCCCCCOc1ccc(cc1)N=Nc1ccc(cc1)C#N)*,0.37372874,uwm_md,test
*S(=O)(=O)c1cc(c(cc1)Sc1ccc(cc1)Sc1ccc(cc1)Sc1c(cc(cc1)*)S(=O)(=O)O)S(=O)(=O)O,0.37255612,uwm_md,train
*c1sc(cc1)C(=O)OC(COC(=O)*)COc1ccc(cc1)N=Nc1ccc(cc1)C#N,0.36682863,uwm_md,test
*c1sc(cc1CCCC)c1sc(c(c1)CCCC)c1c2c(ccccc2)c(c1)*,0.45832341,uwm_md,train
*c1sc(cc1CCCCCCC)c1sc(c(c1)CCCCCCC)c1c2c(ccccc2)c(c1)*,0.44541284,uwm_md,train
*c1sc(cc1CCCCCCCCCC)c1sc(c(c1)CCCCCCCCCC)c1c2c(ccccc2)c(c1)*,0.44266435,uwm_md,train
*c1sc(cc1CCCCCCCCCCCCCC)c1sc(c(c1)CCCCCCCCCCCCCC)c1c2c(ccccc2)c(c1)*,0.42191423,uwm_md,test
*c1sc(cc1C(=O)OCC(C(C(F)(F)F)(F)F)(F)F)*,0.3741336,uwm_md,test
*c1ncc(cc1)c1sc(c(c1)CCCCCCCC)c1ccc(cc1)c1sc(cc1CCCCCCCC)*,0.43120083,uwm_md,test
*c1sc(c(c1)CCCCCCCC)c1ccc(cc1)c1sc(cc1CCCCCCCC)c1ccc(cc1)c1ccc(cc1)*,0.4395737,uwm_md,train
*c1ncc(cc1)c1sc(cc1)c1cc2C(c3c(c2cc1)ccc(c3)c1sc(cc1)*)(CCCCCCCC)CCCCCCCC,0.45492217,uwm_md,train
*c1sc(cc1CC(=O)OCC)*,0.394744,uwm_md,train
*c1sc(cc1CCCCCCOC(=O)COC)*,0.36444159,uwm_md,train
*c1sc(cc1CCCCCCOC(=O)Cc1ccccc1)*,0.36920522,uwm_md,test
*c1sc(cc1CCCCCCOC(=O)COc1ccccc1)*,0.36035574,uwm_md,train
*c1sc(cc1CCCCCCBr)c1sc(cc1)*,0.4247369,uwm_md,test
*c1sc(cc1CCCCCCOC(=O)COc1ccccc1)c1sc(cc1)*,0.37333341,uwm_md,train
*c1sc(cc1CCCCCCO[Si](C)(C)C)*,0.42932907,uwm_md,train
*Sc1ccc(cc1)C(=O)CNCCCCCCCCNCC(=O)c1ccc(cc1)*,0.37618331,uwm_md,train
*c1sc(cc1CCCCCCCCCCCC)c1sc(c(c1)CCCCCCCCCCCC)c1cc2cc3c(cc2cc1)cc(cc3)*,0.4098993,uwm_md,train
*SSCc1c(cccc1)C*,0.39101963,uwm_md,train
*SSCCCC*,0.4654699,uwm_md,train
*c1sc(nn1)c1ccc(cc1)OC(=O)CCCCCCCCC(=O)Oc1cc(ccc1)C=C*,0.35968354,uwm_md,train
*c1sc(nn1)c1cc(ccc1)OC(=O)CCCCCCCCC(=O)Oc1ccc(cc1)C=C*,0.35845216,uwm_md,train
*c1sc(nn1)c1ccc(cc1)OC(=O)CCCCCCCCC(=O)Oc1ccc(cc1)C=C*,0.36259247,uwm_md,train
*c1cc2n(c3c(c2cc1)ccc(c3)c1sc(cc1)c1c2c(nccn2)c(cc1)c1sc(cc1)*)C(CCCCCCCC)CCCCCCCC,0.45544781,uwm_md,train
*c1cc2n(c3c(c2cc1)ccc(c3)c1sc(cc1)c1c2c(nsn2)c(cc1)c1sc(cc1)*)C(CCCCCCCC)CCCCCCCC,0.42868905,uwm_md,train
*c1sc(nn1)c1cc(ccc1)OC(=O)CCCCCCCCC(=O)Oc1cc(ccc1)C=C*,0.35908585,uwm_md,train
*c1sc(cc1CCOC(=O)C(Br)C)*,0.40626564,uwm_md,train
*OC(=O)CCSCCCCCCSCCC(=O)OCCCC*,0.37393849,uwm_md,train
*c1sc(cc1C(C(=O)OC)C(=O)OC)*,0.39850796,uwm_md,train
*c1cc2Sc3c(Sc2cc1)cc(cc3)Sc1ccc(cc1)Sc1ccc(cc1)S*,0.39801974,uwm_md,train
*c1cc2Sc3c(Sc2cc1)cc(cc3)S*,0.40790715,uwm_md,train
*c1ccc2N(c3c(Sc2c1)cc(cc3)c1sc(cc1)c1sc(cc1)*)CCCCCC,0.48499786,uwm_md,train
*c1ccc2N(c3c(Sc2c1)cc(cc3)c1sc(cc1)c1sc(cc1)*)CCCCCCCCCC,0.47689077,uwm_md,train
*c1ccc2N(c3c(Sc2c1)cc(cc3)c1sc(cc1)c1sc(cc1)*)CCCCCCCCCCCC,0.45700932,uwm_md,train
*c1ccc2N(c3c(Sc2c1)cc(cc3)c1sc2c(c1CCCCC)sc(c2)*)CCCCCC,0.52516398,uwm_md,test
*c1ccc2N(c3c(Sc2c1)cc(cc3)c1sc2c(c1CCCCC)sc(c2)*)CCCCCCCCCC,0.50803301,uwm_md,train
*c1ccc2N(c3c(Sc2c1)cc(cc3)c1sc2c(c1CCCCC)sc(c2)*)CCCCCCCCCCCC,0.4916283,uwm_md,train
*c1sc(cc1C(=O)Oc1c2ncccc2ccc1)*,0.37063906,uwm_md,train
*c1ccc2N(c3c(Sc2c1)cc(cc3)C=C*)c1ccc(cc1)OCCCCCCCCCCCC,0.39567095,uwm_md,test
*c1ccc2N(c3c(Sc2c1)cc(cc3)C=Cc1ccc(cc1)C=C*)c1ccc(cc1)OCCCCCCCCCCCC,0.3922989,uwm_md,test
*c1ccc2N(c3c(Sc2c1)cc(cc3)C=Cc1sc(cc1)C=C*)c1ccc(cc1)OCCCCCCCCCCCC,0.39219852,uwm_md,train
*c1c2c(c(s1)c1sc(c(c1)CCCCCC)c1cc3n(c4c(c3cc1)ccc(c4)c1sc(cc1CCCCCC)*)CCCCCCCCCCCC)nc(c(n2)CC)CC,0.43100315,uwm_md,train
*c1ncc(s1)N*,0.41199988,uwm_md,train
*c1ccc2n(c3c(c2c1)cc(cc3)c1sc(cc1)c1c2c(nsn2)c(cc1)c1sc(cc1)*)C(CCCCCCCC)CCCCCCCC,0.42372696,uwm_md,test
*c1cc2n(c3c(c2cc1)ccc(c3)c1sc(cc1CCCCCC)c1c2c(nsn2)c(cc1)c1sc(c(c1)CCCCCC)*)C(CCCCCCCC)CCCCCCCC,0.42631402,uwm_md,train
*c1ccc2n(c3c(c2c1)cc(cc3)c1sc(cc1CCCCCC)c1c2c(nsn2)c(cc1)c1sc(c(c1)CCCCCC)*)C(CCCCCCCC)CCCCCCCC,0.42806849,uwm_md,test
*c1ccc2N(c3c(Sc2c1)cc(cc3)c1ccc2N(c3c(Sc2c1)cc(cc3)C=C*)c1ccc(cc1)OCCCCCCCCCCCC)c1ccc(cc1)OCCCCCCCCCCCC,0.400601,uwm_md,train
*c1ccc2N(c3c(Sc2c1)cc(cc3)c1sc(cc1)c1sc(cc1)c1ccc2N(c3c(Sc2c1)cc(cc3)C=C*)c1ccc(cc1)OCCCCCCCCCCCC)c1ccc(cc1)OCCCCCCCCCCCC,0.42062022,uwm_md,train
*c1ccc2N(c3c(Sc2c1)cc(cc3)c1sc(c(c1)CCCCCC)c1sc(cc1CCCCCC)c1ccc2N(c3c(Sc2c1)cc(cc3)C=C*)c1ccc(cc1)OCCCCCCCCCCCC)c1ccc(cc1)OCCCCCCCCCCCC,0.39742745,uwm_md,test
*c1sc(cc1CCCCOC(=O)CCC)*,0.38073142,uwm_md,train
*OC(=O)CCC(=O)OCCSCC*,0.34112021,uwm_md,train
*c1sc(cc1)C(=O)Oc1ccc(cc1)[Si](c1ccc(cc1)OC(=O)*)(C)C,0.37656746,uwm_md,test
*c1sc(cc1)C(=O)Oc1ccc(cc1)[Si](c1ccc(cc1)OC(=O)*)(CC)C,0.3789267,uwm_md,train
*c1sc(cc1)C(=O)Oc1ccc(cc1)[Si](c1ccc(cc1)OC(=O)*)(c1ccccc1)C,0.38407419,uwm_md,train
*c1sc(cc1)C(=O)Oc1ccc(cc1)[Si](c1ccc(cc1)OC(=O)*)(c1ccccc1)c1ccccc1,0.38403914,uwm_md,train
*Sc1cc(ccc1)Sc1ccc(cc1)Sc1ccc(cc1)*,0.39226108,uwm_md,train
*Oc1ccc(cc1)C(c1ccc(cc1)OC(=O)c1ccc(cc1)C(c1ccc(cc1)C(=O)*)(C)C)(C)C,0.37152028,uwm_md,train
*Oc1ccc(cc1)C(c1ccc(cc1)OC(=O)c1ccc(cc1)Cc1ccc(cc1)C(=O)*)(C)C,0.36538681,uwm_md,test
*Oc1ccc(cc1)OC(=O)c1cc(ccc1)C(=O)*,0.34002777,uwm_md,train
*Oc1ccc(cc1)S(=O)(=O)c1ccc(cc1)OC(=O)c1cc(cc(c1)CCCCC)C(=O)*,0.36567786,uwm_md,train
*OS(=O)(=O)c1cc(ccc1)C(=O)Oc1ccc(cc1)C(c1ccc(cc1)*)(C)C,0.36064897,uwm_md,train
*OC(=O)c1cc(ccc1)C(=O)OCCN(CC*)c1ccccc1,0.34654736,uwm_md,test
*Oc1ccc(cc1)C1(CCCCC1)c1ccc(cc1)OC(=O)c1ccc(cc1)C(=O)*,0.3621841,uwm_md,train
*Oc1ccc(cc1)C(c1ccc(cc1)OC(=O)CCCCCCCCC(=O)*)(CC)c1ccccc1,0.36176424,uwm_md,train
*Oc1ccc(cc1)C(c1ccc(cc1)OC(=O)c1ccc(cc1)C(=O)*)(CC)c1ccccc1,0.37078236,uwm_md,train
*Oc1ccc(cc1)C(c1ccc(cc1)OC(=O)c1ccc(cc1)C(=O)*)(c1ccccc1)c1ccccc1,0.38193072,uwm_md,train
*Oc1ccc(cc1)C1(c2ccccc2c2ccccc12)c1ccc(cc1)OC(=O)CCC(=O)*,0.36989282,uwm_md,train
*Oc1ccc(cc1)C1(c2ccccc2c2ccccc12)c1ccc(cc1)OC(=O)CCCC(=O)*,0.36266451,uwm_md,train
*Oc1ccc(cc1)C1(c2ccccc2c2ccccc12)c1ccc(cc1)OC(=O)CCCCC(=O)*,0.36295763,uwm_md,train
*Oc1ccc(cc1)C1(c2ccccc2c2ccccc12)c1ccc(cc1)OC(=O)CCCCCCC(=O)*,0.36424024,uwm_md,train
*Oc1ccc(cc1)C1(c2ccccc2c2ccccc12)c1ccc(cc1)OC(=O)CCCCCCCC(=O)*,0.3625688,uwm_md,test
*Oc1ccc(cc1)C1(c2ccccc2c2ccccc12)c1ccc(cc1)OC(=O)CCCCCCCCCC(=O)*,0.36438576,uwm_md,train
*Oc1ccc(cc1)C1(c2ccccc2c2ccccc12)c1ccc(cc1)OC(=O)CCCCCCCCCCC(=O)*,0.36830388,uwm_md,train
*Oc1ccc(cc1)C1(c2ccccc2C(=O)c2ccccc12)c1ccc(cc1)OC(=O)c1ccc(cc1)C(=O)*,0.36880796,uwm_md,train
*Oc1ccc(cc1)C1(c2ccccc2Cc2ccccc12)c1ccc(cc1)OC(=O)CCCCCCCCC(=O)*,0.36332436,uwm_md,train
*Oc1ccc(cc1)C1(c2ccccc2Cc2ccccc12)c1ccc(cc1)OC(=O)c1ccc(cc1)C(=O)*,0.3749586,uwm_md,train
*OC(=O)CCCCC(=O)OCC(CC(CC*)(C)C)C,0.34655026,uwm_md,test
*OC(=O)c1ccc(cc1)C(=O)OCC(CC(CC*)(C)C)C,0.34932417,uwm_md,train
*OC(=O)CCCCCCCCC(=O)OC/C=C/C*,0.35391939,uwm_md,train
*OC(=O)CCCCCCCCC(=O)OC/C=C\C*,0.35027613,uwm_md,train
*O[Sn](OC(=O)/C=C/C(=O)*)(CCCC)CCCC,0.35027613,uwm_md,train
*Oc1ccc(cc1)C(c1ccc(cc1)OC(=O)c1ccc(cc1)C(=O)*)(CC)CC,0.36895658,uwm_md,test
*Oc1ccc(cc1)C(c1ccc(cc1)OC(=O)c1cc(ccc1)C(=O)*)(c1ccccc1)C,0.36571135,uwm_md,train
*Oc1ccc(cc1)C(c1ccc(cc1)OC(=O)c1cc(ccc1)C(=O)*)(c1ccccc1)c1ccccc1,0.37842734,uwm_md,train
*Oc1ccc(cc1)C(c1ccc(cc1)OC(=O)c1ccc(cc1)C(=O)c1ccc(cc1)C(=O)*)(C)C,0.36073846,uwm_md,train
*Oc1ccc(cc1)C(=O)c1ccc(cc1)OC(=O)c1ccc(cc1)C(c1ccc(cc1)C(=O)*)(C)C,0.35881201,uwm_md,train
*Oc1ccc(cc1)Cc1ccc(cc1)OC(=O)c1ccc(cc1)C(c1ccc(cc1)C(=O)*)(C)C,0.36534872,uwm_md,test
*OC(=O)c1ccc(cc1)C(=O)OCC1CC(CC(C1)C(C)(C)C)C*,0.36365524,uwm_md,train
*OC(=O)c1ccc(cc1)C(=O)OCC1CC(CCC1)C*,0.35298607,uwm_md,train
*OC(=O)c1ccc(cc1)CC(=O)OCC*,0.33698334,uwm_md,test
*Oc1ccc(cc1)C(c1ccc(cc1)OC(=O)c1ccc(cc1)CC(=O)*)(C)C,0.36097789,uwm_md,train
*OC(=O)c1ccc(cc1)CC(=O)OCc1ccc(cc1)C*,0.34236476,uwm_md,test
*OC(=O)c1ccc(cc1)CC(=O)OCC(C*)(C)C,0.35161343,uwm_md,test
*OC(=O)c1c(cccc1)C(=O)OCCCCCCCCCC*,0.35843646,uwm_md,train
*Oc1ccc(cc1)C(c1ccc(cc1)OC(=O)CC(CCC(=O)*)C)(C)C,0.35041329,uwm_md,test
*Oc1c(cc(cc1)C(c1cc(c(cc1)OC(=O)CCCCC(=O)*)C)(C)C)C,0.35992444,uwm_md,train
*OC(=O)CCCCCCCCC(=O)OCC(C*)(CC)C,0.35879786,uwm_md,train
*OC(=O)c1cc(ccc1)C(=O)OCCCCCCCC*,0.35394853,uwm_md,train
*Oc1c(cc(cc1)C1(c2ccccc2c2ccccc12)c1cc(c(cc1)OC(=O)c1cc(ccc1)C(=O)*)C)C,0.39753607,uwm_md,test
*Oc1c(cc(cc1C)C1(c2ccccc2c2ccccc12)c1cc(c(c(c1)C)OC(=O)c1cc(ccc1)C(=O)*)C)C,0.414103,uwm_md,train
*OC(=O)/C=C\C(=O)OCCCC*,0.31922537,uwm_md,train
*OC(=O)/C=C/C(=O)OCCCC*,0.32664054,uwm_md,train
*Oc1cc2c(C(CC2(c2ccc(cc2)OC(=O)c2cc(ccc2)C(=O)*)C)(C)C)cc1,0.37445789,uwm_md,train
*Oc1cc2c(C(CC2(c2ccc(cc2)OC(=O)c2ccc(cc2)C(=O)*)C)(C)C)cc1,0.37005888,uwm_md,train
*C1(c2c(C(=O)O1)cccc2)c1ccc(cc1)C(=O)NNC(=O)c1ccc(cc1)C(=O)NNC(=O)c1ccc(cc1)*,0.35041515,uwm_md,train
*Oc1c(cc(cc1OC)c1cc(c(c(c1)OC)OC(=O)c1cc(ccc1)C(=O)*)OC)OC,0.34670291,uwm_md,train
*Oc1c(cc(cc1OC)c1cc(c(c(c1)OC)OC(=O)CCCCCCCCC(=O)*)OC)OC,0.35167826,uwm_md,train
*Oc1ccc(cc1)c1ccc(cc1)OC(=O)c1ccc(cc1)C(=O)*,0.34119605,uwm_md,train
*Oc1ccc(cc1)OC(=O)c1c(cc(cc1)C(=O)*)Oc1cc2c(cc1)cccc2,0.35356045,uwm_md,train
*Oc1ccc(cc1)OC(=O)c1c(cc(cc1)C(=O)*)Sc1cc2c(cc1)cccc2,0.35895279,uwm_md,train
*Oc1ccc(cc1)c1ccc(cc1)OC(=O)c1c(cc(cc1)C(=O)*)Sc1cc2c(cc1)cccc2,0.35785251,uwm_md,train
*Oc1ccc(cc1)OC(=O)c1c(cc(cc1)C(=O)*)Sc1ccccc1,0.35449521,uwm_md,train
*Oc1ccc(cc1)OC(=O)c1c(cc(cc1)C(=O)*)Sc1ccc(cc1)C,0.36164456,uwm_md,test
*OC(CC(=O)*)(C)C(F)(F)F,0.32631701,uwm_md,train
*OC(CCOC(=O)C(C(=O)*)CCCCCCOc1ccc(cc1)N=Cc1ccc(cc1)[N+](=O)[O-])C,0.3535486,uwm_md,train
*Oc1c(cc(cc1)OC(=O)c1c(cc(cc1)C(=O)*)Sc1ccccc1)C,0.36029743,uwm_md,train
*Oc1c(cc(cc1)OC(=O)c1c(cc(cc1)C(=O)*)Sc1ccccc1)c1ccccc1,0.36668313,uwm_md,train
*OC(C(=O)OCC(=O)*)C,0.31804756,uwm_md,train
*Oc1ccc(cc1)c1ccc(cc1)OC(=O)c1c(cc(cc1)c1ccc(cc1)C(=O)*)c1ccccc1,0.35602332,uwm_md,train
*Oc1ccc(cc1)OC(=O)c1c(cc(cc1)c1ccc(cc1)C(=O)*)c1ccccc1,0.35277091,uwm_md,train
*Oc1c2c(c(cc1)OC(=O)c1c(cc(cc1)c1ccc(cc1)C(=O)*)c1ccccc1)cccc2,0.36166198,uwm_md,train
*Oc1c(cc(cc1)OC(=O)c1c(cc(cc1)c1ccc(cc1)C(=O)*)c1ccccc1)C,0.36137424,uwm_md,train
*Oc1c(cc(cc1)OC(=O)c1c(cc(cc1)c1ccc(cc1)C(=O)*)c1ccccc1)c1ccccc1,0.36302483,uwm_md,train
*Oc1c(cc(cc1)OC(=O)c1c(cc(cc1)c1ccc(cc1)C(=O)*)c1ccccc1)C(c1ccccc1)(C)C,0.37013826,uwm_md,train
*Oc1cc2c(cc1)cc(cc2)OC(=O)c1c(cc(cc1)c1ccc(cc1)C(=O)*)c1ccccc1,0.35771091,uwm_md,train
*OC(CC(=O)*)COc1ccccc1,0.3399788,uwm_md,train
*OC(CC(=O)*)CCOc1ccccc1,0.34230265,uwm_md,train
*Oc1ccc(cc1)C(c1ccc(cc1)OC(=O)c1c(cccc1)c1c(cccc1)C(=O)*)(C)C,0.35835285,uwm_md,train
*OC(=O)c1ccc(cc1)C(=O)OCC(C*)(CC)C,0.35427733,uwm_md,test
*OC(CC(=O)*)CCCCCCC=C,0.37192791,uwm_md,test
*OC(CC(=O)*)CCc1ccccc1,0.35135423,uwm_md,train
*OC(CC(=O)*)CCCCC,0.36904255,uwm_md,train
*Oc1ccc(cc1)C(=O)OCCCCCCCOC(=O)c1ccc(cc1)OC(=O)c1ccc(cc1)C(=O)*,0.34460962,uwm_md,train
*Oc1ccc(cc1)OC(=O)c1ccc(cc1)OC(=O)c1ccc(cc1)C(=O)Oc1ccc(cc1)C(=O)*,0.33585548,uwm_md,train
*Oc1c(cc(cc1)C(=O)*)CCCCC,0.38126522,uwm_md,train
*OC(=O)c1ccc(cc1)c1ccc(cc1)c1ccc(cc1)C(=O)OCC*,0.34358239,uwm_md,train
*OC(=O)c1ccc(cc1)c1ccc(cc1)c1ccc(cc1)C(=O)OCCCC*,0.34817572,uwm_md,train
*OC(=O)c1ccc(cc1)c1ccc(cc1)c1ccc(cc1)C(=O)OCCCCC*,0.34308602,uwm_md,train
*OC(=O)c1ccc(cc1)c1ccc(cc1)c1ccc(cc1)C(=O)OCCCCCC*,0.35125346,uwm_md,test
*OC(=O)c1ccc(cc1)c1ccc(cc1)c1ccc(cc1)C(=O)OCCCCCCCCCC*,0.35722894,uwm_md,train
*OC(=O)c1ccc(cc1)c1ccc(cc1)c1ccc(cc1)C(=O)OCC(C*)(CC)CC,0.35922882,uwm_md,train
*OC(=O)c1ccc(cc1)c1ccc(cc1)c1ccc(cc1)C(=O)OCC(C*)(C)C,0.35328142,uwm_md,train
*OC(=O)c1ccc(cc1)C=Cc1ccc(cc1)C(=O)OCCCCC*,0.35355098,uwm_md,train
*OC(=O)c1ccc(cc1)C=Cc1ccc(cc1)C(=O)OCC(C*)(C)C,0.36382705,uwm_md,train
*OC(=O)c1c(cccc1)C(=O)OCCCS(=O)(=O)CCCCS(=O)(=O)CCC*,0.34980137,uwm_md,test
*OC(=O)c1c(cccc1)C(=O)OCCCS(=O)(=O)CCCS(=O)(=O)CCC*,0.34598404,uwm_md,train
*OC(=O)c1cc(ccc1)C(=O)OCCCS(=O)(=O)CCCCS(=O)(=O)CCC*,0.35593374,uwm_md,train
*OC(=O)c1cc(ccc1)C(=O)OCCCS(=O)(=O)CCCS(=O)(=O)CCC*,0.35154023,uwm_md,train
*OC(=O)c1ccc(cc1)C(=O)OCC#CC#CC*,0.37145321,uwm_md,test
*OC(=O)CC(CC*)C,0.34423811,uwm_md,train
*N1CCN(CC1)C(=O)OCCOC(=O)c1ccc(cc1)C(=O)OCCOC(=O)*,0.32328072,uwm_md,train
*Oc1ccc(cc1)OC(=O)c1c(cc(cc1)C(=O)*)Oc1ccccc1,0.3472806,uwm_md,train
*Oc1ccc(cc1)OC(=O)c1c(cc(cc1)C(=O)*)Oc1ccc(cc1)Cl,0.35330585,uwm_md,test
*Oc1ccc(cc1)OC(=O)c1c(cc(cc1)C(=O)*)Oc1ccc(cc1)c1ccccc1,0.35036936,uwm_md,train
*Oc1ccc(cc1)OC(=O)c1c(cc(cc1)C(=O)*)Oc1ccc(cc1)Br,0.36519909,uwm_md,train
*Oc1ccc(cc1)OC(=O)c1c(cc(cc1)C(=O)*)Oc1ccc(cc1)F,0.34953736,uwm_md,test
*Oc1ccc(cc1)OC(=O)c1c(cc(cc1)C(=O)*)Oc1ccc(cc1)C(c1ccccc1)(C)C,0.35725227,uwm_md,test
*Oc1ccc(cc1)OC(=O)c1c(cc(cc1)C(=O)*)Oc1ccc(cc1)Oc1ccccc1,0.34706136,uwm_md,train
*Oc1ccc(cc1)OC(=O)c1c(cc(cc1)C(=O)*)Oc1ccc(cc1)C1CCCCC1,0.36193603,uwm_md,train
*Oc1ccc(cc1)OC(=O)Oc1ccc(cc1)C(=O)*,0.33148318,uwm_md,train
*OC1CCC(CC1)OC(=O)C(=O)*,0.33792482,uwm_md,train
*Oc1ccc(cc1)c1ccc(cc1)OC(=O)c1c(cc(c(c1)OCCCCCC)C(=O)*)OCCCCCC,0.3630012,uwm_md,train
*Oc1ccc(cc1)C(=O)Nc1ccc(cc1)C(c1ccc(cc1)NC(=O)c1ccc(cc1)OC(=O)c1ccc(cc1)C(=O)*)(C(F)(F)F)C(F)(F)F,0.34941735,uwm_md,train
*Oc1ccc(cc1)C(=O)Nc1ccc(cc1)C(c1ccc(cc1)NC(=O)c1ccc(cc1)OC(=O)c1cc(ccc1)C(=O)*)(C(F)(F)F)C(F)(F)F,0.347323,uwm_md,train
*Oc1ccc(cc1)C(=O)Nc1c(ccc(c1)C(c1cc(c(cc1)C)NC(=O)c1ccc(cc1)OC(=O)c1ccc(cc1)C(=O)*)(C(F)(F)F)C(F)(F)F)C,0.34683518,uwm_md,train
*Oc1ccc(cc1)C(=O)Nc1c(ccc(c1)C(c1cc(c(cc1)C)NC(=O)c1ccc(cc1)OC(=O)c1cc(ccc1)C(=O)*)(C(F)(F)F)C(F)(F)F)C,0.34711182,uwm_md,train
*Oc1ccc(cc1)C(c1ccc(cc1)OC(=O)c1cc2c(C(CC2(c2ccc(cc2)C(=O)*)C)(C)C)cc1)(C)C,0.37916583,uwm_md,train
*Oc1ccc(cc1)C1(C2C3C(CCC3)C(C1)C2)c1ccc(cc1)OC(=O)c1ccc(cc1)C(=O)*,0.37879602,uwm_md,train
*Oc1c(cc(cc1Br)C(c1cc(c(c(c1)Br)OC(=O)c1cc(ccc1)C(=O)*)Br)(C)C)Br,0.41973656,uwm_md,train
*C1(c2c(C(=O)O1)cccc2)c1cc(c(c(c1)Br)OC(=O)c1ccc(cc1)C(=O)Oc1c(cc(cc1Br)*)Br)Br,0.41948189,uwm_md,train
*OC(=O)CCCCCN(c1ccc(cc1)N=Nc1ccc(cc1)S(=O)(=O)CCCCCC*)C,0.37402313,uwm_md,train
*OC(=O)CN(c1ccc(cc1)N=Nc1ccc(cc1)S(=O)(=O)CCC*)CCCC,0.37775099,uwm_md,test
*Oc1ccc(cc1)C=C1C(=O)C(=Cc2ccc(cc2)OC(=O)c2ccc(cc2)N=Cc2ccc(cc2)C=Nc2ccc(cc2)C(=O)*)CC1,0.36680398,uwm_md,test
*Oc1c(cc(cc1)C=C1C(=O)C(=Cc2cc(c(cc2)OC(=O)c2ccc(cc2)N=Cc2ccc(cc2)C=Nc2ccc(cc2)C(=O)*)OC)CC1)OC,0.36413773,uwm_md,test
*Oc1ccc(cc1)C(c1ccc(cc1)OC(=O)c1c(cccc1)c1c(cccc1)C(=O)*)(c1ccccc1)C,0.36060662,uwm_md,train
*C1CCN(CC1)C(=C(c1ccc(cc1)C(=O)OCC*)C#N)c1ccc(cc1)OC,0.38560753,uwm_md,train
*C1CN(CCC1)C(=C(c1ccc(cc1)C(=O)OC*)C#N)c1ccc(cc1)OC,0.37236843,uwm_md,train
*N1CCC(CC1)OC(=O)c1ccc(cc1)C(=C(*)c1ccc(cc1)OC)C#N,0.38086854,uwm_md,train
*OC(=O)CC/C=C/CCC(=O)OCCCCCCCCCC*,0.3650855,uwm_md,train
*OC(=O)CC/C=C/CCC(=O)OCCCCCCCCCCCCCCCC*,0.37777688,uwm_md,train
*OC(=O)C/C=C/CC(=O)OCCCCCCCCCCCCCCCC*,0.37864549,uwm_md,train
*OC(=O)CCCCCCCCCCCCC(=O)OCC(C*)CCCCCCOc1ccc(cc1)N=Nc1ccc(cc1)C#N,0.37422275,uwm_md,train
*Oc1ccc(cc1)C1(c2cc(ccc2c2ccc(cc12)[N+](=O)[O-])N(C)C)c1ccc(cc1)OC(=O)CCC(=O)*,0.38013673,uwm_md,train
*Oc1ccc(cc1)C1(c2cc(ccc2c2ccc(cc12)[N+](=O)[O-])N(C)C)c1ccc(cc1)OC(=O)CCCC(=O)*,0.37150042,uwm_md,train
*Oc1ccc(cc1)C1(c2cc(ccc2c2ccc(cc12)[N+](=O)[O-])N(C)C)c1ccc(cc1)OC(=O)CCCCC(=O)*,0.37034086,uwm_md,train
*Oc1ccc(cc1)C1(c2cc(ccc2c2ccc(cc12)[N+](=O)[O-])OC)c1ccc(cc1)OC(=O)CCC(=O)*,0.36261779,uwm_md,train
*Oc1c(cc(c(c1)C(c1ccccc1)(C)C)OC(=O)c1cc(ccc1)C(=O)*)C(c1ccccc1)(C)C,0.38262051,uwm_md,train
*Oc1c(cc(c(c1)C(c1ccccc1)(C)C)OC(=O)c1ccc(cc1)C(=O)*)C(c1ccccc1)(C)C,0.38707826,uwm_md,train
*Oc1cc2c(C(CC32CC(c2ccc(cc32)OC(=O)c2ccc(cc2)C(=O)*)(C)C)(C)C)cc1,0.38802883,uwm_md,train
*Oc1cc2c(C(CC32CC(c2ccc(cc32)OC(=O)c2cc(ccc2)C(=O)*)(C)C)(C)C)cc1,0.38372241,uwm_md,test
*Oc1c(cc(cc1)C=C1C(=O)C(=Cc2cc(c(cc2)OC(=O)c2cc(ccc2)C(=O)*)OC)CCC1)OC,0.35590759,uwm_md,train
*Oc1c(cc(cc1)C=C1C(=O)C(=Cc2cc(c(cc2)OC(=O)CCCCCCCCC(=O)*)OC)CCC1)OC,0.35776264,uwm_md,train
*Oc1ccc(cc1)CC(NC(=O)CCc1ccc(cc1)OC(=O)CCCCC(=O)*)C(=O)OCC,0.33942304,uwm_md,train
*Oc1ccc(cc1)CC(NC(=O)CCc1ccc(cc1)OC(=O)CCCCC(=O)*)C(=O)OCCCCCC,0.351413,uwm_md,train
*Oc1ccc(cc1)CC(NC(=O)CCc1ccc(cc1)OC(=O)CCCCC(=O)*)C(=O)OCCCCCCCC,0.3511763,uwm_md,train
*Oc1ccc(cc1)CC(NC(=O)CCc1ccc(cc1)OC(=O)CCC(=O)*)C(=O)OCCCCCC,0.34701241,uwm_md,train
*Oc1ccc(cc1)CC(NC(=O)CCc1ccc(cc1)OC(=O)CCCCCCCCC(=O)*)C(=O)OCCCCCC,0.35827772,uwm_md,test
*OC(=O)c1ccc(cc1)N=CNc1ccc(cc1)C(=O)OCCCC*,0.35909112,uwm_md,train
*Oc1ccc(cc1)C(c1ccc(cc1)OC(=O)c1ccc(cc1)[Si](c1ccc(cc1)C(=O)*)(C)C)(C)C,0.37681981,uwm_md,test
*Oc1ccc(cc1)S(=O)(=O)c1ccc(cc1)OC(=O)c1ccc(cc1)[Si](c1ccc(cc1)C(=O)*)(C)C,0.37223437,uwm_md,train
*C1(c2c(C(=O)O1)cccc2)c1ccc(cc1)OC(=O)c1ccc(cc1)[Si](c1ccc(cc1)C(=O)Oc1ccc(cc1)*)(C)C,0.37413124,uwm_md,train
*Oc1ccc(cc1)C(c1ccc(cc1)OC(=O)c1ccc(cc1)[Si](c1ccc(cc1)C(=O)*)(c1ccccc1)c1ccccc1)(C)C,0.38062557,uwm_md,train
*Oc1ccc(cc1)S(=O)(=O)c1ccc(cc1)OC(=O)c1ccc(cc1)[Si](c1ccc(cc1)C(=O)*)(c1ccccc1)c1ccccc1,0.37668952,uwm_md,train
*C1(c2c(C(=O)O1)cccc2)c1ccc(cc1)OC(=O)c1ccc(cc1)[Si](c1ccc(cc1)C(=O)Oc1ccc(cc1)*)(c1ccccc1)c1ccccc1,0.37881873,uwm_md,train
*Oc1ccc(cc1)NC(=O)c1ccc(cc1)[Si](c1ccc(cc1)C(=O)*)(C)C,0.36897255,uwm_md,train
*Oc1cc(ccc1)NC(=O)c1ccc(cc1)[Si](c1ccc(cc1)C(=O)*)(C)C,0.36668921,uwm_md,test
*Oc1ccc(cc1)NC(=O)c1ccc(cc1)[Si](c1ccc(cc1)C(=O)*)(c1ccccc1)c1ccccc1,0.3724538,uwm_md,train
*Oc1cc(ccc1)NC(=O)c1ccc(cc1)[Si](c1ccc(cc1)C(=O)*)(c1ccccc1)c1ccccc1,0.37364181,uwm_md,train
*Oc1cc(ccc1)OC(=O)c1ccc(cc1)OC(=O)c1cc(ccc1)C(=O)Oc1ccc(cc1)C(=O)*,0.33712765,uwm_md,train
*c1ncc(cc1)C(=O)Oc1ccc(cc1)C(=O)Oc1cc(ccc1)OC(=O)c1ccc(cc1)OC(=O)*,0.33873144,uwm_md,train
*C1(c2c(C(=O)N1c1ccccc1)cccc2)c1ccc(cc1)OC(=O)c1ccc(cc1)[Si](c1ccc(cc1)C(=O)Oc1ccc(cc1)*)(C)C,0.39364264,uwm_md,test
*Oc1c(cc(cc1)OC(=O)c1c(cc(c(c1)OCCCc1ccccc1)C(=O)*)OCCCc1ccccc1)C,0.35359821,uwm_md,train
*Oc1ccc(cc1)c1ccc(cc1)OC(=O)c1c(cc(c(c1)OCCCc1ccccc1)C(=O)*)OCCCc1ccccc1,0.3524536,uwm_md,train
*Oc1c(cc(cc1)OC(=O)c1c(cc(c(c1)OCCCCCCCCCCCC)C(=O)*)OCCCCCCCCCCCC)C,0.38901226,uwm_md,train
*Oc1c(cc(cc1)OC(=O)c1c(cc(c(c1)OCCCCCCCCCCCC)C(=O)*)OCCCCCCCCCCCC)c1ccccc1,0.38150674,uwm_md,train
*Oc1ccc(cc1)C(=O)OC(COC(=O)c1ccc(cc1)OC(=O)c1ccc(cc1)C(=O)*)C,0.33682987,uwm_md,train
*Oc1c(cc(cc1)c1cc(c(cc1)OC(=O)c1ccc(cc1)C(=O)c1ccc(cc1)C(=O)*)c1ccccc1)c1ccccc1,0.37083826,uwm_md,test
*Oc1ccc(cc1)C(c1ccc(cc1)OC(=O)c1ccc(cc1)C(c1ccc(cc1)C(=O)*)(C(F)(F)F)C(F)(F)F)(C)C,0.36851832,uwm_md,train
*Oc1ccc(cc1)C(c1ccc(cc1)OC(=O)c1ccc(cc1)C(c1ccc(cc1)C(=O)*)(C(F)(F)F)C(F)(F)F)(C(F)(F)F)C(F)(F)F,0.35824759,uwm_md,train
*Oc1ccc(cc1)CC(NC(=O)CCc1ccc(cc1)OC(=O)CCC(=O)*)C(=O)OCC,0.33994048,uwm_md,test
*Oc1ccc(cc1)CC(NC(=O)CCc1ccc(cc1)OC(=O)CCC(=O)*)C(=O)OCCCC,0.34685932,uwm_md,train
*Oc1ccc(cc1)CC(NC(=O)CCc1ccc(cc1)OC(=O)CCC(=O)*)C(=O)OCCCCCCCC,0.35002992,uwm_md,train
*Oc1ccc(cc1)CC(NC(=O)CCc1ccc(cc1)OC(=O)CCCCC(=O)*)C(=O)OCCCC,0.34179586,uwm_md,train
*Oc1ccc(cc1)CC(NC(=O)CCc1ccc(cc1)OC(=O)CCCCCCC(=O)*)C(=O)OCC,0.3461508,uwm_md,test
*Oc1ccc(cc1)CC(NC(=O)CCc1ccc(cc1)OC(=O)CCCCCCC(=O)*)C(=O)OCCCC,0.34911505,uwm_md,test
*Oc1ccc(cc1)CC(NC(=O)CCc1ccc(cc1)OC(=O)CCCCCCC(=O)*)C(=O)OCCCCCC,0.35314116,uwm_md,train
*Oc1ccc(cc1)CC(NC(=O)CCc1ccc(cc1)OC(=O)CCCCCCC(=O)*)C(=O)OCCCCCCCC,0.35829726,uwm_md,test
*Oc1ccc(cc1)CC(NC(=O)CCc1ccc(cc1)OC(=O)CCCCCCCCC(=O)*)C(=O)OCC,0.35082054,uwm_md,train
*Oc1ccc(cc1)CC(NC(=O)CCc1ccc(cc1)OC(=O)CCCCCCCCC(=O)*)C(=O)OCCCC,0.35549527,uwm_md,train
*Oc1ccc(cc1)CC(NC(=O)CCc1ccc(cc1)OC(=O)CCCCCCCCC(=O)*)C(=O)OCCCCCCCC,0.35909297,uwm_md,train
*c1nc(ccc1)C=Cc1c2c(ccc1OC(=O)c1ccc(cc1)C(=O)Oc1c(c3c(cc1)cccc3)C=C*)cccc2,0.36780539,uwm_md,train
*c1nc2c(cc1)cccc2OC(=O)c1ccc(cc1)C(=O)Oc1c(c2c(cc1)cccc2)C=C*,0.36132487,uwm_md,train
*c1nc2c(cc1)cccc2OC(=O)c1ccc(cc1)C(=O)Oc1ccc(cc1)C=C*,0.35224005,uwm_md,train
*OC(=O)c1ccc(cc1)[Si](c1ccc(cc1)C(=O)OCCN(CC*)c1ccc(cc1)C=Cc1ccc(cc1)[N+](=O)[O-])(C)C,0.3656424,uwm_md,train
*Oc1ccc(cc1)CC(NC(=O)CCc1ccc(cc1)OC(=O)CCC(=O)*)C(=O)OC,0.33521285,uwm_md,train
*Oc1ccc(cc1)CC(NC(=O)CCc1ccc(cc1)OC(=O)CCC(=O)*)C(=O)OCCCCCCCCCCCC,0.35629781,uwm_md,train
*Oc1ccc(cc1)CC(NC(=O)CCc1ccc(cc1)OC(=O)CCCC(=O)*)C(=O)OC,0.33262746,uwm_md,test
*Oc1ccc(cc1)CC(NC(=O)CCc1ccc(cc1)OC(=O)CCCC(=O)*)C(=O)OCC,0.33573247,uwm_md,test
*Oc1ccc(cc1)CC(NC(=O)CCc1ccc(cc1)OC(=O)CCCC(=O)*)C(=O)OCCCC,0.3441071,uwm_md,test
*Oc1ccc(cc1)CC(NC(=O)CCc1ccc(cc1)OC(=O)CCCC(=O)*)C(=O)OCCCCCC,0.34700053,uwm_md,train
*Oc1ccc(cc1)CC(NC(=O)CCc1ccc(cc1)OC(=O)CCCC(=O)*)C(=O)OCCCCCCCC,0.3506977,uwm_md,train
*Oc1ccc(cc1)CC(NC(=O)CCc1ccc(cc1)OC(=O)CCCC(=O)*)C(=O)OCCCCCCCCCCCC,0.35587178,uwm_md,train
*Oc1ccc(cc1)CC(NC(=O)CCc1ccc(cc1)OC(=O)CCCCC(=O)*)C(=O)OC,0.33673792,uwm_md,train
*Oc1ccc(cc1)CC(NC(=O)CCc1ccc(cc1)OC(=O)CCCCC(=O)*)C(=O)OCCCCCCCCCCCC,0.36106386,uwm_md,train
*Oc1ccc(cc1)CC(NC(=O)CCc1ccc(cc1)OC(=O)CCCCCCC(=O)*)C(=O)OC,0.34260216,uwm_md,test
*Oc1ccc(cc1)CC(NC(=O)CCc1ccc(cc1)OC(=O)CCCCCCC(=O)*)C(=O)OCCCCCCCCCCCC,0.36221772,uwm_md,train
*Oc1ccc(cc1)CC(NC(=O)CCc1ccc(cc1)OC(=O)CCCCCCCCC(=O)*)C(=O)OC,0.34491037,uwm_md,train
*Oc1ccc(cc1)CC(NC(=O)CCc1ccc(cc1)OC(=O)CCCCCCCCC(=O)*)C(=O)OCCCCCCCCCCCC,0.36486218,uwm_md,train
*OC(=O)CCCCC(=O)OCCN(CC*)c1ccc(cc1)C=NN(c1ccccc1)c1ccccc1,0.36249532,uwm_md,train
*OC(=O)c1ccc(cc1)c1ccc(cc1)C(=O)OCCCCCCCCC*,0.35672203,uwm_md,train
*OC(=O)c1ccc(cc1)c1ccc(cc1)C(=O)OCCCCCCCCCCC*,0.35885044,uwm_md,train
*OC(=O)c1ccc(cc1)c1ccc(cc1)C(=O)OCCCCCCCCCCCC*,0.36151008,uwm_md,train
*OC(=O)c1cc2c(cc1)cc(cc2)C(=O)OCCCCCCC*,0.34954591,uwm_md,train
*OC(=O)c1cc2c(cc1)cc(cc2)C(=O)OCCCCCCCC*,0.35432247,uwm_md,train
*OC(=O)c1cc2c(cc1)cc(cc2)C(=O)OCCCCCCCCC*,0.35582087,uwm_md,train
*OC(=O)c1cc2c(cc1)cc(cc2)C(=O)OCCCCCCCCCCC*,0.35929701,uwm_md,train
*OC(=O)c1cc2c(cc1)cc(cc2)C(=O)OCCCCCCCCCCCC*,0.361536,uwm_md,test
*Oc1c(cc(cc1)OC(=O)c1ccc(cc1)C(=O)*)C1CCCCCCC1,0.36680265,uwm_md,train
*OC(=O)C(NC(=O)C*)C,0.30707299,uwm_md,test
*OC(C(=O)NC(C(=O)*)C)C,0.33069722,uwm_md,train
*Oc1cc(c(cc1)c1c(cc(cc1)OC(=O)c1cc(c(cc1)c1c(cc(cc1)C(=O)*)C(F)(F)F)C(F)(F)F)C(=O)OCCCCCCCCCCCOc1ccc(cc1)c1ccc(cc1)C#N)C(=O)OCCCCCCCCCCCOc1ccc(cc1)c1ccc(cc1)C#N,0.36028801,uwm_md,train
*Oc1ccc(cc1)C(=O)NNC(=O)c1ccc(cc1)C(=O)NNC(=O)c1ccc(cc1)OC(=O)c1cc(ccc1)C(=O)*,0.33957071,uwm_md,train
*Oc1ccc(cc1)C(=O)NNC(=O)c1cc(ccc1)C(=O)NNC(=O)c1ccc(cc1)OC(=O)c1cc(ccc1)C(=O)*,0.33756272,uwm_md,test
*Oc1ccc(cc1)C(=O)NNC(=O)c1c(cc(cc1)C(=O)NNC(=O)c1ccc(cc1)OC(=O)c1cc(ccc1)C(=O)*)Oc1ccccc1,0.34244327,uwm_md,train
*OC(=O)C1C2C=CC(C1C(=O)OCC*)C2,0.33382733,uwm_md,train
*OC(=O)CCCCCCCCC(=O)OCC#CC(=Cc1ccc(cc1)C#Cc1ccc(cc1)C=C(C#Cc1ccccc1)C#Cc1ccccc1)C#CC*,0.397984,uwm_md,test
*OC(=O)CCCCCCCCC(=O)OCC#CC(=Cc1ccc(cc1)C#Cc1ccccc1)C#CC*,0.38414122,uwm_md,train
*OC(=O)CCCCCCCCC(=O)OCC#CC(=Cc1ccc(cc1)C#Cc1ccc(cc1)[N+](=O)[O-])C#CC*,0.37813011,uwm_md,train
*Oc1ccc(cc1)N=Nc1cc(c(cc1)Cc1c(cc(cc1)N=Nc1ccc(cc1)OC(=O)c1ccc(cc1)C(=O)*)[N+](=O)[O-])[N+](=O)[O-],0.36334689,uwm_md,train
*Oc1ccc(cc1)N=Nc1c(cc(c(c1C)[N+](=O)[O-])Cc1c(c(c(c(c1)C)N=Nc1ccc(cc1)OC(=O)c1ccc(cc1)C(=O)*)C)[N+](=O)[O-])C,0.36435194,uwm_md,train
*Oc1ccc(cc1)CC(NC(=O)CCc1ccc(cc1)OC(=O)CCC(=O)*)C(=O)OCc1ccccc1,0.33698124,uwm_md,test
*Oc1ccc(cc1)CC(NC(=O)CCc1ccc(cc1)OC(=O)CCC(=O)*)C(=O)OCCOCCOCC,0.33599709,uwm_md,train
*Oc1ccc(cc1)CC(NC(=O)CCc1ccc(cc1)OC(=O)CCC(=O)*)C(=O)OCC(C)C,0.34144884,uwm_md,train
*Oc1ccc(cc1)CC(NC(=O)CCc1ccc(cc1)OC(=O)CCC(=O)*)C(=O)OC(C)C,0.34012388,uwm_md,train
*Oc1ccc(cc1)CC(NC(=O)CCc1ccc(cc1)OC(=O)CCC(=O)*)C(=O)OC(CC)C,0.34677139,uwm_md,train
*Oc1ccc(cc1)CC(NC(=O)CCc1ccc(cc1)OC(=O)CCCCCCCCC(=O)*)C(=O)OCc1ccccc1,0.34821284,uwm_md,train
*Oc1ccc(cc1)CC(NC(=O)CCc1ccc(cc1)OC(=O)CCCCCCCCC(=O)*)C(=O)OCCOCCOCC,0.35064415,uwm_md,train
*Oc1ccc(cc1)CC(NC(=O)CCc1ccc(cc1)OC(=O)CCCCCCCCC(=O)*)C(=O)OCC(C)C,0.35420645,uwm_md,train
*Oc1ccc(cc1)CC(NC(=O)CCc1ccc(cc1)OC(=O)CCCCCCCCC(=O)*)C(=O)OC(C)C,0.35066661,uwm_md,train
*Oc1ccc(cc1)CC(NC(=O)CCc1ccc(cc1)OC(=O)CCCCCCCCC(=O)*)C(=O)OC(CC)C,0.35396317,uwm_md,train
*Oc1ccc(cc1)CC(NC(=O)CCc1ccc(cc1)OC(=O)CCCC(=O)*)C(=O)OCc1ccccc1,0.33929019,uwm_md,train
*Oc1ccc(cc1)CC(NC(=O)CCc1ccc(cc1)OC(=O)CCCC(=O)*)C(=O)OCC(C)C,0.34198543,uwm_md,train
*Oc1ccc(cc1)CC(NC(=O)CCc1ccc(cc1)OC(=O)CCCC(=O)*)C(=O)OC(C)C,0.34201016,uwm_md,train
*Oc1ccc(cc1)CC(NC(=O)CCc1ccc(cc1)OC(=O)CCCC(=O)*)C(=O)OC(CC)C,0.3421229,uwm_md,train
*Oc1ccc(cc1)CC(NC(=O)CCc1ccc(cc1)OC(=O)CCCCC(=O)*)C(=O)OCc1ccccc1,0.33992756,uwm_md,train
*Oc1ccc(cc1)CC(NC(=O)CCc1ccc(cc1)OC(=O)CCCCC(=O)*)C(=O)OCCOCCOCC,0.34219261,uwm_md,train
*Oc1ccc(cc1)CC(NC(=O)CCc1ccc(cc1)OC(=O)CCCCC(=O)*)C(=O)OCC(C)C,0.34693865,uwm_md,test
*Oc1ccc(cc1)CC(NC(=O)CCc1ccc(cc1)OC(=O)CCCCC(=O)*)C(=O)OC(C)C,0.34433228,uwm_md,train
*Oc1ccc(cc1)CC(NC(=O)CCc1ccc(cc1)OC(=O)CCCCC(=O)*)C(=O)OC(CC)C,0.34508223,uwm_md,train
*Oc1ccc(cc1)CC(NC(=O)CCc1ccc(cc1)OC(=O)CCCCCCC(=O)*)C(=O)OCc1ccccc1,0.34429229,uwm_md,test
*Oc1ccc(cc1)CC(NC(=O)CCc1ccc(cc1)OC(=O)CCCCCCC(=O)*)C(=O)OCCOCCOCC,0.34633358,uwm_md,train
*Oc1ccc(cc1)CC(NC(=O)CCc1ccc(cc1)OC(=O)CCCCCCC(=O)*)C(=O)OCC(C)C,0.34979846,uwm_md,test
*Oc1ccc(cc1)CC(NC(=O)CCc1ccc(cc1)OC(=O)CCCCCCC(=O)*)C(=O)OC(C)C,0.34605005,uwm_md,train
*Oc1ccc(cc1)CC(NC(=O)CCc1ccc(cc1)OC(=O)CCCCCCC(=O)*)C(=O)OC(CC)C,0.35282718,uwm_md,train
*Oc1ccc(cc1)CC(NC(=O)Cc1ccc(cc1)OC(=O)CCC(=O)*)C(=O)OCC,0.33368013,uwm_md,train
*Oc1ccc(cc1)CC(NC(=O)Cc1ccc(cc1)OC(=O)CCC(=O)*)C(=O)OCCCCCC,0.34533311,uwm_md,train
*Oc1ccc(cc1)CC(NC(=O)Cc1ccc(cc1)OC(=O)CCC(=O)*)C(=O)OCCCCCCCC,0.34943466,uwm_md,train
*Oc1ccc(cc1)CC(NC(=O)Cc1ccc(cc1)OC(=O)CCCCC(=O)*)C(=O)OCC,0.33464221,uwm_md,train
*Oc1ccc(cc1)CC(NC(=O)Cc1ccc(cc1)OC(=O)CCCCC(=O)*)C(=O)OCCCCCC,0.34769384,uwm_md,train
*Oc1ccc(cc1)CC(NC(=O)Cc1ccc(cc1)OC(=O)CCCCC(=O)*)C(=O)OCCCCCCCC,0.35265054,uwm_md,train
*Oc1ccc(cc1)CC(NC(=O)Cc1ccc(cc1)OC(=O)CC(CCC(=O)*)C)C(=O)OCC,0.33783278,uwm_md,train
*Oc1ccc(cc1)CC(NC(=O)Cc1ccc(cc1)OC(=O)CC(CCC(=O)*)C)C(=O)OCCCCCC,0.34861668,uwm_md,test
*Oc1ccc(cc1)CC(NC(=O)Cc1ccc(cc1)OC(=O)CC(CCC(=O)*)C)C(=O)OCCCCCCCC,0.35062977,uwm_md,test
*Oc1ccc(cc1)CC(NC(=O)Cc1ccc(cc1)OC(=O)CCCCCCC(=O)*)C(=O)OCCCCCC,0.35213618,uwm_md,train
*Oc1ccc(cc1)CC(NC(=O)Cc1ccc(cc1)OC(=O)CCCCCCC(=O)*)C(=O)OCCCCCCCC,0.35263439,uwm_md,train
*Oc1ccc(cc1)CC(NC(=O)Cc1ccc(cc1)OC(=O)CCCCCCCCC(=O)*)C(=O)OCC,0.34457254,uwm_md,train
*Oc1ccc(cc1)CC(NC(=O)Cc1ccc(cc1)OC(=O)CCCCCCCCC(=O)*)C(=O)OCCCCCC,0.35488648,uwm_md,train
*Oc1ccc(cc1)CC(NC(=O)Cc1ccc(cc1)OC(=O)CCCCCCCCC(=O)*)C(=O)OCCCCCCCC,0.35685059,uwm_md,test
*Oc1ccc(cc1)CC(NC(=O)Cc1ccc(cc1)OC(=O)CCCC(=O)*)C(=O)OCC,0.33525127,uwm_md,train
*Oc1ccc(cc1)CC(NC(=O)Cc1ccc(cc1)OC(=O)CCCC(=O)*)C(=O)OCCCCCC,0.3472328,uwm_md,train
*Oc1ccc(cc1)CC(NC(=O)Cc1ccc(cc1)OC(=O)CCCC(=O)*)C(=O)OCCCCCCCC,0.34547985,uwm_md,test
*Oc1ccc(cc1)CCNC(=O)c1cc(ccc1)C(=O)NCCc1ccc(cc1)OC(=O)c1cc(ccc1)C(=O)*,0.33853882,uwm_md,train
*Oc1ccc(cc1)CCNC(=O)c1cc(ccc1)C(=O)*,0.33770384,uwm_md,train
*OC(=O)c1ccc(cc1)C(=O)OCCN(CC*)c1ccc(cc1)C=C(C#N)C#N,0.35440714,uwm_md,test
*OC(=O)c1c(cc(cc1)C(=O)OCCN(CC*)c1ccc(cc1)c1oc2c(n1)ccc(c2)[N+](=O)[O-])OCCC,0.35306861,uwm_md,train
*OC(=O)c1ccc(cc1)C(=O)OCCN(CC*)c1ccc(cc1)c1oc2c(n1)ccc(c2)[N+](=O)[O-],0.35125653,uwm_md,train
*OC(=O)c1c(cc(cc1)C(=O)OCCN(CC*)c1ccc(cc1)C=C(C#N)C#N)OCCC,0.35424563,uwm_md,train
*OC(C#CC#CC(OC(=O)c1ccc(cc1)C(=O)*)C)C,0.39611075,uwm_md,train
*Oc1ccc(cc1)OC(=O)c1c(cc(c(c1)OCCCCOCC1N(CCC1)c1ccc(cc1)[N+](=O)[O-])C(=O)*)OCCCCOCC1N(CCC1)c1ccc(cc1)[N+](=O)[O-],0.34909461,uwm_md,train
*Oc1ccc(cc1)OC(=O)c1c(cc(c(c1)OCCCCCOCC1N(CCC1)c1ccc(cc1)[N+](=O)[O-])C(=O)*)OCCCCCOCC1N(CCC1)c1ccc(cc1)[N+](=O)[O-],0.35296749,uwm_md,train
*Oc1ccc(cc1)OC(=O)c1c(cc(c(c1)OCCCCCCOCC1N(CCC1)c1ccc(cc1)[N+](=O)[O-])C(=O)*)OCCCCCCOCC1N(CCC1)c1ccc(cc1)[N+](=O)[O-],0.34952872,uwm_md,train
*Oc1ccc(cc1)OC(=O)c1c(cc(c(c1)OCCCCCCCOCC1N(CCC1)c1ccc(cc1)[N+](=O)[O-])C(=O)*)OCCCCCCCOCC1N(CCC1)c1ccc(cc1)[N+](=O)[O-],0.35542806,uwm_md,train
*Oc1ccc(cc1)OC(=O)c1c(cc(c(c1)OCCCCCCCCOCC1N(CCC1)c1ccc(cc1)[N+](=O)[O-])C(=O)*)OCCCCCCCCOCC1N(CCC1)c1ccc(cc1)[N+](=O)[O-],0.35365329,uwm_md,train
*Oc1ccc(cc1)OC(=O)c1c(cc(c(c1)OCCCCCCCCCOCC1N(CCC1)c1ccc(cc1)[N+](=O)[O-])C(=O)*)OCCCCCCCCCOCC1N(CCC1)c1ccc(cc1)[N+](=O)[O-],0.35547017,uwm_md,train
*Oc1ccc(cc1)OC(=O)c1c(cc(c(c1)OCCCCCCCCCCOCC1N(CCC1)c1ccc(cc1)[N+](=O)[O-])C(=O)*)OCCCCCCCCCCOCC1N(CCC1)c1ccc(cc1)[N+](=O)[O-],0.35740991,uwm_md,train
*OC(COC(=O)/C=C\C(=O)*)C,0.31850118,uwm_md,train
*Oc1c(cc(c(c1)OC(=O)c1ccc(cc1)OC)OC(=O)CCCCCCCCCCCCCCC(=O)*)OC(=O)c1ccc(cc1)OC,0.35345176,uwm_md,test
*Oc1c(cc(c(c1)OC(=O)c1ccc(cc1)OCC)OC(=O)CCCCCCCCCCCCCCC(=O)*)OC(=O)c1ccc(cc1)OCC,0.36137547,uwm_md,test
*Oc1c(cc(c(c1)OC(=O)c1ccc(cc1)OCCC)OC(=O)CCCCCCCCCCCCCCC(=O)*)OC(=O)c1ccc(cc1)OCCC,0.36365256,uwm_md,train
*Oc1c(cc(c(c1)OC(=O)c1ccc(cc1)OCCCC)OC(=O)CCCCCCCC(=O)*)OC(=O)c1ccc(cc1)OCCCC,0.35540563,uwm_md,train
*Oc1c(cc(c(c1)OC(=O)c1ccc(cc1)OCCCC)OC(=O)CCCCCC(=O)*)OC(=O)c1ccc(cc1)OCCCC,0.35336805,uwm_md,train
*Oc1c(cc(c(c1)OC(=O)c1ccc(cc1)OCCCC)OC(=O)CCCC(=O)*)OC(=O)c1ccc(cc1)OCCCC,0.35109057,uwm_md,train
*Oc1c(cc(c(c1)OC(=O)c1ccc(cc1)OC)OC(=O)CCCC(=O)*)OC(=O)c1ccc(cc1)OC,0.33574151,uwm_md,train
*Oc1c(cc(c(c1)OC(=O)c1ccc(cc1)OCC)OC(=O)CCCC(=O)*)OC(=O)c1ccc(cc1)OCC,0.33981747,uwm_md,train
*Oc1c(cc(c(c1)OC(=O)c1ccc(cc1)OCCC)OC(=O)CCCC(=O)*)OC(=O)c1ccc(cc1)OCCC,0.34814804,uwm_md,train
*Oc1c(cc(c(c1)OC(=O)c1ccc(cc1)OCCCCC)OC(=O)CCCC(=O)*)OC(=O)c1ccc(cc1)OCCCCC,0.35445196,uwm_md,train
*Oc1c(cc(c(c1)OC(=O)c1ccc(cc1)OCCCCCCCCCCCC)OC(=O)CCCC(=O)*)OC(=O)c1ccc(cc1)OCCCCCCCCCCCC,0.37044637,uwm_md,train
*Oc1c(cc(c(c1)OC(=O)c1ccc(cc1)OCC(CC)C)OC(=O)CCCC(=O)*)OC(=O)c1ccc(cc1)OCC(CC)C,0.35730159,uwm_md,test
*Oc1c(cc(c(c1)OC(=O)c1ccc(cc1)C)OC(=O)CCCCCCCCCCCCCCC(=O)*)OC(=O)c1ccc(cc1)C,0.36849104,uwm_md,train
*Oc1c(cc(c(c1)OC(=O)c1ccc(cc1)OCCCC)OC(=O)C(CCC(=O)*)C)OC(=O)c1ccc(cc1)OCCCC,0.35328505,uwm_md,train
*Oc1c(cc(c(c1)OC(=O)c1ccc(cc1)OCCCC)OC(=O)C(CCC(=O)*)(C)C)OC(=O)c1ccc(cc1)OCCCC,0.35709055,uwm_md,train
*OC(=O)c1c(ccc(c1)N=Nc1ccc(cc1)OCC)c1c(cc(cc1)N=Nc1ccc(cc1)OCC)C(=O)OCCC*,0.36910686,uwm_md,train
*OC(=O)c1c(ccc(c1)N=Nc1ccc(cc1)OCC)c1c(cc(cc1)N=Nc1ccc(cc1)OCC)C(=O)OCCCCCC*,0.36903817,uwm_md,test
*Oc1ccc(cc1)OC(=O)c1c(ccc(c1)N=Nc1ccc(cc1)OCC)c1c(cc(cc1)N=Nc1ccc(cc1)OCC)C(=O)*,0.36951145,uwm_md,train
*Oc1ccc(cc1)c1ccc(cc1)OC(=O)c1c(ccc(c1)N=Nc1ccc(cc1)OCC)c1c(cc(cc1)N=Nc1ccc(cc1)OCC)C(=O)*,0.37270172,uwm_md,train
*OC(=O)C=Cc1ccc(cc1)C=CC(=O)OCCN(CC*)c1ccc(cc1)N=Nc1ccc(cc1)[N+](=O)[O-],0.35081029,uwm_md,train
*OC(=O)CCCCC(=O)OCCC(CC*)C,0.34352817,uwm_md,train
*Oc1cc(cc(c1)C(=O)OCCN(c1ccc(cc1)N=Nc1ccc(cc1)[N+](=O)[O-])CC)OC(=O)c1ccc(cc1)C(=O)*,0.35790237,uwm_md,train
*OC(=O)c1cc(cc(c1)OCCN(c1ccc(cc1)S(=O)(=O)C(C(C(C(C(C(C(C(F)(F)F)(F)F)(F)F)(F)F)(F)F)(F)F)(F)F)(F)F)C)C(=O)OCCN(CC*)c1ccc(cc1)S(=O)(=O)C(C(C(C(C(C(C(C(F)(F)F)(F)F)(F)F)(F)F)(F)F)(F)F)(F)F)(F)F,0.34325537,uwm_md,train
*OC(=O)c1cc(cc(c1)OC1CCN(CC1)c1ccc(cc1)S(=O)(=O)C(C(C(C(C(C(C(C(F)(F)F)(F)F)(F)F)(F)F)(F)F)(F)F)(F)F)(F)F)C(=O)OCCN(CC*)c1ccc(cc1)S(=O)(=O)C(C(C(C(C(C(C(C(F)(F)F)(F)F)(F)F)(F)F)(F)F)(F)F)(F)F)(F)F,0.34244923,uwm_md,test
*OC(=O)c1cc(cc(c1)OCCC1CCN(CC1)c1ccc(cc1)S(=O)(=O)C(C(C(C(C(C(C(C(F)(F)F)(F)F)(F)F)(F)F)(F)F)(F)F)(F)F)(F)F)C(=O)OCCN(CC*)c1ccc(cc1)S(=O)(=O)C(C(C(C(C(C(C(C(F)(F)F)(F)F)(F)F)(F)F)(F)F)(F)F)(F)F)(F)F,0.34501773,uwm_md,train
*OC(=O)c1cc(cc(c1)OCCN(c1ccc(cc1)S(=O)(=O)CCCCCCCC)C)C(=O)OCCN(CC*)c1ccc(cc1)S(=O)(=O)C(C(C(C(C(C(C(C(F)(F)F)(F)F)(F)F)(F)F)(F)F)(F)F)(F)F)(F)F,0.35536738,uwm_md,train
*c1ccc2n(c3c(c2c1)cc(cc3)C=C(C(=O)OCCCCCCCCCCOC(=O)C(=C*)C#N)C#N)CCCCCCCCCCCCCC,0.38039745,uwm_md,train
*c1ccc2n(c3c(c2c1)cc(cc3)C=C(C(=O)OCCCCCCOC(=O)C(=C*)C#N)C#N)CCCCCCCCCCCCCC,0.38239556,uwm_md,train
*c1ccc2n(c3c(c2c1)cc(cc3)C=C(C(=O)OCCCCCCCCCCOC(=O)C(=C*)C#N)C#N)CCCCCCC,0.37650468,uwm_md,train
*c1ccc2n(c3c(c2c1)cc(cc3)C=C(C(=O)OCCCCCCOC(=O)C(=C*)C#N)C#N)CCCCCCC,0.37348873,uwm_md,train
*c1ccc2n(c3c(c2c1)cc(cc3)C=C(C(=O)OCCCCCCOC(=O)C(=C*)C#N)C#N)CCCCCCCCCCCn1c2ccccc2c2ccccc12,0.36772669,uwm_md,train
*c1ccc2n(c3c(c2c1)cc(cc3)C=C(C(=O)OCCCCCCOC(=O)C(=C*)C#N)C#N)CCCCCCCCCCCOc1ccc(cc1)C=Cc1ccc(cc1)[N+](=O)[O-],0.36240665,uwm_md,train
*OC(C(=O)*)CC,0.35896412,uwm_md,train
*OC(=O)C(C(=O)OCCC[Sn](CCC*)(C)C)CCCCCCOc1ccc(cc1)c1ccc(cc1)OCc1ccc(cc1)[N+](=O)[O-],0.35896412,uwm_md,test
*OC(COC(=O)C1=C(C2C=CC1C2)C(=O)OCC(OC(=O)c1ccc(cc1)C(=O)*)CCl)CCl,0.35028816,uwm_md,train
*OC(COC(=O)C1=C(C2C=CC1C2)C(=O)OCC(OC(=O)c1ccc(cc1)C(=O)*)COC(=O)C1=C(C2C=CC1C2)c1ccccc1)COC(=O)C1=C(C2C=CC1C2)c1ccccc1,0.34889157,uwm_md,train
*OC1CCC(CC1)OC(=O)c1ccc(cc1)C(=O)*,0.35770119,uwm_md,train
*OC(CC(=O)*)CCCCCC,0.37673739,uwm_md,train
*Oc1ccc(cc1)CC(NC(=O)CCc1ccc(cc1)OC(=O)CCC(CC(=O)*)C)C(=O)OCc1ccccc1,0.34264843,uwm_md,test
*Oc1ccc(cc1)CC(NC(=O)CCc1ccc(cc1)OC(=O)CCC(CC(=O)*)C)C(=O)OC,0.33698176,uwm_md,train
*Oc1ccc(cc1)CC(NC(=O)CCc1ccc(cc1)OC(=O)CC(CCC(=O)*)C)C(=O)OC(CC)C,0.3483794,uwm_md,train
*OC(=O)CCCCCCCCCCCCCCCCCCCCCCCCCCCCCCCCCCC(=O)OCCCC*,0.38882843,uwm_md,train
*OC(=O)c1ccc(cc1)C(=O)OCC(C*)C,0.3435142,uwm_md,train
*OC(=O)c1ccc(cc1)C(=O)OCCOC(=O)CCC(=O)OCC*,0.32181742,uwm_md,train
*OC(=O)c1ccc(cc1)C(=O)OCCOC(=O)CCCCC(=O)OCC*,0.32710546,uwm_md,train
*OC(=O)c1ccc(cc1)C(=O)OCCOC(=O)CCCCCCC(=O)OCC*,0.33135087,uwm_md,train
*OC(=O)c1ccc(cc1)C(=O)OCCOC(=O)CCCCCCCCC(=O)OCC*,0.34043284,uwm_md,test
*OC(=O)c1ccc(cc1)C(=O)OCCOC(=O)CCCCCCCCCCC(=O)OCC*,0.34409739,uwm_md,train
*OC(=O)c1cc(ccc1)C(=O)OCCc1ccc(cc1)NC(=O)c1cc(ccc1)C(=O)Nc1ccc(cc1)CC*,0.34340117,uwm_md,train
*OC(=O)c1c(cc(cc1)C(=O)OCCN(CC*)c1ccc(cc1)N=Nc1ccc(cc1)c1oc2c(n1)cccc2)OCCC,0.36708551,uwm_md,train
*Oc1ccc(cc1)N=Nc1cc(c(cc1)Cc1c(cc(cc1)N=Nc1ccc(cc1)OC(=O)c1ccc(cc1)N=Nc1ccc(cc1)C(=O)*)[N+](=O)[O-])[N+](=O)[O-],0.36942122,uwm_md,train
*Oc1ccc(cc1)N=Nc1cc(c(cc1)S(=O)(=O)c1c(cc(cc1)N=Nc1ccc(cc1)OC(=O)c1ccc(cc1)N=Nc1ccc(cc1)C(=O)*)[N+](=O)[O-])[N+](=O)[O-],0.36582704,uwm_md,test
*OC(=O)CCC#CC#CCCC(=O)OCCN(CC*)c1ccc(cc1)[N+](=O)[O-],0.36177609,uwm_md,train
*OC(=O)CCC#CC#CCCC(=O)OCCN(CC*)c1ccc(cc1)N=Nc1c(cc(cc1C)N=Nc1ccc(cc1)C#N)C,0.3810089,uwm_md,train
*O[Ca]OC(=O)c1c(cccc1)C(=O)OCCCCCOC(=O)NCCCCCCNC(=O)OCCCCCOC(=O)c1c(cccc1)C(=O)*,0.3810089,uwm_md,train
*OC(=O)NCCCCCCNC(=O)OCCCCCOC(=O)c1c(cccc1)C(=O)O[Cd]OC(=O)c1c(cccc1)C(=O)OCCCCC*,0.3810089,uwm_md,test
*OC(=O)C1=C(CCCC=C1C(=O)OCC*)N1CCCC1,0.35148816,uwm_md,train
*Oc1ccc(cc1)OC(=O)c1cc(cc(c1)OCCCCCCCCCCC(C(C(C(C(C(C(C(C(C(F)(F)F)(F)F)(F)F)(F)F)(F)F)(F)F)(F)F)(F)F)(F)F)(F)F)C(=O)*,0.34786426,uwm_md,train
*OC(=O)NC1CC(CC(C1)(CNC(=O)OCC*)C)(C)C,0.33606063,uwm_md,train
*Oc1c(cc(c(c1)OCCOC)OC(=O)c1c(cc(cc1)C(=O)*)OCCOCC)OCCOC,0.34810915,uwm_md,test
*Oc1ccc(cc1)CC(NC(=O)CCc1ccc(cc1)OC(=O)CC(CCC(=O)*)C)C(=O)OCCCC,0.3483824,uwm_md,train
*OC(=O)CNC(=O)C*,0.27858992,uwm_md,test
*O[Si](CCCC(=O)Oc1ccc(cc1)C=Nc1ccc(cc1)N=Cc1ccc(cc1)OC(=O)CCC[Si](*)(C)C)(C)C,0.38440001,uwm_md,test
*O[Si](CCCC(=O)Oc1ccc(cc1)C=Nc1ccc(cc1)Cc1ccc(cc1)N=Cc1ccc(cc1)OC(=O)CCC[Si](*)(C)C)(C)C,0.38299785,uwm_md,test
*Oc1c(cc(c(c1)OCCOC)OC(=O)c1c(cc(cc1)C(=O)*)c1ccccc1)OCCOC,0.35160749,uwm_md,train
*C1N(CC(C1)OC(=O)*)C(=O)OCc1ccccc1,0.33476928,uwm_md,test
*OC(=O)CCCCC(=O)OCC(C*)CCCCCCOc1ccc(cc1)N=Nc1ccc(cc1)OC,0.35673043,uwm_md,train
*OC(=O)CCCCC(=O)OCC(C*)CCCCCCOc1ccc(cc1)N=Nc1ccc(cc1)C(F)(F)F,0.35608461,uwm_md,test
*OC(=O)CCCCC(=O)OCC(C*)CCCCCCOc1ccc(cc1)N=Nc1ccc(cc1)C,0.36238059,uwm_md,train
*OC(=O)CCCCC(=O)OCC(C*)CCCCCCOc1ccc(cc1)N=Nc1ccc(cc1)Cl,0.36250896,uwm_md,train
*OC(=O)CCCCC(=O)OCC(C*)CCCCCCOc1ccc(cc1)N=Nc1ccc(cc1)Br,0.37066043,uwm_md,train
*OC(=O)c1cc(cc(c1)C(C)(C)C)C(=O)OCC*,0.35812909,uwm_md,train
*OC(COC(=O)C12CC3(CC(CC(C1)C3)C2)C(=O)*)COc1ccc(cc1)N=Nc1ccc(cc1)C#N,0.35736369,uwm_md,train
*OC(COC(=O)C1CCC(CC1)C(=O)*)COc1ccc(cc1)N=Nc1ccc(cc1)C#N,0.36227874,uwm_md,train
*OC(COC(=O)c1c(cccc1)C(=O)*)COc1ccc(cc1)N=Nc1ccc(cc1)C#N,0.35887152,uwm_md,train
*OC(COC(=O)c1c(cc(cc1)C)C(=O)*)COc1ccc(cc1)N=Nc1ccc(cc1)C#N,0.3633577,uwm_md,train
*c1c(nccc1)C(=O)OC(COC(=O)*)COc1ccc(cc1)N=Nc1ccc(cc1)C#N,0.3600163,uwm_md,train
*OC(COC(=O)c1cc(ccc1)C(=O)*)COc1ccc(cc1)N=Nc1ccc(cc1)C#N,0.35979025,uwm_md,train
*OC(COC(=O)c1cc(cc(c1)C(C)(C)C)C(=O)*)COc1ccc(cc1)N=Nc1ccc(cc1)C#N,0.37044454,uwm_md,train
*OC(COC(=O)c1ccc(cc1)C(=O)*)COc1ccc(cc1)N=Nc1ccc(cc1)C#N,0.35889758,uwm_md,train
*OC(COC(=O)c1cc(c(cc1)C(=O)*)OC)COc1ccc(cc1)N=Nc1ccc(cc1)C#N,0.35609742,uwm_md,test
*OC(COC(=O)c1c2c(c(cc1)C(=O)*)cccc2)COc1ccc(cc1)N=Nc1ccc(cc1)C#N,0.353962,uwm_md,test
*OC(COC(=O)c1cc2c(cc1)cc(cc2)C(=O)*)COc1ccc(cc1)N=Nc1ccc(cc1)C#N,0.35895878,uwm_md,train
*OC(COC(=O)c1c(cccc1)c1c(cccc1)C(=O)*)COc1ccc(cc1)N=Nc1ccc(cc1)C#N,0.3636633,uwm_md,train
*OC(COC(=O)c1ccc(cc1)c1ccc(cc1)C(=O)*)COc1ccc(cc1)N=Nc1ccc(cc1)C#N,0.35920375,uwm_md,train
*OC(COC(=O)c1cc(ccc1)c1ccc(cc1)C(=O)*)COc1ccc(cc1)N=Nc1ccc(cc1)C#N,0.35765237,uwm_md,test
*OC(COC(=O)c1c(c(c(c(c1F)F)c1c(c(c(c(c1F)F)C(=O)*)F)F)F)F)COc1ccc(cc1)N=Nc1ccc(cc1)C#N,0.35000272,uwm_md,train
*OC(COC(=O)c1c(c(c(cc1)c1c(cc(c(c1)CCCCCCCC)c1c(c(c(cc1)C(=O)*)F)F)CCCCCCCC)F)F)COc1ccc(cc1)N=Nc1ccc(cc1)C#N,0.37990658,uwm_md,test
*OC(=O)CCCC(=O)NCCCCCC*,0.33848118,uwm_md,train
*Oc1ccc(cc1)C1(CCC(CC1)C(C)(C)C)c1ccc(cc1)OC(=O)c1ccc(cc1)C(=O)*,0.37035787,uwm_md,train
*OC(=O)CCCCC(=O)OCC(C*)O,0.31523099,uwm_md,test
*Oc1ccc(cc1)c1ccc(cc1)N=Nc1ccc(cc1)C(=O)*,0.36731588,uwm_md,train
*OC(=O)C(NC(=O)C=CC(=O)NC(C(=O)OCCCC*)Cc1ccccc1)Cc1ccccc1,0.33930122,uwm_md,train
*OC(=O)C(NC(=O)C=CC(=O)NC(C(=O)OCCCCCC*)Cc1ccccc1)Cc1ccccc1,0.34396826,uwm_md,train
*OC(=O)C(NC(=O)C=CC(=O)NC(C(=O)OCC=CC*)Cc1ccccc1)Cc1ccccc1,0.33875482,uwm_md,test
*OC(=O)C(NC(=O)CCCCC(=O)NC(C(=O)OCC=CC*)Cc1ccccc1)Cc1ccccc1,0.34434051,uwm_md,train
*OC(=O)C(NC(=O)CCCCCCCCC(=O)NC(C(=O)OCC=CC*)Cc1ccccc1)Cc1ccccc1,0.35266121,uwm_md,test
*OC(=O)c1c(cc(cc1)C(=O)OCCN(CC*)c1ccc(cc1)N=Nc1ccc(cc1)c1nc2c([nH]1)ccc(c2)[N+](=O)[O-])OCCC,0.35758422,uwm_md,train
*Oc1ccc(cc1)C(c1ccc(cc1)OC(=O)c1c(cccc1)c1c(cccc1)C(=O)*)(C(F)(F)F)C(F)(F)F,0.3557624,uwm_md,train
*OC(=O)c1ccc(cc1)c1ccc(cc1)C(=O)OCC(C*)(C)C,0.3537359,uwm_md,test
*OC(=O)c1ccc(cc1)c1ccc(cc1)C(=O)OCC(C*)(CC)C,0.35540471,uwm_md,test
*OC(=O)c1ccc(cc1)c1ccc(cc1)C(=O)OCC(C*)(CCC)C,0.35957248,uwm_md,train
*Oc1c(cccc1)C(=O)OC(=O)c1c(cccc1)OC(=O)CCCC(=O)*,0.32224016,uwm_md,train
*Oc1c(cccc1)C(=O)OC(=O)c1c(cccc1)OC(=O)CCCCC(=O)*,0.32762443,uwm_md,train
*Oc1c(cccc1)C(=O)OC(=O)c1c(cccc1)OC(=O)CCCCCC(=O)*,0.32881448,uwm_md,train
*Oc1c(cccc1)C(=O)OC(=O)c1c(cccc1)OC(=O)CCCCCCC(=O)*,0.33135982,uwm_md,train
*Oc1c(cccc1)C(=O)OC(=O)c1c(cccc1)OC(=O)CCCCCCCC(=O)*,0.33709965,uwm_md,test
*Oc1c(cccc1)C(=O)OC(=O)c1c(cccc1)OC(=O)CCCCCCCCC(=O)*,0.34302627,uwm_md,train
*Oc1c(cccc1)C(=O)OC(=O)c1c(cccc1)OC(=O)c1ccc(cc1)C(=O)*,0.3307198,uwm_md,train
*Oc1c(cccc1)C(=O)OC(=O)c1c(cccc1)OC(=O)c1cc(ccc1)C(=O)*,0.33111951,uwm_md,train
*Oc1c(cccc1)C(=O)OC(=O)c1c(cccc1)OC(=O)C(C(C(=O)*)C)C,0.33232876,uwm_md,train
*Oc1c(cccc1)C(=O)OC(=O)c1c(cccc1)OC(=O)C(C(C(=O)*)CC)CC,0.33445863,uwm_md,train
*OC(=O)C(C(C(=O)OCCCCCCCCC*)O)O,0.33968364,uwm_md,train
*OC(=O)CCC(=O)OCCCCCCCCC*,0.3543665,uwm_md,test
*Oc1c(cc(cc1)OC(=O)c1ccc(cc1)C(=O)*)c1cc(ccc1)C(F)(F)F,0.35258781,uwm_md,train
*OC(=O)c1cc(cc(c1)OCc1cc(cc(c1)OCc1ccccc1)OCc1ccccc1)C(=O)OCCN(CC*)c1ccc(cc1)C=Cc1sc(cc1)C=CC1=C(C(=C(C#N)C#N)OC1(c1ccccc1)C(F)(F)F)C#N,0.36152186,uwm_md,train
*OC(=O)c1cc(cc(c1)OCc1c(c(c(c(c1F)F)OC)F)F)C(=O)OCCN(CC*)c1ccc(cc1)C=Cc1sc(cc1)C=CC1=C(C(=C(C#N)C#N)OC1(c1ccccc1)C(F)(F)F)C#N,0.36032332,uwm_md,train
*OC(=O)CCC(=O)OCC(=O)NCCCCCCNC(=O)C*,0.31440807,uwm_md,train
*OC(=O)CCCCC(=O)OCC(=O)NCCCCCCNC(=O)C*,0.32189128,uwm_md,train
*OC(=O)CCCCCCC(=O)OCC(=O)NCCCCCCNC(=O)C*,0.32965374,uwm_md,train
*OC(=O)CCCCCCCCC(=O)OCC(=O)NCCCCCCNC(=O)C*,0.33901503,uwm_md,train
*OC(=O)CCCCCCCCCCC(=O)OCC(=O)NCCCCCCNC(=O)C*,0.34246271,uwm_md,test
*OC(=O)C(C(=O)OCCC[Sn](CCC*)(C)C)CCCCCCCCOc1ccc(cc1)c1ccc(cc1)OCc1ccc(cc1)C#N,0.34246271,uwm_md,train
*Oc1c(cc(cc1)OC(=O)c1ccc(cc1)C(=O)*)C(F)(F)F,0.33995878,uwm_md,test
*OC(=O)CCCCCCC(=O)OCC#CC*,0.35175594,uwm_md,test
*OC(=O)CCCCCCCCCCC(=O)OCC#CC*,0.36542527,uwm_md,train
*Oc1ccc(cc1)C(=Cc1ccc(cc1)c1ccc(cc1)C=C(c1ccc(cc1)OC(=O)c1ccc(cc1)C(=O)*)c1ccccc1)c1ccccc1,0.37848459,uwm_md,train
*Oc1ccc(cc1)C(=Cc1ccc(cc1)c1ccc(cc1)C=C(c1ccc(cc1)OC(=O)c1cc(ccc1)C(=O)*)c1ccccc1)c1ccccc1,0.37719758,uwm_md,train
*Oc1ccc(cc1)C(=Cc1ccc(cc1)c1ccc(cc1)C=C(c1ccc(cc1)OC(=O)CCCCC(=O)*)c1ccccc1)c1ccccc1,0.37196915,uwm_md,train
*Oc1ccc(cc1)C(=Cc1ccc(cc1)c1ccc(cc1)C=C(c1ccc(cc1)OC(=O)CCCCCCCCC(=O)*)c1ccccc1)c1ccccc1,0.3779872,uwm_md,train
*OC(=O)c1ccc(cc1)C(=O)OCCN(CC*)c1ccc(cc1)N=Nc1ccc(cc1)c1nc2c(n1CC)cc(cc2)[N+](=O)[O-],0.36628188,uwm_md,train
*OC(=O)c1cc(ccc1)C(=O)OCCN(CC*)c1ccc(cc1)N=Nc1ccc(cc1)c1nc2c(n1CC)cc(cc2)[N+](=O)[O-],0.36042586,uwm_md,train
*OC(=O)c1c(cc(cc1)C(=O)OCCN(CC*)c1ccc(cc1)N=Nc1ccc(cc1)c1nc2c(n1CC)cc(cc2)[N+](=O)[O-])OC,0.36008701,uwm_md,train
*OC(=O)c1c(cc(cc1)C(=O)OCCN(CC*)c1ccc(cc1)N=Nc1ccc(cc1)C=Cc1nc2c(n1CC)cc(cc2)[N+](=O)[O-])OC,0.35606018,uwm_md,train
*c1cc2c(cc1OC(=O)COc1ccc3c(c1)oc(=O)cc3)oc(=O)c(c2)C(=O)Nc1ccc(cc1)NC(=O)c1c(=O)oc2c(cc(c(c2)OC(=O)COc2ccc3c(c2)oc(=O)cc3)C*)c1,0.31935888,uwm_md,train
*c1cc2c(cc1OC(=O)COc1ccc3c(c1)oc(=O)cc3)oc(=O)c(c2)C(=O)Nc1ccc(cc1)c1ccc(cc1)NC(=O)c1c(=O)oc2c(cc(c(c2)OC(=O)COc2ccc3c(c2)oc(=O)cc3)C*)c1,0.32178966,uwm_md,train
*c1cc2c(cc1OC(=O)COc1ccc3c(c1)oc(=O)cc3)oc(=O)c(c2)C(=O)Nc1ccc(cc1)Cc1ccc(cc1)NC(=O)c1c(=O)oc2c(cc(c(c2)OC(=O)COc2ccc3c(c2)oc(=O)cc3)C*)c1,0.32474874,uwm_md,train
*c1cc2c(cc1OC(=O)COc1ccc3c(c1)oc(=O)cc3)oc(=O)c(c2)C(=O)Nc1ccc(cc1)S(=O)(=O)c1ccc(cc1)NC(=O)c1c(=O)oc2c(cc(c(c2)OC(=O)COc2ccc3c(c2)oc(=O)cc3)C*)c1,0.32527333,uwm_md,train
*c1cc2c(cc1OC(=O)COc1ccc3c(c1)oc(=O)cc3)oc(=O)c(c2)C(=O)Nc1ccc(cc1)C(c1ccc(cc1)NC(=O)c1c(=O)oc2c(cc(c(c2)OC(=O)COc2ccc3c(c2)oc(=O)cc3)C*)c1)(C(F)(F)F)C(F)(F)F,0.32655452,uwm_md,test
*c1cc2c(cc1OC(=O)COc1ccc3c(c1)oc(=O)cc3)oc(=O)c(c2)C(=O)Nc1cc(ccc1)NC(=O)c1c(=O)oc2c(cc(c(c2)OC(=O)COc2ccc3c(c2)oc(=O)cc3)C*)c1,0.32001904,uwm_md,test
*OC(=O)C=CC(=O)NCCCCCCNC(=O)C=CC(=O)OCC*,0.31787399,uwm_md,train
*c1nc2c(nc1c1ccc(cc1)OC(=O)c1cc(ccc1)C(=O)Oc1ccc(cc1)*)cccc2,0.3678366,uwm_md,train
*c1nc2c(nc1c1ccc(cc1)OC(=O)c1ccc(cc1)C(=O)Oc1ccc(cc1)*)cccc2,0.36797942,uwm_md,test
*c1nc2c(nc1c1cc3c(cc1)cc(cc3)OC(=O)c1cc(ccc1)C(=O)Oc1cc3c(cc1)cc(cc3)*)cccc2,0.37114739,uwm_md,test
*c1nc2c(nc1c1cc3c(cc1)cc(cc3)OC(=O)c1ccc(cc1)C(=O)Oc1cc3c(cc1)cc(cc3)*)cccc2,0.37059699,uwm_md,train
*Oc1ccc(cc1)C1(CC2C(CC1)CCCC2)c1ccc(cc1)OC(=O)c1ccc(cc1)C(=O)*,0.37490919,uwm_md,train
*Oc1ccc(cc1)C1(CC2C(CC1)CCCC2)c1ccc(cc1)OC(=O)c1cc(ccc1)C(=O)*,0.37550202,uwm_md,train
*Oc1c(cc(cc1)C1(CC2C(CC1)CCCC2)c1cc(c(cc1)OC(=O)c1ccc(cc1)C(=O)*)C)C,0.38501147,uwm_md,test
*Oc1c(cc(cc1)C1(CC2C(CC1)CCCC2)c1cc(c(cc1)OC(=O)c1cc(ccc1)C(=O)*)C)C,0.38690449,uwm_md,test
*Oc1c(cc(cc1C)C1(CC2C(CC1)CCCC2)c1cc(c(c(c1)C)OC(=O)c1ccc(cc1)C(=O)*)C)C,0.40878882,uwm_md,train
*Oc1c(cc(cc1C)C1(CC2C(CC1)CCCC2)c1cc(c(c(c1)C)OC(=O)c1cc(ccc1)C(=O)*)C)C,0.40660507,uwm_md,test
*c1cc2c(cc1)oc(=O)c(c2)C(=O)Nc1ccc(cc1)C(c1ccc(cc1)NC(=O)c1c(=O)oc2c(cc(cc2)C*)c1)(C(F)(F)F)C(F)(F)F,0.34097421,uwm_md,train
*Oc1ccc(cc1)C1(c2ccccc2c2ccccc12)c1ccc(cc1)OC(=O)C12CC3(CC(CC(C1)C3)C2)C(=O)*,0.38474727,uwm_md,test
*Oc1ccc(cc1)NC(=O)C=CC(=O)NNC(=O)C=CC(=O)Nc1ccc(cc1)OC(=O)C=CC(=O)NNC(=O)C=CC(=O)*,0.3061006,uwm_md,train
*Oc1ccc(cc1)NC(=O)C=CC(=O)NNC(=O)C=CC(=O)Nc1ccc(cc1)OC(=O)c1c(cccc1)C(=O)NNC(=O)c1c(cccc1)C(=O)*,0.32132816,uwm_md,test
*OC(=CCC)C(C(=O)*)CC,0.37690028,uwm_md,train
*Oc1ccc(cc1)C(c1ccc(cc1)OC(=O)c1cc(cc(c1)NC(=O)c1ccc(cc1)NC(=O)C(N1C(=O)c2c(C1=O)cccc2)C)C(=O)*)(C)C,0.34759081,uwm_md,test
*Oc1ccc(cc1)S(=O)(=O)c1ccc(cc1)OC(=O)c1cc(cc(c1)NC(=O)c1ccc(cc1)NC(=O)C(N1C(=O)c2c(C1=O)cccc2)C)C(=O)*,0.34562786,uwm_md,train
*OC(C(=O)*)Cc1ccccc1,0.35974569,uwm_md,test
*C1OC(=O)C(C1)CCC1C(=O)OC(C1)CCC=CCC*,0.33942699,uwm_md,train
*C1OC(=O)C(C1)CCC1C(=O)OC(C1)CCCCC=CCCCC*,0.35075006,uwm_md,train
*C1OC(=O)C(C1)CCC1C(=O)OC(C1)CCCCCC*,0.33989367,uwm_md,train
*Oc1ccc(cc1)[Si](c1ccc(cc1)OC(=O)c1cc2Cc3c(c2cc1)ccc(c3)C(=O)*)(c1ccccc1)c1ccccc1,0.38005772,uwm_md,test
*Nc1c(cc(cc1)c1cc(c(cc1)NC(=O)c1cc(ccc1)C(=O)*)S)S,0.35876694,uwm_md,train
*NC(=O)c1ccc(cc1)C(=O)NCC(CC(CC*)CC)C,0.34406893,uwm_md,train
*NC(=O)CCCCC(=O)NCCCP(CCC*)CCCCCCCC,0.3656047,uwm_md,train
*NC(=O)CCCCCCCCCCCCCC*,0.37887581,uwm_md,train
*NC(=O)CC(CCCCCC(=O)NCc1c(c(c(c(c1C)C)C*)C)C)C,0.34722767,uwm_md,train
*NC(=O)CCCC(=O)NCc1c(c(c(c(c1C)C)C*)C)C,0.33742347,uwm_md,test
*OC(=O)NNC(=O)CCCCCCCCC(=O)NNC(=O)OCCCCCCCCCC*,0.35290149,uwm_md,train
*NC(=O)CCP(=O)(CCC(=O)NCCCCCC*)C,0.33988654,uwm_md,train
*NC(=O)CCP(=O)(CCC(=O)NCCCCCCCC*)C,0.34556001,uwm_md,train
*NC1CCC(CC1)CC(NC(=O)CCCCC(=O)*)(C)C,0.33902943,uwm_md,train
*NC(=O)CC(c1ccc(cc1)CCC(=O)NCCCCCC*)C,0.35062376,uwm_md,train
*NC(=O)CCC(c1ccc(cc1)C(CCC(=O)NCCCCCC*)(C)C)(C)C,0.34678668,uwm_md,train
*NC(C(=O)*)CCC(=O)OCCCCCCCCCC,0.37124704,uwm_md,train
*Nc1ccc(cc1)C(c1ccc(cc1)NC(=O)c1cc(cc(c1)N1C(=O)C2C(C1=O)C1CCC2C1)C(=O)*)(C)C,0.3598038,uwm_md,test
*Nc1ccc(cc1)Cc1ccc(cc1)NC(=O)c1cc(cc(c1)N1C(=O)C2C(C1=O)C1CCC2C1)C(=O)*,0.36179092,uwm_md,train
*Nc1ccc(cc1)Cc1ccc(cc1)NC(=O)c1cc(cc(c1)N1C(=O)C2C(C1=O)CC=CC2)C(=O)*,0.34814745,uwm_md,test
*Nc1ccc(cc1)C(c1ccc(cc1)NC(=O)c1cc(cc(c1)N1C(=O)C=CC1=O)C(=O)*)(C)C,0.34689977,uwm_md,train
*Nc1ccc(cc1)Cc1ccc(cc1)NC(=O)c1cc(cc(c1)N1C(=O)C=CC1=O)C(=O)*,0.33700736,uwm_md,train
*N1C(CN(C(C1)C)C(=O)CCCCCCCCC(=O)*)C,0.35664394,uwm_md,train
*N1CC(CCCC1)NC(=O)CCCCCCCCC(=O)*,0.34895116,uwm_md,train
*Nc1c(ccc(c1)NC(=O)C(=O)*)C,0.3160157,uwm_md,train
*NC(C(=O)*)CCC(=O)OCc1ccc(cc1)[N+](=O)[O-],0.33486234,uwm_md,train
*Nc1cc(ccc1)NC(=O)c1cc(cc(c1)NC(=O)c1ccccc1)C(=O)*,0.3335926,uwm_md,train
*Nc1ccc(cc1)NC(=O)c1cc(cc(c1)NC(=O)c1ccccc1)C(=O)*,0.33713633,uwm_md,train
*Nc1ccc(cc1)Cc1ccc(cc1)NC(=O)c1cc(cc(c1)NC(=O)c1ccccc1)C(=O)*,0.34866462,uwm_md,train
*Nc1ccc(cc1)C(c1ccc(cc1)NC(=O)c1cc(cc(c1)NC(=O)c1ccccc1)C(=O)*)(C)C,0.35251392,uwm_md,train
*Nc1ccc(cc1)Cc1ccc(cc1)NC(=O)c1cc(cc(c1)N1C(=O)C2C(C1=O)C1C=CC2C1)C(=O)*,0.35689692,uwm_md,train
*Nc1c(cc(cc1)c1cc(c(cc1)NC(=O)c1cc(ccc1)C(=O)*)O)O,0.32620307,uwm_md,train
*NC(=O)C(=O)NCCCC*,0.29824188,uwm_md,train
*OC(=O)NNC(=O)CCCCCCCCC(=O)NNC(=O)OCC*,0.3238941,uwm_md,test
*OC(=O)NNC(=O)CCCCCCCCC(=O)NNC(=O)OCCC*,0.33190974,uwm_md,train
*OC(=O)NNC(=O)CCCCCCCCC(=O)NNC(=O)OCCCC*,0.33104417,uwm_md,train
*OC(=O)NNC(=O)CCCCCCCCC(=O)NNC(=O)OCCCCC*,0.33556239,uwm_md,train
*OC(=O)NNC(=O)CCCCCCCCC(=O)NNC(=O)OCCCCCC*,0.34015211,uwm_md,train
*OC(=O)NNC(=O)CCCCCCCCC(=O)NNC(=O)OCCCCCCCC*,0.34768618,uwm_md,train
*Nc1cc(ccc1)CCc1ccc(cc1)NC(=O)c1cc(ccc1)C(=O)*,0.3513212,uwm_md,test
*Nc1cc(ccc1)C=Cc1ccc(cc1)NC(=O)c1cc(ccc1)C(=O)*,0.35017075,uwm_md,train
*Nc1cc(ccc1)C#Cc1ccc(cc1)NC(=O)c1cc(ccc1)C(=O)*,0.37889334,uwm_md,train
*Nc1cc(ccc1)CCc1ccc(cc1)NC(=O)c1ccc(cc1)C(=O)*,0.35224446,uwm_md,train
*NC(=O)c1ccc(cc1)C(=O)NCC(CCC*)C,0.33451946,uwm_md,train
*Nc1c(cccc1)c1ccc(cc1)NC(=O)c1cc(ccc1)C(=O)*,0.34730716,uwm_md,train
*Nc1c(cccc1)c1ccc(cc1)NC(=O)c1ccc(cc1)C(=O)*,0.34525764,uwm_md,train
*S(=O)(=O)c1ccc(cc1)C(=O)Nc1c(cccc1)c1ccc(cc1)NC(=O)c1ccc(cc1)*,0.35178104,uwm_md,train
*Nc1c(cc(cc1)Br)c1ccc(cc1)NC(=O)c1cc(ccc1)C(=O)*,0.36146384,uwm_md,train
*Nc1c(cc(cc1)Br)c1ccc(cc1)NC(=O)c1ccc(cc1)C(=O)*,0.36239471,uwm_md,train
*S(=O)(=O)c1ccc(cc1)C(=O)Nc1c(cc(cc1)Br)c1ccc(cc1)NC(=O)c1ccc(cc1)*,0.36672831,uwm_md,train
*Nc1cc(cc(c1)C(=O)Oc1ccccc1)NC(=O)c1ccc(cc1)C(=O)*,0.34066113,uwm_md,train
*Nc1cc(cc(c1)C(=O)Oc1ccc(cc1)c1ccccc1)NC(=O)c1ccc(cc1)C(=O)*,0.34236864,uwm_md,train
*Nc1cc(cc(c1)C(=O)Oc1c2c(ccc1)cccc2)NC(=O)c1ccc(cc1)C(=O)*,0.34233379,uwm_md,train
*Nc1cc(cc(c1)C(=O)OC(c1ccccc1)c1ccccc1)NC(=O)c1ccc(cc1)C(=O)*,0.35378729,uwm_md,train
*c1ncc(cc1)C(=O)NNC(=O)c1ccc(cc1)[Si](c1ccc(cc1)C(=O)NNC(=O)*)(c1ccccc1)c1ccccc1,0.37272461,uwm_md,train
*c1cncc(c1)C(=O)NNC(=O)c1ccc(cc1)[Si](c1ccc(cc1)C(=O)NNC(=O)*)(c1ccccc1)c1ccccc1,0.36547823,uwm_md,train
*NNC(=O)c1c2c(c(cc1)C(=O)NNC(=O)c1ccc(cc1)[Si](c1ccc(cc1)C(=O)*)(c1ccccc1)c1ccccc1)cccc2,0.36644642,uwm_md,train
*NC(=O)CC(=O)NCCCC*,0.30389328,uwm_md,train
*NC(=O)CC(=O)NCCCCCC*,0.32199305,uwm_md,train
*NC(=O)CC(=O)NCCCCCCCC*,0.33840091,uwm_md,train
*NC(=O)C(C(C(=O)NCCCC*)OC)OC,0.32364481,uwm_md,train
*NC(=O)C(C(C(=O)NCCCCCC*)OC)OC,0.33568737,uwm_md,train
*NC(=O)C(C(C(=O)NCCCCCCCC*)OC)OC,0.3476494,uwm_md,test
*NC(=O)C(C(C(=O)NCCC*)OC)OC,0.31506853,uwm_md,train
*NC(=O)C(C(C(=O)NCCCCC*)OC)OC,0.3352167,uwm_md,train
*NC(=O)C(C(C(=O)NCCCCCCC*)OC)OC,0.34313577,uwm_md,train
*NC(=O)C(C(C(=O)NCCCCCCCCC*)OC)OC,0.35120821,uwm_md,train
*NC(=O)C(C(C(=O)NCCCCCCCCCCCC*)OC)OC,0.36064464,uwm_md,train
*NC(=O)c1c(cc(cc1)C(=O)NCC*)Sc1ccccc1,0.34276192,uwm_md,train
*NC(=O)c1c(cc(cc1)C(=O)NCCCC*)Sc1ccccc1,0.34744921,uwm_md,train
*NC(=O)c1c(cc(cc1)C(=O)NCCCCCC*)Sc1ccccc1,0.35031486,uwm_md,train
*NC(=O)c1c(cc(cc1)C(=O)NCCCCCCCC*)Sc1ccccc1,0.3581334,uwm_md,train
*NC(=O)c1c(cc(cc1)C(=O)NCCCCCCCCCC*)Sc1ccccc1,0.36364477,uwm_md,train
*NC(=O)c1c(cc(cc1)C(=O)NCCCCCCCCCCCC*)Sc1ccccc1,0.36922015,uwm_md,test
*NC(=O)c1c(cc(cc1)C(=O)NCCCCCC*)Oc1ccc(cc1)F,0.34608545,uwm_md,test
*NC(=O)c1c(cc(cc1)C(=O)NCCCCCC*)Oc1ccc(cc1)Cl,0.35121745,uwm_md,train
*NC(=O)c1c(cc(cc1)C(=O)NCCCCCC*)Oc1ccc(cc1)Br,0.35980816,uwm_md,test
*c1n(cnc1C(=O)NCCCCCCNC(=O)*)C,0.33524849,uwm_md,train
*c1n(cnc1C(=O)NCC(CNC(=O)*)(C)C)C,0.33746625,uwm_md,train
*c1n(cnc1C(=O)NCCNC(=O)*)C,0.30881015,uwm_md,test
*Nc1cc(ccc1)NC(=O)c1cc(cc(c1)NC(=O)c1ccncc1)C(=O)*,0.32910892,uwm_md,train
*Nc1ccc(cc1)NC(=O)c1cc(cc(c1)NC(=O)c1ccncc1)C(=O)*,0.33138478,uwm_md,train
*Nc1ccc(cc1)c1ccc(cc1)NC(=O)c1cc(cc(c1)NC(=O)c1ccncc1)C(=O)*,0.33973104,uwm_md,train
*Nc1ccc(cc1)Cc1ccc(cc1)NC(=O)c1cc(cc(c1)NC(=O)c1ccncc1)C(=O)*,0.34502809,uwm_md,test
*Nc1ccc(cc1)NC(=O)Cc1c(cc(c(c1)C)CC(=O)*)C,0.3373035,uwm_md,train
*Nc1cc(ccc1)NC(=O)Cc1c(cc(c(c1)C)CC(=O)*)C,0.3367393,uwm_md,train
*Nc1ccc(cc1)c1ccc(cc1)NC(=O)Cc1c(cc(c(c1)C)CC(=O)*)C,0.34598025,uwm_md,train
*Nc1ccc(cc1)NC(=O)Cc1c(cc(c(c1)CC(=O)*)C)C,0.33730529,uwm_md,train
*Nc1cc(ccc1)NC(=O)Cc1c(cc(c(c1)CC(=O)*)C)C,0.33294467,uwm_md,train
*Nc1ccc(cc1)c1ccc(cc1)NC(=O)Cc1c(cc(c(c1)CC(=O)*)C)C,0.33947658,uwm_md,train
*NC(=C(NC(=O)c1ccc(cc1)C(=O)*)C#N)C#N,0.34231811,uwm_md,test
*Nc1c(cc(c(c1)[N+](=O)[O-])NC(=O)CCCCCCCCCCCCC(=O)*)C=Cc1ccc(cc1)N(C)C,0.35550969,uwm_md,train
*Nc1c(cc(c(c1)[N+](=O)[O-])NC(=O)CCCCCCCCCCC(=O)*)C=Cc1ccc(cc1)N(C)C,0.35455776,uwm_md,test
*Nc1c(cc(c(c1)[N+](=O)[O-])NC(=O)CCCCCCCCC(=O)*)C=Cc1ccc(cc1)N(C)C,0.35183378,uwm_md,train
*Nc1c(cc(c(c1)[N+](=O)[O-])NC(=O)CCCCCCC(=O)*)C=Cc1ccc(cc1)N(C)C,0.34625185,uwm_md,train
*Nc1c(cc(c(c1)[N+](=O)[O-])NC(=O)CCCCC(=O)*)C=Cc1ccc(cc1)N(C)C,0.34629729,uwm_md,train
*NC(C(=O)*)CCC(=O)OCc1ccc(cc1)F,0.32718673,uwm_md,train
*NC(C(=O)*)CCC(=O)OCc1ccc(cc1)C(F)(F)F,0.32727613,uwm_md,train
*N=Nc1ccc(cc1)C(=O)NCCCCNC(=O)c1ccc(cc1)*,0.34984295,uwm_md,train
*Nc1ccc(cc1)NC(=O)c1c(ccc(c1)C(=O)c1cc(c(cc1)C(=O)O)C(=O)*)C(=O)O,0.31519377,uwm_md,train
*Nc1ccc(cc1)NC(=O)c1c(ccc(c1)c1cc(c(cc1)C(=O)O)C(=O)*)C(=O)O,0.31148404,uwm_md,train
*Nc1ccc(cc1)NC(=O)c1c(cc(c(c1)C(=O)*)C(=O)O)C(=O)O,0.29592785,uwm_md,test
*Nc1cc(cc(c1)C(=O)OC1C(CCC(C1)C)C(C)C)NC(=O)c1cc(cc(c1)OCCN(c1ccc(cc1)[N+](=O)[O-])C)C(=O)*,0.35015329,uwm_md,train
*Nc1cc(cc(c1)C(=O)OC)NC(=O)c1cc(cc(c1)OCCN(c1ccc(cc1)[N+](=O)[O-])C)C(=O)*,0.33483978,uwm_md,train
*Nc1ccc(cc1)C1(c2ccccc2c2ccccc12)c1ccc(cc1)NC(=O)c1c(cc(cc1)c1cc(c(cc1)C(=O)*)C)C,0.38008517,uwm_md,train
*Nc1ccc(cc1)C(c1ccc(cc1)NC(=O)c1c(cc(cc1)c1cc(c(cc1)C(=O)*)C)C)(C(F)(F)F)C(F)(F)F,0.36225344,uwm_md,train
*S(=O)(=O)c1cc(ccc1)NC(=O)c1c(cc(cc1)c1cc(c(cc1)C(=O)Nc1cc(ccc1)*)C)C,0.3574533,uwm_md,train
*Nc1ccc(cc1)c1c(cc(cc1c1ccccc1)c1ccc(cc1)c1cc(c(c(c1)c1ccccc1)c1ccc(cc1)NC(=O)c1ccc(cc1)C(=O)*)c1ccccc1)c1ccccc1,0.38336728,uwm_md,train
*Nc1ccc(cc1)c1c(cc(cc1c1ccc(cc1)c1ccccc1)c1ccc(cc1)c1cc(c(c(c1)c1ccc(cc1)c1ccccc1)c1ccc(cc1)NC(=O)c1ccc(cc1)C(=O)*)c1ccc(cc1)c1ccccc1)c1ccc(cc1)c1ccccc1,0.37232804,uwm_md,train
*c1nc2c(nc1c1ccc(cc1)C(=O)NCCCCCCNC(=O)c1ccc(cc1)*)cccc2,0.36004959,uwm_md,train
*c1nc2c(nc1c1ccc(cc1)C(=O)NCCCCCCCCNC(=O)c1ccc(cc1)*)cccc2,0.36159736,uwm_md,train
*c1nc2c(nc1c1ccc(cc1)C(=O)NCCCCCCCCCCNC(=O)c1ccc(cc1)*)cccc2,0.36538567,uwm_md,train
*c1nc2c(nc1c1ccc(cc1)C(=O)NCCCCCCCCCCCCNC(=O)c1ccc(cc1)*)cccc2,0.36749027,uwm_md,test
*Nc1c(cc(cc1)NC(=O)c1ccc(cc1)NC(=O)CCCCCCCCC(=O)Nc1ccc(cc1)C(=O)*)C(=O)OCCCCCCCCCCCC,0.35205318,uwm_md,train
*Nc1c(cc(cc1)NC(=O)c1ccc(cc1)NC(=O)CCCCCCCCCCC(=O)Nc1ccc(cc1)C(=O)*)C(=O)OCCCCCCCCCCCC,0.35299755,uwm_md,test
*Nc1c(cc(cc1)NC(=O)c1ccc(cc1)NC(=O)CCCCCCCCCCCCC(=O)Nc1ccc(cc1)C(=O)*)C(=O)OCCCCCCCCCCCC,0.35882755,uwm_md,train
*Nc1c(cc(cc1)NC(=O)c1ccc(cc1)NC(=O)CCCCCCCCC(=O)Nc1ccc(cc1)C(=O)*)C(=O)OCCCCCCCCCCCCCC,0.35650224,uwm_md,train
*Nc1c(cc(cc1)NC(=O)c1ccc(cc1)NC(=O)CCCCCCCCCCC(=O)Nc1ccc(cc1)C(=O)*)C(=O)OCCCCCCCCCCCCCC,0.35634052,uwm_md,test
*Nc1c(cc(cc1)NC(=O)c1ccc(cc1)NC(=O)CCCCCCCCCCCCC(=O)Nc1ccc(cc1)C(=O)*)C(=O)OCCCCCCCCCCCCCC,0.3595526,uwm_md,train
*Nc1c(cc(cc1)NC(=O)c1ccc(cc1)NC(=O)CCCCCCCCC(=O)Nc1ccc(cc1)C(=O)*)C(=O)OCCCCCCCCCCCCCCCC,0.357945,uwm_md,train
*Nc1c(cc(cc1)NC(=O)c1ccc(cc1)NC(=O)CCCCCCCCCCCCC(=O)Nc1ccc(cc1)C(=O)*)C(=O)OCCCCCCCCCCCCCCCC,0.36201115,uwm_md,train
*Nc1c(cc(cc1)NC(=O)c1ccc(cc1)NC(=O)CCCCCCC(=O)Nc1ccc(cc1)C(=O)*)C(=O)OCCCCCCCCCCCCCCCCCC,0.35844067,uwm_md,train
*Nc1c(cc(cc1)NC(=O)c1ccc(cc1)NC(=O)CCCCCCCCC(=O)Nc1ccc(cc1)C(=O)*)C(=O)OCCCCCCCCCCCCCCCCCC,0.36094499,uwm_md,train
*Nc1c(cc(cc1)NC(=O)c1ccc(cc1)NC(=O)CCCCCCCCCCC(=O)Nc1ccc(cc1)C(=O)*)C(=O)OCCCCCCCCCCCCCCCCCC,0.36305702,uwm_md,train
*Nc1c(cc(cc1)NC(=O)c1ccc(cc1)NC(=O)CCCCCCCCCCCCC(=O)Nc1ccc(cc1)C(=O)*)C(=O)OCCCCCCCCCCCCCCCCCC,0.36659861,uwm_md,test
*Nc1ccc(cc1)NC(=O)c1c(cc(c(c1)C(=O)*)C(=O)OCC)C(=O)OCC,0.33893458,uwm_md,test
*c1c2c(c(=O)n(n1)c1ccc(cc1)S(=O)(=O)c1ccc(cc1)*)cccc2,0.39580433,uwm_md,train
*N(C(=O)C(C(C(C(=O)N(CCCCCC*)CC(C(F)(F)F)(F)F)(F)F)(F)F)(F)F)CC(C(F)(F)F)(F)F,0.33260446,uwm_md,train
*N(C(=O)C(C(C(C(C(=O)N(CCCCCC*)CC(C(F)(F)F)(F)F)(F)F)(F)F)(F)F)(F)F)CC(C(F)(F)F)(F)F,0.33102861,uwm_md,train
*N(C(=O)C(C(C(C(=O)N(CCCCCC*)CC(C(C(C(C(C(C(F)(F)F)(F)F)(F)F)(F)F)(F)F)(F)F)(F)F)(F)F)(F)F)(F)F)CC(C(C(C(C(C(C(F)(F)F)(F)F)(F)F)(F)F)(F)F)(F)F)(F)F,0.32766144,uwm_md,train
*S(=O)(=O)c1ccc(cc1)NC(=O)c1cc(ccc1)C(=O)Nc1ccc(cc1)*,0.34764197,uwm_md,train
*Nc1ccc(cc1)NC(=O)c1c(ccc(c1)c1cc(c(cc1)C(=O)OCC)C(=O)*)C(=O)OCC,0.34355176,uwm_md,train
*Nc1ccc(cc1)NC(=O)c1c(ccc(c1)c1cc(c(cc1)C(=O)OC)C(=O)*)C(=O)OC,0.33582892,uwm_md,train
*NC(C(=O)*)CCC(=O)Nc1ccc(cc1)N(c1ccccc1)c1ccccc1,0.36156406,uwm_md,train
*Nc1cc(cc(c1)C(=O)OCCCN(c1ccc(cc1)N=Nc1ccc(cc1)S(=O)(=O)C)C)NC(=O)c1cc(cc(c1)OCCCS(=O)(=O)c1ccc(cc1)N=Nc1ccc(cc1)N(C)C)C(=O)*,0.36246198,uwm_md,test
*Nc1cc(cc(c1)C(=O)OCCCN(c1ccc(cc1)N=Nc1ccc(cc1)S(=O)(=O)C)C)NC(=O)c1cc(cc(c1)OCCCN(c1ccc(cc1)N=Nc1ccc(cc1)S(=O)(=O)C)C)C(=O)*,0.3639981,uwm_md,train
*Nc1ccc(cc1)NC(=O)c1ccc(cc1)NC(=O)c1ccc(cc1)[Si](c1ccc(cc1)C(=O)Nc1ccc(cc1)C(=O)*)(C)C,0.35485235,uwm_md,train
*Nc1cc(ccc1)NC(=O)c1ccc(cc1)NC(=O)c1ccc(cc1)[Si](c1ccc(cc1)C(=O)Nc1ccc(cc1)C(=O)*)(C)C,0.35733019,uwm_md,train
*Nc1ccc(cc1)c1ccc(cc1)NC(=O)c1ccc(cc1)NC(=O)c1ccc(cc1)[Si](c1ccc(cc1)C(=O)Nc1ccc(cc1)C(=O)*)(C)C,0.36036817,uwm_md,train
*Nc1ccc(cc1)C(=O)Nc1ccc(cc1)Cc1ccc(cc1)NC(=O)c1ccc(cc1)NC(=O)c1ccc(cc1)[Si](c1ccc(cc1)C(=O)*)(C)C,0.35830263,uwm_md,test
*S(=O)(=O)c1ccc(cc1)NC(=O)c1ccc(cc1)NC(=O)c1ccc(cc1)[Si](c1ccc(cc1)C(=O)Nc1ccc(cc1)C(=O)Nc1ccc(cc1)*)(C)C,0.3556199,uwm_md,test
*Nc1c2c(ccc1)c(ccc2)NC(=O)c1ccc(cc1)NC(=O)c1ccc(cc1)[Si](c1ccc(cc1)C(=O)Nc1ccc(cc1)C(=O)*)(C)C,0.3612299,uwm_md,train
*N(c1ccc(cc1)/C=C/c1ccc(cc1)/C=C(/C(=O)NC1C(CCCC1)NC(=O)/C(=C/c1ccc(cc1)/C=C/c1ccc(cc1)N(Cc1c(cccc1)C*)CC)/C#N)\C#N)CC,0.37544351,uwm_md,train
*N(c1ccc(cc1)N(c1ccc(cc1)/C=C(/C(=O)NC1C(CCCC1)NC(=O)/C(=C/c1ccc(cc1)*)/C#N)\C#N)c1ccccc1)c1ccccc1,0.39541341,uwm_md,train
*N(c1ccc(cc1)/C=C(/C(=O)Nc1cc(ccc1)NC(=O)/C(=C/c1ccc(cc1)N(Cc1c(cccc1)C*)CC)/C#N)\C#N)CC,0.36570128,uwm_md,train
*NNC(=O)c1c(cc(cc1)C(=O)*)OCC,0.33579349,uwm_md,train
*NNC(=O)c1c(cc(cc1)C(=O)*)OCCCCC,0.34962843,uwm_md,test
*NNC(=O)c1c(cc(cc1)C(=O)*)OCCCCCCCC,0.3601387,uwm_md,train
*NNC(=O)c1c(cc(cc1)C(=O)*)OCCCCCCCCCC,0.36401661,uwm_md,train
*Nc1ccc(cc1)NC(=O)c1c(cc(cc1)C(c1cc(c(cc1)C(=O)*)C(=O)OCC)(C(F)(F)F)C(F)(F)F)C(=O)OCC,0.34977204,uwm_md,train
*Nc1ccc(cc1)NC(=O)c1c(cc(cc1)C(=O)c1cc(c(cc1)C(=O)*)C(=O)OCC)C(=O)OCC,0.34534308,uwm_md,train
*N(CCNC(=O)c1ccc(cc1)[Si](c1ccc(cc1)C(=O)NCC*)(C)C)c1ccc(cc1)/C=C/c1ccc(cc1)[N+](=O)[O-],0.35386775,uwm_md,train
*N(CCNC(=O)c1ccc(cc1)[Si](c1ccc(cc1)C(=O)NCC*)(CCCC)CCCC)c1ccc(cc1)/C=C/c1ccc(cc1)[N+](=O)[O-],0.35921769,uwm_md,train
*N(CCNC(=O)c1ccc(cc1)[Si](c1ccc(cc1)C(=O)NCC*)(c1ccccc1)c1ccccc1)c1ccc(cc1)/C=C/c1ccc(cc1)[N+](=O)[O-],0.35889095,uwm_md,train
*NC(=O)CCCCCCCCCCCCCCC(=O)NCCCCCC*,0.37018411,uwm_md,train
*NC(=O)CCCCCCCCCCCCCCC(=O)NCCCCCCCC*,0.37055224,uwm_md,train
*NC(=O)CCCCCCCCCCCCCCC(=O)NCCCCCCCCCC*,0.37489895,uwm_md,train
*NC(=O)CCCCCCCCCCCCCCC(=O)NCCCCCCCCCCCC*,0.37814224,uwm_md,test
*NC(=O)CCCCCCCCCCCCC(=O)NCCCCCCCCCCCC*,0.37944839,uwm_md,test
*Nc1ccc(cc1)C1(c2ccccc2c2ccccc12)c1ccc(cc1)NC(=O)c1ccc(cc1)C(=O)*,0.37325981,uwm_md,train
*Nc1ccc(cc1)C1(c2ccccc2c2ccccc12)c1ccc(cc1)NC(=O)c1cc(ccc1)C(=O)*,0.37583155,uwm_md,train
*Nc1ccc(cc1)C1(c2ccccc2c2ccccc12)c1ccc(cc1)NC(=O)c1cc(cc(c1)C(C)(C)C)C(=O)*,0.38327124,uwm_md,train
*Oc1ccc(cc1)CC(NC(=O)CCc1ccc(cc1)OC(=O)*)C(=O)OCCCCCC,0.35216726,uwm_md,train
*Oc1ccc(cc1)CC(NC(=O)CCc1ccc(cc1)OC(=O)*)C(=O)OCCCC,0.34652373,uwm_md,train
*Oc1ccc(cc1)CC(NC(=O)CCc1ccc(cc1)OC(=O)*)C(=O)OCC,0.34116188,uwm_md,test
*Nc1ccc(cc1)Cc1ccc(cc1)NC(=O)c1cc(cc(c1)NC(=O)CCN1C(=O)c2c(C1=O)cccc2)C(=O)*,0.33946762,uwm_md,train
*Nc1ccc(cc1)Cc1ccc(cc1)NC(=O)c1cc(cc(c1)NC(=O)CCCN1C(=O)c2c(C1=O)cccc2)C(=O)*,0.33667621,uwm_md,train
*Nc1ccc(cc1)C(c1ccc(cc1)NC(=O)c1cc(cc(c1)NC(=O)CCCN1C(=O)c2c(C1=O)cccc2)C(=O)*)(C(F)(F)F)C(F)(F)F,0.33372764,uwm_md,train
*Nc1ccc(cc1)Cc1ccc(cc1)NC(=O)c1cc(cc(c1)NC(=O)CCCCCN1C(=O)c2c(C1=O)cccc2)C(=O)*,0.33693236,uwm_md,test
*Nc1ccc(cc1)C(c1ccc(cc1)NC(=O)c1cc(cc(c1)NC(=O)CCCCCN1C(=O)c2c(C1=O)cccc2)C(=O)*)(C(F)(F)F)C(F)(F)F,0.33696818,uwm_md,train
*Nc1ccc(cc1)Cc1ccc(cc1)NC(=O)c1cc(cc(c1)NC(=O)CCCCCCCCCCN1C(=O)c2c(C1=O)cccc2)C(=O)*,0.34759943,uwm_md,train
*Nc1ccc(cc1)C(c1ccc(cc1)NC(=O)c1ccc(cc1)C(=O)*)(C(F)(F)F)C(F)(F)F,0.35699838,uwm_md,test
*Nc1ccc(cc1)C(c1ccc(cc1)NC(=O)c1cc(ccc1)C(=O)*)(C(F)(F)F)C(F)(F)F,0.3504904,uwm_md,test
*Nc1ccc(cc1)C(c1ccc(cc1)NC(=O)c1cc(cc(c1)C(C)(C)C)C(=O)*)(C(F)(F)F)C(F)(F)F,0.3682145,uwm_md,train
*Nc1ccc(cc1)C(=O)c1ccc(cc1)NC(=O)c1ccc(cc1)C(=O)*,0.34522858,uwm_md,test
*Nc1ccc(cc1)C(=O)c1ccc(cc1)NC(=O)c1cc(ccc1)C(=O)*,0.34499015,uwm_md,train
*Nc1ccc(cc1)C(=O)c1ccc(cc1)NC(=O)c1cc(cc(c1)C(C)(C)C)C(=O)*,0.36605303,uwm_md,train
*Nc1ccc(cc1)C(c1ccc(cc1)NC(=O)c1cc(ccc1)C(=O)*)(P1(=O)c2ccccc2c2ccccc2O1)P1(=O)c2ccccc2c2ccccc2O1,0.36614746,uwm_md,train
*Nc1ccc(cc1)C(c1ccc(cc1)NC(=O)c1ccc(cc1)C(=O)*)(P1(=O)c2ccccc2c2ccccc2O1)P1(=O)c2ccccc2c2ccccc2O1,0.36326495,uwm_md,train
*Nc1ccc(cc1)C(c1ccc(cc1)NC(=O)c1ccc(cc1)C(c1ccc(cc1)C(=O)*)(C(F)(F)F)C(F)(F)F)(P1(=O)c2ccccc2c2ccccc2O1)P1(=O)c2ccccc2c2ccccc2O1,0.36717844,uwm_md,train
*Nc1ccc(cc1)C(c1ccc(cc1)NC(=O)c1cc(cc(c1)C(C)(C)C)C(=O)*)(P1(=O)c2ccccc2c2ccccc2O1)P1(=O)c2ccccc2c2ccccc2O1,0.37321457,uwm_md,train
*Nc1ccc(cc1)C(c1ccc(cc1)NC(=O)c1ccc(cc1)c1ccc(cc1)C(=O)*)(P1(=O)c2ccccc2c2ccccc2O1)P1(=O)c2ccccc2c2ccccc2O1,0.36288949,uwm_md,train
*Nc1ccc(cc1)C(c1ccc(cc1)NC(=O)c1cc2c(cc1)cc(cc2)C(=O)*)(P1(=O)c2ccccc2c2ccccc2O1)P1(=O)c2ccccc2c2ccccc2O1,0.36261641,uwm_md,train
*NC(=O)CCCCCCCCCCCCCCCCCCC(=O)NCCCCCCCCCCC*,0.38269266,uwm_md,train
*NC(=O)CCCCCCCCCCCCCCCCCCC(=O)NCCCCCCCCC*,0.3795304,uwm_md,train
*NC(=O)CCCCCCCCCCCCCCCCCCC(=O)NCCCCCCC*,0.38015472,uwm_md,train
*NC(=O)CCCCCCCCCCCCCCCCCCC(=O)NCCCCC*,0.37324005,uwm_md,train
*Nc1c(cc(cc1)c1cc(c(cc1)NC(=O)c1cc(ccc1)C(=O)*)OC)OC,0.34285391,uwm_md,test
*Nc1ccc(cc1)NC(=O)c1c(cc(cc1)C(=O)c1cc(c(cc1)C(=O)*)C(=O)O)C(=O)O,0.31794387,uwm_md,train
*NC(=O)c1c(cc(cc1)C(=O)NCC*)Oc1ccccc1,0.33491871,uwm_md,train
*NC(=O)c1c(cc(cc1)C(=O)NCCCC*)Oc1ccccc1,0.33751561,uwm_md,train
*NC(=O)c1c(cc(cc1)C(=O)NCCCCCC*)Oc1ccccc1,0.34618661,uwm_md,train
*NC(=O)c1c(cc(cc1)C(=O)NCCCCCCCC*)Oc1ccccc1,0.35113383,uwm_md,train
*NC(=O)c1c(cc(cc1)C(=O)NCCCCCCCCCC*)Oc1ccccc1,0.36034333,uwm_md,train
*NC(=O)c1c(cc(cc1)C(=O)NCCCCCCCCCCCC*)Oc1ccccc1,0.36294756,uwm_md,test
*NC(=O)c1c(cc(cc1)C(=O)NCCCCCC*)Oc1ccc(cc1)c1ccccc1,0.35011454,uwm_md,train
*Nc1cc(cc(c1)C(=O)OCCOc1ccc(cc1)C=CC(=O)c1ccccc1)NC(=O)c1cc(ccc1)C(=O)*,0.34041504,uwm_md,train
*Nc1cc(cc(c1)C(=O)OCCOc1ccc(cc1)C=CC(=O)c1ccccc1)NC(=O)c1ccc(cc1)C(=O)*,0.33943135,uwm_md,train
*Nc1cc(cc(c1)C(=O)OCCOc1ccc(cc1)C=CC(=O)c1ccccc1)NC(=O)c1ccc(cc1)c1ccc(cc1)C(=O)*,0.34446761,uwm_md,train
*Nc1cc(cc(c1)C(=O)OCCOc1ccc(cc1)C=CC(=O)c1ccccc1)NC(=O)c1cc2c(cc1)cc(cc2)C(=O)*,0.34387133,uwm_md,train
*Nc1cc(cc(c1)C(=O)OCCOC(=O)C=Cc1ccc(cc1)N(C)C)NC(=O)c1cc(ccc1)C(=O)*,0.34211001,uwm_md,train
*Nc1cc(cc(c1)C(=O)OCCOC(=O)C=Cc1ccc(cc1)N(C)C)NC(=O)c1ccc(cc1)C(=O)*,0.34026095,uwm_md,train
*NC(=O)CCCCCCCCCCC(=O)NCCCCCCCCCCC*,0.37340882,uwm_md,train
*N(C(=O)CCC(=O)N(CCCCCC*)C)C,0.34567408,uwm_md,test
*N(C(=O)CCCC(=O)N(CCCCCC*)C)C,0.35107943,uwm_md,train
*C1(CCN(CC1)C(=O)CCC(=O)N1CCC(CC1)(CCC*)C)C,0.34856982,uwm_md,train
*C1(CCN(CC1)C(=O)CCCC(=O)N1CCC(CC1)(CCC*)C)C,0.3501927,uwm_md,train
*NC(=O)C(CC(C(=O)NCCCCCC*)CC)CC,0.35751221,uwm_md,test
*Nc1ccc(cc1)c1ccc(cc1)NC(=O)c1cc(cc(c1)NC(=O)c1ccc(cc1)NC(=O)C(N1C(=O)c2c(C1=O)cccc2)C)C(=O)*,0.33619542,uwm_md,train
*Nc1ccc(cc1)Cc1ccc(cc1)NC(=O)c1cc(cc(c1)NC(=O)C(C(CC)C)N1C(=O)c2c(C1=O)cccc2)C(=O)*,0.35394467,uwm_md,train
*Nc1c(ccc(c1)NC(=O)c1cc(cc(c1)NC(=O)C(C(CC)C)N1C(=O)c2c(C1=O)cccc2)C(=O)*)C,0.34847575,uwm_md,train
*NC1CC(CC(C1)(CNC(=O)c1cc(cc(c1)NC(=O)C(C(CC)C)N1C(=O)c2c(C1=O)cccc2)C(=O)*)C)(C)C,0.34594928,uwm_md,train
*NC(=O)c1cc(cc(c1)NC(=O)C(C(CC)C)N1C(=O)c2c(C1=O)cccc2)C(=O)NCCCCCC*,0.33948967,uwm_md,train
*S(=O)(=O)NCCCCCCNC(=O)C(*)(F)F,0.33449777,uwm_md,train
*O[Si](CCCNC(=O)C(=O)NCCC[Si](*)(C)C)(C)C,0.38708542,uwm_md,train
*c1ccc2c(nc([nH]2)c2ccc(cc2)C(=O)Nc2cc(ccc2)NC(=O)*)c1,0.35660397,uwm_md,test
*c1ccc2c(nc([nH]2)c2ccc(cc2)C(=O)Nc2ccc(cc2)C(=O)Nc2ccc(cc2)NC(=O)*)c1,0.355364,uwm_md,train
*c1ccc2c(nc([nH]2)c2ccc(cc2)C(=O)Nc2cc(ccc2)C(=O)Nc2cc(ccc2)NC(=O)*)c1,0.35742387,uwm_md,train
*c1ccc2c(nc([nH]2)c2ccc(cc2)c2nc3c([nH]2)ccc(c3)C(=O)Nc2cc(ccc2)NC(=O)*)c1,0.37664927,uwm_md,test
*c1ccc2c(nc([nH]2)c2ccc(cc2)c2nc3c([nH]2)ccc(c3)C(=O)Nc2ccc(cc2)NC(=O)c2ccc(cc2)NC(=O)*)c1,0.37298287,uwm_md,train
*c1ccc2c(nc([nH]2)c2ccc(cc2)c2nc3c([nH]2)ccc(c3)C(=O)Nc2cc(ccc2)NC(=O)c2cc(ccc2)NC(=O)*)c1,0.36448737,uwm_md,train
*c1ccc2c(nc([nH]2)c2cc(ccc2)c2nc3c([nH]2)ccc(c3)C(=O)Nc2cc(ccc2)NC(=O)*)c1,0.37766539,uwm_md,test
*c1ccc2c(nc([nH]2)c2cc(ccc2)c2nc3c([nH]2)ccc(c3)C(=O)Nc2ccc(cc2)NC(=O)c2ccc(cc2)NC(=O)*)c1,0.3655908,uwm_md,train
*c1ccc2c(nc([nH]2)c2cc(ccc2)c2nc3c([nH]2)ccc(c3)C(=O)Nc2cc(ccc2)NC(=O)c2cc(ccc2)NC(=O)*)c1,0.36420228,uwm_md,train
*Nc1c2c(ccc1)c(ccc2)NC(=O)c1cc(cc(c1)NC(=O)C(CCSC)N1C(=O)c2c(C1=O)cccc2)C(=O)*,0.34651154,uwm_md,train
*Nc1cc(ccc1)NC(=O)c1cc(cc(c1)NC(=O)C(CCSC)N1C(=O)c2c(C1=O)cccc2)C(=O)*,0.33770588,uwm_md,train
*Nc1ccc(cc1)Cc1ccc(cc1)NC(=O)c1ccc(cc1)P(=O)(c1ccc(cc1)C(=O)*)c1ccccc1,0.36719294,uwm_md,train
*Nc1ccc(cc1)Cc1ccc(cc1)NC(=O)c1cc(cc(c1)NC(=O)c1ccc(cc1)NC(=O)C(CC(C)C)N1C(=O)c2c(C1=O)cccc2)C(=O)*,0.34741181,uwm_md,train
*NC(=O)c1cc(cc(c1)NC(=O)c1ccc(cc1)NC(=O)C(CC(C)C)N1C(=O)c2c(C1=O)cccc2)C(=O)NCCCCCC*,0.33657316,uwm_md,train
*c1ccc2c(nc([nH]2)c2cc(cc(c2)N2C(=O)c3c(C2=O)cccc3)c2nc3c([nH]2)ccc(c3)C(=O)Nc2cc(ccc2)NC(=O)*)c1,0.36836215,uwm_md,train
*c1ccc2c(nc([nH]2)c2cc(cc(c2)N2C(=O)c3c(C2=O)cccc3)c2nc3c([nH]2)ccc(c3)C(=O)Nc2nc(ccc2)NC(=O)*)c1,0.36599842,uwm_md,train
*c1ccc2c(nc([nH]2)c2cc(cc(c2)N2C(=O)c3c(C2=O)cccc3)c2nc3c([nH]2)ccc(c3)C(=O)Nc2ccc(cc2)NC(=O)*)c1,0.3726693,uwm_md,test
*c1ccc2c(nc([nH]2)c2cc(cc(c2)N2C(=O)c3c(C2=O)cccc3)c2nc3c([nH]2)ccc(c3)C(=O)Nc2ccc(cc2)S(=O)(=O)c2ccc(cc2)NC(=O)*)c1,0.37434137,uwm_md,train
*c1ccc2c(nc([nH]2)c2cc(cc(c2)N2C(=O)c3c(C2=O)cccc3)c2nc3c([nH]2)ccc(c3)C(=O)Nc2cc(cc(c2)c2nc3c([nH]2)cccc3)NC(=O)*)c1,0.37637691,uwm_md,train
*c1ccc2c(nc([nH]2)c2cc(ccc2)c2nc3c([nH]2)ccc(c3)C(=O)Nc2nc(ccc2)NC(=O)*)c1,0.36871452,uwm_md,train
*c1ccc2c(nc([nH]2)c2cc(ccc2)c2nc3c([nH]2)ccc(c3)C(=O)Nc2ccc(cc2)S(=O)(=O)c2ccc(cc2)NC(=O)*)c1,0.37607565,uwm_md,train
*Nc1cc(ccc1)NC(=O)c1cc(cc(c1)NC(=O)C12CC3CC(CC(C1)C3)C2)C(=O)*,0.3518154,uwm_md,train
*Nc1ccc(cc1)C(c1ccc(cc1)NC(=O)c1cc(cc(c1)NC(=O)C12CC3CC(CC(C1)C3)C2)C(=O)*)(C(F)(F)F)C(F)(F)F,0.35504782,uwm_md,test
*Nc1ccc(cc1)NC(=O)c1ccc(cc1)NC(=O)c1cc(cc(c1)NC(=O)C12CC3CC(CC(C1)C3)C2)C(=O)*,0.35065916,uwm_md,train
*Nc1ccc(cc1)C1(c2ccccc2c2ccccc12)c1ccc(cc1)NC(=O)c1cc(cc(c1)NC(=O)C12CC3CC(CC(C1)C3)C2)C(=O)*,0.37622142,uwm_md,train
*N(c1ccc(cc1)C(=O)*)C,0.37772289,uwm_md,train
*N(c1ccc(cc1)C(=O)*)CCC,0.39207045,uwm_md,train
*N(c1ccc(cc1)C(=O)*)CCCC,0.39191799,uwm_md,test
*N(c1ccc(cc1)C(=O)*)CCCCC,0.38487639,uwm_md,test
*N(c1ccc(cc1)C(=O)*)CCCCCCC,0.39237717,uwm_md,train
*N(c1ccc(cc1)C(=O)*)CCCCCCCC,0.40101187,uwm_md,train
*Nc1cc(cc(c1)C(=O)Oc1ccc(cc1)Oc1cc(c(cc1)C#N)C#N)NC(=O)c1cc(ccc1)C(=O)*,0.34874023,uwm_md,train
*Nc1cc(cc(c1)c1oc(nn1)c1ncccc1)NC(=O)c1c(cccc1)C(=O)*,0.37065155,uwm_md,train
*Nc1cc(cc(c1)c1oc(nn1)c1ncccc1)NC(=O)c1cc(ccc1)C(=O)*,0.38233539,uwm_md,train
*Nc1cc(cc(c1)c1oc(nn1)c1ncccc1)NC(=O)c1ccc(cc1)C(=O)*,0.37590991,uwm_md,train
*c1nc(ccc1)C(=O)Nc1cc(cc(c1)c1oc(nn1)c1ncccc1)NC(=O)*,0.38275614,uwm_md,test
*Nc1cc(cc(c1)c1oc(nn1)c1ncccc1)NC(=O)CCCCC(=O)*,0.35404898,uwm_md,train
*Nc1cc(cc(c1)c1oc(nn1)c1ncccc1)NC(=O)CCCCCCCCC(=O)*,0.36358328,uwm_md,train
*c1cncc(c1)C(=O)Nc1cc(cc(c1)c1oc(nn1)c1ncccc1)NC(=O)*,0.36789463,uwm_md,train
*Nc1cc(cc(c1)c1oc(nn1)c1ncccc1)NC(=O)c1ccc(cc1)c1ccc(cc1)C(=O)*,0.37471715,uwm_md,train
*NNC(=O)C=CC(=O)NCCCCCCNC(=O)C=CC(=O)*,0.30930644,uwm_md,train
*NNC(=O)C=CC(=O)Nc1cc(ccc1)C=C1C(=O)C(=Cc2cc(ccc2)NC(=O)C=CC(=O)*)CC1,0.3318831,uwm_md,train
*NNC(=O)C=CC(=O)Nc1cc(ccc1)C=C1C(=O)C(=Cc2cc(ccc2)NC(=O)C=CC(=O)*)CCC1,0.3376016,uwm_md,train
*NNC(=O)c1c(cccc1)C(=O)NCCCCCCNC(=O)c1c(cccc1)C(=O)*,0.33644066,uwm_md,train
*NNC(=O)c1c(cccc1)C(=O)Nc1cc(ccc1)C=C1C(=O)C(=Cc2cc(ccc2)NC(=O)c2c(cccc2)C(=O)*)CC1,0.3556635,uwm_md,test
*NNC(=O)c1c(cccc1)C(=O)Nc1cc(ccc1)C=C1C(=O)C(=Cc2cc(ccc2)NC(=O)c2c(cccc2)C(=O)*)CCC1,0.35281266,uwm_md,train
*NC(=O)CCCCCCCC1C=CC(C(C1CCCCCCCC(=O)NCCCCCC*)CCCCCCCC)CCCCCC,0.38088319,uwm_md,train
*NNC(=O)c1cc(cc(c1)NC(=O)c1cc2c(C(=O)N(C2=O)c2ncc(cc2)C)cc1)C(=O)NNC(=O)c1ccc(cc1)C(=O)*,0.33692653,uwm_md,train
*NNC(=O)c1cc(cc(c1)NC(=O)c1cc2c(C(=O)N(C2=O)c2ncc(cc2)C)cc1)C(=O)NNC(=O)CCCC(=O)*,0.33325517,uwm_md,train
*NNC(=O)c1cc(cc(c1)NC(=O)c1cc2c(C(=O)N(C2=O)c2ncc(cc2)C)cc1)C(=O)NNC(=O)CC(=O)*,0.33031505,uwm_md,train
*NNC(=O)c1cc(cc(c1)NC(=O)c1cc2c(C(=O)N(C2=O)c2ncc(cc2)C)cc1)C(=O)NNC(=O)C(=O)*,0.33035557,uwm_md,train
*NNC(=O)c1cc(cc(c1)NC(=O)c1cc2c(C(=O)N(C2=O)c2ncccc2C)cc1)C(=O)NNC(=O)c1ccc(cc1)C(=O)*,0.33234263,uwm_md,train
*NNC(=O)c1cc(cc(c1)NC(=O)c1cc2c(C(=O)N(C2=O)c2ncccc2C)cc1)C(=O)NNC(=O)CCCC(=O)*,0.3253017,uwm_md,train
*NNC(=O)c1cc(cc(c1)NC(=O)c1cc2c(C(=O)N(C2=O)c2ncccc2C)cc1)C(=O)NNC(=O)CC(=O)*,0.3203758,uwm_md,test
*NNC(=O)c1cc(cc(c1)NC(=O)c1cc2c(C(=O)N(C2=O)c2ncccc2C)cc1)C(=O)NNC(=O)C(=O)*,0.32332887,uwm_md,train
*Nc1ccc(cc1)[Si](c1ccc(cc1)NC(=O)c1cc2Cc3c(c2cc1)ccc(c3)C(=O)*)(c1ccccc1)c1ccccc1,0.37694297,uwm_md,train
*OC(=O)Nc1c(ccc(c1)NC(=O)OCCN(CC*)c1c(cc(cc1)[N+](=O)[O-])C)C,0.33326912,uwm_md,train
*OC(=O)Nc1c(ccc(c1)NC(=O)OCCN(CC*)c1ccc(cc1)N=Nc1ccc(cc1)[N+](=O)[O-])C,0.34824049,uwm_md,test
*OC(=O)Nc1c(ccc(c1)NC(=O)OCCN(CC*)c1ccc(cc1)N=Nc1c(cc(cc1)[N+](=O)[O-])C)C,0.35345752,uwm_md,train
*OC(=O)Nc1c(ccc(c1)NC(=O)OCCN(CC*)c1ccc(cc1)C=Cc1ccc(cc1)[N+](=O)[O-])C,0.34396152,uwm_md,train
*OC(=O)Nc1c(ccc(c1)NC(=O)OCCN(CC*)c1ccc(cc1)C(=C(C#N)C#N)C#N)C,0.35653071,uwm_md,train
*OC(=O)Nc1c(ccc(c1)NC(=O)OCCN(CC*)c1ccc(cc1)C=C1NC(=O)NC1=O)C,0.32170639,uwm_md,train
*OC(=O)NCCC*,0.31360037,uwm_md,train
*OC(=O)NCCCCCCNC(=O)OCCN(CC*)c1cc(c(cc1)N=Nc1ccc(cc1)[N+](=O)[O-])C,0.35275364,uwm_md,train
*OC(=O)Nc1ccc(cc1)Cc1ccc(cc1)NC(=O)OCCN(CC*)c1cc(c(cc1)N=Nc1ccc(cc1)[N+](=O)[O-])C,0.35280461,uwm_md,train
*Oc1ccc(cc1)c1ccc(cc1)OC(=O)Nc1cc(ccc1)P(=O)(c1cc(ccc1)NC(=O)*)c1ccccc1,0.35820494,uwm_md,train
*OC(=O)Nc1cc(ccc1)P(=O)(c1cc(ccc1)NC(=O)OCCCCCC*)c1ccccc1,0.35310551,uwm_md,train
*Oc1ccc(cc1)C(c1ccc(cc1)OC(=O)Nc1cc(ccc1)P(=O)(c1cc(ccc1)NC(=O)*)c1ccccc1)(C)C,0.36021287,uwm_md,train
*OC(=O)NC1CC(CC(C1)(CNC(=O)OCCN(CC*)c1ccc(cc1)N=Nc1ccc(cc1)P(=O)(c1ccccc1)c1ccccc1)C)(C)C,0.36633956,uwm_md,train
*OC(=O)NCCCCCCNC(=O)OCCN(CC*)c1ccc(cc1)N=Nc1ccc(cc1)P(=O)(c1ccccc1)c1ccccc1,0.36051644,uwm_md,train
*OC(=O)NCCCCCCNC(=O)OCCN(CC*)CCCCCCOc1ccc(cc1)C=Cc1ccc(cc1)[N+](=O)[O-],0.34321902,uwm_md,train
*OC(=O)Nc1c(ccc(c1)NC(=O)OCCN(CC*)CCCCCCOc1ccc(cc1)C=Cc1ccc(cc1)[N+](=O)[O-])C,0.34069727,uwm_md,train
*OC(=O)NC1CC(CC(C1)(CNC(=O)OCCN(CC*)c1ccc(cc1)N=Nc1ccc(cc1)B(c1c(cc(cc1C)C)C)c1c(cc(cc1C)C)C)C)(C)C,0.34069727,uwm_md,train
*OC(=O)Nc1c(ccc(c1)NC(=O)OCCN(CC*)c1ccc(cc1)N=Nc1ccc(cc1)B(c1c(cc(cc1C)C)C)c1c(cc(cc1C)C)C)C,0.34069727,uwm_md,train
*OC(=O)Nc1c(c(ccc1)NC(=O)OCCN(CC*)c1ccc(cc1)N=Nc1ccc(cc1)[N+](=O)[O-])C,0.35215357,uwm_md,test
*OC(=O)NC1CC(CC(C1)(CNC(=O)OCCN(CC*)c1ccc(cc1)N=Nc1ccc(cc1)[N+](=O)[O-])C)(C)C,0.34598899,uwm_md,train
*OC(=O)NC1CC(CC(C1)(CNC(=O)OCCN(CC*)c1ccc(cc1)C=C(C#N)C#N)C)(C)C,0.35418826,uwm_md,test
*OC(=O)Nc1c(ccc(c1)NC(=O)OCCN(CC*)c1cc(c(cc1)N=Nc1c(cc(cc1)[N+](=O)[O-])C)C)C,0.35034244,uwm_md,train
*OC(=O)Nc1ccc(cc1)Cc1ccc(cc1)NC(=O)OCCN(CC*)c1cc(c(cc1)N=Nc1c(cc(cc1)[N+](=O)[O-])C)C,0.35323912,uwm_md,train
*OC(=O)Nc1c(c(ccc1)NC(=O)OCCN(CC*)c1ccc(cc1)C=Cc1ccc(cc1)[N+](=O)[O-])C,0.34593177,uwm_md,train
*OC(=O)Nc1c(cc(cc1)c1cc(c(cc1)NC(=O)OCCN(CC*)c1ccc(cc1)N=Nc1ccc(cc1)[N+](=O)[O-])OC)OC,0.34489269,uwm_md,train
*OC(=O)Nc1c(ccc(c1)NC(=O)OCCN(CC*)c1ccc(cc1)c1oc2c(n1)ccc(c2)[N+](=O)[O-])C,0.34475093,uwm_md,train
*OC(=O)Nc1c(ccc(c1)NC(=O)OCCN(CC*)c1ccc(cc1)N=Nc1ccc(cc1)c1oc2c(n1)cccc2)C,0.35811225,uwm_md,train
*OC(=O)NC(c1cc(ccc1)C(NC(=O)OCCN(CC*)c1ccc(cc1)N=Nc1ccc(cc1)[N+](=O)[O-])(C)C)(C)C,0.34971424,uwm_md,test
*OC(=O)NCC(C*)C,0.33053408,uwm_md,test
*OC(=O)Nc1ccc(cc1)Cc1ccc(cc1)NC(=O)OCCN(CC*)c1ccc(cc1)N=Nc1ccc(cc1)[N+](=O)[O-],0.34851961,uwm_md,train
*OC(=O)Nc1c(cc(cc1)c1cc(c(cc1)NC(=O)OCCN(CC*)c1ccc(cc1)N=Nc1ccc(cc1)[N+](=O)[O-])C)C,0.34910461,uwm_md,test
*OC(=O)NC1CC(CC(C1)(CNC(=O)OCCN(CC*)c1ccc(cc1)N=Nc1ccc(cc1)C#N)C)(C)C,0.36385839,uwm_md,test
*OC(=O)Nc1c(ccc(c1)NC(=O)OCCN(CC*)c1ccc(cc1)C=Cc1cc[n+](cc1)CCCC)C,0.35814643,uwm_md,train
*c1[nH]c(nc1c1ccc(cc1)OC(=O)Nc1cc(c(cc1)c1c(cc(cc1)NC(=O)Oc1ccc(cc1)*)OC)OC)c1ccc(cc1)c1[nH]c(c(n1)c1ccc(cc1)[N+](=O)[O-])c1ccc(cc1)[N+](=O)[O-],0.37903045,uwm_md,train
*c1[nH]c(nc1c1ccc(cc1)OC(=O)Nc1cc(c(cc1)c1c(cc(cc1)NC(=O)Oc1ccc(cc1)*)OC)OC)c1ccc(cc1)[N+](=O)[O-],0.36184068,uwm_md,train
*OC(=O)Nc1ccc(cc1)Cc1ccc(cc1)NC(=O)OCCN(CC*)c1ccccc1,0.34479226,uwm_md,test
*OC(=O)NCCCCCCNC(=O)OCCN(CC*)c1ccccc1,0.34103383,uwm_md,train
*OC(=O)Nc1c(ccc(c1)NC(=O)OCCN(CC*)c1ccccc1)C,0.34387073,uwm_md,test
*SC(=O)N(CC*)Cc1ccccc1,0.36007699,uwm_md,train
*SC(=O)N(CCC*)Cc1ccccc1,0.36838082,uwm_md,test
*OC(=O)Nc1c(ccc(c1)NC(=O)OCCN(CC*)c1ccc(cc1)N=Nc1ccc(cc1)c1nc2c([nH]1)ccc(c2)[N+](=O)[O-])C,0.35638392,uwm_md,train
*OC(=O)Nc1c(ccc(c1)NC(=O)OCCN(CC*)c1ccc(cc1)N=Nc1c(cc(c(c1)OC)N=Nc1ccc(cc1)[N+](=O)[O-])OC)C,0.35078628,uwm_md,test
*OC(=O)Nc1c(ccc(c1)NC(=O)OCCN(CC*)c1ccc(cc1)N=Nc1cc(c(cc1)N=Nc1c(cc(c(c1)OC)N=Nc1ccc(cc1)[N+](=O)[O-])OC)C)C,0.36102011,uwm_md,test
*OC(=O)Nc1ccc(cc1)Cc1ccc(cc1)NC(=O)OCCN(CC*)CCCCCOc1ccc(cc1)N=Nc1ccccc1,0.35497879,uwm_md,train
*OC(=O)Nc1ccc(cc1)Cc1ccc(cc1)NC(=O)OCCN(CC*)CCCCCCOc1ccc(cc1)N=Nc1ccccc1,0.35226534,uwm_md,train
*OC(=O)NCCCCNC(=O)OCCCC*,0.32569334,uwm_md,test
*OC(=O)Nc1c(ccc(c1)NC(=O)OCCN(CC*)c1ccc(cc1)N=Nc1ccc(cc1)c1nc2c(n1CC)cc(cc2)[N+](=O)[O-])C,0.36037645,uwm_md,train
*OC(=O)Nc1c(ccc(c1)NC(=O)OCCN(CC*)c1ccc(cc1)N=Nc1ccc(cc1)C=Cc1nc2c(n1CC)cc(cc2)[N+](=O)[O-])C,0.35619794,uwm_md,test
*Oc1ccc(cc1)N=CC=Nc1ccc(cc1)OC(=O)Nc1ccc(cc1)Cc1ccc(cc1)NC(=O)*,0.35769059,uwm_md,train
*Oc1ccc(cc1)N=CC=Nc1ccc(cc1)OC(=O)Nc1c(ccc(c1)NC(=O)*)C,0.35139659,uwm_md,train
*Oc1ccc(cc1)N=CC=Nc1ccc(cc1)OC(=O)NC1CC(CC(C1)(CNC(=O)*)C)(C)C,0.35659879,uwm_md,train
*Oc1ccc(cc1)N=CC=Nc1ccc(cc1)OC(=O)NCCCCCCNC(=O)*,0.34892214,uwm_md,test
*Oc1ccc(cc1)N=CCCCC=Nc1ccc(cc1)OC(=O)Nc1ccc(cc1)Cc1ccc(cc1)NC(=O)*,0.35326814,uwm_md,train
*Oc1ccc(cc1)N=CCCCC=Nc1ccc(cc1)OC(=O)Nc1c(ccc(c1)NC(=O)*)C,0.34931445,uwm_md,train
*Oc1ccc(cc1)N=CCCCC=Nc1ccc(cc1)OC(=O)NC1CC(CC(C1)(CNC(=O)*)C)(C)C,0.35087282,uwm_md,train
*Oc1ccc(cc1)N=CCCCC=Nc1ccc(cc1)OC(=O)NCCCCCCNC(=O)*,0.34722952,uwm_md,test
*OC(=O)NCCCCCCNC(=O)OCC(C*)(C(=O)O)C,0.31898697,uwm_md,train
*N1C(CN(C(C1)C)C(=O)Nc1ccc(cc1)c1ccc(cc1)NC(=O)*)C,0.35679719,uwm_md,test
*NC(=S)NCCCCC*,0.36013805,uwm_md,train
*NC(=S)NCCCCCCC*,0.37564095,uwm_md,train
*NC(=S)NCCCCCCCCC*,0.38298006,uwm_md,train
*Nc1ccc(cc1)Cc1ccc(cc1)NC(=O)NCCCCCCCCCNC(=O)*,0.35319219,uwm_md,train
*Nc1c(cccc1)CCc1ccc(cc1)NC(=O)Nc1ccc(cc1)CCc1ccc(cc1)NC(=O)*,0.35341699,uwm_md,train
*Nc1c(cccc1)CCc1c(cccc1)NC(=O)Nc1ccc(cc1)CCc1ccc(cc1)NC(=O)*,0.35411182,uwm_md,train
*Nc1ccc(cc1)Cc1ccc(cc1)NC(=O)Nc1c(cccc1)CCc1ccc(cc1)NC(=O)*,0.35103259,uwm_md,train
*Nc1c(cccc1)CCc1ccc(cc1)NC(=O)NCCCCCCNC(=O)*,0.3465376,uwm_md,train
*Nc1c(cccc1)CCc1ccc(cc1)NC(=O)*,0.34964607,uwm_md,train
*Nc1c(ccc(c1)NC(=O)Nc1ccc(cc1)CCc1c(cccc1)NC(=O)*)C,0.34797387,uwm_md,train
*c1nc(c(nc1c1ccc(cc1)NC(=O)Nc1ccc(cc1)NC(=O)Nc1ccc(cc1)*)C#N)C#N,0.3670318,uwm_md,train
*c1nc(ccc1)NC(=O)NCCCCCCNC(=O)N*,0.32647685,uwm_md,train
*c1nc(ccc1)NC(=O)Nc1ccc(cc1)Cc1ccc(cc1)NC(=O)N*,0.33930299,uwm_md,train
*c1[nH]c(nc1c1ccc(cc1)NC(=O)Nc1ccc(cc1)NC(=O)Nc1ccc(cc1)*)c1ccc(cc1)c1[nH]c(c(n1)c1ccc(cc1)[N+](=O)[O-])c1ccc(cc1)[N+](=O)[O-],0.37265586,uwm_md,train
*Nc1c2c(ccc1)c(ccc2)NC(=O)Nc1cc(cc(c1)C(=O)Nc1ccc2C(=O)c3c(C(=O)c2c1)cccc3)NC(=O)*,0.32826884,uwm_md,test
*Nc1cc(cc(c1)C(=O)Nc1ccc2C(=O)c3c(C(=O)c2c1)cccc3)NC(=O)Nc1ccc(cc1)Cc1ccc(cc1)NC(=O)*,0.33705899,uwm_md,train
*Nc1cc(cc(c1)C(=O)Nc1ccc2C(=O)c3c(C(=O)c2c1)cccc3)NC(=O)NC1CCC(CC1)CC1CCC(CC1)NC(=O)*,0.34250678,uwm_md,train
*Nc1cc(cc(c1)C(=O)Nc1ccc2C(=O)c3c(C(=O)c2c1)cccc3)NC(=O)Nc1ccc(cc1)NC(=O)*,0.32639066,uwm_md,train
*Nc1cc(cc(c1)C(=O)Nc1c2C(=O)c3c(C(=O)c2ccc1)cccc3)NC(=O)Nc1ccc(cc1)NC(=O)*,0.32684433,uwm_md,train
*Nc1c2c(ccc1)c(ccc2)NC(=O)Nc1cc(cc(c1)C(=O)Nc1c2C(=O)c3c(C(=O)c2ccc1)cccc3)NC(=O)*,0.33149666,uwm_md,train
*Nc1cc(cc(c1)C(=O)Nc1c2C(=O)c3c(C(=O)c2ccc1)cccc3)NC(=O)Nc1ccc(cc1)Cc1ccc(cc1)NC(=O)*,0.33952674,uwm_md,train
*Nc1cc(cc(c1)C(=O)Nc1c2C(=O)c3c(C(=O)c2ccc1)cccc3)NC(=O)NC1CCC(CC1)CC1CCC(CC1)NC(=O)*,0.34331689,uwm_md,test
*Nc1cc(ccc1)NC(=O)Nc1ccc(cc1)Cc1ccc(cc1)NC(=O)*,0.34788989,uwm_md,train
*c1cc2c(C(=O)N(C2=O)c2ccc(cc2)Oc2ccc(cc2)N2C(=O)c3c(C2=O)cc(cc3)C(=O)Nc2ccc(cc2)c2ccc(cc2)NC(=O)*)cc1,0.35523486,uwm_md,test
*c1cc2c(C(=O)N(C2=O)c2ccc(cc2)Oc2ccc(cc2)N2C(=O)c3c(C2=O)cc(cc3)C(=O)Nc2ccc(cc2)Oc2ccc(cc2)NC(=O)*)cc1,0.35417449,uwm_md,test
*c1cc2c(C(=O)N(C2=O)c2ccc(cc2)Oc2ccc(cc2)N2C(=O)c3c(C2=O)cc(cc3)C(=O)Nc2ccc(cc2)S(=O)(=O)c2ccc(cc2)NC(=O)*)cc1,0.3576415,uwm_md,test
*c1cc2c(C(=O)N(C2=O)c2cc(ccc2)Nc2nc(nc(n2)Nc2cc(ccc2)N2C(=O)c3c(C2=O)cc(cc3)C(=O)*)N(c2ccccc2)c2ccccc2)cc1,0.38475396,uwm_md,train
*c1cc2c(C(=O)N(C2=O)c2cc(ccc2)Nc2nc(nc(n2)Nc2cc(ccc2)N2C(=O)c3c(C2=O)cc(cc3)C(=O)*)c2ccccc2)cc1,0.37465693,uwm_md,train
*c1cc2c(C(=O)N(C2=O)c2cc(ccc2)Nc2nc(nc(n2)Nc2cc(ccc2)N2C(=O)c3c(C2=O)cc(cc3)C(=O)*)N(C)C)cc1,0.37799185,uwm_md,test
*c1cc2c(C(=O)N(C2=O)c2cc(ccc2)Nc2ncnc(n2)Nc2cc(ccc2)N2C(=O)c3c(C2=O)cc(cc3)C(=O)*)cc1,0.36454415,uwm_md,train
*c1cc2c(C(=O)N(C2=O)c2ccc(cc2)c2nc(nc(n2)c2ccc(cc2)N2C(=O)c3c(C2=O)cc(cc3)C(=O)*)c2ccccc2)cc1,0.40912107,uwm_md,test
*N1C(=O)c2c(C1=O)cc(cc2)Oc1cc2c(C(=O)N(C2=O)CCCCCCCCC*)cc1,0.34911033,uwm_md,train
*N1C(=O)c2c(C1=O)cc(cc2)Oc1cc2c(C(=O)N(C2=O)CCCCCCCCCC*)cc1,0.34969426,uwm_md,train
*N1C(=O)c2c(C1=O)cc(cc2)c1cc2c(C(=O)N(C2=O)c2ccc(cc2)Oc2cc(ccc2)Oc2ccc(cc2)*)cc1,0.35547349,uwm_md,train
*c1cc2c(C(=O)N(C2=O)c2cc(cc(c2)C(=O)O)N2C(=O)c3c(C2=O)cc(cc3)C(*)(C(F)(F)F)C(F)(F)F)cc1,0.37985486,uwm_md,train
*c1cc2c(C(=O)N(C2=O)c2c3c(ccc2)c(ccc3)N2C(=O)c3c(C2=O)cc(cc3)C(*)(C(F)(F)F)C(F)(F)F)cc1,0.40266196,uwm_md,train
*c1cc2c(C(=O)N(C2=O)c2cc(ccc2)N2C(=O)c3c(C2=O)cc(cc3)C(*)(C(F)(F)F)C(F)(F)F)cc1,0.38859265,uwm_md,train
*c1cc2c(C(=O)N(C2=O)c2cc(ccc2)S(=O)(=O)c2cc(ccc2)N2C(=O)c3c(C2=O)cc(cc3)C(*)(C(F)(F)F)C(F)(F)F)cc1,0.37548521,uwm_md,train
*c1cc2c(C(=O)N(C2=O)c2ccc(cc2)Oc2ccc(cc2)NC(=O)*)cc1,0.3555696,uwm_md,train
*C1C(=O)N(C(=O)C1*)C(C)(C)C,0.39509539,uwm_md,train
*N1C(=O)c2c(C1=O)cc(cc2)C(=O)Oc1ccc(cc1)c1ccc(cc1)OC(=O)c1cc2c(C(=O)N(C2=O)CCCC*)cc1,0.33870557,uwm_md,train
*N1C(=O)c2c(C1=O)cc(cc2)C(=O)Oc1ccc(cc1)c1ccc(cc1)OC(=O)c1cc2c(C(=O)N(C2=O)CCCCC*)cc1,0.34164586,uwm_md,train
*N1C(=O)c2c(C1=O)cc(cc2)C(=O)Oc1ccc(cc1)c1ccc(cc1)OC(=O)c1cc2c(C(=O)N(C2=O)CCCCCC*)cc1,0.34204989,uwm_md,train
*N1C(=O)c2c(C1=O)cc(cc2)C(=O)Oc1ccc(cc1)c1ccc(cc1)OC(=O)c1cc2c(C(=O)N(C2=O)CCCCCCC*)cc1,0.34124833,uwm_md,train
*N1C(=O)c2c(C1=O)cc(cc2)C(=O)Oc1ccc(cc1)c1ccc(cc1)OC(=O)c1cc2c(C(=O)N(C2=O)CCCCCCCCCCC*)cc1,0.34909001,uwm_md,test
*N1C(=O)c2c(C1=O)cc(cc2)C(=O)Oc1ccc(cc1)c1ccc(cc1)OC(=O)CCC*,0.33800885,uwm_md,test
*N1C(=O)c2c(C1=O)cc(cc2)C(=O)Oc1ccc(cc1)c1ccc(cc1)OC(=O)CCCC*,0.33853108,uwm_md,test
*N1C(=O)c2c(C1=O)cc(cc2)C(=O)Oc1ccc(cc1)c1ccc(cc1)OC(=O)CCCCC*,0.33858806,uwm_md,test
*N1C(=O)c2c(C1=O)cc(cc2)C(=O)Oc1ccc(cc1)c1ccc(cc1)OC(=O)CCCCCC*,0.34163356,uwm_md,test
*N1C(=O)c2c(C1=O)cc(cc2)C(=O)Oc1ccc(cc1)c1ccc(cc1)OC(=O)CCCCCCCCCC*,0.34876143,uwm_md,test
*N1C(=O)c2c(C1=O)cc(cc2)C(=O)Oc1ccc(cc1)c1ccc(cc1)OC(=O)CCCCCCCCCCC*,0.35069342,uwm_md,train
*N1C(=O)c2c(C1=O)cc(cc2)C(=O)Oc1ccc(cc1)OC(=O)CCC*,0.33070211,uwm_md,train
*N1C(=O)c2c(C1=O)cc(cc2)C(=O)Oc1ccc(cc1)OC(=O)CCCC*,0.33028108,uwm_md,train
*N1C(=O)c2c(C1=O)cc(cc2)C(=O)Oc1ccc(cc1)OC(=O)CCCCC*,0.33289133,uwm_md,train
*N1C(=O)c2c(C1=O)cc(cc2)C(=O)Oc1ccc(cc1)OC(=O)CCCCCC*,0.33743021,uwm_md,train
*N1C(=O)c2c(C1=O)cc(cc2)C(=O)Oc1ccc(cc1)OC(=O)CCCCCCCCCCC*,0.34726599,uwm_md,train
*N1C(=O)c2c(C1=O)cc(cc2)Oc1cc2c(C(=O)N(C2=O)c2c(cc(c(c2)*)O)O)cc1,0.36149499,uwm_md,test
*c1cc2c(C(=O)N(C2=O)c2c(cc(c(c2)N2C(=O)c3c(C2=O)cc(cc3)C(=O)*)O)O)cc1,0.3634881,uwm_md,test
*c1cc2c(C(=O)N(C2=O)c2c(cc(c(c2)N2C(=O)c3c(C2=O)cc(cc3)C(*)(C(F)(F)F)C(F)(F)F)O)O)cc1,0.37827714,uwm_md,train
*N1C(=O)c2c(C1=O)cc(cc2)c1cc2c(C(=O)N(C2=O)c2c(cc(c(c2)*)O)O)cc1,0.36305869,uwm_md,train
*N1C(=O)c2c(C1=O)cc(cc2)c1cc2c(C(=O)N(C2=O)c2ccc(cc2)Oc2c(cc(c(c2)C(C)(C)C)Oc2ccc(cc2)*)C(C)(C)C)cc1,0.40671678,uwm_md,train
*N1C(=O)c2c(C1=O)cc(cc2)Oc1cc2c(C(=O)N(C2=O)c2ccc(cc2)Oc2c(cc(c(c2)C(C)(C)C)Oc2ccc(cc2)*)C(C)(C)C)cc1,0.40376048,uwm_md,test
*c1cc2c(C(=O)N(C2=O)c2ccc(cc2)Oc2c(cc(c(c2)C(C)(C)C)Oc2ccc(cc2)N2C(=O)c3c(C2=O)cc(cc3)C(=O)*)C(C)(C)C)cc1,0.4050413,uwm_md,train
*N1C(=O)c2c(C1=O)cc(cc2)S(=O)(=O)c1cc2c(C(=O)N(C2=O)c2ccc(cc2)Oc2c(cc(c(c2)C(C)(C)C)Oc2ccc(cc2)*)C(C)(C)C)cc1,0.40608449,uwm_md,train
*c1cc2c(C(=O)N(C2=O)c2ccc(cc2)Oc2c(cc(c(c2)C(C)(C)C)Oc2ccc(cc2)N2C(=O)c3c(C2=O)cc(cc3)C(*)(C(F)(F)F)C(F)(F)F)C(C)(C)C)cc1,0.41309361,uwm_md,train
*c1c(nc2c(n1)cc(cc2)Oc1ccc(cc1)NC(=O)c1cc2c(C(=O)N(C2=O)c2ccc(cc2)C(c2ccc(cc2)N2C(=O)c3c(C2=O)cc(cc3)C(=O)Nc2ccc(cc2)Oc2cc3c(nc(c(n3)c3ccc(cc3)*)c3ccccc3)cc2)(C(F)(F)F)C(F)(F)F)cc1)c1ccccc1,0.38075733,uwm_md,train
*c1c(nc2c(n1)cc(cc2)Oc1ccc(cc1)NC(=O)c1cc2c(C(=O)N(C2=O)c2ccc(cc2)C(c2ccc(cc2)N2C(=O)c3c(C2=O)cc(cc3)C(=O)Nc2ccc(cc2)Oc2cc3c(nc(c(n3)c3ccc(cc3)Oc3ccc(cc3)*)c3ccccc3)cc2)(C(F)(F)F)C(F)(F)F)cc1)c1ccccc1,0.38083913,uwm_md,train
*c1c(nc2c(n1)cc(cc2)Oc1ccc(cc1)NC(=O)c1cc2c(C(=O)N(C2=O)c2ccc(cc2)C(c2ccc(cc2)N2C(=O)c3c(C2=O)cc(cc3)C(=O)Nc2ccc(cc2)Oc2cc3c(nc(c(n3)c3ccc(cc3)Oc3ccc(cc3)*)c3ccc(cc3)[N+](=O)[O-])cc2)(C(F)(F)F)C(F)(F)F)cc1)c1ccc(cc1)[N+](=O)[O-],0.38115297,uwm_md,train
*c1c(nc2c(n1)cc(cc2)Oc1ccc(cc1)NC(=O)c1cc2c(C(=O)N(C2=O)c2ccc(cc2)C(c2ccc(cc2)N2C(=O)c3c(C2=O)cc(cc3)C(=O)Nc2ccc(cc2)Oc2cc3c(nc(c(n3)c3ccc(cc3)c3ccc(cc3)*)c3ccccc3)cc2)(C(F)(F)F)C(F)(F)F)cc1)c1ccccc1,0.38363567,uwm_md,train
*N1C(=O)c2c(C1=O)cc(cc2)c1cc2c(C(=O)N(C2=O)c2ccc(cc2)c2ccc(cc2)NC(=O)c2cc(ccc2)C(=O)Nc2ccc(cc2)c2ccc(cc2)*)cc1,0.35611323,uwm_md,test
*N1C(=O)c2c(C1=O)cc(cc2)Oc1cc2c(C(=O)N(C2=O)c2ccc(cc2)c2ccc(cc2)NC(=O)c2cc(ccc2)C(=O)Nc2ccc(cc2)c2ccc(cc2)*)cc1,0.35467611,uwm_md,train
*c1cc2c(C(=O)N(C2=O)c2ccc(cc2)c2ccc(cc2)NC(=O)c2cc(ccc2)C(=O)Nc2ccc(cc2)c2ccc(cc2)N2C(=O)c3c(C2=O)cc(cc3)C(=O)*)cc1,0.35651308,uwm_md,train
*N1C(=O)c2c(C1=O)cc(cc2)c1cc2c(C(=O)N(C2=O)c2ccc(cc2)C(=O)Nc2ccc(cc2)Oc2ccc(cc2)S(=O)(=O)c2ccc(cc2)Oc2ccc(cc2)NC(=O)c2ccc(cc2)*)cc1,0.35562062,uwm_md,test
*N1C(=O)c2c(C1=O)cc(cc2)c1cc2c(C(=O)N(C2=O)c2ccc(cc2)C(=O)Nc2cc(ccc2)Oc2ccc(cc2)S(=O)(=O)c2ccc(cc2)Oc2cc(ccc2)NC(=O)c2ccc(cc2)*)cc1,0.35874825,uwm_md,train
*N1C(=O)c2c(C1=O)cc(cc2)c1cc2c(C(=O)N(C2=O)c2ccc(cc2)C(=O)Nc2cc(ccc2)S(=O)(=O)c2cc(ccc2)NC(=O)c2ccc(cc2)*)cc1,0.35305375,uwm_md,train
*N1C(=O)c2c(C1=O)cc(cc2)c1cc2c(C(=O)N(C2=O)c2cc(ccc2)C(=O)Nc2ccc(cc2)Oc2ccc(cc2)S(=O)(=O)c2ccc(cc2)Oc2ccc(cc2)NC(=O)c2cc(ccc2)*)cc1,0.35728456,uwm_md,train
*N1C(=O)c2c(C1=O)cc(cc2)c1cc2c(C(=O)N(C2=O)c2cc(ccc2)C(=O)Nc2ccc(cc2)Oc2ccc(cc2)c2ccc(cc2)Oc2ccc(cc2)NC(=O)c2cc(ccc2)*)cc1,0.35494179,uwm_md,train
*N1C(=O)c2c(C1=O)cc(cc2)c1cc2c(C(=O)N(C2=O)c2cc(ccc2)C(=O)Nc2ccc(cc2)Oc2ccc(cc2)Oc2ccc(cc2)Oc2ccc(cc2)NC(=O)c2cc(ccc2)*)cc1,0.35608701,uwm_md,test
*N1C(=O)c2c(C1=O)cc(cc2)c1cc2c(C(=O)N(C2=O)c2cc(ccc2)C(=O)Nc2ccc(cc2)Oc2ccc(cc2)C(c2ccc(cc2)Oc2ccc(cc2)NC(=O)c2cc(ccc2)*)(C)C)cc1,0.36210831,uwm_md,train
*N1C(=O)c2c(C1=O)cc(cc2)c1cc2c(C(=O)N(C2=O)c2cc(ccc2)C(=O)Nc2ccc(cc2)Oc2ccc(cc2)Oc2ccc(cc2)NC(=O)c2cc(ccc2)*)cc1,0.35757013,uwm_md,test
*N1C(=O)c2c(C1=O)cc(cc2)c1cc2c(C(=O)N(C2=O)c2cc(ccc2)C(=O)Nc2ccc(cc2)Oc2cc(ccc2)Oc2ccc(cc2)NC(=O)c2cc(ccc2)*)cc1,0.35354105,uwm_md,train
*N1C(=O)c2c(C1=O)cc(cc2)c1cc2c(C(=O)N(C2=O)c2cc(ccc2)C(=O)Nc2ccc(cc2)Oc2ccc(cc2)NC(=O)c2cc(ccc2)*)cc1,0.35212357,uwm_md,train
*N1C(=O)c2c(C1=O)cc(cc2)c1cc2c(C(=O)N(C2=O)c2cc(ccc2)C(=O)Nc2cc(ccc2)S(=O)(=O)c2cc(ccc2)NC(=O)c2cc(ccc2)*)cc1,0.35166575,uwm_md,train
*N1C(=O)c2c(C1=O)c(ccc2)c1cc2c(C(=O)N(C2=O)c2ccc(cc2)C(=O)Nc2ccc(cc2)Oc2ccc(cc2)S(=O)(=O)c2ccc(cc2)Oc2ccc(cc2)NC(=O)c2ccc(cc2)*)cc1,0.35960225,uwm_md,test
*N1C(=O)c2c(C1=O)c(ccc2)c1cc2c(C(=O)N(C2=O)c2ccc(cc2)C(=O)Nc2cc(ccc2)Oc2ccc(cc2)S(=O)(=O)c2ccc(cc2)Oc2cc(ccc2)NC(=O)c2ccc(cc2)*)cc1,0.3546746,uwm_md,test
*N1C(=O)c2c(C1=O)c(ccc2)c1cc2c(C(=O)N(C2=O)c2cc(ccc2)C(=O)Nc2ccc(cc2)Oc2ccc(cc2)S(=O)(=O)c2ccc(cc2)Oc2ccc(cc2)NC(=O)c2cc(ccc2)*)cc1,0.35891264,uwm_md,train
*N1C(=O)c2c(C1=O)c(ccc2)c1cc2c(C(=O)N(C2=O)c2cc(ccc2)C(=O)Nc2ccc(cc2)Oc2ccc(cc2)c2ccc(cc2)Oc2ccc(cc2)NC(=O)c2cc(ccc2)*)cc1,0.35563189,uwm_md,test
*N1C(=O)c2c(C1=O)c(ccc2)c1cc2c(C(=O)N(C2=O)c2cc(ccc2)C(=O)Nc2ccc(cc2)Oc2ccc(cc2)Oc2ccc(cc2)Oc2ccc(cc2)NC(=O)c2cc(ccc2)*)cc1,0.36051806,uwm_md,train
*N1C(=O)c2c(C1=O)c(ccc2)c1cc2c(C(=O)N(C2=O)c2cc(ccc2)C(=O)Nc2ccc(cc2)Oc2ccc(cc2)C(c2ccc(cc2)Oc2ccc(cc2)NC(=O)c2cc(ccc2)*)(C)C)cc1,0.36163095,uwm_md,train
*N1C(=O)c2c(C1=O)c(ccc2)c1cc2c(C(=O)N(C2=O)c2cc(ccc2)C(=O)Nc2ccc(cc2)Oc2ccc(cc2)Oc2ccc(cc2)NC(=O)c2cc(ccc2)*)cc1,0.35797628,uwm_md,train
*N1C(=O)c2c(C1=O)c(ccc2)c1cc2c(C(=O)N(C2=O)c2cc(ccc2)C(=O)Nc2ccc(cc2)Oc2cc(ccc2)Oc2ccc(cc2)NC(=O)c2cc(ccc2)*)cc1,0.34972728,uwm_md,train
*N1C(=O)c2c(C1=O)c(ccc2)c1cc2c(C(=O)N(C2=O)c2cc(ccc2)C(=O)Nc2ccc(cc2)Oc2ccc(cc2)NC(=O)c2cc(ccc2)*)cc1,0.35298703,uwm_md,train
*N1C(=O)c2c(C1=O)c(ccc2)c1cc2c(C(=O)N(C2=O)c2cc(ccc2)C(=O)Nc2cc(ccc2)S(=O)(=O)c2cc(ccc2)NC(=O)c2cc(ccc2)*)cc1,0.35520964,uwm_md,train
*N1C(=O)c2c(C1=O)c(ccc2)c1cc2c(C(=O)N(C2=O)c2cc(ccc2)C(=O)Nc2ccc(cc2)NC(=O)c2cc(ccc2)*)cc1,0.34929698,uwm_md,train
*N1C(=O)c2c(C1=O)cc(cc2)Oc1cc2c(C(=O)N(C2=O)c2cc(c(cc2)c2c(cc(cc2)*)C)C)cc1,0.3973231,uwm_md,train
*C1C(=O)N(C(=O)C1C(C*)(C)C)C,0.33146348,uwm_md,test
*C1C(=O)N(C(=O)C1C(C*)(C)C)C(C)C,0.35984602,uwm_md,test
*C1C(=O)N(C(=O)C1C(C*)(C)C)CCCC,0.35157211,uwm_md,train
*C1C(=O)N(C(=O)C1C(C*)(C)C)C1CCCCC1,0.36558232,uwm_md,train
*C1C(=O)N(C(=O)C1C(C*)(C)C)c1ccccc1,0.35392644,uwm_md,train
*C1C(=O)N(C(=O)C1C(C*)c1ccccc1)CCCN(c1cc(c(cc1)N=Nc1ccc(cc1)[N+](=O)[O-])C)CC,0.37385822,uwm_md,train
*C1C(=O)N(C(=O)C1C(C*)c1ccccc1)CCCN(c1cc(c(cc1)N=Nc1c(cc(cc1)[N+](=O)[O-])Cl)C)CC,0.37423891,uwm_md,test
*C1C(=O)N(C(=O)C1C(C*)c1ccccc1)CCN(c1ccc(cc1)N=Nc1ccc(cc1)[N+](=O)[O-])CC,0.36659752,uwm_md,train
*N1C(=O)c2c(C1=O)cc(cc2)c1cc2c(C(=O)N(C2=O)c2ccc(cc2)C(c2ccc(cc2)*)c2ccccc2)cc1,0.40443369,uwm_md,train
*c1cc2c(C(=O)N(C2=O)c2ccc(cc2)C(c2ccc(cc2)N2C(=O)c3c(C2=O)cc(cc3)C(=O)*)c2ccccc2)cc1,0.39846881,uwm_md,train
*N1C(=O)c2c(C1=O)cc(cc2)Oc1cc2c(C(=O)N(C2=O)c2ccc(cc2)C(c2ccc(cc2)*)c2ccccc2)cc1,0.39612833,uwm_md,train
*N1C(=O)c2c(C1=O)cc(cc2)S(=O)(=O)c1cc2c(C(=O)N(C2=O)c2ccc(cc2)C(c2ccc(cc2)*)c2ccccc2)cc1,0.39645555,uwm_md,test
*c1cc2c(C(=O)N(C2=O)c2ccc(cc2)N2C(=O)c3c(C2=O)cc(cc3)C(=O)Nc2ccc(cc2)Oc2ccc(cc2)C2(c3c(C(=O)N2)cccc3)c2ccc(cc2)Oc2ccc(cc2)NC(=O)*)cc1,0.36551103,uwm_md,test
*c1cc2c(C(=O)N(C2=O)c2cc(ccc2)N2C(=O)c3c(C2=O)cc(cc3)C(=O)Nc2ccc(cc2)Oc2ccc(cc2)C2(c3c(C(=O)N2)cccc3)c2ccc(cc2)Oc2ccc(cc2)NC(=O)*)cc1,0.36739248,uwm_md,train
*c1cc2c(C(=O)N(C2=O)c2ccc(cc2)Oc2ccc(cc2)C2(c3c(C(=O)N2)cccc3)c2ccc(cc2)Oc2ccc(cc2)N2C(=O)c3c(C2=O)cc(cc3)C(=O)Nc2cc(ccc2)NC(=O)*)cc1,0.36419448,uwm_md,train
*c1cc2c(C(=O)N(C2=O)c2c(ccc(c2)N2C(=O)c3c(C2=O)cc(cc3)C(=O)Nc2ccc(cc2)Oc2ccc(cc2)C2(c3c(C(=O)N2)cccc3)c2ccc(cc2)Oc2ccc(cc2)NC(=O)*)C)cc1,0.37070669,uwm_md,test
*C1(c2c(C(=O)N1)cccc2)c1ccc(cc1)Oc1ccc(cc1)NC(=O)c1cc2c(C(=O)N(C2=O)c2ccc(cc2)Cc2ccc(cc2)N2C(=O)c3c(C2=O)cc(cc3)C(=O)Nc2ccc(cc2)Oc2ccc(cc2)*)cc1,0.36522559,uwm_md,train
*c1cc2c(C(=O)N(C2=O)c2ccc(cc2)Oc2ccc(cc2)N2C(=O)c3c(C2=O)cc(cc3)C(=O)Nc2ccc(cc2)Oc2ccc(cc2)C2(c3c(C(=O)N2)cccc3)c2ccc(cc2)Oc2ccc(cc2)NC(=O)*)cc1,0.36493909,uwm_md,train
*c1cc2c(C(=O)N(C2=O)c2cc(ccc2)Oc2ccc(cc2)N2C(=O)c3c(C2=O)cc(cc3)C(=O)Nc2ccc(cc2)Oc2ccc(cc2)C2(c3c(C(=O)N2)cccc3)c2ccc(cc2)Oc2ccc(cc2)NC(=O)*)cc1,0.36211978,uwm_md,test
*C1(c2c(C(=O)N1)cccc2)c1ccc(cc1)Oc1ccc(cc1)NC(=O)c1cc2c(C(=O)N(C2=O)c2ccc(cc2)Sc2ccc(cc2)N2C(=O)c3c(C2=O)cc(cc3)C(=O)Nc2ccc(cc2)Oc2ccc(cc2)*)cc1,0.3676725,uwm_md,train
*c1cc2c(C(=O)N(C2=O)c2ccc(cc2)Oc2ccc(cc2)Oc2ccc(cc2)N2C(=O)c3c(C2=O)cc(cc3)C(=O)Nc2ccc(cc2)Oc2ccc(cc2)C2(c3c(C(=O)N2)cccc3)c2ccc(cc2)Oc2ccc(cc2)NC(=O)*)cc1,0.36615689,uwm_md,train
*c1cc2c(C(=O)N(C2=O)c2ccc(cc2)Oc2cc(ccc2)Oc2ccc(cc2)N2C(=O)c3c(C2=O)cc(cc3)C(=O)Nc2ccc(cc2)Oc2ccc(cc2)C2(c3c(C(=O)N2)cccc3)c2ccc(cc2)Oc2ccc(cc2)NC(=O)*)cc1,0.35957001,uwm_md,train
*c1cc2c(C(=O)N(C2=O)c2ccc(cc2)Oc2c(cc(cc2)Oc2ccc(cc2)N2C(=O)c3c(C2=O)cc(cc3)C(=O)Nc2ccc(cc2)Oc2ccc(cc2)C2(c3c(C(=O)N2)cccc3)c2ccc(cc2)Oc2ccc(cc2)NC(=O)*)C)cc1,0.36727934,uwm_md,train
*c1cc2c(C(=O)N(C2=O)c2ccc(cc2)Oc2ccc(cc2)S(=O)(=O)c2ccc(cc2)Oc2ccc(cc2)N2C(=O)c3c(C2=O)cc(cc3)C(=O)Nc2ccc(cc2)Oc2ccc(cc2)C2(c3c(C(=O)N2)cccc3)c2ccc(cc2)Oc2ccc(cc2)NC(=O)*)cc1,0.36225862,uwm_md,train
*c1cc2c(C(=O)N(C2=O)c2ccc(cc2)Oc2ccc(cc2)C2(c3c(C(=O)N2)cccc3)c2ccc(cc2)Oc2ccc(cc2)N2C(=O)c3c(C2=O)cc(cc3)C(=O)Nc2ccc(cc2)Oc2ccc(cc2)C2(c3c(C(=O)N2)cccc3)c2ccc(cc2)Oc2ccc(cc2)NC(=O)*)cc1,0.37607232,uwm_md,train
*c1cc2c(C(=O)N(C2=O)c2ccc(cc2)Oc2ccc(cc2)C2(c3c(C(=O)N2)cccc3)c2ccc(cc2)Oc2ccc(cc2)N2C(=O)c3c(C2=O)cc(cc3)C(=O)Nc2ccc(cc2)Oc2ccc(cc2)NC(=O)*)cc1,0.36308192,uwm_md,train
*c1cc2c(C(=O)N(C2=O)c2ccc(cc2)Oc2ccc(cc2)C2(c3c(C(=O)N2)cccc3)c2ccc(cc2)Oc2ccc(cc2)N2C(=O)c3c(C2=O)cc(cc3)C(=O)Nc2cc(ccc2)Oc2ccc(cc2)NC(=O)*)cc1,0.36268788,uwm_md,train
*c1cc2c(C(=O)N(C2=O)c2ccc(cc2)Oc2ccc(cc2)C2(c3c(C(=O)N2)cccc3)c2ccc(cc2)Oc2ccc(cc2)N2C(=O)c3c(C2=O)cc(cc3)C(=O)Nc2ccc(cc2)Sc2ccc(cc2)NC(=O)*)cc1,0.36914488,uwm_md,train
*c1cc2c(C(=O)N(C2=O)c2ccc(cc2)Oc2ccc(cc2)C2(c3c(C(=O)N2)cccc3)c2ccc(cc2)Oc2ccc(cc2)N2C(=O)c3c(C2=O)cc(cc3)C(=O)Nc2ccc(cc2)Oc2ccc(cc2)Oc2ccc(cc2)NC(=O)*)cc1,0.36132612,uwm_md,train
*c1cc2c(C(=O)N(C2=O)c2ccc(cc2)Oc2ccc(cc2)C2(c3c(C(=O)N2)cccc3)c2ccc(cc2)Oc2ccc(cc2)N2C(=O)c3c(C2=O)cc(cc3)C(=O)Nc2ccc(cc2)Oc2cc(ccc2)Oc2ccc(cc2)NC(=O)*)cc1,0.36654721,uwm_md,train
*c1cc2c(C(=O)N(C2=O)c2ccc(cc2)Oc2ccc(cc2)C2(c3c(C(=O)N2)cccc3)c2ccc(cc2)Oc2ccc(cc2)N2C(=O)c3c(C2=O)cc(cc3)C(=O)Nc2ccc(cc2)Oc2ccc(cc2)S(=O)(=O)c2ccc(cc2)Oc2ccc(cc2)NC(=O)*)cc1,0.3628852,uwm_md,train
*c1cc2c(C(=O)N(C2=O)c2ccc(cc2)C(=O)OCCCCOC(=O)*)cc1,0.33594994,uwm_md,train
*c1cc2c(C(=O)N(C2=O)c2ccc(cc2)C(=O)OCCCCCOC(=O)*)cc1,0.33665398,uwm_md,train
*c1cc2c(C(=O)N(C2=O)c2ccc(cc2)C(=O)OCCCCCCOC(=O)*)cc1,0.34266185,uwm_md,train
*c1cc2c(C(=O)N(C2=O)c2ccc(cc2)C(=O)OCCCCCCCOC(=O)*)cc1,0.34264115,uwm_md,train
*c1cc2c(C(=O)N(C2=O)c2ccc(cc2)C(=O)OCCCCCCCCOC(=O)*)cc1,0.34482566,uwm_md,train
*c1cc2c(C(=O)N(C2=O)c2ccc(cc2)C(=O)OCCCCCCCCCOC(=O)*)cc1,0.34843599,uwm_md,train
*c1cc2c(C(=O)N(C2=O)c2ccc(cc2)C(=O)OCCCCCCCCCCOC(=O)*)cc1,0.34926735,uwm_md,train
*c1cc2c(C(=O)N(C2=O)c2ccc(cc2)C(=O)OCCCCCCCCCCCOC(=O)*)cc1,0.35218627,uwm_md,train
*c1cc2c(C(=O)N(C2=O)c2ccc(cc2)C(=O)OCCCCCCCCCCCCOC(=O)*)cc1,0.35218285,uwm_md,train
*c1cc2c(C(=O)N(C2=O)c2ccc(cc2)N2C(=O)c3c(C2=O)cc(cc3)C(=O)c2ccc(cc2)Oc2ccc(cc2)Oc2ccc(cc2)C(=O)*)cc1,0.36785413,uwm_md,test
*c1cc2c(C(=O)N(C2=O)c2ccc(cc2)N2C(=O)c3c(C2=O)cc(cc3)C(=O)c2ccc(cc2)Oc2ccc(cc2)c2ccc(cc2)Oc2ccc(cc2)C(=O)*)cc1,0.37364241,uwm_md,train
*c1cc2c(C(=O)N(C2=O)c2ccc(cc2)Cc2ccc(cc2)N2C(=O)c3c(C2=O)cc(cc3)C(=O)c2ccc(cc2)Oc2ccc(cc2)c2ccc(cc2)Oc2ccc(cc2)C(=O)*)cc1,0.37592453,uwm_md,train
*c1cc2c(C(=O)N(C2=O)c2ccc(cc2)Cc2ccc(cc2)N2C(=O)c3c(C2=O)cc(cc3)C(=O)c2ccc(cc2)Oc2ccc(cc2)Oc2ccc(cc2)C(=O)*)cc1,0.37562904,uwm_md,train
*c1cc2c(C(=O)N(C2=O)c2ccc(cc2)Cc2ccc(cc2)N2C(=O)c3c(C2=O)cc(cc3)C(=O)c2ccc(cc2)c2ccc(cc2)C(c2ccc(cc2)c2ccc(cc2)C(=O)*)(C)C)cc1,0.38251752,uwm_md,train
*c1cc2c(C(=O)N(C2=O)c2ccc(cc2)Cc2ccc(cc2)N2C(=O)c3c(C2=O)cc(cc3)C(=O)c2ccc(cc2)Oc2ccc(cc2)C2(c3c(C(=O)O2)cccc3)c2ccc(cc2)Oc2ccc(cc2)C(=O)*)cc1,0.38151091,uwm_md,train
*c1cc2c(C(=O)N(C2=O)c2ccc(cc2)Cc2ccc(cc2)N2C(=O)c3c(C2=O)cc(cc3)C(=O)c2ccc(cc2)Oc2ccc(cc2)S(=O)(=O)c2ccc(cc2)Oc2ccc(cc2)C(=O)*)cc1,0.37320978,uwm_md,train
*c1cc2c(C(=O)N(C2=O)c2ccc(cc2)Oc2ccc(cc2)N2C(=O)c3c(C2=O)cc(cc3)C(=O)c2ccc(cc2)Oc2ccc(cc2)Oc2ccc(cc2)C(=O)*)cc1,0.37017356,uwm_md,train
*c1cc2c(C(=O)N(C2=O)c2ccc(cc2)Oc2ccc(cc2)N2C(=O)c3c(C2=O)cc(cc3)C(=O)c2ccc(cc2)Oc2ccc(cc2)c2ccc(cc2)Oc2ccc(cc2)C(=O)*)cc1,0.36908001,uwm_md,test
*c1cc2c(C(=O)N(C2=O)c2ccc(cc2)Oc2ccc(cc2)N2C(=O)c3c(C2=O)cc(cc3)C(=O)c2ccc(cc2)Oc2ccc(cc2)C(c2ccc(cc2)Oc2ccc(cc2)C(=O)*)(C)C)cc1,0.37594298,uwm_md,train
*c1cc2c(C(=O)N(C2=O)c2ccc(cc2)Oc2ccc(cc2)N2C(=O)c3c(C2=O)cc(cc3)C(=O)c2ccc(cc2)Oc2ccc(cc2)C2(c3c(C(=O)O2)cccc3)c2ccc(cc2)Oc2ccc(cc2)C(=O)*)cc1,0.37651211,uwm_md,train
*c1cc2c(C(=O)N(C2=O)c2ccc(cc2)Oc2ccc(cc2)N2C(=O)c3c(C2=O)cc(cc3)C(=O)c2ccc(cc2)Oc2ccc(cc2)S(=O)(=O)c2ccc(cc2)Oc2ccc(cc2)C(=O)*)cc1,0.37060615,uwm_md,train
*c1cc2c(C(=O)N(C2=O)c2ccc(cc2)Oc2ccc(cc2)C(=O)*)cc1,0.36913731,uwm_md,train
*N1C(=O)c2c(C1=O)cc(cc2)C(=O)c1cc2c(C(=O)N(C2=O)CCC[Si](O[Si](CCC*)(C)C)(C)C)cc1,0.37495768,uwm_md,train
*N1C(=O)c2c(C1=O)cc(cc2)c1cc2c(C(=O)N(C2=O)CCC[Si](O[Si](CCC*)(C)C)(C)C)cc1,0.37133662,uwm_md,train
*N1C(=O)c2c(C1=O)cc(cc2)Oc1cc2c(C(=O)N(C2=O)c2cc(ccc2)OCCOc2ccc(cc2)*)cc1,0.34666922,uwm_md,train
*N1C(=O)c2c(C1=O)cc(cc2)Oc1cc2c(C(=O)N(C2=O)c2cc(ccc2)OCCOCCOc2ccc(cc2)*)cc1,0.34463858,uwm_md,test
*N1C(=O)c2c(C1=O)cc(cc2)Oc1cc2c(C(=O)N(C2=O)c2cc(ccc2)OCCOCCOCCOc2ccc(cc2)*)cc1,0.33992834,uwm_md,train
*N1C(=O)c2c(C1=O)cc(cc2)c1cc2c(C(=O)N(C2=O)c2cc(c(cc2)c2c(cc(cc2)*)C(F)(F)F)C(F)(F)F)cc1,0.40447598,uwm_md,test
*c1cc2c(C(=O)N(C2=O)c2ccc(cc2)OCC(COc2ccc(cc2)N2C(=O)c3c(C2=O)cc(cc3)C(=O)*)(C)C)cc1,0.35788134,uwm_md,train
*c1cc2c(C(=O)N(C2=O)c2ccc(cc2)Oc2ccc(cc2)N2C(=O)c3c(C2=O)cc(cc3)C(=O)Oc2ccc(cc2)C(c2ccc(cc2)OC(=O)*)(C)C)cc1,0.36144044,uwm_md,test
*c1cc2c(C(=O)N(C2=O)c2ccc(cc2)C=Cc2ccc(cc2)N2C(=O)c3c(C2=O)cc(cc3)C(=O)*)cc1,0.37112637,uwm_md,train
*c1cc2c(C(=O)N(C2=O)c2ccc(nc2)Sc2ncc(cc2)N2C(=O)c3c(C2=O)cc(cc3)C(=O)*)cc1,0.3708683,uwm_md,test
*c1cc2c(C(=O)N(C2=O)c2cc(ccc2)C(=O)c2ccc(cc2)N2C(=O)c3c(C2=O)cc(cc3)C(=O)*)cc1,0.36571693,uwm_md,train
*c1cc2c(C(=O)N(C2=O)c2cc(ccc2)Cc2ccc(cc2)N2C(=O)c3c(C2=O)cc(cc3)C(=O)*)cc1,0.37263667,uwm_md,train
*c1cc2c(C(=O)N(C2=O)c2cc(ccc2)C(c2cc(ccc2)N2C(=O)c3c(C2=O)cc(cc3)C(=O)*)O)cc1,0.36289032,uwm_md,test
*C1C(=O)NC(=O)C1C(C*)c1ccccc1,0.33021579,uwm_md,train
*c1cc2c(C(=O)N(C2=O)c2cc3C(=O)c4c(c3cc2)ccc(c4)N2C(=O)c3c(C2=O)cc(cc3)C(=O)*)cc1,0.3830772,uwm_md,test
*C1C(=O)N(C(=O)C1C(C*)(C)C)c1c(cccc1C)C,0.36567807,uwm_md,test
*N1C(=O)c2c(C1=O)cc(cc2)C(=O)c1cc2c(C(=O)N(C2=O)CC(=O)Nc2ccc(cc2)Oc2ccc(cc2)NC(=O)C*)cc1,0.33219113,uwm_md,train
*N1C(=O)c2c(C1=O)cc(cc2)C(=O)c1cc2c(C(=O)N(C2=O)CCC(=O)Nc2ccc(cc2)Oc2ccc(cc2)NC(=O)CC*)cc1,0.33487756,uwm_md,train
*N1C(=O)c2c(C1=O)cc(cc2)C(=O)c1cc2c(C(=O)N(C2=O)CCCC(=O)Nc2ccc(cc2)Oc2ccc(cc2)NC(=O)CCC*)cc1,0.33327208,uwm_md,test
*N1C(=O)c2c(C1=O)cc(cc2)C(=O)c1cc2c(C(=O)N(C2=O)CCCCCC(=O)Nc2ccc(cc2)Oc2ccc(cc2)NC(=O)CCCCC*)cc1,0.33700629,uwm_md,train
*N1C(=O)c2c(C1=O)cc(cc2)C(=O)c1cc2c(C(=O)N(C2=O)CCCCCCCCCCC(=O)Nc2ccc(cc2)Oc2ccc(cc2)NC(=O)CCCCCCCCCC*)cc1,0.35025785,uwm_md,train
*N1C(=O)c2c(C1=O)cc(cc2)C(=O)c1cc2c(C(=O)N(C2=O)CC(=O)Nc2cc(ccc2)Oc2ccc(cc2)NC(=O)C*)cc1,0.33266973,uwm_md,train
*N1C(=O)c2c(C1=O)cc(cc2)C(=O)c1cc2c(C(=O)N(C2=O)CCC(=O)Nc2cc(ccc2)Oc2ccc(cc2)NC(=O)CC*)cc1,0.33304131,uwm_md,train
*N1C(=O)c2c(C1=O)cc(cc2)C(=O)c1cc2c(C(=O)N(C2=O)CCCC(=O)Nc2cc(ccc2)Oc2ccc(cc2)NC(=O)CCC*)cc1,0.33380775,uwm_md,test
*N1C(=O)c2c(C1=O)cc(cc2)C(=O)c1cc2c(C(=O)N(C2=O)CCCCCC(=O)Nc2cc(ccc2)Oc2ccc(cc2)NC(=O)CCCCC*)cc1,0.33649448,uwm_md,train
*N1C(=O)c2c(C1=O)cc(cc2)C(=O)c1cc2c(C(=O)N(C2=O)CCCCCCCCCCC(=O)Nc2cc(ccc2)Oc2ccc(cc2)NC(=O)CCCCCCCCCC*)cc1,0.34938578,uwm_md,train
*N1C(=O)c2c(C1=O)cc(cc2)C(=O)c1cc2c(C(=O)N(C2=O)CC(=O)Nc2ccc(cc2)Oc2ccc(cc2)Oc2ccc(cc2)NC(=O)C*)cc1,0.34069553,uwm_md,train
*N1C(=O)c2c(C1=O)cc(cc2)C(=O)c1cc2c(C(=O)N(C2=O)CCC(=O)Nc2ccc(cc2)Oc2ccc(cc2)Oc2ccc(cc2)NC(=O)CC*)cc1,0.33989797,uwm_md,train
*N1C(=O)c2c(C1=O)cc(cc2)C(=O)c1cc2c(C(=O)N(C2=O)CCCC(=O)Nc2ccc(cc2)Oc2ccc(cc2)Oc2ccc(cc2)NC(=O)CCC*)cc1,0.33944014,uwm_md,train
*N1C(=O)c2c(C1=O)cc(cc2)C(=O)c1cc2c(C(=O)N(C2=O)CCCCCC(=O)Nc2ccc(cc2)Oc2ccc(cc2)Oc2ccc(cc2)NC(=O)CCCCC*)cc1,0.3404124,uwm_md,train
*N1C(=O)c2c(C1=O)cc(cc2)C(=O)c1cc2c(C(=O)N(C2=O)CCCCCCCCCCC(=O)Nc2ccc(cc2)Oc2ccc(cc2)Oc2ccc(cc2)NC(=O)CCCCCCCCCC*)cc1,0.35369987,uwm_md,train
*N1C(=O)c2c(C1=O)cc(cc2)C(=O)c1cc2c(C(=O)N(C2=O)CC(=O)Nc2ccc(cc2)Cc2ccc(cc2)NC(=O)C*)cc1,0.33703091,uwm_md,train
*N1C(=O)c2c(C1=O)cc(cc2)C(=O)c1cc2c(C(=O)N(C2=O)CCC(=O)Nc2ccc(cc2)Cc2ccc(cc2)NC(=O)CC*)cc1,0.33616908,uwm_md,train
*N1C(=O)c2c(C1=O)cc(cc2)C(=O)c1cc2c(C(=O)N(C2=O)CCCC(=O)Nc2ccc(cc2)Cc2ccc(cc2)NC(=O)CCC*)cc1,0.33581592,uwm_md,train
*N1C(=O)c2c(C1=O)cc(cc2)C(=O)c1cc2c(C(=O)N(C2=O)CCCCCC(=O)Nc2ccc(cc2)Cc2ccc(cc2)NC(=O)CCCCC*)cc1,0.33846216,uwm_md,train
*N1C(=O)c2c(C1=O)cc(cc2)C(=O)c1cc2c(C(=O)N(C2=O)CCCCCCCCCCC(=O)Nc2ccc(cc2)Cc2ccc(cc2)NC(=O)CCCCCCCCCC*)cc1,0.35192407,uwm_md,train
*N1C(=O)c2c(C1=O)cc(cc2)C(=O)c1cc2c(C(=O)N(C2=O)CC(=O)Nc2ccc(cc2)NC(=O)C*)cc1,0.32771486,uwm_md,train
*N1C(=O)c2c(C1=O)cc(cc2)C(=O)c1cc2c(C(=O)N(C2=O)CCC(=O)Nc2ccc(cc2)NC(=O)CC*)cc1,0.32686636,uwm_md,test
*N1C(=O)c2c(C1=O)cc(cc2)C(=O)c1cc2c(C(=O)N(C2=O)CCCC(=O)Nc2ccc(cc2)NC(=O)CCC*)cc1,0.32616598,uwm_md,train
*N1C(=O)c2c(C1=O)cc(cc2)C(=O)c1cc2c(C(=O)N(C2=O)CCCCCC(=O)Nc2ccc(cc2)NC(=O)CCCCC*)cc1,0.33248324,uwm_md,train
*N1C(=O)c2c(C1=O)cc(cc2)C(=O)c1cc2c(C(=O)N(C2=O)CCCCCCCCCCC(=O)Nc2ccc(cc2)NC(=O)CCCCCCCCCC*)cc1,0.34716825,uwm_md,train
*N1C(=O)c2c(C1=O)cc(cc2)C(=O)Nc1ccc(cc1)NC(=O)C*,0.3239093,uwm_md,train
*N1C(=O)c2c(C1=O)cc(cc2)C(=O)Nc1ccc(cc1)Cc1ccc(cc1)NC(=O)C*,0.34110112,uwm_md,test
*N1C(=O)c2c(C1=O)cc(cc2)C(=O)Nc1ccc(cc1)S(=O)(=O)c1ccc(cc1)NC(=O)C*,0.33962097,uwm_md,train
*N1C(=O)c2c(C1=O)cc(cc2)C(=O)Nc1ccc(cc1)Oc1ccc(cc1)NC(=O)C*,0.33775225,uwm_md,train
*N1C(=O)c2c(C1=O)cc(cc2)C(=O)Nc1ccc(cc1)Oc1ccc(cc1)Oc1ccc(cc1)NC(=O)C*,0.34047754,uwm_md,train
*N1C(=O)c2c(C1=O)cc(cc2)C(=O)Nc1ccc(cc1)Oc1cc(ccc1)Oc1ccc(cc1)NC(=O)C*,0.34068841,uwm_md,train
*c1cc2c(C(=O)N(C2=O)c2ccc(cc2)C(=O)Nc2ccc(cc2)NC(=O)*)cc1,0.34372152,uwm_md,test
*c1cc2c(C(=O)N(C2=O)c2ccc(cc2)C(=O)Nc2ccc(cc2)Oc2ccc(cc2)NC(=O)*)cc1,0.34828568,uwm_md,train
*c1cc2c(C(=O)N(C2=O)c2cc(ccc2)C#Cc2cc(ccc2)N2C(=O)c3c(C2=O)cc(cc3)C(=O)*)cc1,0.39815997,uwm_md,train
*c1cc2c(C(=O)N(C2=O)c2ccc(cc2)C(=O)c2ccc(cc2)C(=O)c2ccc(cc2)N2C(=O)c3c(C2=O)cc(cc3)C(=O)c2ccc(cc2)C(=O)*)cc1,0.37260592,uwm_md,train
*N1C(=O)c2c(C1=O)cc(cc2)Oc1cc2c(C(=O)N(C2=O)c2ccc(cc2)Oc2ccc(cc2)C(c2ccc(cc2)Oc2ccc(cc2)*)(C(F)(F)F)C(F)(F)F)cc1,0.37553925,uwm_md,train
*N1C(=O)c2c(C1=O)cc(cc2)Oc1ccc(cc1)Sc1ccc(cc1)Oc1cc2c(C(=O)N(C2=O)c2cc(ccc2)Oc2cc(ccc2)Oc2cc(ccc2)*)cc1,0.36222427,uwm_md,train
*N1C(=O)c2c(C1=O)cc(cc2)Oc1ccc(cc1)Sc1ccc(cc1)Oc1cc2c(C(=O)N(C2=O)c2ccc(cc2)Oc2ccc(cc2)C(c2ccc(cc2)Oc2ccc(cc2)*)(C(F)(F)F)C(F)(F)F)cc1,0.37088138,uwm_md,test
*N1C(=O)c2c(C1=O)cc(cc2)Oc1cc2c(C(=O)N(C2=O)c2cc(ccc2)S(=O)(=O)c2cc(ccc2)*)cc1,0.36365297,uwm_md,train
*c1cc2c(C(=O)N(C2=O)c2cc(ccc2)S(=O)(=O)c2cc(ccc2)N2C(=O)c3c(C2=O)cc(cc3)C(=O)*)cc1,0.36903562,uwm_md,train
*N1C(=O)c2c(C1=O)cc(cc2)Oc1ccc(cc1)Oc1cc2c(C(=O)N(C2=O)c2ccc(cc2)Oc2ccc(cc2)c2ccc(cc2)Oc2ccc(cc2)*)cc1,0.36844586,uwm_md,train
*N1C(=O)c2c(C1=O)cc(cc2)Oc1ccc(cc1)Oc1cc2c(C(=O)N(C2=O)c2ccc(cc2)Oc2ccc(cc2)Oc2ccc(cc2)Oc2ccc(cc2)*)cc1,0.363459,uwm_md,train
*N1C(=O)c2c(C1=O)cc(cc2)Oc1ccc(cc1)Oc1cc2c(C(=O)N(C2=O)c2ccc(cc2)Oc2ccc(cc2)Sc2ccc(cc2)Oc2ccc(cc2)*)cc1,0.36490067,uwm_md,train
*N1C(=O)c2c(C1=O)cc(cc2)Oc1ccc(cc1)c1ccc(cc1)Oc1cc2c(C(=O)N(C2=O)c2ccc(cc2)Oc2ccc(cc2)Oc2ccc(cc2)*)cc1,0.36966262,uwm_md,train
*N1C(=O)c2c(C1=O)cc(cc2)Oc1ccc(cc1)c1ccc(cc1)Oc1cc2c(C(=O)N(C2=O)c2ccc(cc2)Oc2ccc(cc2)c2ccc(cc2)Oc2ccc(cc2)*)cc1,0.36892515,uwm_md,test
*N1C(=O)c2c(C1=O)cc(cc2)Oc1ccc(cc1)c1ccc(cc1)Oc1cc2c(C(=O)N(C2=O)c2ccc(cc2)Oc2ccc(cc2)Oc2ccc(cc2)Oc2ccc(cc2)*)cc1,0.36829952,uwm_md,train
*N1C(=O)c2c(C1=O)cc(cc2)Oc1ccc(cc1)c1ccc(cc1)Oc1cc2c(C(=O)N(C2=O)c2ccc(cc2)Oc2ccc(cc2)Sc2ccc(cc2)Oc2ccc(cc2)*)cc1,0.3661288,uwm_md,train
*N1C(=O)c2c(C1=O)cc(cc2)Oc1ccc(cc1)Oc1ccc(cc1)Oc1cc2c(C(=O)N(C2=O)c2ccc(cc2)Oc2ccc(cc2)Oc2ccc(cc2)*)cc1,0.36392805,uwm_md,train
*N1C(=O)c2c(C1=O)cc(cc2)Oc1ccc(cc1)Oc1ccc(cc1)Oc1cc2c(C(=O)N(C2=O)c2ccc(cc2)Oc2ccc(cc2)c2ccc(cc2)Oc2ccc(cc2)*)cc1,0.3631463,uwm_md,train
*N1C(=O)c2c(C1=O)cc(cc2)Oc1ccc(cc1)Sc1ccc(cc1)Oc1cc2c(C(=O)N(C2=O)c2ccc(cc2)Oc2ccc(cc2)Oc2ccc(cc2)*)cc1,0.36605169,uwm_md,train
*N1C(=O)c2c(C1=O)cc(cc2)Oc1ccc(cc1)Sc1ccc(cc1)Oc1cc2c(C(=O)N(C2=O)c2ccc(cc2)Oc2ccc(cc2)c2ccc(cc2)Oc2ccc(cc2)*)cc1,0.36939171,uwm_md,train
*N1C(=O)c2c(C1=O)cc(cc2)Oc1ccc(cc1)Sc1ccc(cc1)Oc1cc2c(C(=O)N(C2=O)c2ccc(cc2)Oc2ccc(cc2)Sc2ccc(cc2)Oc2ccc(cc2)*)cc1,0.36662186,uwm_md,train
*N1C(=O)c2c(C1=O)cc(cc2)[Si](c1cc2c(C(=O)N(C2=O)c2ccc(cc2)Cc2ccc(cc2)*)cc1)(C)C,0.39071977,uwm_md,train
*N1C(=O)c2c(C1=O)cc(cc2)[Si](c1ccc(cc1)[Si](c1cc2c(C(=O)N(C2=O)c2ccc(cc2)Cc2ccc(cc2)*)cc1)(C)C)(C)C,0.39503017,uwm_md,train
*N1C(=O)c2c(C1=O)cc(cc2)[Si](O[Si](c1cc2c(C(=O)N(C2=O)c2ccc(cc2)Cc2ccc(cc2)*)cc1)(C)C)(C)C,0.38469453,uwm_md,test
*N1C(=O)c2c(C1=O)cc(cc2)[Si](O[Si](O[Si](c1cc2c(C(=O)N(C2=O)c2ccc(cc2)Cc2ccc(cc2)*)cc1)(C)C)(C)C)(C)C,0.39061892,uwm_md,train
*N1C(=O)c2c(C1=O)cc(cc2)[Si](c1ccc(cc1)[Si](c1cc2c(C(=O)N(C2=O)c2cc(ccc2)Cc2cc(ccc2)*)cc1)(C)C)(C)C,0.39436632,uwm_md,test
*N1C(=O)c2c(C1=O)cc(cc2)[Si](c1cc2c(C(=O)N(C2=O)c2cc(ccc2)Cc2cc(ccc2)*)cc1)(C)C,0.38669859,uwm_md,train
*N1C(=O)c2c(C1=O)cc(cc2)[Si](c1ccc(cc1)c1ccc(cc1)[Si](c1cc2c(C(=O)N(C2=O)c2cc(ccc2)Cc2cc(ccc2)*)cc1)(C)C)(C)C,0.38577325,uwm_md,train
*N1C(=O)c2c(C1=O)cc(cc2)[Si](O[Si](c1cc2c(C(=O)N(C2=O)c2cc(ccc2)Cc2cc(ccc2)*)cc1)(C)C)(C)C,0.38528717,uwm_md,train
*N1C(=O)c2c(C1=O)cc(cc2)[Si](O[Si](O[Si](c1cc2c(C(=O)N(C2=O)c2cc(ccc2)Cc2cc(ccc2)*)cc1)(C)C)(C)C)(C)C,0.38675185,uwm_md,train
*N1C(=O)c2c(C1=O)c(c(c(c2c1ccccc1)c1ccccc1)c1ccc(cc1)c1c(c2c(C(=O)N(C2=O)c2ccc(cc2)*)c(c1c1ccccc1)c1ccccc1)c1ccccc1)c1ccccc1,0.42520451,uwm_md,train
*N1C(=O)c2c(C1=O)c(c(c(c2c1ccccc1)c1ccccc1)c1ccc(cc1)c1c(c2c(C(=O)N(C2=O)c2cc(ccc2)*)c(c1c1ccccc1)c1ccccc1)c1ccccc1)c1ccccc1,0.40285213,uwm_md,train
*N1C(=O)c2c(C1=O)c(c(c(c2c1ccccc1)c1ccccc1)c1ccc(cc1)c1c(c2c(C(=O)N(C2=O)c2ccc(cc2)Oc2ccc(cc2)*)c(c1c1ccccc1)c1ccccc1)c1ccccc1)c1ccccc1,0.4068871,uwm_md,train
*N1C(=O)c2c(C1=O)c(c(c(c2c1ccccc1)c1ccccc1)c1ccc(cc1)c1c(c2c(C(=O)N(C2=O)c2cc(ccc2)Oc2cc(ccc2)Oc2cc(ccc2)*)c(c1c1ccccc1)c1ccccc1)c1ccccc1)c1ccccc1,0.38403855,uwm_md,train
*N1C(=O)c2c(C1=O)c(c(c(c2c1ccccc1)c1ccccc1)c1ccc(cc1)Oc1ccc(cc1)c1c(c2c(C(=O)N(C2=O)c2ccc(cc2)c2ccc(cc2)*)c(c1c1ccccc1)c1ccccc1)c1ccccc1)c1ccccc1,0.41331877,uwm_md,train
*c1c(c2c(C(=O)N(C2=O)c2ccc(cc2)N2C(=O)c3c(C2=O)c(c(c(c3c2ccccc2)c2ccccc2)c2ccc(cc2)Oc2ccc(cc2)*)c2ccccc2)c(c1c1ccccc1)c1ccccc1)c1ccccc1,0.41683897,uwm_md,train
*N1C(=O)c2c(C1=O)c(c(c(c2c1ccccc1)c1ccccc1)c1ccc(cc1)Oc1ccc(cc1)c1c(c2c(C(=O)N(C2=O)c2ccc(cc2)Oc2ccc(cc2)*)c(c1c1ccccc1)c1ccccc1)c1ccccc1)c1ccccc1,0.40870638,uwm_md,train
*N1C(=O)c2c(C1=O)c(c(c(c2c1ccccc1)c1ccccc1)c1ccc(cc1)Oc1ccc(cc1)c1c(c2c(C(=O)N(C2=O)c2ccc(cc2)Cc2ccc(cc2)*)c(c1c1ccccc1)c1ccccc1)c1ccccc1)c1ccccc1,0.40959126,uwm_md,test
*c1c(c2c(C(=O)N(C2=O)c2cc(ccc2)N2C(=O)c3c(C2=O)c(c(c(c3c2ccccc2)c2ccccc2)c2ccc(cc2)Oc2ccc(cc2)*)c2ccccc2)c(c1c1ccccc1)c1ccccc1)c1ccccc1,0.40245453,uwm_md,test
*N1C(=O)c2c(C1=O)c(c(c(c2c1ccccc1)c1ccccc1)c1ccc(cc1)Oc1ccc(cc1)c1c(c2c(C(=O)N(C2=O)c2cc(ccc2)Oc2cc(ccc2)Oc2cc(ccc2)*)c(c1c1ccccc1)c1ccccc1)c1ccccc1)c1ccccc1,0.39052632,uwm_md,test
*N1C(=O)c2c(C1=O)c(c(c(c2c1ccccc1)c1ccccc1)c1ccc(cc1)Oc1ccc(cc1)Oc1ccc(cc1)c1c(c2c(C(=O)N(C2=O)c2cc(ccc2)Oc2cc(ccc2)Oc2cc(ccc2)*)c(c1c1ccccc1)c1ccccc1)c1ccccc1)c1ccccc1,0.38817266,uwm_md,train
*c1cc2c(C(=O)N(C2=O)c2c(ccc(c2)N2C(=O)c3c(C2=O)cc(cc3)C(=O)*)CP(=O)(OCCCl)OCCCl)cc1,0.37206034,uwm_md,train
*c1cc2c(C(=O)N(C2=O)c2cc3Cc4c(c3cc2)ccc(c4)N2C(=O)c3c(C2=O)cc(cc3)C(*)(C(F)(F)F)C(F)(F)F)cc1,0.40300966,uwm_md,train
*c1cc2c(C(=O)N(C2=O)c2cc(ccc2)C(c2cc(ccc2)N2C(=O)c3c(C2=O)cc(cc3)C(*)(C(F)(F)F)C(F)(F)F)(C(F)(F)F)C(F)(F)F)cc1,0.38091589,uwm_md,test
*N1C(=O)c2c(C1=O)cc(cc2)Oc1cc(ccc1)Oc1cc2c(C(=O)N(C2=O)c2ccc(cc2)Oc2ccc(cc2)S(=O)(=O)c2ccc(cc2)Oc2ccc(cc2)*)cc1,0.35950007,uwm_md,train
*N1C(=O)c2c(C1=O)cc(cc2)Oc1ccc(cc1)Oc1ccc(cc1)Oc1cc2c(C(=O)N(C2=O)c2ccc(cc2)Oc2ccc(cc2)C(=O)c2cc(ccc2)C(=O)c2ccc(cc2)Oc2ccc(cc2)*)cc1,0.36312657,uwm_md,train
*N1C(=O)c2c(C1=O)cc(cc2)Oc1ccc(cc1)Sc1ccc(cc1)Oc1cc2c(C(=O)N(C2=O)c2ccc(cc2)Oc2ccc(cc2)C(=O)c2cc(ccc2)C(=O)c2ccc(cc2)Oc2ccc(cc2)*)cc1,0.36404303,uwm_md,test
*N1C(=O)c2c(C1=O)cc(cc2)[Si](c1cc2c(C(=O)N(C2=O)c2ccc(cc2)Oc2ccc(cc2)C(=O)c2cc(ccc2)C(=O)c2ccc(cc2)Oc2ccc(cc2)*)cc1)(C)C,0.37212317,uwm_md,train
*c1cc2c(C(=O)N(C2=O)c2ccc(cc2)Oc2ccc(cc2)C(=O)c2cc3c(cc2)cc(cc3)C(=O)c2ccc(cc2)Oc2ccc(cc2)N2C(=O)c3c(C2=O)cc(cc3)C(=O)*)cc1,0.3742742,uwm_md,train
*c1cc2c(C(=O)N(C2=O)c2cc(cc(c2)C(=O)c2ccccc2)N2C(=O)c3c(C2=O)cc(cc3)C(=O)*)cc1,0.37719699,uwm_md,train
*c1cc2c(C(=O)N(C2=O)c2c(cccc2)C(=O)c2ccc(cc2)N2C(=O)c3c(C2=O)cc(cc3)C(=O)*)cc1,0.37514628,uwm_md,train
*c1cc2c(C(=O)N(C2=O)c2c(cccc2)C(=O)c2cc(ccc2)N2C(=O)c3c(C2=O)cc(cc3)C(=O)*)cc1,0.37500133,uwm_md,train
*c1cc2c(C(=O)N(C2=O)c2c(cccc2)C(=O)c2c(cccc2)N2C(=O)c3c(C2=O)cc(cc3)C(=O)*)cc1,0.38153591,uwm_md,train
*c1cc2c(C(=O)N(C2=O)c2c(cccc2)Cc2ccc(cc2)N2C(=O)c3c(C2=O)cc(cc3)C(=O)*)cc1,0.3701528,uwm_md,test
*c1cc2c(C(=O)N(C2=O)c2c(cccc2)Cc2cc(ccc2)N2C(=O)c3c(C2=O)cc(cc3)C(=O)*)cc1,0.37007109,uwm_md,train
*c1cc2c(C(=O)N(C2=O)c2c(cccc2)Cc2c(cccc2)N2C(=O)c3c(C2=O)cc(cc3)C(=O)*)cc1,0.37730051,uwm_md,test
*c1cc2c(C(=O)N(C2=O)c2c(cccc2)Oc2ccc(cc2)N2C(=O)c3c(C2=O)cc(cc3)C(=O)*)cc1,0.36896466,uwm_md,train
*c1cc2c(C(=O)N(C2=O)c2c(cccc2)c2ccc(cc2)N2C(=O)c3c(C2=O)cc(cc3)C(=O)*)cc1,0.37532508,uwm_md,train
*c1cc2c(C(=O)N(C2=O)N2C(=O)c3c(C2=O)cc(cc3)Oc2ccc(cc2)C(c2ccc(cc2)O*)(C)C)cc1,0.37987007,uwm_md,train
*OC(=O)NC(=O)c1cc(ccc1)C(=O)NC(=O)OCC(C*)(C)C,0.3112599,uwm_md,train
*OC(=O)NC(=O)c1ccc(cc1)C(=O)NC(=O)OCC(C*)(C)C,0.31265064,uwm_md,train
*OC(=O)NC(=O)c1cc(ccc1)C(=O)NC(=O)OCC(C*)CCCC,0.32018631,uwm_md,train
*OC(=O)NC(=O)c1cc(ccc1)C(=O)NC(=O)OCC(C*)CCCCCCCC,0.33456199,uwm_md,train
*OC(=O)NC(=O)c1cc(ccc1)C(=O)NC(=O)OCC(C*)CCCCCCCCCCCC,0.34491692,uwm_md,test
*OC(=O)NC(=O)c1ccc(cc1)C(=O)NC(=O)OCC(C*)CCCCCCCCCCCC,0.34646463,uwm_md,train
*OC(=O)NC(=O)c1cc(cc(c1)C(C)(C)C)C(=O)NC(=O)OCC(C*)(C)C,0.33019089,uwm_md,train
*Oc1ccc(cc1)C(c1ccc(cc1)OC(=O)NC(=O)c1cc(cc(c1)C(C)(C)C)C(=O)NC(=O)*)(C)C,0.3446568,uwm_md,train
*Oc1ccc(cc1)Oc1ccc(cc1)OC(=O)NC(=O)c1cc(cc(c1)C(C)(C)C)C(=O)NC(=O)*,0.33792975,uwm_md,test
*c1cc2c(C(=O)N(C2=O)c2ccc(cc2)C(=O)OCCCSCCCCSCCCOC(=O)*)cc1,0.35877417,uwm_md,train
*c1cc2c(C(=O)N(C2=O)c2ccc(cc2)C(=O)OCCCSCCCCCCSCCCOC(=O)*)cc1,0.35879978,uwm_md,train
*c1cc2c(C(=O)N(C2=O)c2ccc(cc2)C(=O)OCCOCCOC(=O)*)cc1,0.32926001,uwm_md,test
*c1cc2c(C(=O)N(C2=O)c2cc(ccc2)Oc2ccc(cc2)P(=O)(c2ccc(cc2)Oc2cc(ccc2)N2C(=O)c3c(C2=O)cc(cc3)C(*)(C(F)(F)F)C(F)(F)F)c2ccccc2)cc1,0.37783134,uwm_md,train
*c1cc2c(C(=O)N(C2=O)c2ccc(cc2)C(=O)OCCOCCOCCOCCOC(=O)*)cc1,0.33294368,uwm_md,test
*c1cc2c(C(=O)N(C2=O)c2ccc(cc2)Cc2ccc(cc2)NC(=O)*)cc1,0.35705225,uwm_md,train
*c1cc2c(C(=O)N(C2=O)c2ccc(cc2)C(=O)Nc2ccc(cc2)Oc2ccc(cc2)C(c2ccc(cc2)Oc2ccc(cc2)NC(=O)*)(C)C)cc1,0.36224354,uwm_md,train
*c1cc2c(C(=O)N(C2=O)c2ccc(cc2)C(=O)Nc2cc(ccc2)Oc2ccc(cc2)S(=O)(=O)c2ccc(cc2)Oc2cc(ccc2)NC(=O)*)cc1,0.35369558,uwm_md,train
*c1cc2c(C(=O)N(C2=O)c2cc(ccc2)Oc2ccc(cc2)N2C(=O)c3c(C2=O)cc(cc3)C(=O)Nc2cc(ccc2)Oc2ccc(cc2)NC(=O)*)cc1,0.35225181,uwm_md,train
*c1cc2c(C(=O)N(C2=O)c2cc(ccc2)Oc2ccc(cc2)N2C(=O)c3c(C2=O)cc(cc3)C(=O)Nc2ccc(cc2)Oc2ccc(cc2)C(c2ccc(cc2)Oc2ccc(cc2)NC(=O)*)(C)C)cc1,0.36079128,uwm_md,train
*c1cc2c(C(=O)N(C2=O)c2ccc(cc2)C(=O)Nc2ccc(cc2)Oc2ccc(cc2)NC(=O)c2ccc(cc2)N2C(=O)c3c(C2=O)cc(cc3)C(*)(C(F)(F)F)C(F)(F)F)cc1,0.36250996,uwm_md,train
*c1cc2c(C(=O)N(C2=O)c2ccc(cc2)C(=O)Nc2ccc(cc2)Oc2ccc(cc2)C(c2ccc(cc2)Oc2ccc(cc2)NC(=O)c2ccc(cc2)N2C(=O)c3c(C2=O)cc(cc3)C(*)(C(F)(F)F)C(F)(F)F)(C)C)cc1,0.36335093,uwm_md,test
*c1cc2c(C(=O)N(C2=O)c2cc(ccc2)C(=O)Nc2ccc(cc2)Oc2ccc(cc2)NC(=O)c2cc(ccc2)N2C(=O)c3c(C2=O)cc(cc3)C(*)(C(F)(F)F)C(F)(F)F)cc1,0.35705395,uwm_md,train
*c1cc2c(C(=O)N(C2=O)c2cc(ccc2)C(=O)Nc2ccc(cc2)NC(=O)c2cc(ccc2)N2C(=O)c3c(C2=O)cc(cc3)C(*)(C(F)(F)F)C(F)(F)F)cc1,0.35936185,uwm_md,train
*N1C(=O)c2c(C1=O)cc(cc2)Oc1c(cccc1)Oc1cc2c(C(=O)N(C2=O)c2cc(ccc2)*)cc1,0.36147212,uwm_md,train
*N1C(=O)c2c(C1=O)cc(cc2)Oc1c(cccc1)Oc1cc2c(C(=O)N(C2=O)c2ccc(cc2)Oc2ccc(cc2)*)cc1,0.36153949,uwm_md,train
*N1C(=O)c2c(C1=O)cc(cc2)Oc1c(cccc1)Oc1cc2c(C(=O)N(C2=O)c2ccc(cc2)Oc2ccc(cc2)Oc2ccc(cc2)*)cc1,0.35799953,uwm_md,train
*N1C(=O)c2c(C1=O)cc(cc2)Oc1c(cccc1)Oc1cc2c(C(=O)N(C2=O)c2ccc(cc2)Oc2c(cccc2)Oc2ccc(cc2)*)cc1,0.35809599,uwm_md,train
*N1C(=O)c2c(C1=O)cc(cc2)Oc1c(cccc1)Oc1cc2c(C(=O)N(C2=O)c2ccc(cc2)Oc2cc3c(cc2Oc2ccc(cc2)*)cccc3)cc1,0.35912156,uwm_md,test
*N1C(=O)c2c(C1=O)cc(cc2)Oc1c(cccc1)Oc1cc2c(C(=O)N(C2=O)c2ccc(cc2)Oc2ccc(cc2)c2ccc(cc2)Oc2ccc(cc2)*)cc1,0.36159124,uwm_md,train
*N1C(=O)c2c(C1=O)cc(cc2)Oc1cc2c(cc1Oc1cc3c(C(=O)N(C3=O)c3ccc(cc3)Oc3c(cccc3)Oc3ccc(cc3)*)cc1)cccc2,0.36199186,uwm_md,train
*N1C(=O)c2c(C1=O)cc(cc2)Oc1cc2c(cc1Oc1cc3c(C(=O)N(C3=O)c3ccc(cc3)Oc3cc4c(cc3Oc3ccc(cc3)*)cccc4)cc1)cccc2,0.36656282,uwm_md,train
*N1C(=O)c2c(C1=O)cc(cc2)Oc1cc2c(C(=O)N(C2=O)CCCCCCC*)cc1,0.3473574,uwm_md,test
*N1C(=O)c2c(C1=O)cc(cc2)Oc1cc2c(C(=O)N(C2=O)CCCCCCCCCCC*)cc1,0.3550053,uwm_md,train
*c1cc2c(C(=O)N(C2=O)c2cc(c(cc2)c2c(cc(cc2)N2C(=O)c3c(C2=O)cc(cc3)C(*)(C(F)(F)F)C(F)(F)F)C(F)(F)F)C(F)(F)F)cc1,0.4023531,uwm_md,test
*c1cc2c(C(=O)N(C2=O)c2cc(c(cc2)c2c(cc(cc2)N2C(=O)c3c(C2=O)cc(cc3)C(*)(c2ccccc2)C(F)(F)F)C(F)(F)F)C(F)(F)F)cc1,0.41024924,uwm_md,train
*N1C(=O)c2c(C1=O)cc(cc2)P(=O)(c1cc2c(C(=O)N(C2=O)c2ccc(cc2)*)cc1)c1ccccc1,0.40605491,uwm_md,test
*N1C(=O)c2c(C1=O)cc(cc2)P(=O)(c1cc2c(C(=O)N(C2=O)c2ccc(cc2)Oc2ccc(cc2)*)cc1)c1ccccc1,0.39239064,uwm_md,test
*N1C(=O)c2c(C1=O)cc(cc2)P(=O)(c1cc2c(C(=O)N(C2=O)c2cc(cc(c2)C(F)(F)F)*)cc1)c1ccccc1,0.3984853,uwm_md,train
*N1C(=O)c2c(C1=O)cc(cc2)P(=O)(c1cc2c(C(=O)N(C2=O)c2cc(ccc2)*)cc1)c1ccccc1,0.3954689,uwm_md,train
*N1C(=O)c2c(C1=O)cc(cc2)c1cc2c(C(=O)N(C2=O)c2ccc(cc2)N2C(=O)c3c(C2=O)cc(cc3)C(c2cc3c(C(=O)N(C3=O)c3ccc(cc3)*)cc2)(C(F)(F)F)C(F)(F)F)cc1,0.39383584,uwm_md,train
*N1C(=O)c2c(C1=O)cc(cc2)c1cc2c(C(=O)N(C2=O)c2cc(ccc2)N2C(=O)c3c(C2=O)cc(cc3)C(c2cc3c(C(=O)N(C3=O)c3cc(ccc3)*)cc2)(C(F)(F)F)C(F)(F)F)cc1,0.37976208,uwm_md,test
*c1cc2c(C(=O)N(C2=O)c2cc(ccc2)NC(=O)c2cc(ccc2)C(=O)Nc2cc(ccc2)N2C(=O)c3c(C2=O)cc(cc3)C(=O)*)cc1,0.3482104,uwm_md,train
*c1cc2c(C(=O)N(C2=O)c2ccc(cc2)OCCOc2ccc(cc2)N2C(=O)c3c(C2=O)cc(cc3)C(*)(C(F)(F)F)C(F)(F)F)cc1,0.36013194,uwm_md,train
*c1cc2c(C(=O)N(C2=O)c2ccc(cc2)OCCOCCOc2ccc(cc2)N2C(=O)c3c(C2=O)cc(cc3)C(*)(C(F)(F)F)C(F)(F)F)cc1,0.34948491,uwm_md,train
*c1cc2c(C(=O)N(C2=O)c2ccc(cc2)OCCOCCOCCOc2ccc(cc2)N2C(=O)c3c(C2=O)cc(cc3)C(*)(C(F)(F)F)C(F)(F)F)cc1,0.34535563,uwm_md,train
*c1cc2c(C(=O)N(C2=O)c2ccc(cc2)Oc2ccc(cc2)N2C(=O)c3c(C2=O)cc(cc3)C(=O)Nc2cc(ccc2)Oc2ccc(cc2)NC(=O)*)cc1,0.3509688,uwm_md,train
*c1cc2c(C(=O)N(C2=O)c2ccc(cc2)Oc2ccc(cc2)N2C(=O)c3c(C2=O)cc(cc3)C(=O)Nc2ccc(cc2)Cc2ccc(cc2)NC(=O)*)cc1,0.3587615,uwm_md,train
*c1cc2c(C(=O)N(C2=O)c2ccc(cc2)Oc2ccc(cc2)N2C(=O)c3c(C2=O)cc(cc3)C(=O)Nc2ccc(cc2)Sc2ccc(cc2)NC(=O)*)cc1,0.35778072,uwm_md,train
*c1cc2c(C(=O)N(C2=O)c2ccc(cc2)Oc2ccc(cc2)N2C(=O)c3c(C2=O)cc(cc3)C(=O)Nc2ccc(cc2)Oc2ccc(cc2)Oc2ccc(cc2)NC(=O)*)cc1,0.35336088,uwm_md,train
*c1cc2c(C(=O)N(C2=O)c2ccc(cc2)Cc2ccc(cc2)N2C(=O)c3c(C2=O)cc(cc3)C(=O)Nc2ccc(cc2)Oc2ccc(cc2)NC(=O)*)cc1,0.3580544,uwm_md,train
*c1cc2c(C(=O)N(C2=O)c2ccc(cc2)S(=O)(=O)c2ccc(cc2)N2C(=O)c3c(C2=O)cc(cc3)C(=O)Nc2ccc(cc2)Oc2ccc(cc2)Oc2ccc(cc2)NC(=O)*)cc1,0.35854864,uwm_md,test
*c1cc2c(C(=O)N(C2=O)C2CCC(CC2)CC2CCC(CC2)N2C(=O)c3c(C2=O)cc(cc3)C(=O)Nc2ccc(cc2)Oc2ccc(cc2)NC(=O)*)cc1,0.36177897,uwm_md,train
*c1cc2c(C(=O)N(C2=O)c2c(c(ccc2)N2C(=O)c3c(C2=O)cc(cc3)C(*)(C(F)(F)F)C(F)(F)F)C)cc1,0.39473937,uwm_md,train
*N1C(=O)c2c(C1=O)cc(cc2)c1cc2c(C(=O)N(C2=O)c2c(cc(c(c2C)*)C)C)cc1,0.42202821,uwm_md,train
*c1cc2c(C(=O)N(C2=O)c2c(cc(c(c2C)N2C(=O)c3c(C2=O)cc(c(c3)Cl)C(=O)*)C)C)cc1Cl,0.41818103,uwm_md,test
*c1cc2c(C(=O)N(C2=O)c2cc(ccc2)N2C(=O)c3c(C2=O)cc(c(c3)Cl)C(=O)*)cc1Cl,0.38683576,uwm_md,train
*c1cc2c(C(=O)N(C2=O)c2cc(cc(c2)C(C)(C)C)N2C(=O)c3c(C2=O)cc(c(c3)Cl)C(=O)*)cc1Cl,0.41625991,uwm_md,train
*c1cc2c(C(=O)N(C2=O)c2cc(cc(c2)C(=O)O)N2C(=O)c3c(C2=O)cc(c(c3)Cl)C(=O)*)cc1Cl,0.37662267,uwm_md,test
*c1cc2c(C(=O)N(C2=O)c2cc(cc(c2)C(=O)OC)N2C(=O)c3c(C2=O)cc(c(c3)Cl)C(=O)*)cc1Cl,0.39142907,uwm_md,train
*c1cc2c(C(=O)N(C2=O)c2cc(cc(c2)C(F)(F)F)N2C(=O)c3c(C2=O)cc(c(c3)Cl)C(=O)*)cc1Cl,0.39475422,uwm_md,train
*c1cc2c(C(=O)N(C2=O)c2cc(cc(c2)Cl)N2C(=O)c3c(C2=O)cc(c(c3)Cl)C(=O)*)cc1Cl,0.39611043,uwm_md,train
*c1cc2c(C(=O)N(C2=O)c2c(cc(c(c2)Cl)N2C(=O)c3c(C2=O)cc(c(c3)Cl)C(=O)*)Cl)cc1Cl,0.40503796,uwm_md,train
*c1cc2c(C(=O)N(C2=O)c2cc(cc(c2)C(=O)O)N2C(=O)c3c(C2=O)cc(cc3)C(=O)*)cc1,0.3614755,uwm_md,train
*c1cc2c(C(=O)N(C2=O)c2cc(cc(c2)C(F)(F)F)N2C(=O)c3c(C2=O)cc(cc3)C(=O)*)cc1,0.38109173,uwm_md,train
*c1cc2c(C(=O)N(C2=O)c2ccc(cc2)Oc2cc3c(cc2)ccc(c3)Oc2ccc(cc2)N2C(=O)c3c(C2=O)cc(cc3)C(=O)Nc2cc(ccc2)NC(=O)*)cc1,0.35133483,uwm_md,test
*c1cc2c(C(=O)N(C2=O)c2ccc(cc2)Oc2cc3c(cc2)ccc(c3)Oc2ccc(cc2)N2C(=O)c3c(C2=O)cc(cc3)C(=O)Nc2cc(ccc2)Oc2ccc(cc2)NC(=O)*)cc1,0.35874109,uwm_md,train
*c1cc2c(C(=O)N(C2=O)c2ccc(cc2)Oc2cc3c(cc2)ccc(c3)Oc2ccc(cc2)N2C(=O)c3c(C2=O)cc(cc3)C(=O)Nc2ccc(cc2)Cc2ccc(cc2)NC(=O)*)cc1,0.35646665,uwm_md,train
*c1cc2c(C(=O)N(C2=O)c2ccc(cc2)Oc2cc3c(cc2)ccc(c3)Oc2ccc(cc2)N2C(=O)c3c(C2=O)cc(cc3)C(=O)Nc2ccc(cc2)C(c2ccc(cc2)NC(=O)*)(C(F)(F)F)C(F)(F)F)cc1,0.35976848,uwm_md,test
*c1cc2c(C(=O)N(C2=O)c2ccc(cc2)Oc2cc3c(cc2)ccc(c3)Oc2ccc(cc2)N2C(=O)c3c(C2=O)cc(cc3)C(=O)Nc2ccc(cc2)Oc2ccc(cc2)C(c2ccc(cc2)Oc2ccc(cc2)NC(=O)*)(C(F)(F)F)C(F)(F)F)cc1,0.36278753,uwm_md,train
*c1cc2c(C(=O)N(C2=O)c2ccc(cc2)Oc2cc3c(cc2)ccc(c3)Oc2ccc(cc2)N2C(=O)c3c(C2=O)cc(cc3)C(=O)Nc2ccc(cc2)Oc2ccc(cc2)C(c2ccc(cc2)Oc2ccc(cc2)NC(=O)*)(C)C)cc1,0.36074861,uwm_md,train
*c1cc2c(C(=O)N(C2=O)c2ccc(cc2)Oc2cc3c(cc2)ccc(c3)Oc2ccc(cc2)N2C(=O)c3c(C2=O)cc(cc3)C(=O)Nc2ccc(cc2)Oc2ccc(cc2)S(=O)(=O)c2ccc(cc2)Oc2ccc(cc2)NC(=O)*)cc1,0.35762799,uwm_md,test
*N1C(=O)c2c(C1=O)cc(cc2)c1cc2c(C(=O)N(C2=O)c2ccc(cc2)S(=O)(=O)c2ccc(cc2)*)cc1,0.37525452,uwm_md,train
*c1cc2c(C(=O)N(C2=O)c2ccc(cc2)C2(c3ccccc3c3ccccc23)c2ccc(cc2)N2C(=O)c3c(C2=O)cc(cc3)C(=O)*)cc1,0.42161644,uwm_md,train
*N1C(=O)c2c(C1=O)cc(cc2)C(c1cc2c(C(=O)N(C2=O)CCCCCC*)cc1)(C(F)(F)F)C(F)(F)F,0.34666187,uwm_md,train
*c1cc2c(C(=O)N(C2=O)c2c(cc(cc2)Cc2cc(c(cc2)N2C(=O)c3c(C2=O)cc(cc3)C(*)(C(F)(F)F)C(F)(F)F)C(C)(C)C)C(C)(C)C)cc1,0.41254221,uwm_md,train
*c1cc2c(C(=O)N(C2=O)c2c(cc(cc2C)Cc2cc(c(c(c2)C)N2C(=O)c3c(C2=O)cc(cc3)C(*)(C(F)(F)F)C(F)(F)F)C)C)cc1,0.41239714,uwm_md,test
*c1cc2c(C(=O)N(C2=O)c2c(cc(cc2CC)Cc2cc(c(c(c2)CC)N2C(=O)c3c(C2=O)cc(cc3)C(*)(C(F)(F)F)C(F)(F)F)CC)CC)cc1,0.41266288,uwm_md,train
*c1cc2c(C(=O)N(C2=O)c2c(cc(cc2C)Cc2cc(c(c(c2)C(C)C)N2C(=O)c3c(C2=O)cc(cc3)C(*)(C(F)(F)F)C(F)(F)F)C)C(C)C)cc1,0.42131241,uwm_md,train
*c1cc2c(C(=O)N(C2=O)c2ccc(cc2)C(c2ccc(cc2)N2C(=O)c3c(C2=O)cc(cc3)C(*)(C(F)(F)F)C(F)(F)F)(c2ccccc2)C(F)(F)F)cc1,0.40799156,uwm_md,train
*c1cc2c(C(=O)N(C2=O)c2c(cc(cc2C)C(c2cc(c(c(c2)C(C)C)N2C(=O)c3c(C2=O)cc(cc3)C(*)(C(F)(F)F)C(F)(F)F)C)(c2ccccc2)C(F)(F)F)C(C)C)cc1,0.43647003,uwm_md,train
*c1cc2c(C(=O)N(C2=O)c2c(cc(cc2C(C)C)C(c2cc(c(c(c2)C(C)C)N2C(=O)c3c(C2=O)cc(cc3)C(*)(C(F)(F)F)C(F)(F)F)C(C)C)(c2ccccc2)C(F)(F)F)C(C)C)cc1,0.44811081,uwm_md,train
*c1cc2c(C(=O)N(C2=O)c2ccc(cc2)C2(c3ccccc3c3ccccc23)c2ccc(cc2)N2C(=O)c3c(C2=O)cc(cc3)C(*)(C(F)(F)F)C(F)(F)F)cc1,0.42357892,uwm_md,train
*c1cc2c(C(=O)N(C2=O)c2c(cc(cc2)C2(c3ccccc3c3ccccc23)c2cc(c(cc2)N2C(=O)c3c(C2=O)cc(cc3)C(*)(C(F)(F)F)C(F)(F)F)F)F)cc1,0.42499356,uwm_md,train
*c1cc2c(C(=O)N(C2=O)c2c(cc(cc2)C2(c3ccccc3c3ccccc23)c2cc(c(cc2)N2C(=O)c3c(C2=O)cc(cc3)C(*)(C(F)(F)F)C(F)(F)F)C(C)C)C(C)C)cc1,0.43454903,uwm_md,test
*c1cc2c(C(=O)N(C2=O)c2c(cc(cc2C)C2(c3ccccc3c3ccccc23)c2cc(c(c(c2)C)N2C(=O)c3c(C2=O)cc(cc3)C(*)(C(F)(F)F)C(F)(F)F)C)C)cc1,0.44643789,uwm_md,test
*c1cc2c(C(=O)N(C2=O)c2c(cc(cc2C)C2(c3ccccc3c3ccccc23)c2cc(c(c(c2)C(C)C)N2C(=O)c3c(C2=O)cc(cc3)C(*)(C(F)(F)F)C(F)(F)F)C)C(C)C)cc1,0.44640545,uwm_md,train
*c1cc2c(C(=O)N(C2=O)c2c(cc(cc2)c2cc(c(cc2)N2C(=O)c3c(C2=O)cc(cc3)C(*)(C(F)(F)F)C(F)(F)F)C)C)cc1,0.40122658,uwm_md,train
*c1cc2c(C(=O)N(C2=O)c2c(cc(cc2C)c2cc(c(c(c2)C)N2C(=O)c3c(C2=O)cc(cc3)C(*)(C(F)(F)F)C(F)(F)F)C)C)cc1,0.41327874,uwm_md,train
*c1cc2c(C(=O)N(C2=O)c2c(cc(cc2C(C)C)Cc2cc(c(c(c2)C(C)C)N2C(=O)c3c(C2=O)cc(cc3)C(*)(C(F)(F)F)C(F)(F)F)C(C)C)C(C)C)cc1,0.43780015,uwm_md,train
*N1C(=O)c2c(C1=O)cc(cc2)C(=O)Nc1ccc(cc1)S(=O)(=O)c1ccc(cc1)NC(=O)c1cc2c(C(=O)N(C2=O)CCCCCC*)cc1,0.34497827,uwm_md,train
*N1C(=O)c2c(C1=O)cc(cc2)C(=O)Nc1cc(ccc1)S(=O)(=O)c1ccc(cc1)NC(=O)c1cc2c(C(=O)N(C2=O)CCCCCC*)cc1,0.34528361,uwm_md,train
*c1cc2c(C(=O)N(C2=O)c2ccc(cc2)OCCOCCOCCOCCOc2ccc(cc2)N2C(=O)c3c(C2=O)cc(cc3)C(*)(C(F)(F)F)C(F)(F)F)cc1,0.34187588,uwm_md,train
*c1cc2c(C(=O)N(C2=O)c2ccc(cc2)Oc2cc3c(cc2)ccc(c3)Oc2ccc(cc2)N2C(=O)c3c(C2=O)cc(cc3)C(=O)Nc2ccc(cc2)c2sc(c(c2c2ccccc2)c2ccccc2)c2ccc(cc2)NC(=O)*)cc1,0.38350821,uwm_md,train
*c1cc2c(C(=O)N(C2=O)c2c(ccc(c2)N2C(=O)c3c(C2=O)cc(cc3)C(*)(C(F)(F)F)C(F)(F)F)C)cc1,0.39717883,uwm_md,train
*c1cc2c(C(=O)N(C2=O)c2cc(cc(c2)C(F)(F)F)N2C(=O)c3c(C2=O)cc(cc3)C(*)(C(F)(F)F)C(F)(F)F)cc1,0.39841654,uwm_md,test
*c1cc2c(C(=O)N(C2=O)c2ccc(cc2)S(=O)(=O)c2ccc(cc2)N2C(=O)c3c(C2=O)cc(cc3)C(*)(C(F)(F)F)C(F)(F)F)cc1,0.38857369,uwm_md,train
*c1c2C(=O)N(C(=O)c2c(c2ccccc12)c1ccc(cc1)Oc1ccc(cc1)C(=O)c1ccc(cc1)Oc1ccc(cc1)*)C,0.37568068,uwm_md,train
*c1c2C(=O)N(C(=O)c2c(c2ccccc12)c1ccc(cc1)Oc1ccc(cc1)C(=O)c1ccc(cc1)Oc1ccc(cc1)*)CCCCCCCCCCCC,0.37658949,uwm_md,train
*c1c2C(=O)N(C(=O)c2c(c2ccccc12)c1ccc(cc1)Oc1ccc(cc1)C(=O)c1ccc(cc1)Oc1ccc(cc1)*)c1ccccc1,0.38301295,uwm_md,train
*c1c2C(=O)N(C(=O)c2c(c2ccccc12)c1ccc(cc1)Oc1ccc(cc1)C(=O)c1ccc(cc1)Oc1ccc(cc1)*)c1ccc(cc1)Cl,0.38253331,uwm_md,train
*c1c2C(=O)N(C(=O)c2c(c2ccccc12)c1ccc(cc1)Oc1ccc(cc1)C(=O)c1ccc(cc1)Oc1ccc(cc1)*)c1ccc(cc1)F,0.3755704,uwm_md,train
*c1c2C(=O)N(C(=O)c2c(c2ccccc12)c1ccc(cc1)Oc1ccc(cc1)C(=O)c1ccc(cc1)Oc1ccc(cc1)*)c1cc(ccc1)C(F)(F)F,0.37753065,uwm_md,train
*c1c2C(=O)N(C(=O)c2c(c2ccccc12)c1ccc(cc1)Oc1ccc(cc1)C(=O)c1ccc(cc1)Oc1ccc(cc1)*)c1ccc(cc1)C(F)(F)F,0.38171979,uwm_md,train
*c1c2C(=O)N(C(=O)c2c(c2ccccc12)c1ccc(cc1)Oc1ccc(cc1)C(=O)c1ccc(cc1)Oc1ccc(cc1)*)c1c(cccc1)F,0.37981659,uwm_md,test
*c1c2C(=O)N(C(=O)c2c(c2ccccc12)c1ccc(cc1)Oc1ccc(cc1)C(=O)c1ccc(cc1)Oc1ccc(cc1)*)c1c(cccc1)C(F)(F)F,0.38249401,uwm_md,test
*c1c2C(=O)N(C(=O)c2c(c2ccccc12)c1ccc(cc1)Oc1ccc(cc1)C(=O)c1ccc(cc1)Oc1ccc(cc1)*)c1c(cccc1)c1ccccc1,0.38081371,uwm_md,test
*c1c2C(=O)N(C(=O)c2c(c2ccccc12)c1ccc(cc1)Oc1ccc(cc1)S(=O)(=O)c1ccc(cc1)Oc1ccc(cc1)*)C,0.3747633,uwm_md,train
*c1c2C(=O)N(C(=O)c2c(c2ccccc12)c1ccc(cc1)Oc1ccc(cc1)S(=O)(=O)c1ccc(cc1)Oc1ccc(cc1)*)CCCCCCCCCCCC,0.37826557,uwm_md,train
*c1c2C(=O)N(C(=O)c2c(c2ccccc12)c1ccc(cc1)Oc1ccc(cc1)S(=O)(=O)c1ccc(cc1)Oc1ccc(cc1)*)c1ccccc1,0.38038292,uwm_md,train
*c1c2C(=O)N(C(=O)c2c(c2ccccc12)c1ccc(cc1)Oc1ccc(cc1)S(=O)(=O)c1ccc(cc1)Oc1ccc(cc1)*)c1ccc(cc1)Cl,0.38149457,uwm_md,test
*c1c2C(=O)N(C(=O)c2c(c2ccccc12)c1ccc(cc1)Oc1ccc(cc1)S(=O)(=O)c1ccc(cc1)Oc1ccc(cc1)*)c1ccc(cc1)F,0.37834526,uwm_md,train
*c1c2C(=O)N(C(=O)c2c(c2ccccc12)c1ccc(cc1)Oc1ccc(cc1)S(=O)(=O)c1ccc(cc1)Oc1ccc(cc1)*)c1cc(ccc1)C(F)(F)F,0.38089404,uwm_md,train
*c1c2C(=O)N(C(=O)c2c(c2ccccc12)c1ccc(cc1)Oc1ccc(cc1)S(=O)(=O)c1ccc(cc1)Oc1ccc(cc1)*)c1ccc(cc1)C(F)(F)F,0.38077033,uwm_md,train
*c1c2C(=O)N(C(=O)c2c(c2ccccc12)c1ccc(cc1)Oc1ccc(cc1)S(=O)(=O)c1ccc(cc1)Oc1ccc(cc1)*)c1c(cccc1)C(F)(F)F,0.39560548,uwm_md,train
*c1c2C(=O)N(C(=O)c2c(c2ccccc12)c1ccc(cc1)Oc1ccc(cc1)S(=O)(=O)c1ccc(cc1)Oc1ccc(cc1)*)c1c(cccc1)c1ccccc1,0.38414881,uwm_md,train
*c1c2C(=O)N(C(=O)c2c(c2ccccc12)c1ccc(cc1)Oc1ccc(cc1)C(=O)c1cc(ccc1)C(=O)c1ccc(cc1)Oc1ccc(cc1)*)C,0.37310295,uwm_md,test
*c1c2C(=O)N(C(=O)c2c(c2ccccc12)c1ccc(cc1)Oc1ccc(cc1)C(=O)c1cc(ccc1)C(=O)c1ccc(cc1)Oc1ccc(cc1)*)c1ccc(cc1)F,0.37299965,uwm_md,train
*N1C(=O)c2c(C1=O)cc(cc2)c1cc2c(C(=O)N(C2=O)C2CCC(CC2)*)cc1,0.36716787,uwm_md,train
*C1C(=O)N(C(=O)C1C(C*)c1ccccc1)c1ccccc1,0.37701942,uwm_md,train
*C1(C(=O)N(C(=O)C(C1)(*)C)C)C,0.35709749,uwm_md,test
*c1cc2c(C(=O)N(C2=O)c2c(cc(cc2)c2cc(c(cc2)N2C(=O)c3c(C2=O)cc(cc3)C(*)(C(F)(F)F)C(F)(F)F)O)O)cc1,0.37314442,uwm_md,train
*N1C(=O)c2c(C1=O)cc(cc2)c1cc2c(C(=O)N(C2=O)c2c(cc(cc2C)c2cc(c(c(c2)C)*)C)C)cc1,0.41438034,uwm_md,train
*N1C(=O)c2c(C1=O)cc(cc2)c1cc2c(C(=O)N(C2=O)c2cc(c(c(c2)C)c2c(cc(cc2C)*)C)C)cc1,0.42456606,uwm_md,train
*c1cc2c(C(=O)N(C2=O)c2cc(c(c(c2)C)c2c(cc(cc2C)N2C(=O)c3c(C2=O)cc(cc3)C(*)(C(F)(F)F)C(F)(F)F)C)C)cc1,0.43074666,uwm_md,train
*c1cc2c(C(=O)N(C2=O)c2c(cc(cc2)C(c2cc(c(cc2)C)N2C(=O)c3c(C2=O)cc(cc3)C(*)(C(F)(F)F)C(F)(F)F)(C(F)(F)F)C(F)(F)F)C)cc1,0.39438371,uwm_md,train
*N1C(=O)C(=C(C1=O)c1ccccc1)c1ccc(cc1)C1=C(C(=O)N(C1=O)c1ccc(cc1)C1(c2ccccc2c2ccccc12)c1ccc(cc1)*)c1ccccc1,0.42593569,uwm_md,train
*C1C(=O)N(C(=O)C1*)C(CC)C,0.38386027,uwm_md,train
*N1C(=O)c2c(C1=O)cc(cc2)c1ccc(cc1)c1cc2c(C(=O)N(C2=O)CCCCCC*)cc1,0.34646376,uwm_md,train
*N1C(=O)c2c(C1=O)cc(cc2)c1ccc(cc1)c1cc2c(C(=O)N(C2=O)CCCCCCC*)cc1,0.346649,uwm_md,train
*N1C(=O)c2c(C1=O)cc(cc2)c1ccc(cc1)c1cc2c(C(=O)N(C2=O)CCCCCCCC*)cc1,0.34909907,uwm_md,test
*N1C(=O)c2c(C1=O)cc(cc2)c1ccc(cc1)c1cc2c(C(=O)N(C2=O)CCCCCCCCC*)cc1,0.34895438,uwm_md,train
*N1C(=O)c2c(C1=O)cc(cc2)c1ccc(cc1)c1cc2c(C(=O)N(C2=O)CCCCCCCCCC*)cc1,0.3487648,uwm_md,train
*N1C(=O)c2c(C1=O)cc(cc2)c1ccc(cc1)c1cc2c(C(=O)N(C2=O)CCCCCCCCCCC*)cc1,0.35197017,uwm_md,train
*N1C(=O)c2c(C1=O)cc(cc2)c1ccc(cc1)c1cc2c(C(=O)N(C2=O)CCCCCCCCCCCC*)cc1,0.35494054,uwm_md,train
*C1C(=O)N(C(=O)C1C(C*)c1ccccc1)c1ccc(cc1)NC(=O)OCC1N(CCC1)c1ccc(cc1)[N+](=O)[O-],0.35437904,uwm_md,train
*N1C(=O)c2c(C1=O)cc(cc2)Oc1ccc(cc1)Oc1cc2c(C(=O)N(C2=O)c2ccc(cc2)c2ccc(cc2)*)cc1,0.36285392,uwm_md,train
*N1C(=O)c2c(C1=O)cc(cc2)Oc1ccc(cc1)Oc1cc2c(C(=O)N(C2=O)c2c(cc(cc2)c2cc(c(cc2)*)OC)OC)cc1,0.36448396,uwm_md,test
*N1C(=O)c2c(C1=O)cc(cc2)Oc1ccc(cc1)Oc1cc2c(C(=O)N(C2=O)c2ccc(cc2)C(=O)c2ccc(cc2)*)cc1,0.36363712,uwm_md,test
*N1C(=O)c2c(C1=O)cc(cc2)Oc1ccc(cc1)Oc1cc2c(C(=O)N(C2=O)c2ccc(cc2)Cc2ccc(cc2)*)cc1,0.36838096,uwm_md,train
*N1C(=O)c2c(C1=O)cc(cc2)Oc1ccc(cc1)Oc1cc2c(C(=O)N(C2=O)c2ccc(cc2)S(=O)(=O)c2ccc(cc2)*)cc1,0.37206613,uwm_md,test
*N1C(=O)c2c(C1=O)cc(cc2)Oc1ccc(cc1)Oc1cc2c(C(=O)N(C2=O)c2ccc(cc2)C(c2ccc(cc2)*)(C)C)cc1,0.38365681,uwm_md,test
*N1C(=O)c2c(C1=O)cc(cc2)Oc1ccc(cc1)Oc1cc2c(C(=O)N(C2=O)c2c(cc(cc2)Cc2cc(c(cc2)*)OC)OC)cc1,0.37197016,uwm_md,train
*N1C(=O)c2c(C1=O)cc(cc2)Oc1cc2c(C(=O)N(C2=O)c2cc(c(cc2)c2c(cc(cc2)*)C(F)(F)F)C(F)(F)F)cc1,0.39839006,uwm_md,test
*c1cc2c(C(=O)N(C2=O)c2cc(ccc2)Oc2ccc(cc2)C(c2ccc(cc2)Oc2cc(ccc2)N2C(=O)c3c(C2=O)cc(cc3)C(*)(C(F)(F)F)C(F)(F)F)(C(F)(F)F)C(F)(F)F)cc1,0.37434007,uwm_md,train
*N1C(=O)c2c(C1=O)cc(cc2)S(=O)(=O)c1cc2c(C(=O)N(C2=O)CCCCCCOC(=O)CCCCCCC(=O)OCCCCCC*)cc1,0.34654201,uwm_md,train
*N1C(=O)c2c(C1=O)cc(cc2)S(=O)(=O)c1cc2c(C(=O)N(C2=O)CCCCCCOC(=O)CCCCCCCCC(=O)OCCCCCC*)cc1,0.34948634,uwm_md,train
*N1C(=O)c2c(C1=O)cc(cc2)S(=O)(=O)c1cc2c(C(=O)N(C2=O)CCCCCCOC(=O)CCCCCCCCCCCCCCCCCCC(=O)OCCCCCC*)cc1,0.36103038,uwm_md,train
*c1cc2c(C(=O)N(C2=O)c2ccc(cc2)Oc2ccc(cc2)c2ccc(cc2)Oc2ccc(cc2)N2C(=O)c3c(C2=O)cc(cc3)C(*)(C(F)(F)F)C(F)(F)F)cc1,0.37808348,uwm_md,test
*N1C(=O)c2c(C1=O)cc(cc2)S(=O)(=O)c1cc2c(C(=O)N(C2=O)c2ccc(cc2)C2(c3ccccc3c3ccccc23)c2ccc(cc2)*)cc1,0.4105138,uwm_md,train
*N1C(=O)C(=C(C1=O)c1ccccc1)c1ccc(cc1)C1=C(C(=O)N(C1=O)c1ccc(cc1)Oc1ccc(cc1)Oc1ccc(cc1)*)c1ccccc1,0.37787317,uwm_md,train
*N1C(=O)C(=C(C1=O)c1ccccc1)c1ccc(cc1)C1=C(C(=O)N(C1=O)c1ccc(cc1)Oc1ccc(cc1)c1ccc(cc1)Oc1ccc(cc1)*)c1ccccc1,0.38106993,uwm_md,train
*N1C(=O)C(=C(C1=O)c1ccccc1)c1ccc(cc1)C1=C(C(=O)N(C1=O)c1ccc(cc1)Oc1ccc(cc1)*)c1ccccc1,0.39159291,uwm_md,train
*c1cc2c(C(=O)N(C2=O)c2ccc(cc2)OCCCCOc2ccc(cc2)N2C(=O)c3c(C2=O)cc(cc3)C(*)(C(F)(F)F)C(F)(F)F)cc1,0.35627754,uwm_md,train
*c1cc2c(C(=O)N(C2=O)c2ccc(cc2)OCCCCCCOc2ccc(cc2)N2C(=O)c3c(C2=O)cc(cc3)C(*)(C(F)(F)F)C(F)(F)F)cc1,0.35628749,uwm_md,train
*c1cc2c(C(=O)N(C2=O)c2ccc(cc2)OCCCCCCCCCCOc2ccc(cc2)N2C(=O)c3c(C2=O)cc(cc3)C(*)(C(F)(F)F)C(F)(F)F)cc1,0.35617191,uwm_md,test
*N1C(=O)c2c(C1=O)cc(cc2)Sc1cc2c(C(=O)N(C2=O)c2ccc(cc2)Oc2ccc(cc2)*)cc1,0.37750321,uwm_md,train
*N1C(=O)c2c(C1=O)cc(cc2)S(=O)(=O)c1cc2c(C(=O)N(C2=O)c2ccc(cc2)Oc2ccc(cc2)*)cc1,0.38213277,uwm_md,train
*N1C(=O)c2c(C1=O)cc(cc2)[Si](c1cc2c(C(=O)N(C2=O)c2ccc(cc2)Oc2ccc(cc2)*)cc1)(C)C,0.38889031,uwm_md,train
*N1C(=O)c2c(C1=O)cc(cc2)Sc1cc2c(C(=O)N(C2=O)c2ccc(cc2)Cc2ccc(cc2)*)cc1,0.37611089,uwm_md,train
*N1C(=O)c2c(C1=O)cc(cc2)S(=O)(=O)c1cc2c(C(=O)N(C2=O)c2ccc(cc2)Cc2ccc(cc2)*)cc1,0.38388245,uwm_md,test
*N1C(=O)c2c(C1=O)cc(cc2)Oc1ccc(cc1)C(c1ccc(cc1)Oc1cc2c(C(=O)N(C2=O)c2ccc(cc2)Cc2ccc(cc2)*)cc1)(C)C,0.37388099,uwm_md,train
*c1cc2c(C(=O)N(C2=O)c2ccc(cc2)Oc2ccc(cc2)C(c2ccc(cc2)Oc2ccc(cc2)N2C(=O)c3c(C2=O)cc(cc3)C(*)(C(F)(F)F)C(F)(F)F)(C)C)cc1,0.37813384,uwm_md,test
*c1cc2c(C(=O)N(C2=O)c2ccc(cc2)Oc2ccc(cc2)S(=O)(=O)c2ccc(cc2)Oc2ccc(cc2)N2C(=O)c3c(C2=O)cc(cc3)C(*)(C(F)(F)F)C(F)(F)F)cc1,0.37337767,uwm_md,test
*c1cc2c(C(=O)N(C2=O)c2cc(ccc2)Oc2ccc(cc2)S(=O)(=O)c2ccc(cc2)Oc2cc(ccc2)N2C(=O)c3c(C2=O)cc(cc3)C(*)(C(F)(F)F)C(F)(F)F)cc1,0.36843914,uwm_md,train
*N1C(=O)c2c(C1=O)cc(cc2)Oc1cc2c(C(=O)N(C2=O)c2ccc(cc2)C(c2ccc(cc2)*)(C)C)cc1,0.38484293,uwm_md,train
*N1C(=O)c2c(C1=O)cc(cc2)S(=O)(=O)c1cc2c(C(=O)N(C2=O)c2ccc(cc2)Oc2ccc(cc2)S(=O)(=O)c2ccc(cc2)Oc2ccc(cc2)*)cc1,0.36832614,uwm_md,train
*N1C(=O)c2c(C1=O)cc(cc2)Oc1cc2c(C(CC32CC(c2ccc(cc32)Oc2cc3c(C(=O)N(C3=O)c3cc(ccc3)*)cc2)(C)C)(C)C)cc1,0.38956456,uwm_md,train
*c1cc2c(C(=O)N(C2=O)c2cc(ccc2)OP(=O)(Oc2cc(ccc2)N2C(=O)c3c(C2=O)cc(cc3)C(=O)*)c2ccccc2)cc1,0.36051533,uwm_md,train
*c1cc2c(C(=O)N(C2=O)c2ccc(cc2)c2sc(c(c2c2ccccc2)c2ccccc2)c2ccc(cc2)N2C(=O)c3c(C2=O)cc(cc3)C(=O)Nc2ccc(cc2)Oc2ccc(cc2)NC(=O)*)cc1,0.38843318,uwm_md,train
*c1cc2c(C(=O)N(C2=O)c2ccc(cc2)c2sc(c(c2c2ccccc2)c2ccccc2)c2ccc(cc2)N2C(=O)c3c(C2=O)cc(cc3)C(=O)Nc2cc(ccc2)Oc2ccc(cc2)NC(=O)*)cc1,0.3840852,uwm_md,train
*c1cc2c(C(=O)N(C2=O)c2ccc(cc2)c2sc(c(c2c2ccccc2)c2ccccc2)c2ccc(cc2)N2C(=O)c3c(C2=O)cc(cc3)C(=O)Nc2ccc(cc2)Cc2ccc(cc2)NC(=O)*)cc1,0.38721196,uwm_md,train
*c1cc2c(C(=O)N(C2=O)c2ccc(cc2)c2sc(c(c2c2ccccc2)c2ccccc2)c2ccc(cc2)N2C(=O)c3c(C2=O)cc(cc3)C(=O)Nc2cc(ccc2)C(=O)c2cc(ccc2)NC(=O)*)cc1,0.39087447,uwm_md,train
*c1cc2c(C(=O)N(C2=O)c2ccc(cc2)c2sc(c(c2c2ccccc2)c2ccccc2)c2ccc(cc2)N2C(=O)c3c(C2=O)cc(cc3)C(=O)Nc2ccc(cc2)S(=O)(=O)c2ccc(cc2)NC(=O)*)cc1,0.39133819,uwm_md,train
*c1cc2c(C(=O)N(C2=O)c2ccc(cc2)c2sc(c(c2c2ccccc2)c2ccccc2)c2ccc(cc2)N2C(=O)c3c(C2=O)cc(cc3)C(=O)Nc2cc(ccc2)S(=O)(=O)c2cc(ccc2)NC(=O)*)cc1,0.38854979,uwm_md,train
*c1cc2c(C(=O)N(C2=O)c2ccc(cc2)c2sc(c(c2c2ccccc2)c2ccccc2)c2ccc(cc2)N2C(=O)c3c(C2=O)cc(cc3)C(=O)Nc2ccc(cc2)NC(=O)*)cc1,0.39311004,uwm_md,train
*c1cc2c(C(=O)N(C2=O)c2ccc(cc2)c2sc(c(c2c2ccccc2)c2ccccc2)c2ccc(cc2)N2C(=O)c3c(C2=O)cc(cc3)C(=O)Nc2cc(ccc2)NC(=O)*)cc1,0.38895508,uwm_md,train
*c1cc2c(C(=O)N(C2=O)c2ccc(cc2)c2sc(c(c2c2ccccc2)c2ccccc2)c2ccc(cc2)N2C(=O)c3c(C2=O)cc(cc3)C(=O)Nc2ccc(cc2)Oc2ccc(cc2)Oc2ccc(cc2)NC(=O)*)cc1,0.38060777,uwm_md,train
*c1cc2c(C(=O)N(C2=O)c2ccc(cc2)c2sc(c(c2c2ccccc2)c2ccccc2)c2ccc(cc2)N2C(=O)c3c(C2=O)cc(cc3)C(=O)Nc2ccc(cc2)Oc2ccc(cc2)C(c2ccc(cc2)Oc2ccc(cc2)NC(=O)*)(C)C)cc1,0.38518992,uwm_md,train
*c1cc2c(C(=O)N(C2=O)c2ccc(cc2)c2sc(c(c2c2ccccc2)c2ccccc2)c2ccc(cc2)N2C(=O)c3c(C2=O)cc(cc3)C(=O)Nc2ccc(cc2)c2sc(c(c2c2ccccc2)c2ccccc2)c2ccc(cc2)NC(=O)*)cc1,0.41434744,uwm_md,train
*N1C(=O)c2c(C1=O)cc(cc2)S(=O)(=O)c1cc2c(C(=O)N(C2=O)c2cc(c(cc2)c2c(cc(cc2)*)C(F)(F)F)C(F)(F)F)cc1,0.39039629,uwm_md,train
*N1C(=O)c2c(C1=O)cc(cc2)S(=O)(=O)c1cc2c(C(=O)N(C2=O)c2c(cc(cc2C)c2cc(c(c(c2)C)*)C)C)cc1,0.39879809,uwm_md,test
*c1cc2c(C(=O)N(C2=O)c2c(cc(cc2C)c2cc(c(c(c2)C)N2C(=O)c3c(C2=O)cc(cc3)C(=O)*)C)C)cc1,0.41642982,uwm_md,train
*c1cc2c(C(=O)N(C2=O)c2c(ccc(c2)N2C(=O)c3c(C2=O)cc(cc3)C(=O)*)Cl)cc1,0.38538463,uwm_md,train
*c1cc2c(C(=O)N(C2=O)c2c(cc(c(c2)N2C(=O)c3c(C2=O)cc(cc3)C(=O)*)C)C)cc1,0.39477416,uwm_md,train
*N1C(=O)c2c(C1=O)cc(cc2)Oc1cc2c(C(=O)N(C2=O)c2ccc(cc2)S(=O)(=O)c2ccc(cc2)*)cc1,0.37544083,uwm_md,test
*c1cc2c(C(=O)N(C2=O)c2ccc(cc2)Oc2ccc(cc2)N2C(=O)c3c(C2=O)cc(cc3)C(*)O[Si](C)(C)C)cc1,0.41117013,uwm_md,test
*c1cc2c(C(=O)N(C2=O)c2ccc(cc2)Oc2ccc(cc2)N2C(=O)c3c(C2=O)cc(cc3)C(*)O[Si](O[Si](O[Si](C)(C)C)(C)C)(C)C)cc1,0.40224563,uwm_md,test
*c1cc2c(C(=O)N(C2=O)c2cc(ccc2)C(c2cc(ccc2)N2C(=O)c3c(C2=O)cc(cc3)C(=O)*)O[Si](O[Si](O[Si](C)(C)C)(C)C)(C)C)cc1,0.39495463,uwm_md,train
*c1cc2c(C(=O)N(C2=O)c2cc(ccc2)C(c2cc(ccc2)N2C(=O)c3c(C2=O)cc(cc3)C(*)(C(F)(F)F)C(F)(F)F)O)cc1,0.37192753,uwm_md,train
*c1cc2c(C(=O)N(C2=O)c2cc(ccc2)C(c2cc(ccc2)N2C(=O)c3c(C2=O)cc(cc3)C(*)(C(F)(F)F)C(F)(F)F)O[Si](O[Si](O[Si](C)(C)C)(C)C)(C)C)cc1,0.39990729,uwm_md,train
*N1C(=O)c2c(C1=O)cc(cc2)Oc1cc2c(C(=O)N(C2=O)c2cc(ccc2)C(c2cc(ccc2)*)O)cc1,0.36066207,uwm_md,train
*N1C(=O)c2c(C1=O)cc(cc2)c1ccc(cc1)C(=O)c1cc2c(C(=O)N(C2=O)C(=C(*)C#N)C#N)cc1,0.37567368,uwm_md,train
*N1C(=O)c2c(C1=O)cc(cc2)C(=O)Oc1ccc(cc1)OC(=O)c1cc2c(C(=O)N(C2=O)CCOCCOCC*)cc1,0.33052641,uwm_md,test
*N1C(=O)c2c(C1=O)cc(cc2)C(=O)Oc1cc2c(cc1)cc(cc2)OC(=O)c1cc2c(C(=O)N(C2=O)CCOCCOCC*)cc1,0.3345641,uwm_md,train
*N1C(=O)c2c(C1=O)cc(cc2)C(=O)Oc1ccc(cc1)c1ccc(cc1)OC(=O)c1cc2c(C(=O)N(C2=O)CCOCCOCC*)cc1,0.33474357,uwm_md,train
*N1C(=O)c2c(C1=O)cc(cc2)C(=O)Oc1ccc(cc1)C(c1ccc(cc1)OC(=O)c1cc2c(C(=O)N(C2=O)CCOCCOCC*)cc1)(C)C,0.34462113,uwm_md,test
*N1C(=O)c2c(C1=O)cc(cc2)C(=O)Oc1c(cc(cc1)OC(=O)c1cc2c(C(=O)N(C2=O)CCOCCOCC*)cc1)c1ccccc1,0.33757456,uwm_md,train
*N1C(=O)c2c(C1=O)cc(cc2)C(=O)Oc1ccc(cc1)OC(=O)c1cc2c(C(=O)N(C2=O)CCCOCCCCOCCC*)cc1,0.33583724,uwm_md,test
*N1C(=O)c2c(C1=O)cc(cc2)C(=O)Oc1cc2c(cc1)cc(cc2)OC(=O)c1cc2c(C(=O)N(C2=O)CCCOCCCCOCCC*)cc1,0.33819968,uwm_md,train
*N1C(=O)c2c(C1=O)cc(cc2)C(=O)Oc1ccc(cc1)c1ccc(cc1)OC(=O)c1cc2c(C(=O)N(C2=O)CCCOCCCCOCCC*)cc1,0.33894182,uwm_md,train
*N1C(=O)c2c(C1=O)cc(cc2)C(=O)Oc1ccc(cc1)C(c1ccc(cc1)OC(=O)c1cc2c(C(=O)N(C2=O)CCCOCCCCOCCC*)cc1)(C)C,0.34615507,uwm_md,train
*N1C(=O)c2c(C1=O)cc(cc2)C(=O)Oc1c(cc(cc1)OC(=O)c1cc2c(C(=O)N(C2=O)CCCOCCCCOCCC*)cc1)c1ccccc1,0.34408624,uwm_md,train
*c1cc2c(C(=O)N(C2=O)c2ccc(cc2)Cc2ccc(cc2)Cc2ccc(cc2)Cc2ccc(cc2)N2C(=O)c3c(C2=O)cc(cc3)C(=O)*)cc1,0.3726534,uwm_md,train
*c1cc2c(C(=O)N(C2=O)c2ccc(cc2)Cc2ccc(cc2)Cc2ccc(cc2)N2C(=O)c3c(C2=O)cc(cc3)C(=O)*)cc1,0.37908759,uwm_md,train
*c1cc2c(C(=O)N(C2=O)c2cc(ccc2)Cc2ccc(cc2)Cc2ccc(cc2)N2C(=O)c3c(C2=O)cc(cc3)C(=O)*)cc1,0.36659408,uwm_md,train
*N1C(=O)C(=C(C1=O)Cl)Oc1ccc(cc1)C(c1ccc(cc1)OC1=C(C(=O)N(C1=O)c1ccc(cc1)Cc1ccc(cc1)*)Cl)(C(F)(F)F)C(F)(F)F,0.36436728,uwm_md,test
*N1C(=O)C(=C(C1=O)Cl)Oc1ccc(cc1)C(c1ccc(cc1)OC1=C(C(=O)N(C1=O)c1ccc(cc1)Oc1ccc(cc1)*)Cl)(C(F)(F)F)C(F)(F)F,0.36044402,uwm_md,train
*N1C(=O)C(=C(C1=O)Cl)Oc1ccc(cc1)C(c1ccc(cc1)OC1=C(C(=O)N(C1=O)c1ccc(cc1)Cc1ccc(cc1)*)Cl)(C)C,0.36623451,uwm_md,train
*N1C(=O)C(=C(C1=O)Cl)Oc1ccc(cc1)C(c1ccc(cc1)OC1=C(C(=O)N(C1=O)c1ccc(cc1)Oc1ccc(cc1)*)Cl)(C)C,0.36630147,uwm_md,train
*c1cc2c(C(=O)N(C2=O)c2ccc(cc2)Oc2ccc(cc2)C(c2cc(ccc2)C(c2ccc(cc2)Oc2ccc(cc2)NC(=O)*)(C)C)(C)C)cc1,0.36727722,uwm_md,train
*N1C(=O)c2c(C1=O)cc(cc2)c1cc2c(C(=O)N(C2=O)CCCCCCOC(=O)c2cc(cc(c2)OCCCCCCOc2ccc(cc2)N=Nc2ccc(cc2)C#N)C(=O)OCCCCCC*)cc1,0.35250141,uwm_md,train
*N1C(=O)c2c(C1=O)cc(cc2)c1ccc(cc1)c1cc2c(C(=O)N(C2=O)CCCCCCOC(=O)c2cc(cc(c2)OCCCCCCOc2ccc(cc2)N=Nc2ccc(cc2)C#N)C(=O)OCCCCCC*)cc1,0.35328159,uwm_md,train
*N1C(=O)c2c(C1=O)cc(cc2)S(=O)(=O)c1cc2c(C(=O)N(C2=O)CCCCCCOC(=O)c2cc(cc(c2)OCCCCCCOc2ccc(cc2)N=Nc2ccc(cc2)C#N)C(=O)OCCCCCC*)cc1,0.35510347,uwm_md,train
*N1C(=O)c2c(C1=O)cc(cc2)Oc1cc2c(C(=O)N(C2=O)CCCCCCOC(=O)c2cc(cc(c2)OCCCCCCOc2ccc(cc2)N=Nc2ccc(cc2)C#N)C(=O)OCCCCCC*)cc1,0.35666694,uwm_md,train
*N1C(=O)c2c(C1=O)cc(cc2)S(=O)(=O)c1cc2c(C(=O)N(C2=O)c2c(ccc(c2)*)C)cc1,0.38486808,uwm_md,train
*c1cc2c(C(=O)N(C2=O)c2ccc(cc2)Oc2ccc(cc2)Oc2ccc(cc2)NC(=O)*)cc1,0.35682307,uwm_md,test
*N1C(=O)c2c(C1=O)cc(cc2)Oc1ccc(cc1)C(=O)Nc1ccc(cc1)Oc1ccc(cc1)*,0.35373697,uwm_md,test
*N1C(=O)c2c(C1=O)cc(cc2)Oc1ccc(cc1)C(=O)Nc1ccc(cc1)Cc1ccc(cc1)*,0.36146511,uwm_md,train
*N1C(=O)c2c(C1=O)cc(cc2)Oc1ccc(cc1)C(=O)Nc1ccc(cc1)Oc1ccc(cc1)Oc1ccc(cc1)*,0.35953155,uwm_md,train
*N1C(=O)c2c(C1=O)c(ccc2)Oc1ccc(cc1)C(=O)Nc1ccc(cc1)Oc1ccc(cc1)*,0.35386681,uwm_md,train
*N1C(=O)c2c(C1=O)c(ccc2)Oc1ccc(cc1)C(=O)Nc1ccc(cc1)Cc1ccc(cc1)*,0.36075451,uwm_md,train
*N1C(=O)c2c(C1=O)c(ccc2)Oc1ccc(cc1)C(=O)Nc1ccc(cc1)Oc1ccc(cc1)Oc1ccc(cc1)*,0.35768777,uwm_md,test
*N1C(=O)c2c(C1=O)cc(cc2)Oc1cc(ccc1)C(=O)Nc1ccc(cc1)Oc1ccc(cc1)*,0.35195763,uwm_md,test
*N1C(=O)c2c(C1=O)cc(cc2)Oc1cc(ccc1)C(=O)Nc1ccc(cc1)Cc1ccc(cc1)*,0.35744351,uwm_md,train
*N1C(=O)c2c(C1=O)cc(cc2)Oc1cc(ccc1)C(=O)Nc1ccc(cc1)Oc1ccc(cc1)Oc1ccc(cc1)*,0.35725183,uwm_md,train
*c1cc2c(C(=O)N(C2=O)c2cc(c(cc2)C(=O)Nc2ccc(cc2)C(c2ccc(cc2)NC(=O)*)(C(F)(F)F)C(F)(F)F)C)cc1,0.36478693,uwm_md,train
*c1cc2c(C(=O)N(C2=O)c2cc(ccc2)C(=O)Nc2ccc(cc2)C(c2ccc(cc2)NC(=O)c2cc(ccc2)N2C(=O)c3c(C2=O)cc(cc3)C(*)(C(F)(F)F)C(F)(F)F)(C(F)(F)F)C(F)(F)F)cc1,0.36118518,uwm_md,train
*c1cc2c(C(=O)N(C2=O)c2c(ccc(c2)C(=O)Nc2ccc(cc2)C(c2ccc(cc2)NC(=O)c2cc(c(cc2)C)N2C(=O)c3c(C2=O)cc(cc3)C(*)(C(F)(F)F)C(F)(F)F)(C(F)(F)F)C(F)(F)F)C)cc1,0.36683082,uwm_md,train
*c1cc2c(C(=O)N(C2=O)c2c(ccc(c2)C(=O)Nc2c(cc(cc2C)c2cc(c(c(c2)C)NC(=O)c2cc(c(cc2)C)N2C(=O)c3c(C2=O)cc(cc3)C(*)(C(F)(F)F)C(F)(F)F)C)C)C)cc1,0.38149095,uwm_md,test
*c1cc2c(C(=O)N(C2=O)c2c(ccc(c2)C(=O)Nc2c3c(ccc2)c(ccc3)NC(=O)c2cc(c(cc2)C)N2C(=O)c3c(C2=O)cc(cc3)C(*)(C(F)(F)F)C(F)(F)F)C)cc1,0.36752651,uwm_md,train
*c1cc2c(C(=O)N(C2=O)c2c(c(ccc2)C(=O)Nc2ccc(cc2)C(c2ccc(cc2)NC(=O)c2c(c(ccc2)N2C(=O)c3c(C2=O)cc(cc3)C(*)(C(F)(F)F)C(F)(F)F)C)(C(F)(F)F)C(F)(F)F)C)cc1,0.36895419,uwm_md,train
*c1cc2c(C(=O)N(C2=O)c2c(cc(c(c2C)N2C(=O)c3c(C2=O)cc(cc3)C(=O)Nc2ccc(cc2)C(c2ccc(cc2)NC(=O)*)(C(F)(F)F)C(F)(F)F)C)C)cc1,0.37180888,uwm_md,train
*c1cc2c(C(=O)N(C2=O)c2c(cc(cc2)c2cc(c(cc2)N2C(=O)c3c(C2=O)cc(cc3)C(=O)Nc2ccc(cc2)C(c2ccc(cc2)NC(=O)*)(C(F)(F)F)C(F)(F)F)OC)OC)cc1,0.35923607,uwm_md,train
*c1cc2c(C(=O)N(C2=O)c2c(cc(cc2C)c2cc(c(c(c2)C)N2C(=O)c3c(C2=O)cc(cc3)C(=O)Nc2ccc(cc2)C(c2ccc(cc2)NC(=O)*)(C(F)(F)F)C(F)(F)F)C)C)cc1,0.37779724,uwm_md,test
*c1cc2c(C(=O)N(C2=O)c2c3c(c(cc2C)c2cc(c(c4c2cccc4)N2C(=O)c4c(C2=O)cc(cc4)C(=O)Nc2ccc(cc2)C(c2ccc(cc2)NC(=O)*)(C(F)(F)F)C(F)(F)F)C)cccc3)cc1,0.37733686,uwm_md,train
*c1cc2c(C(=O)N(C2=O)c2c3c(ccc2)c(ccc3)N2C(=O)c3c(C2=O)cc(cc3)C(=O)Nc2ccc(cc2)C(c2ccc(cc2)NC(=O)*)(C(F)(F)F)C(F)(F)F)cc1,0.36906594,uwm_md,train
*c1cc2c(C(=O)N(C2=O)c2c3c(ccc2)c(ccc3)N2C(=O)c3c(C2=O)cc(cc3)C(=O)Nc2c(c(cc(c2)C(c2cc(c(c(c2)NC(=O)*)C)C)(C(F)(F)F)C(F)(F)F)C)C)cc1,0.3730141,uwm_md,train
*c1cc2c(C(=O)N(C2=O)c2ccc(cc2)Oc2ccc(cc2)N2C(=O)c3c(C2=O)cc(cc3)C(=O)NCCN(CCNC(=O)*)c2ccc(cc2)C=Cc2ccc(cc2)[N+](=O)[O-])cc1,0.34863371,uwm_md,train
*c1cc2c(C(=O)N(C2=O)c2cc(ccc2)C(=O)NCCN(CCNC(=O)*)c2ccc(cc2)C=Cc2ccc(cc2)[N+](=O)[O-])cc1,0.34009397,uwm_md,test
*N1C(=O)c2c(C1=O)cc(cc2)Oc1ccc(cc1)Oc1ccc(cc1)P(=O)(c1ccc(cc1)Oc1ccc(cc1)Oc1cc2c(C(=O)N(C2=O)c2ccc(cc2)*)cc1)c1ccccc1,0.37803621,uwm_md,test
*c1cc2c(C(=O)N(C2=O)c2ccc(cc2)NC(=O)C(C(C(C(C(=O)Nc2ccc(cc2)N2C(=O)c3c(C2=O)cc(cc3)C(*)(C(F)(F)F)C(F)(F)F)(F)F)(F)F)(F)F)(F)F)cc1,0.34222618,uwm_md,train
*c1cc2c(C(=O)N(C2=O)c2ccc(cc2)NC(=O)C(C(C(C(C(C(C(=O)Nc2ccc(cc2)N2C(=O)c3c(C2=O)cc(cc3)C(*)(C(F)(F)F)C(F)(F)F)(F)F)(F)F)(F)F)(F)F)(F)F)(F)F)cc1,0.33986713,uwm_md,train
*c1cc2c(C(=O)N(C2=O)c2cc(ccc2)NC(=O)C(C(C(C(C(=O)Nc2cc(ccc2)N2C(=O)c3c(C2=O)cc(cc3)C(*)(C(F)(F)F)C(F)(F)F)(F)F)(F)F)(F)F)(F)F)cc1,0.34319652,uwm_md,train
*c1cc2c(C(=O)N(C2=O)c2cc(ccc2)NC(=O)C(C(C(C(C(C(C(=O)Nc2cc(ccc2)N2C(=O)c3c(C2=O)cc(cc3)C(*)(C(F)(F)F)C(F)(F)F)(F)F)(F)F)(F)F)(F)F)(F)F)(F)F)cc1,0.34082447,uwm_md,train
*N1C(=O)c2c(C1=O)cc(cc2)Oc1ccc(cc1)Oc1cc2c(C(=O)N(C2=O)c2c(c(c(cc2)Cc2c(c(c(cc2)*)C)C)C)C)cc1,0.38199636,uwm_md,train
*N1C(=O)c2c(C1=O)cc(cc2)Oc1ccc(cc1)Oc1cc2c(C(=O)N(C2=O)c2c(cc(c(c2)C)Cc2c(cc(c(c2)C)*)C)C)cc1,0.38884791,uwm_md,train
*c1cc2c(C(=O)N(C2=O)c2ccc(cc2)S(=O)(=O)c2ccc(cc2)S(=O)(=O)c2ccc(cc2)N2C(=O)c3c(C2=O)cc(cc3)C(*)(C(F)(F)F)C(F)(F)F)cc1,0.37947284,uwm_md,train
*c1cc2c(C(=O)N(C2=O)c2ccc(cc2)S(=O)(=O)c2ccc(cc2)S(=O)(=O)c2ccc(cc2)S(=O)(=O)c2ccc(cc2)N2C(=O)c3c(C2=O)cc(cc3)C(*)(C(F)(F)F)C(F)(F)F)cc1,0.37485249,uwm_md,train
*N1C(=O)c2c(C1=O)cc(cc2)C(=O)Oc1cc2c(cc1)cc(cc2)OC(=O)c1cc2c(C(=O)N(C2=O)CC(CCC*)C)cc1,0.34177327,uwm_md,train
*N1C(=O)c2c(C1=O)cc(cc2)C(=O)Oc1ccc(cc1)c1ccc(cc1)OC(=O)c1cc2c(C(=O)N(C2=O)CC(CCC*)C)cc1,0.34161456,uwm_md,train
*c1cc2c(C(=O)N(C2=O)c2cc(c(cc2)Oc2ccc(cc2)N2C(=O)c3c(C2=O)cc(cc3)C(*)(C(F)(F)F)C(F)(F)F)O)cc1,0.37996131,uwm_md,train
*N1C(=O)N(C(=O)C1=O)CCCCCC*,0.31655437,uwm_md,train
*N1C(=O)N(C(=O)C1=O)c1c(ccc(c1)N1C(=O)N(C(=O)C1=O)CCCCCC*)C,0.33065809,uwm_md,test
*N1C(=O)N(C(=O)C1=O)c1ccc(cc1)Oc1ccc(cc1)N1C(=O)N(C(=O)C1=O)CCCCCC*,0.33381102,uwm_md,test
*N1C(=O)N(C(=O)C1=O)c1ccc(cc1)Cc1ccc(cc1)N1C(=O)N(C(=O)C1=O)CCCCCC*,0.33818344,uwm_md,train
*N1C(=O)N(C(=O)C1=O)c1c(cccc1)CCc1ccc(cc1)N1C(=O)N(C(=O)C1=O)CCCCCC*,0.33804418,uwm_md,train
*N1C(=O)N(C(=O)C1=O)c1c(ccc(c1)N1C(=O)N(C(=O)C1=O)c1ccc(cc1)CCc1c(cccc1)*)C,0.35428927,uwm_md,train
*N1C(=O)N(C(=O)C1=O)c1ccc(cc1)Oc1ccc(cc1)N1C(=O)N(C(=O)C1=O)c1c(cccc1)CCc1ccc(cc1)*,0.35389023,uwm_md,test
*N1C(=O)N(C(=O)C1=O)c1ccc(cc1)Cc1ccc(cc1)N1C(=O)N(C(=O)C1=O)c1c(cccc1)CCc1ccc(cc1)*,0.36251555,uwm_md,train
*N1C(=O)N(C(=O)C1=O)c1c(cccc1)CCc1ccc(cc1)N1C(=O)N(C(=O)C1=O)c1ccc(cc1)CCc1ccc(cc1)*,0.35446793,uwm_md,train
*N1C(=O)N(C(=O)C1=O)c1ccc(cc1)CCc1ccc(cc1)*,0.36028471,uwm_md,train
*c1cc2c(C(=O)N(C2=O)c2ccc(cc2)C2(CC(CC(C2)C)(C)C)c2ccc(cc2)NC(=O)*)cc1,0.38283226,uwm_md,train
*c1cc2c(C(=O)N(C2=O)c2ccc(cc2)C2(CCCCC2)c2ccc(cc2)NC(=O)*)cc1,0.3710893,uwm_md,train
*c1cc2c(C(=O)N(C2=O)c2ccc(cc2)C2(CCC(CC2)C)c2ccc(cc2)NC(=O)*)cc1,0.37589597,uwm_md,train
*c1cc2c(C(=O)N(C2=O)c2ccc(cc2)C2(CCC(CC2)CC)c2ccc(cc2)NC(=O)*)cc1,0.37532282,uwm_md,train
*c1cc2c(C(=O)N(C2=O)c2ccc(cc2)C2(CCC(CC2)C(C)(C)C)c2ccc(cc2)NC(=O)*)cc1,0.38391661,uwm_md,train
*c1cc2c(C(=O)N(C2=O)c2ccc(cc2)C2(CCC(CC2)C(CC)(C)C)c2ccc(cc2)NC(=O)*)cc1,0.37936354,uwm_md,train
*c1cc2c(C(=O)N(C2=O)c2ccc(cc2)Cc2ccc(cc2)N2C(=O)c3c(C2=O)cc(cc3)C(CCCCC(*)(C)C)(C)C)cc1,0.36933669,uwm_md,train
*c1cc2c(C(=O)N(C2=O)c2ccc(cc2)Oc2ccc(cc2)N2C(=O)c3c(C2=O)cc(cc3)C(CCCCCCCCC(*)(C)C)(C)C)cc1,0.36399911,uwm_md,test
*c1cc2c(C(=O)N(C2=O)c2ccc(cc2)C(=O)OCCOC(=O)*)cc1,0.3305321,uwm_md,train
*c1cc2c(C(=O)N(C2=O)c2cc(ccc2)C(=O)OCCOC(=O)*)cc1,0.33299939,uwm_md,test
*c1cc2c(C(=O)N(C2=O)c2ccc(cc2)C(=O)Nc2cc(ccc2)NC(=O)*)cc1,0.33798245,uwm_md,train
*c1cc2c(C(=O)N(C2=O)C2CC(CC(C2)(CN2C(=O)c3c(C2=O)cc(cc3)C(=O)*)C)(C)C)cc1,0.37151766,uwm_md,train
*N1C(=O)c2c(C1=O)cc(cc2)C(=O)c1cc2c(C(=O)N(C2=O)CC2CC(CCC2)C*)cc1,0.36071936,uwm_md,train
*c1cc2c(C(=O)N(C2=O)c2ccc(cc2)NC(=O)c2ccc(cc2)N2C(=O)c3c(C2=O)cc(cc3)C(=O)*)cc1,0.36650764,uwm_md,train
*c1cc2c(C(=O)N(C2=O)c2ccc(cc2)N(C(=O)c2ccc(cc2)N2C(=O)c3c(C2=O)cc(cc3)C(=O)*)C)cc1,0.37706698,uwm_md,train
*C1C2C(C(=O)N(C2=O)c2ccccc2)C(C1)C=C*,0.3604348,uwm_md,train
*C1C2C(C(=O)N(C2=O)c2c(cccc2)C)C(C1)C=C*,0.36253604,uwm_md,train
*C1C2C(C(=O)N(C2=O)c2cc(ccc2)C)C(C1)C=C*,0.39070984,uwm_md,train
*C1C2C(C(=O)N(C2=O)c2ccc(cc2)C)C(C1)C=C*,0.38445256,uwm_md,test
*c1cc2c(C(=O)N(C2=O)c2ccc(cc2)C(=O)NCCN(CCNC(=O)*)c2ccc(cc2)C=Cc2ccc(cc2)[N+](=O)[O-])cc1,0.33834048,uwm_md,train
*N1C(=O)c2c(C1=O)cc(cc2)C(=O)NCCN(CC*)c1ccc(cc1)C=Cc1ccc(cc1)[N+](=O)[O-],0.34587663,uwm_md,train
*N1C(=O)c2c(C1=O)cc(cc2)c1cc2c(C(=O)N(C2=O)c2cc(c(cc2)Oc2ccc(cc2)C(c2ccc(cc2)Oc2c(cc(cc2)*)C(F)(F)F)(C(F)(F)F)C(F)(F)F)C(F)(F)F)cc1,0.3742406,uwm_md,train
*c1cc2c(C(=O)N(C2=O)c2cc(c(cc2)Oc2ccc(cc2)C(c2ccc(cc2)Oc2c(cc(cc2)N2C(=O)c3c(C2=O)cc(cc3)C(=O)*)C(F)(F)F)(C(F)(F)F)C(F)(F)F)C(F)(F)F)cc1,0.37771161,uwm_md,train
*c1cc2c(C(=O)N(C2=O)c2cc(ccc2)C(c2ccc(cc2)N2C(=O)c3c(C2=O)cc(cc3)C(*)(C(F)(F)F)C(F)(F)F)(C)C)cc1,0.3925623,uwm_md,train
*c1cc2c(C(=O)N(C2=O)c2cc(c(cc2)Oc2ccc(cc2)C(c2ccc(cc2)Oc2c(cc(cc2)N2C(=O)c3c(C2=O)cc(cc3)C(*)(C(F)(F)F)C(F)(F)F)C(F)(F)F)(C(F)(F)F)C(F)(F)F)C(F)(F)F)cc1,0.38326805,uwm_md,train
*c1cc2c(C(=O)N(C2=O)c2ccc(cc2)Sc2ccc(cc2)N2C(=O)c3c(C2=O)cc(cc3)C(*)(C(F)(F)F)C(F)(F)F)cc1,0.3879693,uwm_md,train
*c1cc2c(C(=O)N(C2=O)c2ccc(cc2)Sc2ccc(cc2)Sc2ccc(cc2)N2C(=O)c3c(C2=O)cc(cc3)C(*)(C(F)(F)F)C(F)(F)F)cc1,0.38497663,uwm_md,train
*c1cc2c(C(=O)N(C2=O)c2ccc(cc2)Sc2ccc(cc2)Sc2ccc(cc2)Sc2ccc(cc2)N2C(=O)c3c(C2=O)cc(cc3)C(*)(C(F)(F)F)C(F)(F)F)cc1,0.38799659,uwm_md,train
*c1cc2c(C(=O)N(C2=O)c2ccc(cc2)Sc2ccc(cc2)Sc2ccc(cc2)Sc2ccc(cc2)Sc2ccc(cc2)N2C(=O)c3c(C2=O)cc(cc3)C(*)(C(F)(F)F)C(F)(F)F)cc1,0.38371723,uwm_md,train
*c1cc2c(C(=O)N(C2=O)c2ccc(cc2)OC(COc2ccc(cc2)N2C(=O)c3c(C2=O)cc(cc3)C(*)(C(F)(F)F)C(F)(F)F)CCCCCC)cc1,0.36437379,uwm_md,test
*c1cc2c(C(=O)N(C2=O)c2ccc(cc2)OC(COc2ccc(cc2)N2C(=O)c3c(C2=O)cc(cc3)C(*)(C(F)(F)F)C(F)(F)F)CCC)cc1,0.36517902,uwm_md,train
*c1cc2c(C(=O)N(C2=O)c2ccc(cc2)OC(COc2ccc(cc2)N2C(=O)c3c(C2=O)cc(cc3)C(*)(C(F)(F)F)C(F)(F)F)C)cc1,0.36566453,uwm_md,train
*c1cc2c(C(=O)N(C2=O)c2ccc(cc2)N(CCN(c2ccc(cc2)N2C(=O)c3c(C2=O)cc(cc3)C(*)(C(F)(F)F)C(F)(F)F)C)C)cc1,0.37991556,uwm_md,train
*N1C(=O)c2c(C1=O)cc(cc2)Oc1ccc(cc1)Oc1cc2c(C(=O)N(C2=O)c2c(cc(c(c2C)*)C)C)cc1,0.3880841,uwm_md,test
*N1C(=O)c2c(C1=O)cc(cc2)S(=O)(=O)c1cc2c(C(=O)N(C2=O)c2c(cc(c(c2C)*)C)C)cc1,0.40691826,uwm_md,test
*N1C(=O)c2c(C1=O)cc(cc2)Sc1cc2c(C(=O)N(C2=O)c2c(cc(c(c2C)*)C)C)cc1,0.41533211,uwm_md,train
*c1cc2c(C(=O)N(C2=O)c2ccc(cc2)c2c(cc(cc2c2ccc(cc2)c2ccccc2)c2ccc(cc2)OCCCCCCOc2ccc(cc2)c2cc(c(c(c2)c2ccc(cc2)c2ccccc2)c2ccc(cc2)N2C(=O)c3c(C2=O)cc(cc3)C(=O)*)c2ccc(cc2)c2ccccc2)c2ccc(cc2)c2ccccc2)cc1,0.37259523,uwm_md,train
*c1cc2c(C(=O)N(C2=O)c2ccc(cc2)c2c(cc(cc2c2ccc(cc2)c2ccccc2)c2ccc(cc2)OCCCCCCCCCCOc2ccc(cc2)c2cc(c(c(c2)c2ccc(cc2)c2ccccc2)c2ccc(cc2)N2C(=O)c3c(C2=O)cc(cc3)C(=O)*)c2ccc(cc2)c2ccccc2)c2ccc(cc2)c2ccccc2)cc1,0.36823501,uwm_md,train
*N1C(=O)c2c(C1=O)cc(cc2)c1cc2c(C(=O)N(C2=O)c2cc(c(c(c2)C(=O)OCCCCCCCCCCCCCCCCCC)c2c(cc(cc2Br)*)C(=O)OCCCCCCCCCCCCCCCCCC)Br)cc1,0.39124104,uwm_md,train
*N1C(=O)c2c(C1=O)cc(cc2)c1cc2c(C(=O)N(C2=O)c2cc(c(c(c2)C(=O)OCCCCCCCCCCCCCCCC)c2c(cc(cc2Br)*)C(=O)OCCCCCCCCCCCCCCCC)Br)cc1,0.38889387,uwm_md,train
*N1C(=O)c2c(C1=O)cc(cc2)c1cc2c(C(=O)N(C2=O)c2cc(c(c(c2)C(=O)OCCCCCCCCCCCCCC)c2c(cc(cc2Br)*)C(=O)OCCCCCCCCCCCCCC)Br)cc1,0.39219199,uwm_md,train
*N1C(=O)c2c(C1=O)cc(cc2)c1cc2c(C(=O)N(C2=O)c2cc(c(c(c2)C(=O)OCCCCCCCCCCCC)c2c(cc(cc2Br)*)C(=O)OCCCCCCCCCCCC)Br)cc1,0.39501882,uwm_md,train
*N1C(=O)c2c(C1=O)cc(cc2)c1cc2c(C(=O)N(C2=O)c2cc(c(c(c2)C(=O)OCCCCCCCCCC)c2c(cc(cc2Br)*)C(=O)OCCCCCCCCCC)Br)cc1,0.39569707,uwm_md,test
*N1C(=O)c2c(C1=O)cc(cc2)c1cc2c(C(=O)N(C2=O)c2cc(c(c(c2)C(=O)OCCCCCCCC)c2c(cc(cc2Br)*)C(=O)OCCCCCCCC)Br)cc1,0.39346173,uwm_md,train
*N1C(=O)c2c(C1=O)cc(cc2)c1cc2c(C(=O)N(C2=O)c2cc(c(c(c2)C(=O)OCCCCCC)c2c(cc(cc2Br)*)C(=O)OCCCCCC)Br)cc1,0.40008637,uwm_md,train
*N1C(=O)c2c(C1=O)cc(cc2)c1cc2c(C(=O)N(C2=O)c2cc(c(c(c2)C(=O)OCCCC)c2c(cc(cc2Br)*)C(=O)OCCCC)Br)cc1,0.40136201,uwm_md,test
*c1cc2c(C(=O)N(C2=O)c2cc(ccc2)N2C(=O)c3c(C2=O)cc(cc3)C(=O)c2cc(ccc2)C(=O)*)cc1,0.3547336,uwm_md,test
*c1cc2c(C(=O)N(C2=O)c2ccc(cc2)C(c2ccc(cc2)N2C(=O)c3c(C2=O)cc(cc3)C(=O)c2cc(ccc2)C(=O)*)(C(F)(F)F)C(F)(F)F)cc1,0.37036169,uwm_md,train
*c1cc2c(C(=O)N(C2=O)c2ccc(cc2)Oc2ccc(cc2)N2C(=O)c3c(C2=O)cc(cc3)C(=O)c2cc(ccc2)C(=O)*)cc1,0.36604695,uwm_md,train
*c1cc2c(C(=O)N(C2=O)c2ccc(cc2)Oc2ccc(cc2)S(=O)(=O)c2ccc(cc2)Oc2ccc(cc2)N2C(=O)c3c(C2=O)cc(cc3)C(=O)c2cc(ccc2)C(=O)*)cc1,0.36035989,uwm_md,train
*c1cc2c(C(=O)N(C2=O)c2cc(ccc2)N2C(=O)c3c(C2=O)cc(cc3)C(=O)c2cc(cc(c2)C(C)(C)C)C(=O)*)cc1,0.37683798,uwm_md,train
*c1cc2c(C(=O)N(C2=O)c2ccc(cc2)C(c2ccc(cc2)N2C(=O)c3c(C2=O)cc(cc3)C(=O)c2cc(cc(c2)C(C)(C)C)C(=O)*)(C(F)(F)F)C(F)(F)F)cc1,0.38923634,uwm_md,train
*c1cc2c(C(=O)N(C2=O)c2ccc(cc2)Oc2ccc(cc2)N2C(=O)c3c(C2=O)cc(cc3)C(=O)c2cc(cc(c2)C(C)(C)C)C(=O)*)cc1,0.38251574,uwm_md,train
*c1cc2c(C(=O)N(C2=O)c2ccc(cc2)Oc2ccc(cc2)S(=O)(=O)c2ccc(cc2)Oc2ccc(cc2)N2C(=O)c3c(C2=O)cc(cc3)C(=O)c2cc(cc(c2)C(C)(C)C)C(=O)*)cc1,0.37319105,uwm_md,train
*c1cc2c(C(=O)N(C2=O)c2cc(ccc2)N2C(=O)c3c(C2=O)cc(cc3)C(=O)c2cc(cc(c2)c2ccccc2)C(=O)*)cc1,0.36476789,uwm_md,train
*c1cc2c(C(=O)N(C2=O)c2ccc(cc2)C(c2ccc(cc2)N2C(=O)c3c(C2=O)cc(cc3)C(=O)c2cc(cc(c2)c2ccccc2)C(=O)*)(C(F)(F)F)C(F)(F)F)cc1,0.37734538,uwm_md,train
*c1cc2c(C(=O)N(C2=O)c2ccc(cc2)Oc2ccc(cc2)N2C(=O)c3c(C2=O)cc(cc3)C(=O)c2cc(cc(c2)c2ccccc2)C(=O)*)cc1,0.36655911,uwm_md,train
*c1cc2c(C(=O)N(C2=O)c2ccc(cc2)Oc2ccc(cc2)S(=O)(=O)c2ccc(cc2)Oc2ccc(cc2)N2C(=O)c3c(C2=O)cc(cc3)C(=O)c2cc(cc(c2)c2ccccc2)C(=O)*)cc1,0.366746,uwm_md,train
*c1cc2c(C(=O)N(C2=O)c2ccc(cc2)Oc2ccc(cc2)N2C(=O)c3c(C2=O)cc(cc3)C(=O)Nc2c(cc(cc2)NC(=O)*)OCCCCCCS(=O)(=O)c2ccc(cc2)C=Cc2ccc(cc2)N(C)C)cc1,0.3564308,uwm_md,train
*c1cc2c(C(=O)N(C2=O)c2ccc(cc2)OCCN(CCOc2ccc(cc2)N2C(=O)c3c(C2=O)cc(cc3)C(*)(C(F)(F)F)C(F)(F)F)c2ccccc2)cc1,0.35771697,uwm_md,train
*c1cc2c(C(=O)N(C2=O)c2ccc(cc2)OCCN(CCOc2ccc(cc2)N2C(=O)c3c(C2=O)cc(cc3)C(*)(C(F)(F)F)C(F)(F)F)c2ccc(cc2)C(=C(C#N)C#N)C#N)cc1,0.35967534,uwm_md,train
*N1C(=O)c2c(C1=O)cc(cc2)OCCN(CCOc1cc2c(C(=O)N(C2=O)c2ccc(cc2)Cc2ccc(cc2)*)cc1)c1ccc(cc1)C=Cc1ccc(cc1)[N+](=O)[O-],0.35258622,uwm_md,train
*N1C(=O)c2c(C1=O)cc(cc2)OCCN(CCOc1cc2c(C(=O)N(C2=O)c2ccc(cc2)C(c2ccc(cc2)*)(C(F)(F)F)C(F)(F)F)cc1)c1ccc(cc1)C=Cc1ccc(cc1)[N+](=O)[O-],0.35788304,uwm_md,train
*N1C(=O)c2c(C1=O)cc(cc2)c1cc2c(C(=O)N(C2=O)CC2CC(CCC2)C*)cc1,0.35269829,uwm_md,train
*N1C(=O)c2c(C1=O)cc(cc2)C(c1cc2c(C(=O)N(C2=O)CC2CC(CCC2)C*)cc1)(C(F)(F)F)C(F)(F)F,0.36224817,uwm_md,test
*N1C(=O)c2c(C1=O)cc(cc2)Oc1cc2c(C(=O)N(C2=O)CC2CC(CCC2)C*)cc1,0.35941978,uwm_md,train
*N1C(=O)c2c(C1=O)cc(cc2)c1cc2c(C(=O)N(C2=O)C2CCC(CC2)CC2CCC(CC2)*)cc1,0.36947651,uwm_md,train
*c1cc2c(C(=O)N(C2=O)C2CCC(CC2)CC2CCC(CC2)N2C(=O)c3c(C2=O)cc(cc3)C(=O)*)cc1,0.36459442,uwm_md,train
*c1cc2c(C(=O)N(C2=O)C2CCC(CC2)CC2CCC(CC2)N2C(=O)c3c(C2=O)cc(cc3)C(*)(C(F)(F)F)C(F)(F)F)cc1,0.36673379,uwm_md,train
*N1C(=O)c2c(C1=O)cc(cc2)Oc1cc2c(C(=O)N(C2=O)C2CCC(CC2)CC2CCC(CC2)*)cc1,0.36158829,uwm_md,train
*N1C(=O)c2c(C1=O)cc(cc2)c1cc2c(C(=O)N(C2=O)C2C(CC(CC2)CC2CC(C(CC2)*)C)C)cc1,0.37118198,uwm_md,train
*c1cc2c(C(=O)N(C2=O)C2C(CC(CC2)CC2CC(C(CC2)N2C(=O)c3c(C2=O)cc(cc3)C(=O)*)C)C)cc1,0.38365388,uwm_md,train
*c1cc2c(C(=O)N(C2=O)C2C(CC(CC2)CC2CC(C(CC2)N2C(=O)c3c(C2=O)cc(cc3)C(*)(C(F)(F)F)C(F)(F)F)C)C)cc1,0.39920256,uwm_md,test
*N1C(=O)c2c(C1=O)cc(cc2)Oc1cc2c(C(=O)N(C2=O)C2C(CC(CC2)CC2CC(C(CC2)*)C)C)cc1,0.37632492,uwm_md,train
*N1C(=O)c2c(C1=O)cc(cc2)c1cc2c(C(=O)N(C2=O)C2CC(CC(C2)(C*)C)(C)C)cc1,0.37465828,uwm_md,test
*c1cc2c(C(=O)N(C2=O)C2CC(CC(C2)(CN2C(=O)c3c(C2=O)cc(cc3)C(*)(C(F)(F)F)C(F)(F)F)C)(C)C)cc1,0.37756534,uwm_md,test
*N1C(=O)c2c(C1=O)cc(cc2)Oc1cc2c(C(=O)N(C2=O)C2CC(CC(C2)(C*)C)(C)C)cc1,0.36993749,uwm_md,train
*c1cc2c(C(=O)N(C2=O)c2ccc(cc2)C(=O)OCCCCCCCCCCCCCCCCCCCCCCOC(=O)*)cc1,0.36802626,uwm_md,test
*c1cc2c(C(=O)N(C2=O)c2ccc(cc2)Oc2ccc(cc2)N2C(=O)c3c(C2=O)cc(cc3)C(=O)Oc2c(cc(cc2)OC(=O)*)C(C)(C)C)cc1,0.36528492,uwm_md,test
*c1cc2c(C(=O)N(C2=O)c2ccc(cc2)Oc2ccc(cc2)N2C(=O)c3c(C2=O)cc(cc3)C(=O)Oc2c(cc(cc2)OC(=O)*)c2ccccc2)cc1,0.35913328,uwm_md,train
*c1cc2c(C(=O)N(C2=O)c2ccc(cc2)Oc2ccc(cc2)N2C(=O)c3c(C2=O)cc(cc3)C(=O)Oc2cc3c(cc2)ccc(c3)OC(=O)*)cc1,0.35455535,uwm_md,train
*c1cc2c(C(=O)N(C2=O)c2ccc(cc2)Oc2ccc(cc2)N2C(=O)c3c(C2=O)cc(cc3)C(=O)Oc2ccc(cc2)c2ccc(cc2)OC(=O)*)cc1,0.35288587,uwm_md,train
*c1cc2c(C(=O)N(C2=O)c2ccc(cc2)Oc2ccc(cc2)N2C(=O)c3c(C2=O)cc(cc3)C(=O)OCCCCCCCCCCCCOC(=O)*)cc1,0.35686622,uwm_md,train
*c1cc2c(C(=O)N(C2=O)c2ccc(cc2)Cc2ccc(cc2)N2C(=O)c3c(C2=O)cc(cc3)C(=O)Oc2c(cc(cc2)OC(=O)*)C(C)(C)C)cc1,0.36805651,uwm_md,train
*c1cc2c(C(=O)N(C2=O)c2ccc(cc2)Cc2ccc(cc2)N2C(=O)c3c(C2=O)cc(cc3)C(=O)Oc2ccc(cc2)OCCCCCCCCCCCCOc2ccc(cc2)OC(=O)*)cc1,0.35267151,uwm_md,train
*c1cc2c(C(=O)N(C2=O)c2ccc(cc2)S(=O)(=O)c2ccc(cc2)N2C(=O)c3c(C2=O)cc(cc3)C(=O)Oc2c(cc(cc2)OC(=O)*)C(C)(C)C)cc1,0.37267294,uwm_md,train
*c1cc2c(C(=O)N(C2=O)c2ccc(cc2)S(=O)(=O)c2ccc(cc2)N2C(=O)c3c(C2=O)cc(cc3)C(=O)Oc2ccc(cc2)OCCCCCCCCCCCCOc2ccc(cc2)OC(=O)*)cc1,0.35374697,uwm_md,test
*c1cc2c(C(=O)N(C2=O)c2ccc(cc2)NC(=O)c2cc(ccc2)C(=O)Nc2ccc(cc2)N2C(=O)c3c(C2=O)cc(cc3)C(=O)*)cc1,0.35291653,uwm_md,train
*c1cc2c(C(=O)N(C2=O)c2ccc(cc2)S(=O)(=O)c2ccc(cc2)NC(=O)c2cc(ccc2)C(=O)Nc2ccc(cc2)S(=O)(=O)c2ccc(cc2)N2C(=O)c3c(C2=O)cc(cc3)C(=O)*)cc1,0.35983629,uwm_md,train
*c1cc2c(C(=O)N(C2=O)c2ccc(cc2)Oc2ccc(cc2)NC(=O)c2cc(ccc2)C(=O)Nc2ccc(cc2)Oc2ccc(cc2)N2C(=O)c3c(C2=O)cc(cc3)C(=O)*)cc1,0.35449352,uwm_md,train
*N1C(=O)c2c(C1=O)cc(cc2)C(=O)Nc1ccc(cc1)Oc1c(c(c(c(c1F)F)Oc1ccc(cc1)NC(=O)C*)F)F,0.33657991,uwm_md,train
*N1C(=O)c2c(C1=O)cc(cc2)C(=O)Nc1ccc(cc1)C1(c2ccccc2c2ccccc12)c1ccc(cc1)NC(=O)C*,0.36284889,uwm_md,train
*c1cc2c(C(=O)N(C2=O)c2cc(c(cc2)Oc2ccc(cc2)N2C(=O)c3c(C2=O)cc(cc3)C(*)(C(F)(F)F)C(F)(F)F)OCCN(c2ccc(cc2)N=Nc2ccc(cc2)[N+](=O)[O-])CC)cc1,0.37475004,uwm_md,train
*c1cc2c(C(=O)N(C2=O)c2ccc(cc2)Oc2ccc(cc2)N2C(=O)c3c(C2=O)cc(cc3)C(*)O)cc1,0.366311,uwm_md,test
*N1C(=O)c2c(C1=O)cc(cc2)c1cc2c(C(=O)N(C2=O)CC2C3C(CC2)C2C(CC3C2)C*)cc1,0.3636249,uwm_md,train
*N1C(=O)c2c(C1=O)cc(cc2)C(=O)c1cc2c(C(=O)N(C2=O)CC2C3C(CC2)C2C(CC3C2)C*)cc1,0.36457594,uwm_md,test
*N1C(=O)c2c(C1=O)cc(cc2)C(c1cc2c(C(=O)N(C2=O)CC2C3C(CC2)C2C(CC3C2)C*)cc1)(C(F)(F)F)C(F)(F)F,0.36864374,uwm_md,train
*N1C(=O)c2c(C1=O)cc(cc2)Oc1cc2c(C(=O)N(C2=O)CC2C3C(CC2)C2C(CC3C2)C*)cc1,0.36282504,uwm_md,test
*C1C(=O)N(C(=O)C1CC*)c1ccc(cc1)N(C)C,0.36050178,uwm_md,train
*C1C(=O)N(C(=O)C1C(C*)OC)c1ccc(cc1)N(C)C,0.36226319,uwm_md,train
*c1sc2cc3c(cc2n1)sc(n3)c1ccc(cc1)Oc1cc(ccc1)n1c(=O)c2cc3c(cc2c1=O)c(=O)n(c3=O)c1cc(ccc1)Oc1ccc(cc1)*,0.40063451,uwm_md,train
*c1sc2cc3c(cc2n1)sc(n3)c1ccc(cc1)Oc1ccc(cc1)n1c(=O)c2cc3c(cc2c1=O)c(=O)n(c3=O)c1ccc(cc1)Oc1ccc(cc1)*,0.422749,uwm_md,train
*N1C(=O)C2C(C1=O)CC(c1ccccc21)C1C(=O)N(C(=O)C1)c1cc(cc(c1)C(=O)O)*,0.3520042,uwm_md,train
*N1C(=O)C2C(C1=O)C(Cc1ccccc21)C1C(=O)N(C(=O)C1)c1cc(cc(c1)C(=O)OC)*,0.36013659,uwm_md,train
*N1C(=O)C2C(C1=O)C(Cc1ccccc21)C1C(=O)N(C(=O)C1)c1cc(cc(c1)C(=O)OCC)*,0.36068687,uwm_md,train
*N1C(=O)C2C(C1=O)C(Cc1ccccc21)C1C(=O)N(C(=O)C1)c1cc(cc(c1)C(=O)OCCC)*,0.36325394,uwm_md,train
*N1C(=O)C2C(C1=O)C(Cc1ccccc21)C1C(=O)N(C(=O)C1)c1cc(cc(c1)C(=O)OCCCC)*,0.36220805,uwm_md,test
*N1C(=O)C2C(C1=O)C(Cc1ccccc21)C1C(=O)N(C(=O)C1)c1cc(cc(c1)C(=O)OCCCCC)*,0.3651339,uwm_md,train
*N1C(=O)C2C(C1=O)C(Cc1ccccc21)C1C(=O)N(C(=O)C1)c1cc(cc(c1)C(=O)OCCCCCC)*,0.35771333,uwm_md,train
*N1C(=O)c2c(C1=O)cc(cc2)c1cc2c(C(=O)N(C2=O)c2cc(ccc2)C(c2cc(ccc2)*)(C(F)(F)F)C(F)(F)F)cc1,0.37386438,uwm_md,train
*c1cc2c(C(=O)N(C2=O)c2cc(ccc2)C(c2cc(ccc2)N2C(=O)c3c(C2=O)cc(cc3)C(=O)*)(C(F)(F)F)C(F)(F)F)cc1,0.37194181,uwm_md,train
*N1C(=O)c2c(C1=O)cc(cc2)Oc1cc2c(C(=O)N(C2=O)c2cc(ccc2)C(c2cc(ccc2)*)(C(F)(F)F)C(F)(F)F)cc1,0.36984267,uwm_md,train
*N1C(=O)c2c(C1=O)cc(cc2)Oc1cc2c(C(=O)N(C2=O)c2ccc(cc2)C(c2ccc(cc2)*)(C(F)(F)F)C(F)(F)F)cc1,0.38527977,uwm_md,train
*c1cc2c(C(=O)N(C2=O)c2ccc(cc2)C(c2ccc(cc2)C(c2ccc(cc2)N2C(=O)c3c(C2=O)cc(cc3)C(*)(C(F)(F)F)C(F)(F)F)(C)C)(C)C)cc1,0.39659641,uwm_md,test
*c1cc2c(C(=O)N(C2=O)C2CCC(CC2)N2C(=O)c3c(C2=O)cc(cc3)C(*)(C(F)(F)F)C(F)(F)F)cc1,0.37690953,uwm_md,train
*N1C(=O)c2c(C1=O)cc(cc2)c1cc2c(C(=O)N(C2=O)c2ccc(cc2)OC(=O)CCCCCCCCCCCCCCCCCCCCC(=O)Oc2ccc(cc2)*)cc1,0.35924634,uwm_md,test
*C1C(=O)N(C(=O)C1)c1ccc(cc1)Cc1ccc(cc1)N1C(=O)C(CC1=O)CC=CN(C=CC*)c1ccc(cc1)N=Nc1ccc(cc1)[N+](=O)[O-],0.36429958,uwm_md,train
*N1C(=O)c2cc3C(c4c(Oc3cc2C1=O)cc1C(=O)N(C(=O)c1c4)c1ccc(cc1)C(c1ccc(cc1)*)(C(F)(F)F)C(F)(F)F)(C(F)(F)F)C(F)(F)F,0.42823132,uwm_md,train
*c1[nH]c(nc1c1ccc(cc1)NC1C(=O)N(C(=O)C1)c1ccc(cc1)Cc1ccc(cc1)N1C(=O)C(CC1=O)Nc1ccc(cc1)*)c1ccc(cc1)N=Nc1ccc(cc1)[N+](=O)[O-],0.37673487,uwm_md,train
*c1[nH]c(nc1c1ccc(cc1)NC1C(=O)N(C(=O)C1)c1ccc(cc1)Cc1ccc(cc1)N1C(=O)C(CC1=O)Nc1ccc(cc1)*)c1ccc(cc1)C=Cc1ccc(cc1)[N+](=O)[O-],0.37470794,uwm_md,train
*c1cc2c(C(=O)N(C2=O)c2c(ccc(c2)C(c2cc(c(cc2)O)N2C(=O)c3c(C2=O)cc(cc3)C(*)(C(F)(F)F)C(F)(F)F)(C(F)(F)F)C(F)(F)F)O)cc1,0.37227168,uwm_md,train
*c1cc2c(C(=O)N(C2=O)c2c(ccc(c2)C(c2cc(c(cc2)OCCN(c2ccc(cc2)N=Nc2ccc(cc2)[N+](=O)[O-])CC)N2C(=O)c3c(C2=O)cc(cc3)C(*)(C(F)(F)F)C(F)(F)F)(C(F)(F)F)C(F)(F)F)OCCN(c2ccc(cc2)N=Nc2ccc(cc2)[N+](=O)[O-])CC)cc1,0.37188256,uwm_md,train
*N1C(=O)c2c(C1=O)cc(cc2)C(c1cc2c(C(=O)N(C2=O)CCN(CC*)c2ccc(cc2)N=Nc2ccc(cc2)C2OCCO2)cc1)(C(F)(F)F)C(F)(F)F,0.35607146,uwm_md,train
*N1C(=O)c2c(C1=O)cc(cc2)C(c1cc2c(C(=O)N(C2=O)CCN(CC*)c2ccc(cc2)N=Nc2ccc(cc2)C=O)cc1)(C(F)(F)F)C(F)(F)F,0.35665131,uwm_md,train
*N1C(=O)c2c(C1=O)cc(cc2)C(=O)Oc1c(cc(cc1)OC(=O)CCCC*)C,0.34027795,uwm_md,train
*N1C(=O)c2c(C1=O)cc(cc2)C(=O)Oc1c(cc(cc1)OC(=O)CCCCCC*)C,0.3439212,uwm_md,train
*c1cc2c(C(=O)N(C2=O)c2c3c(c(cc2C)c2cc(c(c4c2cccc4)N2C(=O)c4c(C2=O)cc(cc4)C(*)(C(F)(F)F)C(F)(F)F)C)cccc3)cc1,0.41291503,uwm_md,train
*N1C(=O)c2c(C1=O)cc(cc2)c1cc2c(C(=O)N(C2=O)c2ccc(cc2)Oc2c(cc(cc2C)Cc2cc(c(c(c2)C)Oc2ccc(cc2)*)C)C)cc1,0.3857049,uwm_md,train
*c1cc2c(C(=O)N(C2=O)c2ccc(cc2)Oc2c(cc(cc2C)Cc2cc(c(c(c2)C)Oc2ccc(cc2)N2C(=O)c3c(C2=O)cc(cc3)C(=O)*)C)C)cc1,0.38922074,uwm_md,train
*c1cc2c(C(=O)N(C2=O)c2ccc(cc2)Oc2c(cc(cc2C)Cc2cc(c(c(c2)C)Oc2ccc(cc2)N2C(=O)c3c(C2=O)cc(cc3)C(*)(C(F)(F)F)C(F)(F)F)C)C)cc1,0.39072114,uwm_md,train
*c1cc2c(C(=O)N(C2=O)c2c(cc(cc2C)C(c2cc(c(c(c2)C)N2C(=O)c3c(C2=O)cc(cc3)C(=O)*)C)c2c3c(ccc2)cccc3)C)cc1,0.43039552,uwm_md,train
*c1cc2c(C(=O)N(C2=O)c2c(cc(cc2C)C(c2cc(c(c(c2)C)N2C(=O)c3c(C2=O)cc(cc3)C(*)(C(F)(F)F)C(F)(F)F)C)c2c3c(ccc2)cccc3)C)cc1,0.42170039,uwm_md,test
*N1C(=O)c2c(C1=O)cc(cc2)c1cc2c(C(=O)N(C2=O)c2ccc(cc2)Oc2c(cc(cc2C)C(c2cc(c(c(c2)C)Oc2ccc(cc2)*)C)c2c3c(ccc2)cccc3)C)cc1,0.39971724,uwm_md,train
*c1cc2c(C(=O)N(C2=O)c2ccc(cc2)Oc2c(cc(cc2C)C(c2cc(c(c(c2)C)Oc2ccc(cc2)N2C(=O)c3c(C2=O)cc(cc3)C(=O)*)C)c2c3c(ccc2)cccc3)C)cc1,0.40356882,uwm_md,train
*c1cc2c(C(=O)N(C2=O)c2ccc(cc2)Oc2c(cc(cc2C)C(c2cc(c(c(c2)C)Oc2ccc(cc2)N2C(=O)c3c(C2=O)cc(cc3)C(*)(C(F)(F)F)C(F)(F)F)C)c2c3c(ccc2)cccc3)C)cc1,0.4076565,uwm_md,test
*N1C(=O)C2CC3C(C2C1=O)CC(=O)N(C3=O)c1ccc(cc1)Oc1ccc(cc1)*,0.38077271,uwm_md,train
*N1C(=O)c2c(C1=O)cc(cc2)c1cc2c(C(=O)N(C2=O)c2cc(ccc2)Oc2cc(ccc2)Oc2cc(ccc2)*)cc1,0.35854556,uwm_md,train
*N1C(=O)N(C(=O)C1(C)C)c1ccc(cc1)Cc1ccc(cc1)N1C(=O)N(C(C1=O)(C)C)c1ccc(cc1)Cc1ccc(cc1)*,0.4025765,uwm_md,train
*N1C(=O)c2c(C1=O)cc(cc2)C(=O)Oc1cc2c(cc1)ccc(c2)OC(=O)CCCCC*,0.3370471,uwm_md,train
*N1C(=O)c2c(C1=O)cc(cc2)C(=O)Oc1ccc(cc1)C(c1ccc(cc1)OC(=O)CCCCC*)(C)C,0.34816577,uwm_md,train
*N1C(=O)c2c(C1=O)cc(cc2)C(=O)Oc1ccc(cc1)C(c1ccc(cc1)C(c1ccc(cc1)OC(=O)CCCCC*)(C)C)(C)C,0.35751263,uwm_md,train
*N1C(=O)c2c(C1=O)cc(cc2)C(=O)Oc1ccc(cc1)C1(CCCCC1)c1ccc(cc1)OC(=O)CCCCC*,0.35101165,uwm_md,train
*N1C(=O)c2c(C1=O)cc(cc2)C(=O)Oc1cc2c(cc1)ccc(c2)OC(=O)CCCCCCCCCCC*,0.35050831,uwm_md,train
*N1C(=O)c2c(C1=O)cc(cc2)C(=O)Oc1ccc(cc1)C(c1ccc(cc1)OC(=O)CCCCCCCCCCC*)(C)C,0.357058,uwm_md,train
*N1C(=O)c2c(C1=O)cc(cc2)C(=O)Oc1ccc(cc1)C(c1ccc(cc1)C(c1ccc(cc1)OC(=O)CCCCCCCCCCC*)(C)C)(C)C,0.36467261,uwm_md,train
*N1C(=O)c2c(C1=O)cc(cc2)C(=O)Oc1ccc(cc1)C1(CCCCC1)c1ccc(cc1)OC(=O)CCCCCCCCCCC*,0.35744625,uwm_md,train
*N1C(=O)c2c(C1=O)cc(cc2)C(=O)Oc1ccc(cc1)C1(c2c(C(=O)O1)cccc2)c1ccc(cc1)OC(=O)CCCCCCCCCCC*,0.35534379,uwm_md,train
*N1C(=O)C(CC1=O)Nc1ccc(cc1)N(c1ccc(cc1)NC1C(=O)N(C(=O)C1)c1ccc(cc1)Cc1ccc(cc1)*)c1ccc(cc1)Nc1ccc(cc1)[N+](=O)[O-],0.37796488,uwm_md,train
*N1C(=O)C(CC1=O)Nc1ccc(cc1)N(c1ccc(cc1)NC1C(=O)N(C(=O)C1)c1ccc(cc1)Cc1ccc(cc1)*)c1ccc(cc1)[N+](=O)[O-],0.37849239,uwm_md,train
*N1C(=O)c2c(C1=O)cc(cc2)c1c2c(C(=O)N(C2=O)c2cc(ccc2)OCCCc2cc(ccc2)*)ccc1,0.35569719,uwm_md,test
*N1C(=O)c2c(C1=O)c(ccc2)c1cc2c(C(=O)N(C2=O)c2cc(ccc2)OCCCCOc2cc(ccc2)*)cc1,0.34538642,uwm_md,test
*N1C(=O)c2c(C1=O)c(ccc2)c1cc2c(C(=O)N(C2=O)c2cc(ccc2)OCCCCCOc2cc(ccc2)*)cc1,0.35089152,uwm_md,train
*N1C(=O)c2c(C1=O)c(ccc2)c1cc2c(C(=O)N(C2=O)c2cc(ccc2)OCCCCCCOc2cc(ccc2)*)cc1,0.34909456,uwm_md,train
*N1C(=O)c2c(C1=O)c(ccc2)c1cc2c(C(=O)N(C2=O)c2cc(ccc2)OCCCCCCCCOc2cc(ccc2)*)cc1,0.35046399,uwm_md,test
*N1C(=O)c2c(C1=O)c(ccc2)c1cc2c(C(=O)N(C2=O)c2cc(ccc2)OCCCCCCCCCOc2cc(ccc2)*)cc1,0.35149035,uwm_md,test
*N1C(=O)c2c(C1=O)c(ccc2)c1cc2c(C(=O)N(C2=O)c2cc(ccc2)OCCCCCCCCCCOc2cc(ccc2)*)cc1,0.35408719,uwm_md,train
*N1C(=O)c2c(C1=O)c(ccc2)c1cc2c(C(=O)N(C2=O)c2cc(ccc2)OCCCCCCCCCCCCOc2cc(ccc2)*)cc1,0.3592549,uwm_md,train
*N1C(=O)c2c(C1=O)c(ccc2)c1cc2c(C(=O)N(C2=O)c2ccc(cc2)OCCCOc2ccc(cc2)*)cc1,0.35291227,uwm_md,train
*N1C(=O)c2c(C1=O)c(ccc2)c1cc2c(C(=O)N(C2=O)c2ccc(cc2)OCCCCCOc2ccc(cc2)*)cc1,0.35403674,uwm_md,train
*N1C(=O)c2c(C1=O)cc(cc2)c1cc2c(C(=O)N(C2=O)c2cc(ccc2)OCCCOc2cc(ccc2)*)cc1,0.34661118,uwm_md,train
*N1C(=O)c2c(C1=O)cc(cc2)c1cc2c(C(=O)N(C2=O)c2cc(ccc2)OCCCCOc2cc(ccc2)*)cc1,0.34563212,uwm_md,train
*N1C(=O)c2c(C1=O)cc(cc2)c1cc2c(C(=O)N(C2=O)c2cc(ccc2)OCCCCCOc2cc(ccc2)*)cc1,0.34628726,uwm_md,train
*N1C(=O)c2c(C1=O)cc(cc2)c1cc2c(C(=O)N(C2=O)c2cc(ccc2)OCCCCCCOc2cc(ccc2)*)cc1,0.34918119,uwm_md,train
*N1C(=O)c2c(C1=O)cc(cc2)c1cc2c(C(=O)N(C2=O)c2cc(ccc2)OCCCCCCCCOc2cc(ccc2)*)cc1,0.34538338,uwm_md,test
*N1C(=O)c2c(C1=O)cc(cc2)c1cc2c(C(=O)N(C2=O)c2cc(ccc2)OCCCCCCCCCOc2cc(ccc2)*)cc1,0.34783375,uwm_md,train
*N1C(=O)c2c(C1=O)cc(cc2)c1cc2c(C(=O)N(C2=O)c2cc(ccc2)OCCCCCCCCCCOc2cc(ccc2)*)cc1,0.35053912,uwm_md,test
*N1C(=O)c2c(C1=O)cc(cc2)c1cc2c(C(=O)N(C2=O)c2cc(ccc2)OCCCCCCCCCCCCOc2cc(ccc2)*)cc1,0.35443636,uwm_md,train
*N1C(=O)c2c(C1=O)cc(cc2)c1cc2c(C(=O)N(C2=O)c2ccc(cc2)OCCCCCCCCCCOc2ccc(cc2)*)cc1,0.35237938,uwm_md,train
*C1C(=O)N(C(=O)C1*)CCCOc1ccc(cc1)c1ccc(cc1)C#N,0.34332558,uwm_md,train
*C1C(=O)N(C(=O)C1*)CCCCOc1ccc(cc1)c1ccc(cc1)C#N,0.34432797,uwm_md,train
*C1C(=O)N(C(=O)C1*)CCCCCOc1ccc(cc1)c1ccc(cc1)C#N,0.34752504,uwm_md,train
*C1C(=O)N(C(=O)C1*)CCCCCCOc1ccc(cc1)c1ccc(cc1)C#N,0.34826627,uwm_md,test
*C1C(=O)N(C(=O)C1*)CCCCCCCOc1ccc(cc1)c1ccc(cc1)C#N,0.35053641,uwm_md,train
*C1C(=O)N(C(=O)C1*)CCCCCCCCOc1ccc(cc1)c1ccc(cc1)C#N,0.35300767,uwm_md,train
*C1C(=O)N(C(=O)C1C(C*)c1ccccc1)CCCOc1ccc(cc1)c1ccc(cc1)C#N,0.3562068,uwm_md,train
*N1C(=S)N(C(=O)CC1=O)c1ccc(cc1)Oc1ccc(cc1)Oc1ccc(cc1)*,0.37482752,uwm_md,test
*N1C(=S)N(C(=O)CC1=O)c1ccc(cc1)Oc1ccc(cc1)C(c1ccc(cc1)Oc1ccc(cc1)*)(C)C,0.38334542,uwm_md,train
*N1C(=S)N(C(=O)CC1=O)c1ccc(cc1)Oc1cc(ccc1)Oc1ccc(cc1)*,0.36549422,uwm_md,train
*N1C(=S)N(C(=O)CC1=O)c1ccc(cc1)Oc1ccc(cc1)c1ccc(cc1)Oc1ccc(cc1)*,0.37421708,uwm_md,train
*N1C(=S)N(C(=O)CC1=O)c1ccc(cc1)Oc1ccc(cc1)C(c1ccc(cc1)Oc1ccc(cc1)*)(C(F)(F)F)C(F)(F)F,0.37856211,uwm_md,train
*N1C(=S)N(C(=O)CC1=O)c1ccc(cc1)Oc1cc2c(cc1)ccc(c2)Oc1ccc(cc1)*,0.37149644,uwm_md,train
*N1C(=S)N(C(=O)CC1=O)c1ccc(cc1)Oc1ccc(cc1)C1(c2ccccc2c2ccccc12)c1ccc(cc1)Oc1ccc(cc1)*,0.39690658,uwm_md,train
*N1C(=O)c2c(C1=O)cc(cc2)c1cc2c(C(=O)N(C2=O)c2cc(cc(c2)C(=O)NCCCC)*)cc1,0.37595452,uwm_md,train
*N1C(=O)c2c(C1=O)cc(cc2)c1cc2c(C(=O)N(C2=O)c2cc(cc(c2)C(=O)NCCCCCC)*)cc1,0.37249776,uwm_md,train
*N1C(=O)c2c(C1=O)cc(cc2)c1cc2c(C(=O)N(C2=O)c2cc(cc(c2)C(=O)NCCCCCCCC)*)cc1,0.36941098,uwm_md,test
*N1C(=O)c2c(C1=O)cc(cc2)c1cc2c(C(=O)N(C2=O)c2cc(cc(c2)C(=O)NCCCCCCCCCC)*)cc1,0.36805739,uwm_md,train
*N1C(=O)c2c(C1=O)cc(cc2)c1cc2c(C(=O)N(C2=O)c2cc(cc(c2)C(=O)NCCCCCCCCCCCC)*)cc1,0.36819069,uwm_md,train
*N1C(=O)c2c(C1=O)cc(cc2)c1cc2c(C(=O)N(C2=O)c2cc(cc(c2)C(=O)NCCCCCCCCCCCCCC)*)cc1,0.3677936,uwm_md,test
*C1C2C(C(=O)N(C2=O)CCCC)C(C1)C=C*,0.36281424,uwm_md,train
*C1C2C(C(=O)N(C2=O)CCCCC)C(C1)C=C*,0.36388882,uwm_md,train
*C1C2C(C(=O)N(C2=O)CCCCCC)C(C1)C=C*,0.36643423,uwm_md,train
*N1C(=O)c2c(C1=O)cc(cc2)Oc1cc2c(C(=O)N(C2=O)c2cc(ccc2)P(=O)(c2cc(ccc2)*)c2cc(cc(c2)C(F)(F)F)C(F)(F)F)cc1,0.38638827,uwm_md,train
*c1cc2c(C(=O)N(C2=O)c2cc(ccc2)P(=O)(c2cc(ccc2)N2C(=O)c3c(C2=O)cc(cc3)C(=O)*)c2cc(cc(c2)C(F)(F)F)C(F)(F)F)cc1,0.38603279,uwm_md,train
*c1cc2c(C(=O)N(C2=O)c2cc(ccc2)P(=O)(c2cc(ccc2)N2C(=O)c3c(C2=O)cc(cc3)C(*)(C(F)(F)F)C(F)(F)F)c2cc(cc(c2)C(F)(F)F)C(F)(F)F)cc1,0.39081756,uwm_md,train
*N1C(=O)c2c(C1=O)cc(cc2)Oc1cc2c(C(=O)N(C2=O)c2cc(ccc2)P(=O)(c2cc(ccc2)*)c2ccc(cc2)C(F)(F)F)cc1,0.38545979,uwm_md,train
*c1cc2c(C(=O)N(C2=O)c2cc(ccc2)P(=O)(c2cc(ccc2)N2C(=O)c3c(C2=O)cc(cc3)C(=O)*)c2ccc(cc2)C(F)(F)F)cc1,0.38566004,uwm_md,train
*c1cc2c(C(=O)N(C2=O)c2cc(ccc2)P(=O)(c2cc(ccc2)N2C(=O)c3c(C2=O)cc(cc3)C(*)(C(F)(F)F)C(F)(F)F)c2ccc(cc2)C(F)(F)F)cc1,0.38899686,uwm_md,train
*N1C(=O)c2c(C1=O)cc(cc2)Oc1cc2c(C(=O)N(C2=O)c2cc(ccc2)P(=O)(c2cc(ccc2)*)c2ccccc2)cc1,0.38226791,uwm_md,train
*c1cc2c(C(=O)N(C2=O)c2cc(ccc2)P(=O)(c2cc(ccc2)N2C(=O)c3c(C2=O)cc(cc3)C(=O)*)c2ccccc2)cc1,0.38469129,uwm_md,train
*c1cc2c(C(=O)N(C2=O)c2cc(ccc2)P(=O)(c2cc(ccc2)N2C(=O)c3c(C2=O)cc(cc3)C(*)(C(F)(F)F)C(F)(F)F)c2ccccc2)cc1,0.39499825,uwm_md,train
*N1C(=O)c2c(C1=O)cc(cc2)Oc1cc2c(C(=O)N(C2=O)c2ccc(cc2)C(c2ccc(cc2)*)(c2ccccc2)C(F)(F)F)cc1,0.39310677,uwm_md,test
*c1cc2c(C(=O)N(C2=O)c2ccc(cc2)C(c2ccc(cc2)N2C(=O)c3c(C2=O)cc(cc3)C(=O)*)(c2ccccc2)C(F)(F)F)cc1,0.39510719,uwm_md,train
*c1nc2c(nc1c1ccccc1)cc(cc2)Oc1ccc(cc1)N1C(=O)c2c(C1=O)cc(cc2)C(c1cc2c(C(=O)N(C2=O)c2ccc(cc2)Oc2cc3c(nc(c(n3)c3ccccc3)c3ccc(cc3)Oc3ccc(cc3)*)cc2)cc1)(C(F)(F)F)C(F)(F)F,0.40256926,uwm_md,train
*c1cc2c(C(=O)N(C2=O)c2ccc(cc2)Oc2ccc(cc2)C2(C3C4C(CCC4)C(C2)C3)c2ccc(cc2)Oc2ccc(cc2)N2C(=O)c3c(C2=O)cc(cc3)C(=O)Nc2ccc(cc2)Oc2ccc(cc2)NC(=O)*)cc1,0.36705724,uwm_md,train
*c1cc2c(C(=O)N(C2=O)c2ccc(cc2)Oc2ccc(cc2)C2(C3C4C(CCC4)C(C2)C3)c2ccc(cc2)Oc2ccc(cc2)N2C(=O)c3c(C2=O)cc(cc3)C(=O)Nc2ccc(cc2)Oc2ccc(cc2)Oc2ccc(cc2)NC(=O)*)cc1,0.36692147,uwm_md,train
*c1cc2c(C(=O)N(C2=O)c2ccc(cc2)Oc2ccc(cc2)C2(C3C4C(CCC4)C(C2)C3)c2ccc(cc2)Oc2ccc(cc2)N2C(=O)c3c(C2=O)cc(cc3)C(=O)Nc2ccc(cc2)Oc2c(cc(cc2)Oc2ccc(cc2)NC(=O)*)C(C)(C)C)cc1,0.37754464,uwm_md,train
*c1cc2c(C(=O)N(C2=O)c2ccc(cc2)Oc2ccc(cc2)C2(C3C4C(CCC4)C(C2)C3)c2ccc(cc2)Oc2ccc(cc2)N2C(=O)c3c(C2=O)cc(cc3)C(=O)Nc2ccc(cc2)Oc2c(cc(c(c2)C(C)(C)C)Oc2ccc(cc2)NC(=O)*)C(C)(C)C)cc1,0.38634779,uwm_md,test
*c1cc2c(C(=O)N(C2=O)c2ccc(cc2)Oc2ccc(cc2)C2(C3C4C(CCC4)C(C2)C3)c2ccc(cc2)Oc2ccc(cc2)N2C(=O)c3c(C2=O)cc(cc3)C(=O)Nc2ccc(cc2)Oc2cc(c(cc2)c2c(cc(cc2)Oc2ccc(cc2)NC(=O)*)C)C)cc1,0.37683611,uwm_md,train
*c1cc2c(C(=O)N(C2=O)c2ccc(cc2)Oc2ccc(cc2)C2(C3C4C(CCC4)C(C2)C3)c2ccc(cc2)Oc2ccc(cc2)N2C(=O)c3c(C2=O)cc(cc3)C(=O)Nc2ccc(cc2)Oc2ccc(cc2)C(c2ccc(cc2)Oc2ccc(cc2)NC(=O)*)(C(F)(F)F)C(F)(F)F)cc1,0.37100735,uwm_md,test
*c1cc2c(C(=O)N(C2=O)c2ccc(cc2)Oc2ccc(cc2)C2(C3C4C(CCC4)C(C2)C3)c2ccc(cc2)Oc2ccc(cc2)N2C(=O)c3c(C2=O)cc(cc3)C(=O)Nc2ccc(cc2)Oc2c(cc(cc2C)C(c2cc(c(c(c2)C)Oc2ccc(cc2)NC(=O)*)C)(C)C)C)cc1,0.382364,uwm_md,train
*N1C(=O)c2c(C1=O)cc(cc2)Oc1ccc(cc1)C1(CCC(CC1)C(C)(C)C)c1ccc(cc1)Oc1cc2c(C(=O)N(C2=O)Oc2c(cc(cc2C)C(c2cc(c(c(c2)C)O*)C)(C)C)C)cc1,0.38578028,uwm_md,train
*N1C(=O)c2c(C1=O)cc(cc2)Oc1ccc(cc1)C1(CCC(CC1)C(C)(C)C)c1ccc(cc1)Oc1cc2c(C(=O)N(C2=O)c2ccc(cc2)Oc2ccc(cc2)C(c2ccc(cc2)Oc2ccc(cc2)*)(C(F)(F)F)C(F)(F)F)cc1,0.37744754,uwm_md,train
*N1C(=O)c2c(C1=O)cc(cc2)Oc1ccc(cc1)C1(CCC(CC1)C(C)(C)C)c1ccc(cc1)Oc1cc2c(C(=O)N(C2=O)c2ccc(cc2)Oc2c(cc(cc2)Oc2ccc(cc2)*)C(C)(C)C)cc1,0.38499973,uwm_md,train
*N1C(=O)c2c(C1=O)cc(cc2)Oc1ccc(cc1)C1(CCC(CC1)C(C)(C)C)c1ccc(cc1)Oc1cc2c(C(=O)N(C2=O)c2ccc(cc2)Oc2cc(c(cc2)c2c(cc(cc2)Oc2ccc(cc2)*)C)C)cc1,0.38855303,uwm_md,train
*N1C(=O)c2c(C1=O)cc(cc2)Oc1ccc(cc1)C1(CCC(CC1)C(C)(C)C)c1ccc(cc1)Oc1cc2c(C(=O)N(C2=O)c2ccc(cc2)Oc2ccc(cc2)C2(C3CC4CC(CC2C4)C3)c2ccc(cc2)Oc2ccc(cc2)*)cc1,0.38310066,uwm_md,test
*N1C(=O)c2c(C1=O)cc(cc2)Oc1ccc(cc1)C1(CCC(CC1)C(C)(C)C)c1ccc(cc1)Oc1cc2c(C(=O)N(C2=O)c2ccc(cc2)Oc2ccc(cc2)C2(C3C4C(CCC4)C(C2)C3)c2ccc(cc2)Oc2ccc(cc2)*)cc1,0.37929885,uwm_md,train
*C1C(=O)N(C(=O)C1C(C*)c1ccccc1)C,0.35994352,uwm_md,train
*N1C(=O)c2c(C1=O)cc(cc2)Oc1ccc(cc1)C(c1ccc(cc1)Oc1cc2c(C(=O)N(C2=O)c2ccc(cc2)Oc2c(cc(cc2)Oc2ccc(cc2)*)C(C)(C)C)cc1)(c1ccccc1)c1ccccc1,0.39689903,uwm_md,train
*N1C(=O)c2c(C1=O)cc(cc2)c1cc2c(C(=O)N(C2=O)CCCCOC(=O)OCCCC*)cc1,0.32834937,uwm_md,train
*N1C(=O)c2c(C1=O)cc(cc2)c1cc2c(C(=O)N(C2=O)CCCCCOC(=O)OCCCCC*)cc1,0.33554608,uwm_md,train
*N1C(=O)c2c(C1=O)cc(cc2)c1cc2c(C(=O)N(C2=O)CCCCCCOC(=O)OCCCCCC*)cc1,0.339636,uwm_md,train
*N1C(=O)c2c(C1=O)cc(cc2)C(=O)c1cc2c(C(=O)N(C2=O)CCCCCOC(=O)OCCCCC*)cc1,0.33350028,uwm_md,train
*N1C(=O)c2c(C1=O)cc(cc2)C(=O)c1cc2c(C(=O)N(C2=O)CCCCCCOC(=O)OCCCCCC*)cc1,0.3458372,uwm_md,train
*N1C(=O)c2c(C1=O)cc(cc2)c1ccc(cc1)c1cc2c(C(=O)N(C2=O)CCCCCCOC(=O)OCCCCCC*)cc1,0.34233697,uwm_md,train
*N1C(=O)C2C(C1=O)C(=CC(C2)C1C(=O)N(C(=O)C1)c1ccc(cc1)*)C,0.38067827,uwm_md,train
*N1C(=O)C2C(C1=O)C(=CC(C2)C1C(=O)N(C(=O)C1)c1c(ccc(c1)*)OCCCCCCCCCCCCCCCC)C,0.36937049,uwm_md,train
*c1cc2c(C(=O)N(C2=O)c2cc(ccc2)C#Cc2cc(ccc2)NC(=O)*)cc1,0.38902251,uwm_md,train
*c1cc2c(C(=O)N(C2=O)c2ccc(cc2)N(c2ccc(cc2)N2C(=O)c3c(C2=O)cc(cc3)C(*)(C(F)(F)F)C(F)(F)F)c2ccc(cc2)C=Cc2ccc(cc2)[N+](=O)[O-])cc1,0.41204926,uwm_md,test
*N1C(=O)c2c(C1=O)cc(cc2)Oc1ccc(cc1)*,0.37183519,uwm_md,train
*c1cc2c(C(=O)N(C2=O)c2ccc(cc2)Oc2ccc(cc2)N2C(=O)c3c(C2=O)cc(cc3)c2ccc(cc2)c2ccc(cc2)c2ccc(cc2)c2ccc(cc2)*)cc1,0.36808729,uwm_md,test
*N1C(=O)c2c(C1=O)cc(cc2)c1ccc(cc1)c1ccc(cc1)c1ccc(cc1)c1ccc(cc1)c1cc2c(C(=O)N(C2=O)c2ccc(cc2)Cc2ccc(cc2)*)cc1,0.37649698,uwm_md,test
*c1cc2c(C(=O)N(C2=O)c2cc(ccc2)N2C(=O)c3c(C2=O)cc(cc3)c2ccc(cc2)c2ccc(cc2)c2ccc(cc2)c2ccc(cc2)*)cc1,0.3765538,uwm_md,train
*c1cc2c(C(=O)N(C2=O)c2ccc(cc2)Oc2ccc(cc2)c2ccc(cc2)Oc2ccc(cc2)N2C(=O)c3c(C2=O)cc(cc3)c2ccc(cc2)c2ccc(cc2)c2ccc(cc2)c2ccc(cc2)*)cc1,0.36472216,uwm_md,train
*c1cc2c(C(=O)N(C2=O)c2ccc(cc2)Oc2ccc(cc2)C(c2ccc(cc2)Oc2ccc(cc2)N2C(=O)c3c(C2=O)cc(cc3)c2ccc(cc2)c2ccc(cc2)c2ccc(cc2)c2ccc(cc2)*)(C)C)cc1,0.37765587,uwm_md,train
*N1C(=O)c2c(C1=O)cc(cc2)C(c1cc2c(C(=O)N(C2=O)CC(=O)Nc2ccc(cc2)Oc2ccc(cc2)Oc2ccc(cc2)NC(=O)C*)cc1)(C(F)(F)F)C(F)(F)F,0.34249238,uwm_md,train
*N1C(=O)c2c(C1=O)cc(cc2)C(c1cc2c(C(=O)N(C2=O)CC(=O)Nc2ccc(cc2)Oc2cc(ccc2)Oc2ccc(cc2)NC(=O)C*)cc1)(C(F)(F)F)C(F)(F)F,0.34064566,uwm_md,train
*N1C(=O)c2c(C1=O)cc(cc2)C(c1cc2c(C(=O)N(C2=O)CC(=O)Nc2ccc(cc2)Oc2ccc(cc2)c2ccc(cc2)Oc2ccc(cc2)NC(=O)C*)cc1)(C(F)(F)F)C(F)(F)F,0.34625008,uwm_md,train
*N1C(=O)c2c(C1=O)cc(cc2)C(c1cc2c(C(=O)N(C2=O)CC(=O)Nc2ccc(cc2)Oc2ccc(cc2)S(=O)(=O)c2ccc(cc2)Oc2ccc(cc2)NC(=O)C*)cc1)(C(F)(F)F)C(F)(F)F,0.34942241,uwm_md,train
*N1C(=O)c2c(C1=O)cc(cc2)C(c1cc2c(C(=O)N(C2=O)CC(=O)Nc2ccc(cc2)Oc2ccc(cc2)C(c2ccc(cc2)Oc2ccc(cc2)NC(=O)C*)(C)C)cc1)(C(F)(F)F)C(F)(F)F,0.35255561,uwm_md,train
*c1c(nc2c(n1)cc(cc2)Oc1ccc(cc1)NC(=O)CN1C(=O)c2c(C1=O)cc(cc2)C(c1cc2c(C(=O)N(C2=O)CC(=O)Nc2ccc(cc2)Oc2cc3c(nc(c(n3)c3ccc(cc3)*)c3ccccc3)cc2)cc1)(C(F)(F)F)C(F)(F)F)c1ccccc1,0.37297342,uwm_md,train
*c1c(nc2c(n1)cc(cc2)Oc1ccc(cc1)NC(=O)CN1C(=O)c2c(C1=O)cc(cc2)C(c1cc2c(C(=O)N(C2=O)CC(=O)Nc2ccc(cc2)Oc2cc3c(nc(c(n3)c3ccc(cc3)Oc3ccc(cc3)*)c3ccccc3)cc2)cc1)(C(F)(F)F)C(F)(F)F)c1ccccc1,0.37474439,uwm_md,test
*c1oc(nn1)c1ccc(cc1)NC(=O)CN1C(=O)c2c(C1=O)cc(cc2)C(c1cc2c(C(=O)N(C2=O)CC(=O)Nc2ccc(cc2)*)cc1)(C(F)(F)F)C(F)(F)F,0.35544781,uwm_md,train
*c1oc(nn1)c1ccc(cc1)Oc1ccc(cc1)NC(=O)CN1C(=O)c2c(C1=O)cc(cc2)C(c1cc2c(C(=O)N(C2=O)CC(=O)Nc2ccc(cc2)Oc2ccc(cc2)*)cc1)(C(F)(F)F)C(F)(F)F,0.3576037,uwm_md,train
*c1oc(nn1)c1ccc(cc1)c1oc(nn1)CN1C(=O)c2c(C1=O)cc(cc2)C(c1cc2c(C(=O)N(C2=O)C*)cc1)(C(F)(F)F)C(F)(F)F,0.37085226,uwm_md,train
*c1oc(nn1)c1ccc(cc1)Oc1ccc(cc1)c1oc(nn1)CN1C(=O)c2c(C1=O)cc(cc2)C(c1cc2c(C(=O)N(C2=O)C*)cc1)(C(F)(F)F)C(F)(F)F,0.36777032,uwm_md,train
*c1oc(nn1)c1c(cc(cc1)c1oc(nn1)CN1C(=O)c2c(C1=O)cc(cc2)C(c1cc2c(C(=O)N(C2=O)C*)cc1)(C(F)(F)F)C(F)(F)F)Oc1ccccc1,0.36767095,uwm_md,train
*c1oc2c(n1)cc(cc2)c1cc2c(oc(n2)CN2C(=O)c3c(C2=O)cc(cc3)C(c2cc3c(C(=O)N(C3=O)C*)cc2)(C(F)(F)F)C(F)(F)F)cc1,0.36313657,uwm_md,test
*c1oc2c(n1)cc(cc2)C(c1cc2c(oc(n2)CN2C(=O)c3c(C2=O)cc(cc3)C(c2cc3c(C(=O)N(C3=O)C*)cc2)(C(F)(F)F)C(F)(F)F)cc1)(C(F)(F)F)C(F)(F)F,0.36859748,uwm_md,train
*c1oc(=O)c2c(ccc(c2)Cc2ccc3c(c2)c(=O)oc(n3)CN2C(=O)c3c(C2=O)cc(cc3)C(c2cc3c(C(=O)N(C3=O)C*)cc2)(C(F)(F)F)C(F)(F)F)n1,0.36193236,uwm_md,test
*c1cc2c(C(=O)N(C2=O)c2ccc(cc2)C(=O)Nc2ccc(cc2)Oc2ccc(cc2)c2ccc(cc2)Oc2ccc(cc2)NC(=O)c2ccc(cc2)N2C(=O)c3c(C2=O)cc(cc3)C(*)(C(F)(F)F)C(F)(F)F)cc1,0.36084666,uwm_md,train
*N1C(=O)c2c(C1=O)cc(cc2)c1cc2c(C(=O)N(C2=O)CCCCCCOC(=O)CCCCCCCCCCN2C(=O)c3c(C2=O)cc(cc3)c2ccc(cc2)c2cc3c(C(=O)N(C3=O)CCCCCCCCCCC(=O)OCCCCCC*)cc2)cc1,0.34746977,uwm_md,train
*N1C(=O)c2c(C1=O)cc(cc2)c1cc2c(C(=O)N(C2=O)CCCCCOC(=O)CCCCCCCCCCN2C(=O)c3c(C2=O)cc(cc3)c2ccc(cc2)c2cc3c(C(=O)N(C3=O)CCCCCCCCCCC(=O)OCCCCC*)cc2)cc1,0.34769791,uwm_md,train
*c1cc2c(C(=O)N(C2=O)c2c(cc(cc2)C(c2cc(c(cc2)N2C(=O)c3c(C2=O)cc(cc3)C(*)(C(F)(F)F)C(F)(F)F)O)(C(F)(F)F)C(F)(F)F)O)cc1,0.3866973,uwm_md,train
*N1C(=O)C2C3C4C(C(C2C1=O)C=C3)C(=O)N(C4=O)c1ccc(cc1)Oc1ccc(cc1)*,0.40046874,uwm_md,test
*N1C(=O)c2c(C1=O)cc(cc2)Oc1ccc(cc1)C1(CCC(CC1)c1ccccc1)c1ccc(cc1)Oc1cc2c(C(=O)N(C2=O)c2ccc(cc2)Oc2ccc(cc2)C2(CCC(CC2)C(C)(C)C)c2ccc(cc2)Oc2ccc(cc2)*)cc1,0.38206234,uwm_md,train
*N1C(=O)c2c(C1=O)cc(cc2)Oc1ccc(cc1)C1(CCC(CC1)c1ccccc1)c1ccc(cc1)Oc1cc2c(C(=O)N(C2=O)c2ccc(cc2)Oc2c(cc(cc2C)C(c2cc(c(c(c2)C)Oc2ccc(cc2)*)C)(C)C)C)cc1,0.38650416,uwm_md,train
*N1C(=O)c2c(C1=O)cc(cc2)Oc1ccc(cc1)C1(CCC(CC1)c1ccccc1)c1ccc(cc1)Oc1cc2c(C(=O)N(C2=O)c2ccc(cc2)Oc2ccc(cc2)C2(C3CCC(C2)C3)c2ccc(cc2)Oc2ccc(cc2)*)cc1,0.38120517,uwm_md,train
*N1C(=O)c2c(C1=O)cc(cc2)Oc1ccc(cc1)C1(CCC(CC1)c1ccccc1)c1ccc(cc1)Oc1cc2c(C(=O)N(C2=O)c2ccc(cc2)Oc2c(cc(cc2)Oc2ccc(cc2)*)C(C)(C)C)cc1,0.38624967,uwm_md,test
*N1C(=O)c2c(C1=O)cc(cc2)Oc1ccc(cc1)C1(CCC(CC1)c1ccccc1)c1ccc(cc1)Oc1cc2c(C(=O)N(C2=O)c2ccc(cc2)Oc2cc(c(cc2)c2c(cc(cc2)Oc2ccc(cc2)*)C)C)cc1,0.38011618,uwm_md,train
*N1C(=O)c2c(C1=O)cc(cc2)Oc1ccc(cc1)C1(CCC(CC1)c1ccccc1)c1ccc(cc1)Oc1cc2c(C(=O)N(C2=O)c2ccc(cc2)Oc2ccc(cc2)*)cc1,0.37299608,uwm_md,train
*N1C(=O)c2c(C1=O)cc(cc2)c1cc2c(C(=O)N(C2=O)c2ccc(cc2)Oc2ccc(cc2)Oc2ccc(cc2)*)cc1,0.36712892,uwm_md,train
*N1C(=O)c2c(C1=O)cc(cc2)c1cc2c(C(=O)N(C2=O)c2ccc(cc2)Oc2c(cccc2)Oc2ccc(cc2)*)cc1,0.36105469,uwm_md,train
*N1C(=O)c2c(C1=O)cc(cc2)c1cc2c(C(=O)N(C2=O)c2ccc(cc2)Oc2c(cc(cc2)Oc2ccc(cc2)*)C)cc1,0.37233946,uwm_md,train
*N1C(=O)c2c(C1=O)cc(cc2)c1cc2c(C(=O)N(C2=O)c2ccc(cc2)Oc2c(cc(cc2)Oc2ccc(cc2)*)C(C)(C)C)cc1,0.38670531,uwm_md,train
*N1C(=O)c2c(C1=O)cc(cc2)c1cc2c(C(=O)N(C2=O)c2ccc(cc2)Oc2c(cc(cc2)Oc2ccc(cc2)*)c2ccccc2)cc1,0.37852395,uwm_md,train
*N1C(=O)c2c(C1=O)cc(cc2)c1cc2c(C(=O)N(C2=O)c2ccc(cc2)Oc2c(cc(cc2)C(C)(C)C)Oc2ccc(cc2)*)cc1,0.37867118,uwm_md,train
*N1C(=O)c2c(C1=O)cc(cc2)c1cc2c(C(=O)N(C2=O)c2ccc(cc2)Oc2ccc(cc2)Oc2ccc(cc2)Oc2ccc(cc2)*)cc1,0.36614256,uwm_md,test
*N1C(=O)c2c(C1=O)cc(cc2)Oc1cc(ccc1)Oc1cc2c(C(=O)N(C2=O)c2ccc(cc2)Oc2ccc(cc2)c2ccc(cc2)Oc2ccc(cc2)*)cc1,0.36204045,uwm_md,train
*N1C(=O)c2c(C1=O)cc(cc2)c1cc2c(C(=O)N(C2=O)c2c(cc(cc2)Cc2cc(c(cc2)*)C(C)(C)C)C(C)(C)C)cc1,0.4120274,uwm_md,train
*c1cc2c(C(=O)N(C2=O)c2c(cc(cc2)Cc2cc(c(cc2)N2C(=O)c3c(C2=O)cc(cc3)C(=O)*)C(C)(C)C)C(C)(C)C)cc1,0.4037542,uwm_md,train
*N1C(=O)c2c(C1=O)cc(cc2)Oc1cc2c(C(=O)N(C2=O)c2c(cc(cc2)Cc2cc(c(cc2)*)C(C)(C)C)C(C)(C)C)cc1,0.40159385,uwm_md,test
*N1C(=O)c2c(C1=O)cc(cc2)Oc1ccc(cc1)C1(CCC(CC1)c1ccccc1)c1ccc(cc1)Oc1cc2c(C(=O)N(C2=O)c2ccc(cc2)Oc2ccc(cc2)C2(C3C4C(CCC4)C(C2)C3)c2ccc(cc2)Oc2ccc(cc2)*)cc1,0.37595307,uwm_md,train
*N1C(=O)c2c(C1=O)cc(cc2)Oc1ccc(cc1)C(c1ccc(cc1)Oc1cc2c(C(=O)N(C2=O)c2cc(ccc2)P(=O)(c2cc(ccc2)*)C)cc1)(C)C,0.36957365,uwm_md,train
*N1C(=O)c2c(C1=O)cc(cc2)Oc1ccc(cc1)C(c1ccc(cc1)Oc1cc2c(C(=O)N(C2=O)c2cc(ccc2)P(=O)(c2cc(ccc2)*)c2ccccc2)cc1)(C)C,0.37508167,uwm_md,train
*c1[nH]c(nc1c1ccc(cc1)NC1C(=O)N(C(=O)C1)c1ccc(cc1)c1sc(c(c1c1ccccc1)c1ccccc1)c1ccc(cc1)N1C(=O)C(CC1=O)Nc1ccc(cc1)*)c1sc(cc1)C=Cc1ccc(cc1)[N+](=O)[O-],0.39689813,uwm_md,train
*N1C(=O)c2c(C1=O)cc(cc2)Oc1cc2c(C(=O)N(C2=O)c2cc(ccc2)Oc2c(ccc(c2)Oc2cc(ccc2)*)P(=O)(c2ccccc2)c2ccccc2)cc1,0.37114282,uwm_md,train
*N1C(=O)c2c(C1=O)cc(cc2)Oc1ccc(cc1)c1ccc(cc1)Oc1cc2c(C(=O)N(C2=O)c2cc(ccc2)Oc2c(ccc(c2)Oc2cc(ccc2)*)P(=O)(c2ccccc2)c2ccccc2)cc1,0.37011172,uwm_md,train
*c1cc2c(C(=O)N(C2=O)c2cc(ccc2)Oc2c(ccc(c2)Oc2cc(ccc2)N2C(=O)c3c(C2=O)cc(cc3)C(*)(C(F)(F)F)C(F)(F)F)P(=O)(c2ccccc2)c2ccccc2)cc1,0.37529286,uwm_md,train
*N1C(=O)c2c(C1=O)cc(cc2)c1cc2c(C(=O)N(C2=O)c2cc(ccc2)Oc2c(ccc(c2)Oc2cc(ccc2)*)P(=O)(c2ccccc2)c2ccccc2)cc1,0.3682581,uwm_md,train
*c1cc2c(C(=O)N(C2=O)c2ccc(cc2)C(=O)Nc2ccc(cc2)C(c2ccc(cc2)NC(=O)c2ccc(cc2)N2C(=O)c3c(C2=O)cc(cc3)C(*)(C(F)(F)F)C(F)(F)F)(C(F)(F)F)C(F)(F)F)cc1,0.36985522,uwm_md,train
*c1cc2c(C(=O)N(C2=O)c2c(cc(cc2)C(=O)Nc2ccc(cc2)C(c2ccc(cc2)NC(=O)c2cc(c(cc2)N2C(=O)c3c(C2=O)cc(cc3)C(*)(C(F)(F)F)C(F)(F)F)C)(C(F)(F)F)C(F)(F)F)C)cc1,0.36870251,uwm_md,train
*c1cc2c(C(=O)N(C2=O)c2c(cc(cc2C)c2cc(c(c(c2)C)N2C(=O)c3c(C2=O)cc(cc3)C(=O)Nc2c(cc(cc2)Cc2cc(c(cc2)NC(=O)*)C)C)C)C)cc1,0.37933895,uwm_md,train
*c1cc2c(C(=O)N(C2=O)c2c(ccc(c2)C(=O)Oc2ccc(cc2)C(c2ccc(cc2)OC(=O)c2cc(c(cc2)C)N2C(=O)c3c(C2=O)cc(cc3)C(*)(C(F)(F)F)C(F)(F)F)(C(F)(F)F)C(F)(F)F)C)cc1,0.36997143,uwm_md,train
*c1cc2c(C(=O)N(C2=O)c2c(cc(cc2C)c2cc(c(c(c2)C)N2C(=O)c3c(C2=O)cc(cc3)C(=O)Oc2ccc(cc2)C(c2ccc(cc2)OC(=O)*)(C(F)(F)F)C(F)(F)F)C)C)cc1,0.37721251,uwm_md,train
*c1cc2c(C(=O)N(C2=O)c2c(cc(cc2C)c2cc(c(c(c2)C)N2C(=O)c3c(C2=O)cc(cc3)C(=O)Oc2c(cc(cc2C)C(c2cc(c(c(c2)C)OC(=O)*)C)(C(F)(F)F)C(F)(F)F)C)C)C)cc1,0.39965257,uwm_md,train
*c1cc2c(C(=O)N(C2=O)c2c(cc(cc2C)c2c(cc(c(c2)C)c2cc(c(c(c2)C)N2C(=O)c3c(C2=O)cc(cc3)C(*)(C(F)(F)F)C(F)(F)F)C)C)C)cc1,0.42965902,uwm_md,test
*N1C(=O)c2c(C1=O)cc(cc2)Oc1cc2c(C(=O)N(C2=O)c2cc(ccc2)C(c2cc(ccc2)*)(c2ccccc2)C(F)(F)F)cc1,0.38438296,uwm_md,test
*c1cc2c(C(=O)N(C2=O)c2cc(ccc2)C(c2cc(ccc2)N2C(=O)c3c(C2=O)cc(cc3)C(=O)*)(c2ccccc2)C(F)(F)F)cc1,0.38575647,uwm_md,train
*c1cc2c(C(=O)N(C2=O)c2cc(ccc2)C(c2cc(ccc2)N2C(=O)c3c(C2=O)cc(cc3)C(*)(C(F)(F)F)C(F)(F)F)(c2ccccc2)C(F)(F)F)cc1,0.38996211,uwm_md,train
*N1C(=O)c2c(C1=O)cc(cc2)C(c1cc2c(C(=O)N(C2=O)CCN(CC*)c2ccc(cc2)C=CC2=CC(=C(C#N)C#N)CC(C2)(C)C)cc1)(C(F)(F)F)C(F)(F)F,0.37248481,uwm_md,test
*N1C(=O)c2c(C1=O)cc(cc2)C(c1cc2c(C(=O)N(C2=O)CCN(CC*)c2ccc(cc2)C=Cc2ccc(cc2)[N+](=O)[O-])cc1)(C(F)(F)F)C(F)(F)F,0.36049034,uwm_md,train
*N1C(=O)c2c(C1=O)cc(cc2)C(c1cc2c(C(=O)N(C2=O)CCN(CC*)c2ccc(cc2)N=Nc2ccc(cc2)[N+](=O)[O-])cc1)(C(F)(F)F)C(F)(F)F,0.36663762,uwm_md,train
*N1C(=O)c2c(C1=O)cc(cc2)C(c1cc2c(C(=O)N(C2=O)CCN(CC*)c2ccc(cc2)N=Nc2c(cc(cc2)[N+](=O)[O-])C)cc1)(C(F)(F)F)C(F)(F)F,0.36754794,uwm_md,train
*N1C(=O)c2c(C1=O)cc(cc2)C(c1cc2c(C(=O)N(C2=O)CCN(CC*)c2ccc(cc2)N=Nc2ccc(cc2)C#N)cc1)(C(F)(F)F)C(F)(F)F,0.36816596,uwm_md,train
*c1cc2c(C(=O)N(C2=O)c2ccc(cc2)C(=O)Nc2ccc(cc2)Oc2ccc(cc2)Oc2ccc(cc2)NC(=O)c2ccc(cc2)N2C(=O)c3c(C2=O)cc(cc3)C(*)(C(F)(F)F)C(F)(F)F)cc1,0.35983591,uwm_md,train
*c1cc2c(C(=O)N(C2=O)c2ccc(cc2)C(=O)Nc2ccc(cc2)Oc2cc(ccc2)Oc2ccc(cc2)NC(=O)c2ccc(cc2)N2C(=O)c3c(C2=O)cc(cc3)C(*)(C(F)(F)F)C(F)(F)F)cc1,0.35654385,uwm_md,train
*c1cc2c(C(=O)N(C2=O)c2ccc(cc2)C(=O)Nc2ccc(cc2)Oc2c(cccc2)Oc2ccc(cc2)NC(=O)c2ccc(cc2)N2C(=O)c3c(C2=O)cc(cc3)C(*)(C(F)(F)F)C(F)(F)F)cc1,0.35589538,uwm_md,train
*c1cc2c(C(=O)N(C2=O)c2ccc(cc2)C(=O)Nc2ccc(cc2)Oc2ccc(cc2)C(c2ccc(cc2)Oc2ccc(cc2)NC(=O)c2ccc(cc2)N2C(=O)c3c(C2=O)cc(cc3)C(*)(C(F)(F)F)C(F)(F)F)(C(F)(F)F)C(F)(F)F)cc1,0.36745826,uwm_md,train
*c1cc2c(C(=O)N(C2=O)c2cc(ccc2)C(=O)Nc2ccc(cc2)c2ccc(cc2)NC(=O)c2cc(ccc2)N2C(=O)c3c(C2=O)cc(cc3)C(*)(C(F)(F)F)C(F)(F)F)cc1,0.35883674,uwm_md,train
*c1cc2c(C(=O)N(C2=O)c2cc(ccc2)C(=O)Nc2ccc(cc2)NC(=O)c2ccc(cc2)NC(=O)c2cc(ccc2)N2C(=O)c3c(C2=O)cc(cc3)C(*)(C(F)(F)F)C(F)(F)F)cc1,0.35268551,uwm_md,train
*c1cc2c(C(=O)N(C2=O)c2cc(ccc2)C(=O)Nc2ccc(cc2)Oc2ccc(cc2)Oc2ccc(cc2)NC(=O)c2cc(ccc2)N2C(=O)c3c(C2=O)cc(cc3)C(*)(C(F)(F)F)C(F)(F)F)cc1,0.35694819,uwm_md,test
*c1cc2c(C(=O)N(C2=O)c2cc(ccc2)C(=O)Nc2ccc(cc2)Oc2cc(ccc2)Oc2ccc(cc2)NC(=O)c2cc(ccc2)N2C(=O)c3c(C2=O)cc(cc3)C(*)(C(F)(F)F)C(F)(F)F)cc1,0.35755231,uwm_md,train
*c1cc2c(C(=O)N(C2=O)c2cc(ccc2)C(=O)Nc2ccc(cc2)Oc2c(cccc2)Oc2ccc(cc2)NC(=O)c2cc(ccc2)N2C(=O)c3c(C2=O)cc(cc3)C(*)(C(F)(F)F)C(F)(F)F)cc1,0.35765062,uwm_md,train
*c1cc2c(C(=O)N(C2=O)c2cc(ccc2)C(=O)Nc2ccc(cc2)Oc2ccc(cc2)c2ccc(cc2)Oc2ccc(cc2)NC(=O)c2cc(ccc2)N2C(=O)c3c(C2=O)cc(cc3)C(*)(C(F)(F)F)C(F)(F)F)cc1,0.36515817,uwm_md,train
*c1cc2c(C(=O)N(C2=O)c2cc(ccc2)C(=O)Nc2ccc(cc2)Oc2ccc(cc2)C(c2ccc(cc2)Oc2ccc(cc2)NC(=O)c2cc(ccc2)N2C(=O)c3c(C2=O)cc(cc3)C(*)(C(F)(F)F)C(F)(F)F)(C)C)cc1,0.36111327,uwm_md,train
*c1cc2c(C(=O)N(C2=O)c2cc(ccc2)C(=O)Nc2ccc(cc2)Oc2ccc(cc2)C(c2ccc(cc2)Oc2ccc(cc2)NC(=O)c2cc(ccc2)N2C(=O)c3c(C2=O)cc(cc3)C(*)(C(F)(F)F)C(F)(F)F)(C(F)(F)F)C(F)(F)F)cc1,0.36162895,uwm_md,train
*N1C(=O)c2c(C1=O)cc(cc2)Oc1c(cc(cc1C)C(c1cc(c(c(c1)C)Oc1cc2c(C(=O)N(C2=O)c2ccc(cc2)Oc2ccc(cc2)C(c2ccc(cc2)Oc2ccc(cc2)*)(C(F)(F)F)C(F)(F)F)cc1)C)(C)C)C,0.38730912,uwm_md,train
*N1C(=O)c2c(C1=O)cc(cc2)Oc1c(cc(cc1C)C(c1cc(c(c(c1)C)Oc1cc2c(C(=O)N(C2=O)c2ccc(cc2)Oc2c(cc(cc2)Oc2ccc(cc2)*)C(C)(C)C)cc1)C)(C)C)C,0.39392877,uwm_md,train
*N1C(=O)c2c(C1=O)cc(cc2)Oc1c(cc(cc1C)C(c1cc(c(c(c1)C)Oc1cc2c(C(=O)N(C2=O)c2cc(c(cc2)c2c(cc(cc2)*)C(F)(F)F)C(F)(F)F)cc1)C)(C)C)C,0.40081529,uwm_md,test
*N1C(=O)c2c(C1=O)cc(cc2)Oc1c(cc(cc1C)C(c1cc(c(c(c1)C)Oc1cc2c(C(=O)N(C2=O)c2ccc(cc2)Oc2cc(c(cc2)c2c(cc(cc2)Oc2ccc(cc2)*)C)C)cc1)C)(C)C)C,0.3950498,uwm_md,train
*N1C(=O)c2c(C1=O)cc(cc2)Oc1c(cc(cc1C)C(c1cc(c(c(c1)C)Oc1cc2c(C(=O)N(C2=O)c2ccc(cc2)Oc2ccc(cc2)C2(C3CC4CC(CC2C4)C3)c2ccc(cc2)Oc2ccc(cc2)*)cc1)C)(C)C)C,0.39410093,uwm_md,train
*N1C(=O)c2c(C1=O)cc(cc2)Oc1c(cc(cc1C)C(c1cc(c(c(c1)C)Oc1cc2c(C(=O)N(C2=O)c2ccc(cc2)Oc2ccc(cc2)C2(C3CCC(C2)C3)c2ccc(cc2)Oc2ccc(cc2)*)cc1)C)(C)C)C,0.38992646,uwm_md,train
*c1cc2c(C(=O)N(C2=O)c2ccc(cc2)Oc2c(cccc2)c2c(cccc2)Oc2ccc(cc2)N2C(=O)c3c(C2=O)cc(cc3)C(*)(C(F)(F)F)C(F)(F)F)cc1,0.37740671,uwm_md,test
*N1C(=O)c2c(C1=O)cc(cc2)Oc1cc2c(C(=O)N(C2=O)c2ccc(cc2)Oc2ccc(cc2)c2ccc(cc2)Oc2ccc(cc2)*)cc1,0.37048176,uwm_md,train
*N1C(=O)c2c(C1=O)cc(cc2)Oc1c(cc(cc1C)C(c1cc(c(c(c1)C)Oc1cc2c(C(=O)N(C2=O)c2ccc(cc2)Oc2ccc(cc2)C2(C3C4C(CCC4)C(C2)C3)c2ccc(cc2)Oc2ccc(cc2)*)cc1)C)(C)C)C,0.39469659,uwm_md,train
*N1C(=O)C2C(C1=O)CC(CC2)C1CC2C(C(=O)N(C2=O)c2ccc(cc2)Oc2ccc(cc2)*)CC1,0.37758601,uwm_md,train
*N1C(=O)C2C(C1=O)CC(CC2)C1CC2C(C(=O)N(C2=O)c2ccc(cc2)Cc2ccc(cc2)*)CC1,0.38536816,uwm_md,train
*N1C(=O)C2C(C1=O)CC(CC2)C1CC2C(C(=O)N(C2=O)c2ccc(cc2)Oc2ccc(cc2)Oc2ccc(cc2)*)CC1,0.36741646,uwm_md,test
*N1C(=O)C2C(C1=O)CC(CC2)C1CC2C(C(=O)N(C2=O)c2ccc(cc2)Oc2cc(ccc2)Oc2ccc(cc2)*)CC1,0.36411353,uwm_md,test
*N1C(=O)C2C(C1=O)CC(CC2)C1CC2C(C(=O)N(C2=O)c2ccc(cc2)Oc2ccc(cc2)C(c2ccc(cc2)Oc2ccc(cc2)*)(C)C)CC1,0.37853273,uwm_md,train
*N1C(=O)C2C(C1=O)CC(CC2)C1CC2C(C(=O)N(C2=O)c2ccc(cc2)Oc2ccc(cc2)S(=O)(=O)c2ccc(cc2)Oc2ccc(cc2)*)CC1,0.37305974,uwm_md,train
*N1C(=O)C2C(C1=O)CC(CC2)C1CC2C(C(=O)N(C2=O)c2ccc(cc2)Oc2ccc(cc2)Oc2ccc(cc2)Oc2ccc(cc2)*)CC1,0.37368086,uwm_md,test
*N1C(=O)C2C(C1=O)CC(CC2)C1CC2C(C(=O)N(C2=O)c2cc(ccc2)*)CC1,0.38218622,uwm_md,train
*c1cc2c(C(=O)N(C2=O)c2c(ccc(c2)C(c2cc(c(cc2)O)N2C(=O)c3c(C2=O)cc(cc3)C(=O)*)(C(F)(F)F)C(F)(F)F)O)cc1,0.36411476,uwm_md,train
*c1cc2c(C(=O)N(C2=O)c2c(ccc(c2)c2cc(c(cc2)O)N2C(=O)c3c(C2=O)cc(cc3)C(*)(C(F)(F)F)C(F)(F)F)O)cc1,0.37301864,uwm_md,train
*c1cc2c(C(=O)N(C2=O)c2c(cc(cc2)c2cc(c(cc2)N2C(=O)c3c(C2=O)cc(cc3)C(=O)*)OCCCCCCOc2ccc(cc2)/C=C/c2ccc(cc2)F)OCCCCCCOc2ccc(cc2)/C=C/c2ccc(cc2)F)cc1,0.36477665,uwm_md,train
*N1C(=O)c2c(C1=O)cc(cc2)Oc1cc2c(C(=O)N(C2=O)c2c(cc(cc2)c2cc(c(cc2)*)OCCCCCCOc2ccc(cc2)/C=C/c2ccc(cc2)F)OCCCCCCOc2ccc(cc2)/C=C/c2ccc(cc2)F)cc1,0.36214283,uwm_md,train
*c1cc2c(C(=O)N(C2=O)c2c(cc(cc2)c2cc(c(cc2)N2C(=O)c3c(C2=O)cc(cc3)C(*)(C(F)(F)F)C(F)(F)F)OCCCCCCOc2ccc(cc2)/C=C/c2ccc(cc2)F)OCCCCCCOc2ccc(cc2)/C=C/c2ccc(cc2)F)cc1,0.36418165,uwm_md,train
*c1cc2c(C(=O)N(C2=O)c2c(cc(cc2)c2cc(c(cc2)N2C(=O)c3c(C2=O)cc(cc3)C(*)(C(F)(F)F)C(F)(F)F)OC(=O)C=Cc2ccccc2)OC(=O)C=Cc2ccccc2)cc1,0.36819149,uwm_md,train
*C1=C(C(=O)N(C1=O)CCCC)c1ccc(cc1)c1cc2C(c3c(c2cc1)ccc(c3)c1ccc(cc1)*)(CCCCCC)CCCCCC,0.39850334,uwm_md,train
*C1=C(C(=O)N(C1=O)CCCCCCCC)c1ccc(cc1)c1cc2C(c3c(c2cc1)ccc(c3)c1ccc(cc1)*)(CCCCCC)CCCCCC,0.39556672,uwm_md,test
*C1=C(C(=O)N(C1=O)CCCCCCCCCCCC)c1ccc(cc1)c1cc2C(c3c(c2cc1)ccc(c3)c1ccc(cc1)*)(CCCCCC)CCCCCC,0.40747116,uwm_md,train
*c1nc(c(nc1c1ccc(cc1)NC1C(=O)N(C(=O)C1)c1ccc(cc1)c1sc(c(c1c1ccccc1)c1ccccc1)c1ccc(cc1)N1C(=O)C(CC1=O)Nc1ccc(cc1)*)C#N)C#N,0.40408501,uwm_md,train
*c1cc2c(C(=O)N(C2=O)c2c(cc(cc2)c2cc(c(cc2)N2C(=O)c3c(C2=O)cc(cc3)C(*)(C(F)(F)F)C(F)(F)F)OCCN(c2ccc(cc2)C(=C(C#N)C#N)C#N)CC)OCCN(c2ccc(cc2)C(=C(C#N)C#N)C#N)CC)cc1,0.37956411,uwm_md,train
*c1cc2c(C(=O)N(C2=O)c2cc(c(cc2)c2c(cc(cc2)N2C(=O)c3c(C2=O)cc(cc3)C(=O)*)C)C)cc1,0.39115299,uwm_md,train
*C1C2C(ON1C)C(=O)N(C2=O)c1ccc(cc1)N1C(=O)C2C(C(N(O2)C)c2ccc(cc2)*)C1=O,0.38700602,uwm_md,train
*C1C2C(ON1C)C(=O)N(C2=O)c1ccc(cc1)N1C(=O)C2C(C(N(O2)C)c2ccc(cc2)OCCCCCCOc2ccc(cc2)*)C1=O,0.35427898,uwm_md,train
*c1ccc2c(oc(n2)c2cc3c(C(=O)N(C3=O)c3c(ccc(c3)C(*)(C(F)(F)F)C(F)(F)F)O)cc2)c1,0.39736804,uwm_md,train
*c1nc(ccc1)N1C(=O)N(C(=O)C1=O)CCCCCCN1C(=O)N(C(=O)C1=O)*,0.32153178,uwm_md,test
*c1nc(ccc1)N1C(=O)N(C(=O)C1=O)c1ccc(cc1)Cc1ccc(cc1)N1C(=O)N(C(=O)C1=O)*,0.36326196,uwm_md,test
*N1C(=O)c2c(C1=O)cc(c(c2)c1ccc(cc1)C(C)(C)C)c1cc2c(C(=O)N(C2=O)c2ccc(cc2)Oc2ccc(cc2)*)cc1c1ccc(cc1)C(C)(C)C,0.40978294,uwm_md,train
*N1C(=O)c2c(C1=O)cc(c(c2)c1ccc(cc1)C(C)(C)C)c1cc2c(C(=O)N(C2=O)c2ccc(cc2)Cc2ccc(cc2)*)cc1c1ccc(cc1)C(C)(C)C,0.41910129,uwm_md,train
*N1C(=O)c2c(C1=O)cc(c(c2)c1ccc(cc1)C(C)(C)C)c1cc2c(C(=O)N(C2=O)c2ccc(cc2)C(c2ccc(cc2)*)(C(F)(F)F)C(F)(F)F)cc1c1ccc(cc1)C(C)(C)C,0.41914206,uwm_md,train
*N1C(=O)c2c(C1=O)cc(c(c2)c1ccc(cc1)[Si](C)(C)C)c1cc2c(C(=O)N(C2=O)c2ccc(cc2)Oc2ccc(cc2)*)cc1c1ccc(cc1)[Si](C)(C)C,0.42813779,uwm_md,train
*N1C(=O)c2c(C1=O)cc(c(c2)c1ccc(cc1)[Si](C)(C)C)c1cc2c(C(=O)N(C2=O)c2ccc(cc2)Cc2ccc(cc2)*)cc1c1ccc(cc1)[Si](C)(C)C,0.43467136,uwm_md,test
*N1C(=O)c2c(C1=O)cc(c(c2)c1ccc(cc1)[Si](C)(C)C)c1cc2c(C(=O)N(C2=O)c2ccc(cc2)C(c2ccc(cc2)*)(C(F)(F)F)C(F)(F)F)cc1c1ccc(cc1)[Si](C)(C)C,0.43114374,uwm_md,train
*C1C2C(C(=O)N(C2=O)CCCCCCC)C(C1)C=C*,0.36908283,uwm_md,train
*C1C2C(C(=O)N(C2=O)CCCCCCCC)C(C1)C=C*,0.36926721,uwm_md,test
*C1C2C(C(=O)N(C2=O)CCCCCCCCCC)C(C1)C=C*,0.37406215,uwm_md,train
*C1C2C(C(=O)N(C2=O)CCCCCCCCC)C(C1)C=C*,0.37137448,uwm_md,train
*C1C2C(C(=O)N(C2=O)CCCCCCCCCCCC)C(C1)C=C*,0.3769725,uwm_md,train
*C1C2C(C(=O)N(C2=O)CCC)C(C1)C=C*,0.35809659,uwm_md,train
*N1C(=O)c2c(C1=O)cc(cc2)Oc1ccc(cc1)C1(CCCCCCCCCCC1)c1ccc(cc1)Oc1cc2c(C(=O)N(C2=O)c2ccc(cc2)Oc2cc(c(cc2)c2c(cc(cc2)Oc2ccc(cc2)*)C)C)cc1,0.38784907,uwm_md,test
*N1C(=O)c2c(C1=O)cc(cc2)Oc1ccc(cc1)C1(CCCCCCCCCCC1)c1ccc(cc1)Oc1cc2c(C(=O)N(C2=O)c2ccc(cc2)Cc2ccc(cc2)*)cc1,0.38469309,uwm_md,train
*N1C(=O)c2c(C1=O)cc(cc2)Oc1ccc(cc1)C1(CCCCCCCCCCC1)c1ccc(cc1)Oc1cc2c(C(=O)N(C2=O)c2ccc(cc2)Oc2c(cc(cc2)Oc2ccc(cc2)*)C(C)(C)C)cc1,0.38366054,uwm_md,train
*N1C(=O)c2c(C1=O)cc(cc2)Oc1ccc(cc1)C1(CCCCCCCCCCC1)c1ccc(cc1)Oc1cc2c(C(=O)N(C2=O)c2ccc(cc2)Oc2ccc(cc2)*)cc1,0.37598187,uwm_md,test
*N1C(=O)c2c(C1=O)cc(cc2)Oc1ccc(cc1)C1(CCCCCCCCCCC1)c1ccc(cc1)Oc1cc2c(C(=O)N(C2=O)c2ccc(cc2)Oc2ccc(cc2)C2(C3CCC(C2)C3)c2ccc(cc2)Oc2ccc(cc2)*)cc1,0.38133865,uwm_md,train
*N1C(=O)c2c(C1=O)cc(cc2)Oc1ccc(cc1)C1(CCCCCCCCCCC1)c1ccc(cc1)Oc1cc2c(C(=O)N(C2=O)c2ccc(cc2)Oc2ccc(cc2)C2(CCC(CC2)C(C)(C)C)c2ccc(cc2)Oc2ccc(cc2)*)cc1,0.38480107,uwm_md,train
*N1C(=O)c2c(C1=O)cc(cc2)Oc1ccc(cc1)C1(CCCCCCCCCCC1)c1ccc(cc1)Oc1cc2c(C(=O)N(C2=O)c2ccc(cc2)Oc2ccc(cc2)C2(C3CC4CC(CC2C4)C3)c2ccc(cc2)Oc2ccc(cc2)*)cc1,0.38174277,uwm_md,train
*c1cc2c(C(=O)N(C2=O)c2ccc(cc2)N2C(=O)c3c(C2=O)cc(cc3)C(=O)Nc2ccc(cc2)Oc2c(cccc2)c2c(cccc2)Oc2ccc(cc2)NC(=O)*)cc1,0.36202552,uwm_md,train
*c1cc2c(C(=O)N(C2=O)c2cc(ccc2)N2C(=O)c3c(C2=O)cc(cc3)C(=O)Nc2ccc(cc2)Oc2c(cccc2)c2c(cccc2)Oc2ccc(cc2)NC(=O)*)cc1,0.36085743,uwm_md,train
*c1cc2c(C(=O)N(C2=O)c2cc(ccc2)N2C(=O)c3c(C2=O)cc(cc3)C(=O)Nc2ccc(cc2)Oc2ccc(cc2)c2ccc(cc2)Oc2ccc(cc2)NC(=O)*)cc1,0.35193775,uwm_md,train
*c1cc2c(C(=O)N(C2=O)c2c(ccc(c2)N2C(=O)c3c(C2=O)cc(cc3)C(=O)Nc2ccc(cc2)Oc2c(cccc2)c2c(cccc2)Oc2ccc(cc2)NC(=O)*)C)cc1,0.36654157,uwm_md,train
*c1cc2c(C(=O)N(C2=O)c2c(ccc(c2)N2C(=O)c3c(C2=O)cc(cc3)C(=O)Nc2ccc(cc2)Oc2ccc(cc2)c2ccc(cc2)Oc2ccc(cc2)NC(=O)*)C)cc1,0.36178667,uwm_md,test
*c1cc2c(C(=O)N(C2=O)c2ccc(cc2)Cc2ccc(cc2)N2C(=O)c3c(C2=O)cc(cc3)C(=O)Nc2ccc(cc2)Oc2c(cccc2)c2c(cccc2)Oc2ccc(cc2)NC(=O)*)cc1,0.36364595,uwm_md,train
*c1cc2c(C(=O)N(C2=O)c2ccc(cc2)Oc2ccc(cc2)N2C(=O)c3c(C2=O)cc(cc3)C(=O)Nc2ccc(cc2)Oc2c(cccc2)c2c(cccc2)Oc2ccc(cc2)NC(=O)*)cc1,0.36145312,uwm_md,test
*c1cc2c(C(=O)N(C2=O)c2ccc(cc2)Oc2ccc(cc2)N2C(=O)c3c(C2=O)cc(cc3)C(=O)Nc2ccc(cc2)Oc2ccc(cc2)c2ccc(cc2)Oc2ccc(cc2)NC(=O)*)cc1,0.3577026,uwm_md,train
*c1cc2c(C(=O)N(C2=O)c2ccc(cc2)Oc2ccc(cc2)N2C(=O)c3c(C2=O)cc(cc3)C(=O)Nc2ccc(cc2)Oc2c(cccc2)c2c(cccc2)Oc2ccc(cc2)NC(=O)*)cc1,0.36431364,uwm_md,train
*c1cc2c(C(=O)N(C2=O)c2ccc(cc2)Oc2ccc(cc2)N2C(=O)c3c(C2=O)cc(cc3)C(=O)Nc2ccc(cc2)Oc2ccc(cc2)c2ccc(cc2)Oc2ccc(cc2)NC(=O)*)cc1,0.35794634,uwm_md,train
*c1cc2c(C(=O)N(C2=O)c2ccc(cc2)Oc2ccc(cc2)Oc2ccc(cc2)N2C(=O)c3c(C2=O)cc(cc3)C(=O)Nc2ccc(cc2)Oc2c(cccc2)c2c(cccc2)Oc2ccc(cc2)NC(=O)*)cc1,0.3631707,uwm_md,train
*c1cc2c(C(=O)N(C2=O)c2ccc(cc2)Oc2cc(ccc2)Oc2ccc(cc2)N2C(=O)c3c(C2=O)cc(cc3)C(=O)Nc2ccc(cc2)Oc2c(cccc2)c2c(cccc2)Oc2ccc(cc2)NC(=O)*)cc1,0.35644883,uwm_md,train
*c1cc2c(C(=O)N(C2=O)c2ccc(cc2)Oc2c(cccc2)c2c(cccc2)Oc2ccc(cc2)N2C(=O)c3c(C2=O)cc(cc3)C(=O)Nc2ccc(cc2)Oc2c(cccc2)c2c(cccc2)Oc2ccc(cc2)NC(=O)*)cc1,0.36139938,uwm_md,train
*c1cc2c(C(=O)N(C2=O)c2ccc(cc2)Oc2c(cccc2)c2c(cccc2)Oc2ccc(cc2)N2C(=O)c3c(C2=O)cc(cc3)C(=O)Nc2ccc(cc2)Oc2ccc(cc2)c2ccc(cc2)Oc2ccc(cc2)NC(=O)*)cc1,0.3624363,uwm_md,train
*c1cc2c(C(=O)N(C2=O)c2ccc(cc2)Oc2ccc(cc2)c2ccc(cc2)Oc2ccc(cc2)N2C(=O)c3c(C2=O)cc(cc3)C(=O)Nc2ccc(cc2)Oc2c(cccc2)c2c(cccc2)Oc2ccc(cc2)NC(=O)*)cc1,0.35822552,uwm_md,train
*c1cc2c(C(=O)N(C2=O)c2ccc(cc2)Oc2ccc(cc2)C(c2ccc(cc2)Oc2ccc(cc2)N2C(=O)c3c(C2=O)cc(cc3)C(=O)Nc2ccc(cc2)Oc2c(cccc2)c2c(cccc2)Oc2ccc(cc2)NC(=O)*)(C)C)cc1,0.36567383,uwm_md,train
*c1cc2c(C(=O)N(C2=O)c2ccc(cc2)Oc2ccc(cc2)C(c2ccc(cc2)Oc2ccc(cc2)N2C(=O)c3c(C2=O)cc(cc3)C(=O)Nc2ccc(cc2)Oc2ccc(cc2)c2ccc(cc2)Oc2ccc(cc2)NC(=O)*)(C)C)cc1,0.36250129,uwm_md,train
*c1cc2c(C(=O)N(C2=O)c2ccc(cc2)Oc2ccc(cc2)S(=O)(=O)c2ccc(cc2)Oc2ccc(cc2)N2C(=O)c3c(C2=O)cc(cc3)C(=O)Nc2ccc(cc2)Oc2c(cccc2)c2c(cccc2)Oc2ccc(cc2)NC(=O)*)cc1,0.35981052,uwm_md,train
*c1cc2c(C(=O)N(C2=O)c2ccc(cc2)Oc2ccc(cc2)S(=O)(=O)c2ccc(cc2)Oc2ccc(cc2)N2C(=O)c3c(C2=O)cc(cc3)C(=O)Nc2ccc(cc2)Oc2ccc(cc2)c2ccc(cc2)Oc2ccc(cc2)NC(=O)*)cc1,0.36114325,uwm_md,train
*c1cc2c(C(=O)N(C2=O)c2ccc(cc2)Oc2cc3c(cc2)ccc(c3)Oc2ccc(cc2)N2C(=O)c3c(C2=O)cc(cc3)C(*)(C(F)(F)F)C(F)(F)F)cc1,0.38094303,uwm_md,train
*c1nc2c([nH]1)ccc(c2)c1ccc2c(nc([nH]2)c2cc(ccc2)C(=O)Nc2ccc(cc2)Cc2ccc(cc2)N2C(=O)c3c(C2=O)cc(cc3)S(=O)(=O)c2cc3c(C(=O)N(C3=O)c3ccc(cc3)Cc3ccc(cc3)NC(=O)c3cc(ccc3)*)cc2)c1,0.37929385,uwm_md,train
*C1C(=O)N(C(=O)C1CC*)C,0.32269623,uwm_md,test
*C1C(=O)N(C(=O)C1CC*)CC,0.33175789,uwm_md,test
*C1C(=O)N(C(=O)C1CC*)CCC,0.34544005,uwm_md,train
*C1C(=O)N(C(=O)C1CC*)CCCC,0.3477642,uwm_md,train
*C1C(=O)N(C(=O)C1CC*)CCCCCC,0.35708568,uwm_md,train
*C1C(=O)N(C(=O)C1CC*)CCCCCCCCCCCC,0.37602495,uwm_md,train
*C1C(=O)N(C(=O)C1CC*)CCCCCCCCCCCCCC,0.38602412,uwm_md,train
*C1C(=O)N(C(=O)C1CC*)CCCCCCCCCCCCCCCC,0.3913188,uwm_md,train
*C1C(=O)N(C(=O)C1CC*)CCCCCCCCCCCCCCCCCC,0.39298677,uwm_md,test
*c1cc2c(C(=O)N(C2=O)c2ccc(cc2)Oc2ccc(cc2)N2C(=O)c3c(C2=O)cc(cc3)C(=O)N2C(=O)N(C(=O)C2(C)C)C(=O)*)cc1,0.37117268,uwm_md,train
*c1cc2c(C(=O)N(C2=O)c2ccc(cc2)Oc2ccc(cc2)N2C(=O)c3c(C2=O)cc(cc3)C(=O)N2C(=O)N(C(=O)C2(CC)CC)C(=O)*)cc1,0.36982444,uwm_md,train
*C1C(=O)N(C(=O)C1C(C*)c1ccccc1)C(C)(C)C,0.37467147,uwm_md,train
*C1C(=O)N(C(=O)C1C(C*)c1ccccc1)c1ccc(cc1)C(C)(C)C,0.40001561,uwm_md,train
*C1C(=O)N(C(=O)C1C(C*)c1ccccc1)c1ccc(cc1)Oc1ccccc1,0.367645,uwm_md,train
*c1cc2c(C(=O)N(C2=O)c2c(cc(c(c2C)N2C(=O)c3c(C2=O)cc(cc3)C(=O)Nc2ccc(cc2)NC(=O)*)C)C)cc1,0.37301692,uwm_md,train
*c1cc2c(C(=O)N(C2=O)c2c(cc(c(c2C)N2C(=O)c3c(C2=O)cc(cc3)C(=O)Nc2c(cc(c(c2C)NC(=O)*)C)C)C)C)cc1,0.38812467,uwm_md,train
*c1cc2c(C(=O)N(C2=O)c2c(cc(c(c2C)N2C(=O)c3c(C2=O)cc(cc3)C(=O)Nc2cc(c(cc2)c2c(cc(cc2)NC(=O)*)C)C)C)C)cc1,0.3862015,uwm_md,train
*c1cc2c(C(=O)N(C2=O)c2c(cc(c(c2C)N2C(=O)c3c(C2=O)cc(cc3)C(=O)Nc2cc(c(cc2)c2c(cc(cc2)NC(=O)*)C(F)(F)F)C(F)(F)F)C)C)cc1,0.37354476,uwm_md,train
*c1cc2c(C(=O)N(C2=O)c2ccc(cc2)Oc2ccc(cc2)C(=O)c2ccc(cc2)Oc2ccc(cc2)N2C(=O)c3c(C2=O)cc(cc3)C(=O)*)cc1,0.37306628,uwm_md,train
*N1C(=O)c2c(C1=O)cc(cc2)c1cc2c(C(=O)N(C2=O)c2ccc(cc2)Oc2ccc(cc2)C(=O)c2ccc(cc2)Oc2ccc(cc2)*)cc1,0.36946761,uwm_md,train
*N1C(=O)c2c(C1=O)cc(cc2)Oc1cc2c(C(=O)N(C2=O)c2ccc(cc2)Oc2ccc(cc2)C(=O)c2ccc(cc2)Oc2ccc(cc2)*)cc1,0.36983712,uwm_md,train
*N1C(=O)c2c(C1=O)cc(cc2)S(=O)(=O)c1cc2c(C(=O)N(C2=O)c2ccc(cc2)Oc2ccc(cc2)C(=O)c2ccc(cc2)Oc2ccc(cc2)*)cc1,0.3773528,uwm_md,test
*c1cc2c(C(=O)N(C2=O)c2ccc(cc2)Oc2ccc(cc2)C(=O)c2ccc(cc2)Oc2ccc(cc2)N2C(=O)c3c(C2=O)cc(cc3)C(*)(C(F)(F)F)C(F)(F)F)cc1,0.38067611,uwm_md,train
*N1C(=O)C(CC1=O)SCCOCCSC1C(=O)N(C(=O)C1)c1ccc(cc1)C(=O)Oc1ccc(cc1)OC(=O)c1ccc(cc1)*,0.33390562,uwm_md,train
*N1C(=O)C(CC1=O)SCCOCCSC1C(=O)N(C(=O)C1)c1ccc(cc1)C(=O)Oc1cc2c(cc1)ccc(c2)OC(=O)c1ccc(cc1)*,0.33882496,uwm_md,test
*N1C(=O)C(CC1=O)SCCOCCSC1C(=O)N(C(=O)C1)c1ccc(cc1)C(=O)Oc1ccc(cc1)C(c1ccc(cc1)OC(=O)c1ccc(cc1)*)(C)C,0.34542063,uwm_md,train
*N1C(=O)c2c(C1=O)c(ccc2)Oc1c2c(C(=O)N(C2=O)c2ccc(cc2)Oc2ccc(cc2)*)ccc1,0.3708276,uwm_md,test
*N1C(=O)c2c(C1=O)c(ccc2)Oc1cc2c(C(=O)N(C2=O)c2ccc(cc2)Oc2ccc(cc2)*)cc1,0.36858029,uwm_md,train
*N1C(=O)c2c(C1=O)c(ccc2)Oc1c2c(C(=O)N(C2=O)c2ccc(cc2)Oc2ccc(cc2)Oc2ccc(cc2)*)ccc1,0.37064472,uwm_md,train
*N1C(=O)c2c(C1=O)c(ccc2)Oc1cc2c(C(=O)N(C2=O)c2ccc(cc2)Oc2ccc(cc2)Oc2ccc(cc2)*)cc1,0.36875438,uwm_md,train
*c1cc2c(C(=O)N(C2=O)c2cc(c(cc2)c2c(cc(cc2)N2C(=O)c3c(C2=O)cc(cc3)C(=O)Oc2ccc(cc2)C(c2ccc(cc2)OC(=O)*)(C)C)C)C)cc1,0.36840705,uwm_md,train
*c1cc2c(C(=O)N(C2=O)c2cc(c(cc2)c2c(cc(cc2)N2C(=O)c3c(C2=O)cc(cc3)C(=O)Oc2c(cc(cc2C)C(c2cc(c(c(c2)C)OC(=O)*)C)(C)C)C)C)C)cc1,0.39302078,uwm_md,train
*c1cc2c(C(=O)N(C2=O)c2cc(c(cc2)c2c(cc(cc2)N2C(=O)c3c(C2=O)cc(cc3)C(=O)Oc2cc(c(cc2)c2c(cc(cc2)OC(=O)*)C)C)C)C)cc1,0.37394713,uwm_md,train
*c1cc2c(C(=O)N(C2=O)c2cc(c(cc2)c2c(cc(cc2)N2C(=O)c3c(C2=O)cc(cc3)C(=O)Oc2c(ccc(c2)OC(=O)*)C23CC4CC(CC(C2)C4)C3)C)C)cc1,0.38353529,uwm_md,train
*c1cc2c(C(=O)N(C2=O)c2cc(c(cc2)c2c(cc(cc2)N2C(=O)c3c(C2=O)cc(cc3)C(=O)Oc2ccc(cc2)C2(C3CC4CC(CC2C4)C3)c2ccc(cc2)OC(=O)*)C)C)cc1,0.37949599,uwm_md,train
*c1cc2c(C(=O)N(C2=O)c2cc(c(cc2)c2c(cc(cc2)N2C(=O)c3c(C2=O)cc(cc3)C(=O)Oc2ccc(cc2)C2(C3C4C(CCC4)C(C2)C3)c2ccc(cc2)OC(=O)*)C)C)cc1,0.37865395,uwm_md,train
*c1cc2c(C(=O)N(C2=O)c2cc(c(cc2)c2c(cc(cc2)N2C(=O)c3c(C2=O)cc(cc3)C(=O)Oc2ccc(cc2)C2(CCCCCCCCCCC2)c2ccc(cc2)OC(=O)*)C)C)cc1,0.36900879,uwm_md,train
*c1cc2c(C(=O)N(C2=O)c2cc(c(cc2)c2c(cc(cc2)N2C(=O)c3c(C2=O)cc(cc3)C(=O)Oc2ccc(cc2)C2(CCC(CC2)C(C)(C)C)c2ccc(cc2)OC(=O)*)C)C)cc1,0.38006135,uwm_md,train
*N1C(=O)C2CCC3C(C2C1=O)C(=O)N(C3=O)c1ccc(cc1)Oc1ccc(cc1)*,0.36953337,uwm_md,train
*N1C(=O)C2CCC3C(C2C1=O)C(=O)N(C3=O)c1ccc(cc1)Cc1ccc(cc1)*,0.37944453,uwm_md,train
*N1C(=O)C2CCC3C(C2C1=O)C(=O)N(C3=O)c1c(cc(cc1)Cc1cc(c(cc1)*)C)C,0.38793304,uwm_md,train
*N1C(=O)C2CCC3C(C2C1=O)C(=O)N(C3=O)c1ccc(cc1)Oc1ccc(cc1)Oc1ccc(cc1)*,0.36688453,uwm_md,train
*N1C(=O)C2CCC3C(C2C1=O)C(=O)N(C3=O)c1ccc(cc1)Oc1ccc(cc1)C(c1ccc(cc1)Oc1ccc(cc1)*)(C)C,0.37215765,uwm_md,train
*c1cc2c(C(=O)N(C2=O)c2c(cc(cc2)c2cc(c(cc2)N2C(=O)c3c(C2=O)cc(cc3)C(*)(C(F)(F)F)C(F)(F)F)OCCOc2ccc3c(c2)oc(=O)cc3C)OCCOc2ccc3c(c2)oc(=O)cc3C)cc1,0.34983336,uwm_md,train
*c1cc2c(C(=O)N(C2=O)c2cc(c(cc2)Oc2c(cccc2)Oc2c(cc(cc2)N2C(=O)c3c(C2=O)cc(cc3)C(=O)*)C(F)(F)F)C(F)(F)F)cc1,0.37183855,uwm_md,train
*N1C(=O)c2c(C1=O)cc(cc2)c1cc2c(C(=O)N(C2=O)c2cc(c(cc2)Oc2c(cccc2)Oc2c(cc(cc2)*)C(F)(F)F)C(F)(F)F)cc1,0.3645119,uwm_md,train
*N1C(=O)c2c(C1=O)cc(cc2)S(=O)(=O)c1cc2c(C(=O)N(C2=O)c2cc(c(cc2)Oc2c(cccc2)Oc2c(cc(cc2)*)C(F)(F)F)C(F)(F)F)cc1,0.3732598,uwm_md,train
*N1C(=O)c2c(C1=O)cc(cc2)Oc1cc2c(C(=O)N(C2=O)c2cc(c(cc2)Oc2c(cccc2)Oc2c(cc(cc2)*)C(F)(F)F)C(F)(F)F)cc1,0.36576424,uwm_md,train
*c1cc2c(C(=O)N(C2=O)c2cc(c(cc2)Oc2c(cccc2)Oc2c(cc(cc2)N2C(=O)c3c(C2=O)cc(cc3)C(*)(C(F)(F)F)C(F)(F)F)C(F)(F)F)C(F)(F)F)cc1,0.38315859,uwm_md,train
*c1cc2c(C(=O)N(C2=O)c2cc(ccc2)P(=O)(c2cc(ccc2)N2C(=O)c3c(C2=O)cc(cc3)C(=O)Nc2cc(ccc2)P(=O)(c2cc(ccc2)NC(=O)*)c2ccccc2)c2ccccc2)cc1,0.36969182,uwm_md,train
*c1cc2c(C(=O)N(C2=O)c2cc(ccc2)P(=O)(c2cc(ccc2)N2C(=O)c3c(C2=O)cc(cc3)C(=O)Nc2ccc(cc2)c2nc(cc(c2)c2ccccc2)c2ccc(cc2)NC(=O)*)c2ccccc2)cc1,0.37693882,uwm_md,train
*c1cc2c(C(=O)N(C2=O)c2cc(ccc2)P(=O)(c2cc(ccc2)N2C(=O)c3c(C2=O)cc(cc3)C(=O)Nc2ccc(cc2)S(=O)(=O)c2ccc(cc2)NC(=O)*)c2ccccc2)cc1,0.36301636,uwm_md,train
*c1cc2c(C(=O)N(C2=O)c2cc(ccc2)P(=O)(c2cc(ccc2)N2C(=O)c3c(C2=O)cc(cc3)C(=O)Nc2ccc(cc2)NC(=O)*)c2ccccc2)cc1,0.3614848,uwm_md,test
*c1cc2c(C(=O)N(C2=O)c2cc(ccc2)P(=O)(c2cc(ccc2)N2C(=O)c3c(C2=O)cc(cc3)C(=O)Nc2ccc(cc2)Cc2ccc(cc2)NC(=O)*)c2ccccc2)cc1,0.36643788,uwm_md,test
*c1cc2c(C(=O)N(C2=O)c2cc(ccc2)P(=O)(c2cc(ccc2)N2C(=O)c3c(C2=O)cc(cc3)C(=O)Nc2ccc(cc2)Oc2ccc(cc2)NC(=O)*)c2ccccc2)cc1,0.36252693,uwm_md,train
*c1cc2c(C(=O)N(C2=O)c2cc(ccc2)P(=O)(c2cc(ccc2)N2C(=O)c3c(C2=O)cc(cc3)C(=O)Nc2ccc3Cc4c(c3c2)cc(cc4)NC(=O)*)c2ccccc2)cc1,0.36796455,uwm_md,train
*c1cc2c(C(=O)N(C2=O)c2cc(ccc2)P(=O)(c2cc(ccc2)N2C(=O)c3c(C2=O)cc(cc3)C(=O)Nc2ccc(cc2)c2ccc(cc2)NC(=O)*)c2ccccc2)cc1,0.36549109,uwm_md,test
*N1C(=O)c2c(C1=O)cc(cc2)c1cc2c(C(=O)N(C2=O)c2c(ccc(c2)*)Oc2ccc(cc2)C(c2ccccc2)(C)C)cc1,0.39256327,uwm_md,train
*c1cc2c(C(=O)N(C2=O)c2c(ccc(c2)N2C(=O)c3c(C2=O)cc(cc3)C(=O)*)Oc2ccc(cc2)C(c2ccccc2)(C)C)cc1,0.38545958,uwm_md,train
*N1C(=O)c2c(C1=O)cc(cc2)c1cc2c(C(=O)N(C2=O)c2c(ccc(c2)*)Oc2ccc(cc2)S(=O)(=O)c2ccc(cc2)C)cc1,0.38583152,uwm_md,train
*c1cc2c(C(=O)N(C2=O)c2c(ccc(c2)N2C(=O)c3c(C2=O)cc(cc3)C(=O)*)Oc2ccc(cc2)S(=O)(=O)c2ccc(cc2)C)cc1,0.38455792,uwm_md,train
*c1cc2c(C(=O)N(C2=O)c2ccc(cc2)Oc2ccc(cc2)N2C(=O)c3c(C2=O)cc(cc3)C(=O)N2C(=S)N(C(C(=C2C)C(=O)OCC)c2ccccc2)C(=O)*)cc1,0.3735679,uwm_md,train
*c1cc2c(C(=O)N(C2=O)c2ccc(cc2)Oc2ccc(cc2)N2C(=O)c3c(C2=O)cc(cc3)C(=O)N2C(=S)N(C(C(=C2C)C(=O)OCC)c2c(cc(cc2)OC)OC)C(=O)*)cc1,0.37126454,uwm_md,train
*c1cc2c(C(=O)N(C2=O)c2cc(ccc2)P(=O)(c2cc(ccc2)N2C(=O)c3c(C2=O)cc(cc3)C(=O)Nc2ccc(cc2)C(=O)c2ccc(cc2)NC(=O)*)c2ccccc2)cc1,0.36068208,uwm_md,train
*C1C(=O)N(C(=O)C1*)c1ccc(cc1)O[Si](C)(C)C,0.43916684,uwm_md,train
*C1C(=O)N(C(=O)C1*)c1ccc(cc1)O[Si](c1ccccc1)(c1ccccc1)c1ccccc1,0.40006119,uwm_md,train
*C1C(=O)N(C(=O)C1*)c1ccc(cc1)O[Si](C(C)(C)C)(C)C,0.42394222,uwm_md,train
*C1C(=O)N(C(=O)C1*)c1ccc(cc1)O[Si](CC)(CC)CC,0.41373857,uwm_md,train
*C1C(=O)N(C(=O)C1*)c1cc(c(c(c1)Br)O[Si](C)(C)C)Br,0.45389033,uwm_md,train
*C1C(=O)N(C(=O)C1*)c1cc(c(c(c1)Br)O[Si](c1ccccc1)(c1ccccc1)c1ccccc1)Br,0.40469568,uwm_md,test
*C1C(=O)N(C(=O)C1*)c1cc(c(c(c1)Br)O[Si](C(C)(C)C)(C)C)Br,0.46658823,uwm_md,test
*C1C(=O)N(C(=O)C1*)c1cc(c(c(c1)Br)O[Si](CC)(CC)CC)Br,0.42330372,uwm_md,train
*C1C(=O)N(C(=O)C1CC*)CCCCNC(=O)C(C(C(C(C(C(C(F)(F)F)(F)F)(F)F)(F)F)(F)F)(F)F)(F)F,0.31483442,uwm_md,train
*C1C(=O)N(C(=O)C1C(C*)c1ccccc1)CCCCNC(=O)C(C(C(C(C(C(C(F)(F)F)(F)F)(F)F)(F)F)(F)F)(F)F)(F)F,0.32992256,uwm_md,train
*C1C(=O)N(C(=O)C1C(C*)CCCCCCCCCCCCCCCC)CCCCNC(=O)C(C(C(C(C(C(C(F)(F)F)(F)F)(F)F)(F)F)(F)F)(F)F)(F)F,0.35619083,uwm_md,train
*C1C(=O)N(C(=O)C1C(C*)CCCCCCCCCCCCCCCC)CCCCCCCCCCCC,0.39088075,uwm_md,train
*C1C2C(C(=O)N(C2=O)c2cc(cc(c2)C(F)(F)F)C(F)(F)F)C(C1)C=C*,0.3593193,uwm_md,train
*c1cc2c(C(=O)N(C2=O)c2c(ccc(c2)N2C(=O)c3c(C2=O)cc(cc3)C(=O)Nc2c(cc(cc2C)Cc2cc(c(c(c2)C)NC(=O)*)C)C)N=Nc2ccc(cc2)F)cc1,0.37338433,uwm_md,train
*c1cc2c(C(=O)N(C2=O)c2c(ccc(c2)N2C(=O)c3c(C2=O)cc(cc3)C(=O)Nc2c(cc(cc2C)Cc2cc(c(c(c2)C)NC(=O)*)C)C)N=Nc2ccc(cc2)OC(F)(F)F)cc1,0.37184486,uwm_md,train
*c1cc2c(C(=O)N(C2=O)c2c(ccc(c2)N2C(=O)c3c(C2=O)cc(cc3)C(=O)Nc2c(cc(cc2C)Cc2cc(c(c(c2)C)NC(=O)*)C)C)N=Nc2ccc(cc2)[N+](=O)[O-])cc1,0.37558403,uwm_md,train
*c1cc2c(C(=O)N(C2=O)c2c(ccc(c2)N2C(=O)c3c(C2=O)cc(cc3)C(=O)Nc2ccc(cc2)Cc2ccc(cc2)NC(=O)*)N=Nc2ccc(cc2)C)cc1,0.36541949,uwm_md,train
*c1cc2c(C(=O)N(C2=O)c2c(ccc(c2)N2C(=O)c3c(C2=O)cc(cc3)C(=O)Nc2c(cc(cc2)Cc2cc(c(cc2)NC(=O)*)C)C)N=Nc2ccc(cc2)C)cc1,0.37339461,uwm_md,train
*c1cc2c(C(=O)N(C2=O)c2c(ccc(c2)N2C(=O)c3c(C2=O)cc(cc3)C(=O)Nc2c(cc(cc2CC)Cc2cc(c(c(c2)CC)NC(=O)*)CC)CC)N=Nc2ccc(cc2)C)cc1,0.3890601,uwm_md,train
*N1C(=O)c2c(C1=O)cc(cc2)Oc1cc2c(C(=O)N(C2=O)c2c(ccc(c2)C(c2cc(c(cc2)OCCN(c2ccc(cc2)C=CC2=CC(=C(C#N)C#N)CC(C2)(C)C)C)*)(C(F)(F)F)C(F)(F)F)OCCN(c2ccc(cc2)C=CC2=CC(=C(C#N)C#N)CC(C2)(C)C)C)cc1,0.3816004,uwm_md,train
*N1C(=O)c2c(C1=O)cc(cc2)Oc1cc2c(C(=O)N(C2=O)c2c(ccc(c2)C(c2cc(c(cc2)OCCN(c2ccc(cc2)C=CC2=CC(=C(S(=O)(=O)C)C#N)CC(C2)(C)C)C)*)(C(F)(F)F)C(F)(F)F)OCCN(c2ccc(cc2)C=CC2=CC(=C(S(=O)(=O)C)C#N)CC(C2)(C)C)C)cc1,0.37777031,uwm_md,train
*N1C(=O)c2c(C1=O)cc(cc2)Oc1cc2c(C(=O)N(C2=O)c2c(ccc(c2)C(c2cc(c(cc2)OCCN(c2ccc(cc2)C=CC2=CC(=C(C#N)C#N)CC(C2)(C)C)CC)*)(C(F)(F)F)C(F)(F)F)OCCN(c2ccc(cc2)C=CC2=CC(=C(C#N)C#N)CC(C2)(C)C)CC)cc1,0.38611474,uwm_md,test
*N1C(=O)c2c(C1=O)cc(cc2)Oc1cc2c(C(=O)N(C2=O)c2c(ccc(c2)C(c2cc(c(cc2)OCCN(c2ccc(cc2)C=CC2=CC(=C(C#N)C#N)CC(C2)(C)C)c2ccccc2)*)(C(F)(F)F)C(F)(F)F)OCCN(c2ccc(cc2)C=CC2=CC(=C(C#N)C#N)CC(C2)(C)C)c2ccccc2)cc1,0.38518834,uwm_md,train
*N1C(=O)c2c(C1=O)cc(cc2)Oc1cc2c(C(=O)N(C2=O)c2c(ccc(c2)C(c2cc(c(cc2)OCCN(c2ccc(cc2)C=CC2=CC(=C(S(=O)(=O)C)C#N)CC(C2)(C)C)c2ccccc2)*)(C(F)(F)F)C(F)(F)F)OCCN(c2ccc(cc2)C=CC2=CC(=C(S(=O)(=O)C)C#N)CC(C2)(C)C)c2ccccc2)cc1,0.37934659,uwm_md,train
*N1C(=O)c2c(C1=O)cc(cc2)Oc1cc2c(C(=O)N(C2=O)c2c(ccc(c2)C(c2cc(c(cc2)OCCN(c2ccc(cc2)C=CC2=CC(=C(C(=O)OC)C#N)CC(C2)(C)C)c2ccccc2)*)(C(F)(F)F)C(F)(F)F)OCCN(c2ccc(cc2)C=CC2=CC(=C(C(=O)OC)C#N)CC(C2)(C)C)C)cc1,0.3775713,uwm_md,train
*N1C(=O)c2c(C1=O)cc(cc2)Oc1cc2c(C(=O)N(C2=O)c2c(ccc(c2)C(c2cc(c(cc2)OCCN(c2ccc(cc2)C=CC2=CC(=C(C(=O)OCCc3ccccc3)C#N)CC(C2)(C)C)c2ccccc2)*)(C(F)(F)F)C(F)(F)F)OCCN(c2ccc(cc2)C=CC2=CC(=C(C(=O)OCCc3ccccc3)C#N)CC(C2)(C)C)C)cc1,0.37158327,uwm_md,train
*N1C(=O)c2c(C1=O)cc(cc2)Oc1cc2c(C(=O)N(C2=O)c2c(ccc(c2)C(c2cc(c(cc2)OCCN(c2ccc(cc2)C=CC2=CC(=C(C(=O)OCc3ccc(cc3)Oc3c(c(c(c(c3F)F)F)F)F)C#N)CC(C2)(C)C)c2ccccc2)*)(C(F)(F)F)C(F)(F)F)OCCN(c2ccc(cc2)C=CC2=CC(=C(C(=O)OCc3ccc(cc3)Oc3c(c(c(c(c3F)F)F)F)F)C#N)CC(C2)(C)C)C)cc1,0.36411083,uwm_md,test
*c1cc2c(=O)n(c(=O)c3ccc4c5c(cc6c(=O)n(c(=O)c7ccc(c1c4c23)c5c67)CCCCCCCC)Oc1ccc(cc1)C=Cc1c(cc(c(c1)OCCCCCCCC)C=Cc1ccc(cc1)O*)OCCCCCCCC)CCCCCCCC,0.37287608,uwm_md,train
*c1cc2c(C(=O)N(C2=O)c2ccc(cc2)NC(=O)Nc2ccc(cc2)N2C(=O)c3c(C2=O)cc(cc3)C(=O)Nc2ccc(cc2)NC(=O)Nc2ccc(cc2)NC(=O)*)cc1,0.33714284,uwm_md,train
*c1cc2c(C(=O)N(C2=O)c2ccc(cc2)NC(=O)Nc2ccc(cc2)N2C(=O)c3c(C2=O)cc(cc3)C(=O)Nc2ccc(cc2)c2nc(cc(c2)c2ccccc2)c2ccc(cc2)NC(=O)*)cc1,0.35865584,uwm_md,train
*c1cc2c(C(=O)N(C2=O)c2ccc(cc2)NC(=O)Nc2ccc(cc2)N2C(=O)c3c(C2=O)cc(cc3)C(=O)Nc2ccc(cc2)S(=O)(=O)c2ccc(cc2)NC(=O)*)cc1,0.34470216,uwm_md,train
*c1cc2c(C(=O)N(C2=O)c2ccc(cc2)NC(=O)Nc2ccc(cc2)N2C(=O)c3c(C2=O)cc(cc3)C(=O)Nc2ccc(cc2)NC(=O)*)cc1,0.33834111,uwm_md,test
*c1cc2c(C(=O)N(C2=O)c2ccc(cc2)NC(=O)Nc2ccc(cc2)N2C(=O)c3c(C2=O)cc(cc3)C(=O)Nc2ccc(cc2)C(=O)c2ccc(cc2)NC(=O)*)cc1,0.3459702,uwm_md,test
*c1cc2c(C(=O)N(C2=O)c2ccc(cc2)NC(=O)Nc2ccc(cc2)N2C(=O)c3c(C2=O)cc(cc3)C(=O)Nc2ccc(cc2)Cc2ccc(cc2)NC(=O)*)cc1,0.34861514,uwm_md,train
*c1cc2c(C(=O)N(C2=O)c2ccc(cc2)NC(=O)Nc2ccc(cc2)N2C(=O)c3c(C2=O)cc(cc3)C(=O)Nc2ccc(cc2)Oc2ccc(cc2)NC(=O)*)cc1,0.34682404,uwm_md,train
*c1cc2c(C(=O)N(C2=O)c2ccc(cc2)NC(=O)Nc2ccc(cc2)N2C(=O)c3c(C2=O)cc(cc3)C(=O)Nc2cc3Cc4c(c3cc2)ccc(c4)NC(=O)*)cc1,0.34865411,uwm_md,train
*c1cc2c(C(=O)N(C2=O)c2cc(ccc2)P(=O)(c2cc(ccc2)N2C(=O)c3c(C2=O)cc(cc3)C(=O)Nc2nc(ccc2)NC(=O)*)c2ccccc2)cc1,0.35663308,uwm_md,test
*c1cc2c(C(=O)N(C2=O)c2ccc(cc2)C(c2ccc(cc2)C(c2ccc(cc2)N2C(=O)c3c(C2=O)cc(cc3)C(=O)*)(C)C)(C)C)cc1,0.39003172,uwm_md,train
*c1cc2c(C(=O)N(C2=O)c2ccc(cc2)C(c2cc(ccc2)C(c2ccc(cc2)N2C(=O)c3c(C2=O)cc(cc3)C(=O)*)(C)C)(C)C)cc1,0.38044047,uwm_md,train
*c1cc2c(C(=O)N(C2=O)c2ccc(cc2)C(=O)Nc2ccc(cc2)Oc2ccc(cc2)NC(=O)c2ccc(cc2)NC(=O)Nc2ccc(cc2)Cc2ccc(cc2)NC(=O)Nc2ccc(cc2)C(=O)Nc2ccc(cc2)Oc2ccc(cc2)NC(=O)c2ccc(cc2)N2C(=O)c3c(C2=O)cc(cc3)C(=O)*)cc1,0.34916316,uwm_md,train
*c1cc2c(C(=O)N(C2=O)c2c(cc(cc2C)Cc2cc(c(c(c2)C)N2C(=O)c3c(C2=O)cc(cc3)C(=O)*)C)C)cc1,0.41157762,uwm_md,train
*c1cc2c(C(=O)N(C2=O)c2c(cc(cc2CC)Cc2cc(c(c(c2)CC)N2C(=O)c3c(C2=O)cc(cc3)C(=O)*)CC)CC)cc1,0.4118037,uwm_md,test
*c1cc2c(C(=O)N(C2=O)c2c(cc(cc2C(C)C)Cc2cc(c(c(c2)C(C)C)N2C(=O)c3c(C2=O)cc(cc3)C(=O)*)C(C)C)C(C)C)cc1,0.43503278,uwm_md,train
*N1C(=O)c2c(C1=O)cc(cc2)c1cc2c(C(=O)N(C2=O)c2cc(cc(c2)C(F)(F)F)Oc2c(cc(cc2C)c2cc(c(c(c2)C)Oc2cc(cc(c2)C(F)(F)F)*)C)C)cc1,0.3863168,uwm_md,train
*c1cc2c(C(=O)N(C2=O)c2cc(cc(c2)C(F)(F)F)Oc2c(cc(cc2C)c2cc(c(c(c2)C)Oc2cc(cc(c2)C(F)(F)F)N2C(=O)c3c(C2=O)cc(cc3)C(=O)*)C)C)cc1,0.38618508,uwm_md,test
*N1C(=O)c2c(C1=O)cc(cc2)Oc1cc2c(C(=O)N(C2=O)c2cc(cc(c2)C(F)(F)F)Oc2c(cc(cc2C)c2cc(c(c(c2)C)Oc2cc(cc(c2)C(F)(F)F)*)C)C)cc1,0.38333986,uwm_md,train
*c1cc2c(C(=O)N(C2=O)c2cc(cc(c2)C(F)(F)F)Oc2c(cc(cc2C)c2cc(c(c(c2)C)Oc2cc(cc(c2)C(F)(F)F)N2C(=O)c3c(C2=O)cc(cc3)C(*)(C(F)(F)F)C(F)(F)F)C)C)cc1,0.39069947,uwm_md,train
*N1C(=O)c2c(C1=O)cc(cc2)Oc1c(cccc1)Oc1cc2c(C(=O)N(C2=O)c2cc(c(cc2)Oc2ccc(cc2)Oc2c(cc(cc2)*)C(F)(F)F)C(F)(F)F)cc1,0.36614027,uwm_md,train
*N1C(=O)c2c(C1=O)cc(cc2)Oc1c(cccc1)Oc1cc2c(C(=O)N(C2=O)c2cc(c(cc2)Oc2c(cccc2)Oc2c(cc(cc2)*)C(F)(F)F)C(F)(F)F)cc1,0.36055432,uwm_md,train
*N1C(=O)c2c(C1=O)cc(cc2)Oc1c(cccc1)Oc1cc2c(C(=O)N(C2=O)c2cc(c(cc2)Oc2ccc(cc2)c2ccc(cc2)Oc2c(cc(cc2)*)C(F)(F)F)C(F)(F)F)cc1,0.36566702,uwm_md,train
*N1C(=O)c2c(C1=O)cc(cc2)Oc1c(cccc1)Oc1cc2c(C(=O)N(C2=O)c2cc(c(cc2)Oc2c(cc(cc2C)c2cc(c(c(c2)C)Oc2c(cc(cc2)*)C(F)(F)F)C)C)C(F)(F)F)cc1,0.38084473,uwm_md,train
*N1C(=O)c2c(C1=O)cc(cc2)Oc1c(cccc1)Oc1cc2c(C(=O)N(C2=O)c2cc(c(cc2)Oc2ccc(cc2)C(c2ccc(cc2)Oc2c(cc(cc2)*)C(F)(F)F)(C)C)C(F)(F)F)cc1,0.37120514,uwm_md,train
*N1C(=O)c2c(C1=O)cc(cc2)Oc1c(cccc1)Oc1cc2c(C(=O)N(C2=O)c2cc(c(cc2)Oc2ccc(cc2)C(c2ccc(cc2)Oc2c(cc(cc2)*)C(F)(F)F)(C(F)(F)F)C(F)(F)F)C(F)(F)F)cc1,0.36819358,uwm_md,test
*N1C(=O)c2c(C1=O)cc(cc2)Oc1c(cccc1)Oc1cc2c(C(=O)N(C2=O)c2cc(c(cc2)Oc2ccc(cc2)C2(c3ccccc3c3ccccc23)c2ccc(cc2)Oc2c(cc(cc2)*)C(F)(F)F)C(F)(F)F)cc1,0.3879662,uwm_md,train
*c1cc2c(C(=O)N(C2=O)c2cc(ccc2)P(=O)(c2cc(ccc2)N2C(=O)c3c(C2=O)cc(cc3)C(*)(C(F)(F)F)C(F)(F)F)c2ccc(cc2)Oc2ccc(cc2)C23CC4CC(CC(C2)C4)C3)cc1,0.3944462,uwm_md,train
*c1cc2c(C(=O)N(C2=O)c2cc(ccc2)P(=O)(c2cc(ccc2)N2C(=O)c3c(C2=O)cc(cc3)C(=O)*)c2ccc(cc2)Oc2ccc(cc2)C23CC4CC(CC(C2)C4)C3)cc1,0.38634637,uwm_md,train
*N1C(=O)c2c(C1=O)cc(cc2)Oc1cc2c(C(=O)N(C2=O)c2cc(ccc2)P(=O)(c2cc(ccc2)*)c2ccc(cc2)Oc2ccc(cc2)C23CC4CC(CC(C2)C4)C3)cc1,0.38257569,uwm_md,train
*c1cc2c(C(=O)N(C2=O)c2cc(ccc2)N2C(=O)c3c(C2=O)cc(cc3)C(=O)OCCN(CCOC(=O)*)c2ccc(cc2)N=Nc2ccc(cc2)[N+](=O)[O-])cc1,0.35327976,uwm_md,train
*c1cc2c(C(=O)N(C2=O)c2cc(ccc2)N2C(=O)c3c(C2=O)cc(cc3)C(=O)OCCN(CCOC(=O)*)c2ccc(cc2)N=Nc2ccc(cc2)C)cc1,0.35543807,uwm_md,train
*c1cc2c(C(=O)N(C2=O)c2cc(ccc2)N2C(=O)c3c(C2=O)cc(cc3)C(=O)OCCN(CCOC(=O)*)c2ccc(cc2)N=Nc2ccc(cc2)F)cc1,0.35292509,uwm_md,train
*c1cc2c(C(=O)N(C2=O)c2c(cc(cc2C)Cc2cc(c(c(c2)C)N2C(=O)c3c(C2=O)cc(cc3)C(=O)Nc2c(ccc(c2)NC(=O)*)N=Nc2ccc(cc2)[N+](=O)[O-])C)C)cc1,0.37657696,uwm_md,train
*c1cc2c(C(=O)N(C2=O)c2c(cc(cc2C)c2cc(c(c(c2)C)N2C(=O)c3c(C2=O)cc(cc3)C(=O)Nc2c(ccc(c2)NC(=O)*)N=Nc2ccc(cc2)[N+](=O)[O-])C)C)cc1,0.37389366,uwm_md,test
*N1C(=O)c2c(C1=O)cc(cc2)c1cc2c(C(=O)N(C2=O)c2c(cc(c(c2C)C(=O)c2cc(ccc2)*)C)C)cc1,0.3935505,uwm_md,test
*N1C(=O)c2c(C1=O)cc(cc2)Oc1cc2c(C(=O)N(C2=O)c2c(cc(c(c2C)C(=O)c2cc(ccc2)*)C)C)cc1,0.39121654,uwm_md,train
*c1cc2c(C(=O)N(C2=O)c2c(cc(c(c2C)C(=O)c2cc(ccc2)N2C(=O)c3c(C2=O)cc(cc3)C(=O)*)C)C)cc1,0.39668425,uwm_md,test
*c1cc2c(C(=O)N(C2=O)c2c(ccc(c2)N2C(=O)c3c(C2=O)cc(cc3)C(*)(C(F)(F)F)C(F)(F)F)OCCCCCCOc2ccc(cc2)c2ccc(cc2)OCC)cc1,0.3582791,uwm_md,train
*c1cc2c(C(=O)N(C2=O)c2c(ccc(c2)N2C(=O)c3c(C2=O)cc(cc3)C(*)(C(F)(F)F)C(F)(F)F)OCCCCCCOc2ccc(cc2)N=Nc2ccc(cc2)OCC)cc1,0.36774153,uwm_md,train
*N1C(=O)c2c(C1=O)cc(cc2)c1cc2c(C(=O)N(C2=O)c2ccc(cc2)N(c2ccc(cc2)*)c2ccc(cc2)C#N)cc1,0.42334602,uwm_md,train
*c1cc2c(C(=O)N(C2=O)c2ccc(cc2)N(c2ccc(cc2)N2C(=O)c3c(C2=O)cc(cc3)C(=O)*)c2ccc(cc2)C#N)cc1,0.41938162,uwm_md,train
*N1C(=O)c2c(C1=O)cc(cc2)Oc1cc2c(C(=O)N(C2=O)c2ccc(cc2)N(c2ccc(cc2)*)c2ccc(cc2)C#N)cc1,0.41433043,uwm_md,train
*c1cc2c(C(=O)N(C2=O)c2ccc(cc2)N(c2ccc(cc2)N2C(=O)c3c(C2=O)cc(cc3)C(*)(C(F)(F)F)C(F)(F)F)c2ccc(cc2)C#N)cc1,0.42132012,uwm_md,train
*N1C(=O)c2c(C1=O)cc(cc2)c1cc2c(C(=O)N(C2=O)c2ccc(cc2)c2nc(cc(c2)c2ccc(cc2)OCCCC#N)c2ccc(cc2)*)cc1,0.38426678,uwm_md,test
*c1cc2c(C(=O)N(C2=O)c2ccc(cc2)c2nc(cc(c2)c2ccc(cc2)OCCCC#N)c2ccc(cc2)N2C(=O)c3c(C2=O)cc(cc3)C(=O)*)cc1,0.3862986,uwm_md,train
*N1C(=O)c2c(C1=O)cc(cc2)Oc1cc2c(C(=O)N(C2=O)c2ccc(cc2)c2nc(cc(c2)c2ccc(cc2)OCCCC#N)c2ccc(cc2)*)cc1,0.38498267,uwm_md,test
*c1cc2c(C(=O)N(C2=O)c2ccc(cc2)c2nc(cc(c2)c2ccc(cc2)OCCCC#N)c2ccc(cc2)N2C(=O)c3c(C2=O)cc(cc3)C(*)(C(F)(F)F)C(F)(F)F)cc1,0.39133561,uwm_md,train
*c1cc2c(C(=O)N(C2=O)c2ccc(cc2)N(c2ccc(cc2)N2C(=O)c3c(C2=O)cc(cc3)C(=O)*)c2ccccc2)cc1,0.40964735,uwm_md,train
*c1cc2c(C(=O)N(C2=O)c2ccc(cc2)c2nc(cc(c2)c2ccc(cc2)OC)c2ccc(cc2)N2C(=O)c3c(C2=O)cc(cc3)C(=O)*)cc1,0.38734029,uwm_md,train
*N1C(=O)C(CC1=O)SCCCCCSC1C(=O)N(C(=O)C1)c1ccc(cc1)C(=O)OCC(NC(=O)c1ccc(cc1)*)CC,0.34187681,uwm_md,train
*N1C(=O)c2c(C1=O)cc(cc2)Oc1cc(ccc1)C(c1ccc(cc1)Oc1cc2c(C(=O)N(C2=O)c2ccc(cc2)*)cc1)(C)C,0.37049123,uwm_md,train
*c1c(c2c(C(=O)N(C2=O)c2ccc(cc2)Oc2ccc(cc2)N2C(=O)c3c(C2=O)c(c(cc3)C(=O)*)OCc2c(cccc2)[N+](=O)[O-])cc1)OCc1c(cccc1)[N+](=O)[O-],0.36920726,uwm_md,train
*N1C(=O)c2c(C1=O)c(ccc2)Oc1ccc(cc1)C(c1ccc(cc1)Oc1c2c(C(=O)N(C2=O)c2c(cc(cc2C)c2cc(c(c(c2)C)*)C)C)ccc1)(C)C,0.38334817,uwm_md,test
*N1C(=O)c2c(C1=O)c(ccc2)Oc1ccc(cc1)C(c1ccc(cc1)Oc1c2c(C(=O)N(C2=O)c2c(cc(cc2C)Cc2cc(c(c(c2)C)*)C)C)ccc1)(C)C,0.38770631,uwm_md,train
*N1C(=O)c2c(C1=O)c(ccc2)Oc1ccc(cc1)C(c1ccc(cc1)Oc1c2c(C(=O)N(C2=O)c2c(cc(c(c2C)*)C)C)ccc1)(C)C,0.38678504,uwm_md,train
*N1C(=O)c2c(C1=O)c(ccc2)Oc1ccc(cc1)C(c1ccc(cc1)Oc1c2c(C(=O)N(C2=O)c2ccc(cc2)Oc2ccc(cc2)c2ccc(cc2)Oc2ccc(cc2)*)ccc1)(C)C,0.36779038,uwm_md,train
*N1C(=O)c2c(C1=O)c(ccc2)Oc1ccc(cc1)C(c1ccc(cc1)Oc1c2c(C(=O)N(C2=O)c2c(cc(cc2)Oc2ccc(cc2)Oc2cc(c(cc2)*)C)C)ccc1)(C)C,0.37551052,uwm_md,train
*N1C(=O)c2c(C1=O)c(ccc2)Oc1c(cc(cc1C)Cc1cc(c(c(c1)C)Oc1c2c(C(=O)N(C2=O)c2ccc(cc2)Oc2ccc(cc2)*)ccc1)C)C,0.38048862,uwm_md,train
*N1C(=O)c2c(C1=O)c(ccc2)Oc1c(cc(cc1C)Cc1cc(c(c(c1)C)Oc1c2c(C(=O)N(C2=O)c2c(cc(cc2C)c2cc(c(c(c2)C)*)C)C)ccc1)C)C,0.39281003,uwm_md,train
*N1C(=O)c2c(C1=O)c(ccc2)Oc1c(cc(cc1C)Cc1cc(c(c(c1)C)Oc1c2c(C(=O)N(C2=O)c2c(cc(cc2C)Cc2cc(c(c(c2)C)*)C)C)ccc1)C)C,0.40218453,uwm_md,test
*N1C(=O)c2c(C1=O)c(ccc2)Oc1c(cc(cc1C)Cc1cc(c(c(c1)C)Oc1c2c(C(=O)N(C2=O)c2cc(ccc2)*)ccc1)C)C,0.38564585,uwm_md,train
*N1C(=O)c2c(C1=O)c(ccc2)Oc1c(cc(cc1C)Cc1cc(c(c(c1)C)Oc1c2c(C(=O)N(C2=O)c2c(cc(c(c2C)*)C)C)ccc1)C)C,0.39441657,uwm_md,train
*N1C(=O)c2c(C1=O)c(ccc2)Oc1c(cc(cc1C)Cc1cc(c(c(c1)C)Oc1c2c(C(=O)N(C2=O)c2ccc(cc2)Oc2ccc(cc2)c2ccc(cc2)Oc2ccc(cc2)*)ccc1)C)C,0.3774632,uwm_md,train
*N1C(=O)c2c(C1=O)c(ccc2)Oc1c(cc(cc1C)Cc1cc(c(c(c1)C)Oc1c2c(C(=O)N(C2=O)c2c(cc(cc2)Oc2ccc(cc2)Oc2cc(c(cc2)*)C)C)ccc1)C)C,0.38135415,uwm_md,train
*N1C(=O)c2c(C1=O)c(ccc2)Oc1c(cc(cc1C)c1cc(c(c(c1)C)Oc1c2c(C(=O)N(C2=O)c2ccc(cc2)Oc2ccc(cc2)*)ccc1)C)C,0.38403589,uwm_md,train
*N1C(=O)c2c(C1=O)c(ccc2)Oc1c(cc(cc1C)c1cc(c(c(c1)C)Oc1c2c(C(=O)N(C2=O)c2c(cc(cc2C)c2cc(c(c(c2)C)*)C)C)ccc1)C)C,0.39657814,uwm_md,train
*N1C(=O)c2c(C1=O)c(ccc2)Oc1c(cc(cc1C)c1cc(c(c(c1)C)Oc1c2c(C(=O)N(C2=O)c2c(cc(cc2C)Cc2cc(c(c(c2)C)*)C)C)ccc1)C)C,0.3975525,uwm_md,train
*N1C(=O)c2c(C1=O)c(ccc2)Oc1c(cc(cc1C)c1cc(c(c(c1)C)Oc1c2c(C(=O)N(C2=O)c2cc(ccc2)*)ccc1)C)C,0.38569497,uwm_md,test
*N1C(=O)c2c(C1=O)c(ccc2)Oc1c(cc(cc1C)c1cc(c(c(c1)C)Oc1c2c(C(=O)N(C2=O)c2c(cc(c(c2C)*)C)C)ccc1)C)C,0.39910552,uwm_md,train
*N1C(=O)c2c(C1=O)c(ccc2)Oc1c(cc(cc1C)c1cc(c(c(c1)C)Oc1c2c(C(=O)N(C2=O)c2ccc(cc2)Oc2ccc(cc2)c2ccc(cc2)Oc2ccc(cc2)*)ccc1)C)C,0.37366019,uwm_md,test
*N1C(=O)c2c(C1=O)c(ccc2)Oc1c(c(cc(c1)C(C)(C)C)C(C)(C)C)Oc1c2c(C(=O)N(C2=O)c2ccc(cc2)Oc2ccc(cc2)c2ccc(cc2)Oc2ccc(cc2)*)ccc1,0.3876841,uwm_md,train
*N1C(=O)c2c(C1=O)c(ccc2)Oc1c(cc(c(c1)C(C)(C)C)Oc1c2c(C(=O)N(C2=O)c2ccc(cc2)Oc2ccc(cc2)c2ccc(cc2)Oc2ccc(cc2)*)ccc1)C(C)(C)C,0.39017325,uwm_md,test
*N1C(=O)c2c(C1=O)c(ccc2)Oc1ccc(cc1)C(c1ccc(cc1)Oc1c2c(C(=O)N(C2=O)c2ccc(cc2)Oc2ccc(cc2)c2ccc(cc2)Oc2ccc(cc2)*)ccc1)(C(F)(F)F)C(F)(F)F,0.36630102,uwm_md,train
*N1C(=O)c2c(C1=O)cc(cc2)Oc1ccc(cc1)C(c1ccc(cc1)Oc1cc2c(C(=O)N(C2=O)c2c(cc(cc2C)c2cc(c(c(c2)C)*)C)C)cc1)(C)C,0.38990238,uwm_md,train
*N1C(=O)c2c(C1=O)cc(cc2)Oc1ccc(cc1)C(c1ccc(cc1)Oc1cc2c(C(=O)N(C2=O)c2c(cc(cc2C)Cc2cc(c(c(c2)C)*)C)C)cc1)(C)C,0.39213223,uwm_md,train
*N1C(=O)c2c(C1=O)cc(cc2)Oc1ccc(cc1)C(c1ccc(cc1)Oc1cc2c(C(=O)N(C2=O)c2ccc(cc2)Oc2ccc(cc2)c2ccc(cc2)Oc2ccc(cc2)*)cc1)(C)C,0.36490013,uwm_md,train
*N1C(=O)c2c(C1=O)cc(cc2)Oc1c(cc(cc1C)Cc1cc(c(c(c1)C)Oc1cc2c(C(=O)N(C2=O)c2ccc(cc2)Oc2ccc(cc2)*)cc1)C)C,0.38651077,uwm_md,train
*N1C(=O)c2c(C1=O)cc(cc2)Oc1c(cc(cc1C)Cc1cc(c(c(c1)C)Oc1cc2c(C(=O)N(C2=O)c2c(cc(cc2C)c2cc(c(c(c2)C)*)C)C)cc1)C)C,0.40667295,uwm_md,test
*N1C(=O)c2c(C1=O)cc(cc2)Oc1c(cc(cc1C)Cc1cc(c(c(c1)C)Oc1cc2c(C(=O)N(C2=O)c2c(cc(cc2C)Cc2cc(c(c(c2)C)*)C)C)cc1)C)C,0.40345337,uwm_md,train
*N1C(=O)c2c(C1=O)cc(cc2)Oc1c(cc(cc1C)Cc1cc(c(c(c1)C)Oc1cc2c(C(=O)N(C2=O)c2cc(ccc2)*)cc1)C)C,0.39109264,uwm_md,train
*N1C(=O)c2c(C1=O)cc(cc2)Oc1c(cc(cc1C)Cc1cc(c(c(c1)C)Oc1cc2c(C(=O)N(C2=O)c2ccc(cc2)Oc2ccc(cc2)c2ccc(cc2)Oc2ccc(cc2)*)cc1)C)C,0.38112345,uwm_md,train
*N1C(=O)c2c(C1=O)cc(cc2)Oc1c(cc(cc1C)c1cc(c(c(c1)C)Oc1cc2c(C(=O)N(C2=O)c2ccc(cc2)Oc2ccc(cc2)*)cc1)C)C,0.39388382,uwm_md,train
*N1C(=O)c2c(C1=O)cc(cc2)Oc1c(cc(cc1C)c1cc(c(c(c1)C)Oc1cc2c(C(=O)N(C2=O)c2c(cc(cc2C)Cc2cc(c(c(c2)C)*)C)C)cc1)C)C,0.41449337,uwm_md,test
*N1C(=O)c2c(C1=O)cc(cc2)Oc1c(cc(cc1C)c1cc(c(c(c1)C)Oc1cc2c(C(=O)N(C2=O)c2cc(ccc2)*)cc1)C)C,0.39022826,uwm_md,test
*N1C(=O)c2c(C1=O)cc(cc2)Oc1c(c(cc(c1)C(C)(C)C)C(C)(C)C)Oc1cc2c(C(=O)N(C2=O)c2ccc(cc2)Oc2ccc(cc2)*)cc1,0.39862825,uwm_md,train
*N1C(=O)c2c(C1=O)cc(cc2)Oc1c(cc(c(c1)C(C)(C)C)Oc1cc2c(C(=O)N(C2=O)c2ccc(cc2)Oc2ccc(cc2)c2ccc(cc2)Oc2ccc(cc2)*)cc1)C(C)(C)C,0.39240961,uwm_md,train
*N1C(=O)c2c(C1=O)cc(cc2)Oc1ccc(cc1)C(c1ccc(cc1)Oc1cc2c(C(=O)N(C2=O)c2ccc(cc2)Oc2ccc(cc2)c2ccc(cc2)Oc2ccc(cc2)*)cc1)(C(F)(F)F)C(F)(F)F,0.36693527,uwm_md,train
*N1C(=O)c2c(C1=O)cc(cc2)c1cc2c(C(=O)N(C2=O)c2c(cc(cc2C)C(c2cc(c(c(c2)C)*)C)c2cc(ccc2)C(F)(F)F)C)cc1,0.42612429,uwm_md,train
*c1cc2c(C(=O)N(C2=O)c2c(cc(cc2C)C(c2cc(c(c(c2)C)N2C(=O)c3c(C2=O)cc(cc3)C(=O)*)C)c2cc(ccc2)C(F)(F)F)C)cc1,0.42825804,uwm_md,train
*N1C(=O)c2c(C1=O)cc(cc2)Oc1cc2c(C(=O)N(C2=O)c2c(cc(cc2C)C(c2cc(c(c(c2)C)*)C)c2cc(ccc2)C(F)(F)F)C)cc1,0.41905022,uwm_md,train
*c1cc2c(C(=O)N(C2=O)c2c(cc(cc2C)C(c2cc(c(c(c2)C)N2C(=O)c3c(C2=O)cc(cc3)C(*)(C(F)(F)F)C(F)(F)F)C)c2cc(ccc2)C(F)(F)F)C)cc1,0.42381981,uwm_md,train
*N1C(=O)c2c(C1=O)cc(cc2)c1cc2c(C(=O)N(C2=O)c2c(cc(cc2C)C(c2cc(c(c(c2)C)*)C)c2cc(cc(c2)C(F)(F)F)C(F)(F)F)C)cc1,0.43003915,uwm_md,train
*c1cc2c(C(=O)N(C2=O)c2c(cc(cc2C)C(c2cc(c(c(c2)C)N2C(=O)c3c(C2=O)cc(cc3)C(=O)*)C)c2cc(cc(c2)C(F)(F)F)C(F)(F)F)C)cc1,0.43055287,uwm_md,train
*N1C(=O)c2c(C1=O)cc(cc2)Oc1cc2c(C(=O)N(C2=O)c2c(cc(cc2C)C(c2cc(c(c(c2)C)*)C)c2cc(cc(c2)C(F)(F)F)C(F)(F)F)C)cc1,0.42214994,uwm_md,train
*c1cc2c(C(=O)N(C2=O)c2c(cc(cc2C)C(c2cc(c(c(c2)C)N2C(=O)c3c(C2=O)cc(cc3)C(*)(C(F)(F)F)C(F)(F)F)C)c2cc(cc(c2)C(F)(F)F)C(F)(F)F)C)cc1,0.42868802,uwm_md,test
*N1C(=O)c2c(C1=O)cc(cc2)Oc1cc2c(C(=O)N(C2=O)c2cc(c(cc2)Oc2ccc(cc2)Oc2ccc(cc2)*)C(F)(F)F)cc1,0.37524227,uwm_md,train
*c1cc2c(C(=O)N(C2=O)c2cc(c(cc2)Oc2ccc(cc2)Oc2ccc(cc2)N2C(=O)c3c(C2=O)cc(cc3)C(=O)*)C(F)(F)F)cc1,0.37676658,uwm_md,train
*c1cc2c(C(=O)N(C2=O)c2cc(c(cc2)Oc2ccc(cc2)Oc2ccc(cc2)N2C(=O)c3c(C2=O)cc(cc3)C(*)(C(F)(F)F)C(F)(F)F)C(F)(F)F)cc1,0.38478301,uwm_md,train
*N1C(=O)c2c(C1=O)cc(cc2)[Si](c1cc2c(C(=O)N(C2=O)c2ccc(cc2)Oc2ccc(cc2)S(=O)(=O)c2ccc(cc2)Oc2ccc(cc2)*)cc1)(C)C,0.37988388,uwm_md,test
*N1C(=O)C2C3C4C(C(C2C1=O)C=C3)C(=O)N(C4=O)C(C*)C,0.3634472,uwm_md,train
*N1C(=O)C2C3C4C(C(C2C1=O)C=C3)C(=O)N(C4=O)CCC*,0.34806971,uwm_md,train
*N1C(=O)C2C3C4C(C(C2C1=O)C=C3)C(=O)N(C4=O)CCCC*,0.34543609,uwm_md,train
*N1C(=O)C2C3C4C(C(C2C1=O)C=C3)C(=O)N(C4=O)CCCCCCCCCC*,0.34804179,uwm_md,train
*N1C(=O)C2C3C4C(C(C2C1=O)C=C3)C(=O)N(C4=O)C1CCC(CC1)CC1CCC(CC1)*,0.37857284,uwm_md,test
*N1C(=O)C2C3C4C(C(C2C1=O)C=C3)C(=O)N(C4=O)C1C(CC(CC1)CC1CC(C(CC1)*)C)C,0.38852364,uwm_md,train
*N1C(=O)C2C3C4C(C(C2C1=O)C=C3)C(=O)N(C4=O)c1ccc(cc1)Sc1cc2c(C(=O)N(C2=O)CCc2ccccc2)cc1Sc1ccc(cc1)*,0.38062067,uwm_md,test
*N1C(=O)C2C3C4C(C(C2C1=O)C=C3)C(=O)N(C4=O)c1ccc(cc1)Sc1cc2c(C(=O)N(C2=O)CCN(C)C)cc1Sc1ccc(cc1)*,0.3795624,uwm_md,test
*N1C(=O)c2c(C1=O)cc(cc2)Oc1cc2c(C(=O)N(C2=O)c2ccc(cc2)Sc2cc3c(C(=O)N(C3=O)CCCCCCCCCCCCCCCC)cc2Sc2ccc(cc2)*)cc1,0.37283494,uwm_md,train
*N1C(=O)c2c(C1=O)cc(cc2)Oc1cc2c(C(=O)N(C2=O)c2ccc(cc2)Sc2cc3c(C(=O)N(C3=O)CCc3ccccc3)cc2Sc2ccc(cc2)*)cc1,0.37134878,uwm_md,train
*N1C(=O)c2c(C1=O)cc(cc2)Oc1cc2c(C(=O)N(C2=O)c2ccc(cc2)Sc2cc3c(C(=O)N(C3=O)c3ccc(cc3)CC)cc2Sc2ccc(cc2)*)cc1,0.38009761,uwm_md,test
*N1C(=O)c2c(C1=O)cc(cc2)Oc1cc2c(C(=O)N(C2=O)c2c(ccc(c2)C(c2cc(c(cc2)OCc2cc(cc(c2)OCCN(c2ccc(cc2)C=CC2=CC(=C(C#N)C#N)CC(C2)(C)C)C)OCCN(c2ccc(cc2)C=CC2=CC(=C(C#N)C#N)CC(C2)(C)C)C)*)(C(F)(F)F)C(F)(F)F)OCc2cc(cc(c2)OCCN(c2ccc(cc2)C=CC2=CC(=C(C#N)C#N)CC(C2)(C)C)C)OCCN(c2ccc(cc2)C=CC2=CC(=C(C#N)C#N)CC(C2)(C)C)C)cc1,0.37745339,uwm_md,test
*N1C(=O)c2c(C1=O)cc(cc2)Oc1cc2c(C(=O)N(C2=O)c2ccc(cc2)Oc2ccc(cc2)C(=O)c2nc(ccc2)C(=O)c2ccc(cc2)Oc2ccc(cc2)*)cc1,0.35683183,uwm_md,train
*c1cc2c(C(=O)N(C2=O)c2ccc(cc2)Oc2ccc(cc2)C(=O)c2nc(ccc2)C(=O)c2ccc(cc2)Oc2ccc(cc2)N2C(=O)c3c(C2=O)cc(cc3)C(=O)*)cc1,0.35806566,uwm_md,test
*c1cc2c(C(=O)N(C2=O)c2ccc(cc2)Oc2ccc(cc2)C(=O)c2nc(ccc2)C(=O)c2ccc(cc2)Oc2ccc(cc2)N2C(=O)c3c(C2=O)cc(cc3)C(*)(C(F)(F)F)C(F)(F)F)cc1,0.36563224,uwm_md,train
*N1C(=O)C(CC1=O)(SCCOCCSC1(C(=O)N(C(=O)C1)CCCCCCN1C(=O)C(C(C1=O)C)SCCOCCSC1C(=O)N(C(=O)C1C)CCCCCC*)C)C,0.34774274,uwm_md,train
*N1C(=O)C(CC1=O)(SCCOCCSC1(C(=O)N(C(=O)C1)c1ccc(cc1)Cc1ccc(cc1)N1C(=O)C(C(C1=O)C)SCCOCCSC1C(=O)N(C(=O)C1C)c1ccc(cc1)Cc1ccc(cc1)*)C)C,0.34652308,uwm_md,test
*N1C(=O)C(CC1=O)(SCCOCCSC1(C(=O)N(C(=O)C1)c1ccc(cc1)Oc1ccc(cc1)N1C(=O)C(C(C1=O)C)SCCOCCSC1C(=O)N(C(=O)C1C)c1ccc(cc1)Oc1ccc(cc1)*)C)C,0.34413754,uwm_md,train
*N1C(=O)C(CC1=O)(SCCOCCSC1(C(=O)N(C(=O)C1)c1ccc(cc1)S(=O)(=O)c1ccc(cc1)N1C(=O)C(C(C1=O)C)SCCOCCSC1C(=O)N(C(=O)C1C)c1ccc(cc1)S(=O)(=O)c1ccc(cc1)*)C)C,0.34421859,uwm_md,train
*N1C(=O)c2c(C1=O)cc(cc2)Oc1ccc(cc1)C(c1ccc(cc1)Oc1cc2c(C(=O)N(C2=O)c2ccc(cc2)Oc2c(c(ccc2)Oc2ccc(cc2)*)C#N)cc1)(C)C,0.37485348,uwm_md,test
*N1C(=O)c2c(C1=O)cc(cc2)c1cc2c(C(=O)N(C2=O)c2ccc(cc2)Oc2c(c(ccc2)Oc2ccc(cc2)*)C#N)cc1,0.37073474,uwm_md,train
*c1cc2c(C(=O)N(C2=O)c2ccc(cc2)Oc2c(c(ccc2)Oc2ccc(cc2)N2C(=O)c3c(C2=O)cc(cc3)C(=O)*)C#N)cc1,0.37263888,uwm_md,test
*c1cc2c(C(=O)N(C2=O)c2ccc(cc2)Oc2c(c(ccc2)Oc2ccc(cc2)N2C(=O)c3c(C2=O)cc(cc3)C(*)(C(F)(F)F)C(F)(F)F)C#N)cc1,0.37962339,uwm_md,test
*c1cnc(s1)N1C(=O)c2c(C1=O)cc(cc2)C(c1cc2c(C(=O)N(C2=O)c2ccc(cc2)Oc2ccc(cc2)*)cc1)(C(F)(F)F)C(F)(F)F,0.4074392,uwm_md,train
*c1cnc(s1)N1C(=O)c2c(C1=O)cc(cc2)Oc1cc2c(C(=O)N(C2=O)c2ccc(cc2)Oc2ccc(cc2)*)cc1,0.39445531,uwm_md,train
*c1cnc(s1)N1C(=O)c2c(C1=O)cc(cc2)C(=O)c1cc2c(C(=O)N(C2=O)c2ccc(cc2)Oc2ccc(cc2)*)cc1,0.39210701,uwm_md,train
*c1cnc(s1)n1c(=O)c2cc3c(cc2c1=O)c(=O)n(c3=O)c1ccc(cc1)Oc1ccc(cc1)*,0.39753647,uwm_md,train
*N1C(=O)c2c(C1=O)cc(cc2)Oc1ccc(cc1)C(c1ccc(cc1)Oc1cc2c(C(=O)N(C2=O)c2ccc(cc2)Oc2ccc(cc2)C(c2ccc(cc2)Oc2ccc(cc2)*)(C)C)cc1)(C)C,0.37687293,uwm_md,train
*N1C(=O)c2c(C1=O)cc(cc2)Oc1ccc(cc1)C(c1ccc(cc1)Oc1cc2c(C(=O)N(C2=O)c2ccc(cc2)S(=O)(=O)c2ccc(cc2)*)cc1)(C)C,0.37886829,uwm_md,test
*N1C(=O)c2c(C1=O)cc(cc2)Oc1cc2c(C(=O)N(C2=O)c2cc(c(cc2)Oc2ccc(cc2)C(=O)c2nc(ccc2)C(=O)c2ccc(cc2)Oc2c(cc(cc2)*)C(F)(F)F)C(F)(F)F)cc1,0.35861377,uwm_md,train
*c1cc2c(C(=O)N(C2=O)c2cc(c(cc2)Oc2ccc(cc2)C(=O)c2nc(ccc2)C(=O)c2ccc(cc2)Oc2c(cc(cc2)N2C(=O)c3c(C2=O)cc(cc3)C(*)(C(F)(F)F)C(F)(F)F)C(F)(F)F)C(F)(F)F)cc1,0.36582624,uwm_md,train
*c1cc2c(C(=O)N(C2=O)c2cc(c(cc2)Oc2ccc(cc2)C(=O)c2nc(ccc2)C(=O)c2ccc(cc2)Oc2c(cc(cc2)N2C(=O)c3c(C2=O)cc(cc3)C(=O)*)C(F)(F)F)C(F)(F)F)cc1,0.36226702,uwm_md,test
*N1C(=O)c2c(C1=O)cc(cc2)Oc1ccc(cc1)C(c1ccc(cc1)Oc1cc2c(C(=O)N(C2=O)c2ccc(cc2)Oc2cc(ccc2)Oc2ccc(cc2)*)cc1)(C)C,0.36408469,uwm_md,test
*N1C(=O)c2c(C1=O)cc(cc2)NC(=O)Nc1nc(ccc1)NC(=O)Nc1cc2c(C(=O)N(C2=O)c2ccc(cc2)Oc2c(c3c(cc2)cccc3)c2c3c(ccc2Oc2ccc(cc2)*)cccc3)cc1,0.35781631,uwm_md,train
*N1C(=O)c2c(C1=O)cc(cc2)NC(=O)Nc1c2c(ccc1)c(ccc2)NC(=O)Nc1cc2c(C(=O)N(C2=O)c2ccc(cc2)Oc2c(c3c(cc2)cccc3)c2c3c(ccc2Oc2ccc(cc2)*)cccc3)cc1,0.36092398,uwm_md,train
*N1C(=O)c2c(C1=O)cc(cc2)NC(=O)Nc1ccc(cc1)Oc1ccc(cc1)NC(=O)Nc1cc2c(C(=O)N(C2=O)c2ccc(cc2)Oc2c(c3c(cc2)cccc3)c2c3c(ccc2Oc2ccc(cc2)*)cccc3)cc1,0.36179389,uwm_md,test
*N1C(=O)c2c(C1=O)cc(cc2)NC(=O)Nc1ccc(cc1)Oc1c(cccc1)c1c(cccc1)Oc1ccc(cc1)NC(=O)Nc1cc2c(C(=O)N(C2=O)c2ccc(cc2)Oc2c(c3c(cc2)cccc3)c2c3c(ccc2Oc2ccc(cc2)*)cccc3)cc1,0.36530403,uwm_md,test
*N1C(=O)c2c(C1=O)cc(cc2)NC(=O)Nc1ccc(cc1)c1nc(cc(c1)c1ccc(cc1)c1ccccc1)c1ccc(cc1)NC(=O)Nc1cc2c(C(=O)N(C2=O)c2ccc(cc2)Oc2c(c3c(cc2)cccc3)c2c3c(ccc2Oc2ccc(cc2)*)cccc3)cc1,0.36383462,uwm_md,train
*N1C(=O)c2c(C1=O)cc(cc2)c1cc2c(C(=O)N(C2=O)c2ccc(cc2)OCC2CCC(CC2)COc2ccc(cc2)*)cc1,0.36298735,uwm_md,train
*N1C(=O)c2c(C1=O)cc(cc2)NC(=O)Nc1ccc(cc1)Oc1c(cccc1)c1c(cccc1)Oc1ccc(cc1)NC(=O)Nc1cc2c(C(=O)N(C2=O)c2ccc(cc2)c2nc(cc(c2)c2ccc(cc2)c2ccccc2)c2ccc(cc2)*)cc1,0.36226249,uwm_md,train
*N1C(=O)c2c(C1=O)cc(cc2)NC(=O)Nc1ccc(cc1)c1nc(cc(c1)c1ccc(cc1)c1ccccc1)c1ccc(cc1)NC(=O)Nc1cc2c(C(=O)N(C2=O)c2ccc(cc2)c2nc(cc(c2)c2ccc(cc2)c2ccccc2)c2ccc(cc2)*)cc1,0.3711086,uwm_md,train
*N1C(=O)c2c(C1=O)cc(cc2)NC(=O)Nc1ccc(cc1)NC(=O)Nc1cc2c(C(=O)N(C2=O)c2ccc(cc2)c2nc(cc(c2)c2ccc(cc2)c2ccccc2)c2ccc(cc2)*)cc1,0.35975912,uwm_md,train
*N1C(=O)c2c(C1=O)cc(cc2)NC(=O)Nc1nc(ccc1)NC(=O)Nc1cc2c(C(=O)N(C2=O)c2ccc(cc2)c2nc(cc(c2)c2ccc(cc2)c2ccccc2)c2ccc(cc2)*)cc1,0.35158971,uwm_md,test
*N1C(=O)c2c(C1=O)cc(cc2)NC(=O)Nc1c2c(ccc1)c(ccc2)NC(=O)Nc1cc2c(C(=O)N(C2=O)c2ccc(cc2)c2nc(cc(c2)c2ccc(cc2)c2ccccc2)c2ccc(cc2)*)cc1,0.35993207,uwm_md,test
*N1C(=O)c2c(C1=O)cc(cc2)NC(=O)Nc1ccc(cc1)Oc1ccc(cc1)NC(=O)Nc1cc2c(C(=O)N(C2=O)c2ccc(cc2)c2nc(cc(c2)c2ccc(cc2)c2ccccc2)c2ccc(cc2)*)cc1,0.35547731,uwm_md,train
*c1cc2c(C(=O)N(C2=O)c2c3c(ccc2)c(ccc3)Oc2ccc(cc2)N2C(=O)c3c(C2=O)cc(cc3)C(=O)Nc2c3c(ccc2)c(ccc3)Oc2ccc(cc2)NC(=O)*)cc1,0.36673597,uwm_md,train
*c1cc2c(C(=O)N(C2=O)c2c3c(ccc2)c(ccc3)Oc2ccc(cc2)N2C(=O)c3c(C2=O)cc(cc3)C(=O)Nc2nc(ccc2)NC(=O)*)cc1,0.35579291,uwm_md,test
*c1cc2c(C(=O)N(C2=O)c2c3c(ccc2)c(ccc3)Oc2ccc(cc2)N2C(=O)c3c(C2=O)cc(cc3)C(=O)Nc2ccc(cc2)c2nc(cc(c2)c2ccccc2)c2ccc(cc2)NC(=O)*)cc1,0.37160155,uwm_md,test
*c1cc2c(C(=O)N(C2=O)c2c3c(ccc2)c(ccc3)Oc2ccc(cc2)N2C(=O)c3c(C2=O)cc(cc3)C(=O)Nc2ccc(cc2)NC(=O)*)cc1,0.36136438,uwm_md,train
*c1cc2c(C(=O)N(C2=O)c2c3c(ccc2)c(ccc3)Oc2ccc(cc2)N2C(=O)c3c(C2=O)cc(cc3)C(=O)Nc2ccc(cc2)c2ccc(cc2)NC(=O)*)cc1,0.36485895,uwm_md,train
*c1cc2c(C(=O)N(C2=O)c2c3c(ccc2)c(ccc3)Oc2ccc(cc2)N2C(=O)c3c(C2=O)cc(cc3)C(=O)Nc2c(cc(cc2)c2cc(c(cc2)NC(=O)*)OC)OC)cc1,0.35702577,uwm_md,train
*c1cc2c(C(=O)N(C2=O)c2c3c(ccc2)c(ccc3)Oc2ccc(cc2)N2C(=O)c3c(C2=O)cc(cc3)C(=O)Nc2ccc(cc2)Oc2ccc(cc2)NC(=O)*)cc1,0.35708671,uwm_md,train
*c1cc2c(C(=O)N(C2=O)c2c3c(ccc2)c(ccc3)Oc2ccc(cc2)N2C(=O)c3c(C2=O)cc(cc3)C(=O)Nc2c3c(ccc2)c(ccc3)NC(=O)*)cc1,0.36744912,uwm_md,train
*c1cc2c(C(=O)N(C2=O)c2cc(ccc2)N2C(=O)c3c(C2=O)cc(cc3)C(=O)Nc2ccc(cc2)C2(c3ccccc3c3ccccc23)c2ccc(cc2)NC(=O)*)cc1,0.37103025,uwm_md,train
*c1cc2c(C(=O)N(C2=O)c2c(cc(cc2)c2cc(c(cc2)N2C(=O)c3c(C2=O)cc(cc3)C(=O)Nc2ccc(cc2)C2(c3ccccc3c3ccccc23)c2ccc(cc2)NC(=O)*)OC)OC)cc1,0.37058306,uwm_md,test
*c1cc2c(C(=O)N(C2=O)c2ccc(cc2)Oc2ccc(cc2)N2C(=O)c3c(C2=O)cc(cc3)C(=O)Nc2ccc(cc2)C2(c3ccccc3c3ccccc23)c2ccc(cc2)NC(=O)*)cc1,0.37211646,uwm_md,train
*c1cc2c(C(=O)N(C2=O)c2ccc(cc2)Oc2cc(ccc2)Oc2ccc(cc2)N2C(=O)c3c(C2=O)cc(cc3)C(=O)Nc2ccc(cc2)C2(c3ccccc3c3ccccc23)c2ccc(cc2)NC(=O)*)cc1,0.36700382,uwm_md,test
*N1C(=O)C(CC1=O)Nc1ccc(cc1)Cc1ccc(cc1)NC1C(=O)N(C(=O)C1)c1c(cc(cc1C)C(c1cc(c(c(c1)C)*)C)c1cnccc1)C,0.3862315,uwm_md,test
*N1C(=O)C(CC1=O)Nc1cc(ccc1)NC1C(=O)N(C(=O)C1)c1c(cc(cc1C)C(c1cc(c(c(c1)C)*)C)c1cnccc1)C,0.38678861,uwm_md,train
*N1C(=O)C(CC1=O)Nc1ccc(cc1)NC1C(=O)N(C(=O)C1)c1c(cc(cc1C)C(c1cc(c(c(c1)C)*)C)c1cnccc1)C,0.38844622,uwm_md,train
*N1C(=O)C(CC1=O)Nc1ccc(cc1)Cc1ccc(cc1)NC1C(=O)N(C(=O)C1)c1ccc(cc1)Oc1c(cc(cc1C)C(c1cc(c(c(c1)C)Oc1ccc(cc1)*)C)c1cnccc1)C,0.38103363,uwm_md,test
*N1C(=O)C(CC1=O)Nc1cc(ccc1)NC1C(=O)N(C(=O)C1)c1ccc(cc1)Oc1c(cc(cc1C)C(c1cc(c(c(c1)C)Oc1ccc(cc1)*)C)c1cnccc1)C,0.3838921,uwm_md,train
*N1C(=O)C(CC1=O)Nc1ccc(cc1)NC1C(=O)N(C(=O)C1)c1ccc(cc1)Oc1c(cc(cc1C)C(c1cc(c(c(c1)C)Oc1ccc(cc1)*)C)c1cnccc1)C,0.37995335,uwm_md,train
*N1C(=O)C(CC1=O)Nc1ccc(cc1)Cc1ccc(cc1)NC1C(=O)N(C(=O)C1)c1ccc(cc1)C(=O)Oc1c(cc(cc1C)C(c1cc(c(c(c1)C)OC(=O)c1ccc(cc1)*)C)c1cnccc1)C,0.3762598,uwm_md,test
*N1C(=O)C(CC1=O)Nc1cc(ccc1)NC1C(=O)N(C(=O)C1)c1ccc(cc1)C(=O)Oc1c(cc(cc1C)C(c1cc(c(c(c1)C)OC(=O)c1ccc(cc1)*)C)c1cnccc1)C,0.3727379,uwm_md,train
*N1C(=O)C(CC1=O)Nc1ccc(cc1)NC1C(=O)N(C(=O)C1)c1ccc(cc1)C(=O)Oc1c(cc(cc1C)C(c1cc(c(c(c1)C)OC(=O)c1ccc(cc1)*)C)c1cnccc1)C,0.38079558,uwm_md,train
*c1cc2c(C(=O)N(C2=O)C2CCC(CC2)N2C(=O)c3c(C2=O)cc(cc3)C(=O)Oc2ccc(cc2)OC(=O)*)cc1,0.34499607,uwm_md,train
*N1C(=O)c2c(C1=O)cc(cc2)Oc1cc2c(C(=O)N(C2=O)c2ccc(cc2)Oc2ccc(cc2)C(c2ccc(cc2)Oc2ccc(cc2)*)(C)C)cc1,0.37435414,uwm_md,train
*N1C(=O)c2c(C1=O)cc(cc2)Oc1ccc(cc1)C1(CCCCC1)c1ccc(cc1)Oc1cc2c(C(=O)N(C2=O)c2ccc(cc2)N(c2ccc(cc2)*)c2ccc(cc2)C#N)cc1,0.39468168,uwm_md,test
*N1C(=O)c2c(C1=O)cc(cc2)Oc1ccc(cc1)C1(c2ccccc2c2ccccc12)c1ccc(cc1)Oc1cc2c(C(=O)N(C2=O)c2ccc(cc2)N(c2ccc(cc2)*)c2ccc(cc2)C#N)cc1,0.41325752,uwm_md,train
*N1C(=O)c2c(C1=O)cc(cc2)Oc1ccc(cc1)C(c1ccc(cc1)Oc1cc2c(C(=O)N(C2=O)c2ccc(cc2)N(c2ccc(cc2)*)c2ccc(cc2)C#N)cc1)(C)C,0.39244447,uwm_md,train
*N1C(=O)c2c(C1=O)cc(cc2)Oc1ccc(cc1)C(c1ccc(cc1)Oc1cc2c(C(=O)N(C2=O)c2ccc(cc2)N(c2ccc(cc2)*)c2ccc(cc2)C#N)cc1)(C(F)(F)F)C(F)(F)F,0.39334445,uwm_md,test
*N1C(=O)c2c(C1=O)cc(cc2)Oc1ccc(cc1)C(c1ccc(cc1)C(c1ccc(cc1)Oc1cc2c(C(=O)N(C2=O)c2ccc(cc2)N(c2ccc(cc2)*)c2ccc(cc2)C#N)cc1)(C)C)(C)C,0.395355,uwm_md,train
*N1C(=O)c2c(C1=O)cc(cc2)Oc1ccc(cc1)C(c1ccc(cc1)Oc1cc2c(C(=O)N(C2=O)c2c(ccc(c2)*)O)cc1)(C)C,0.36863924,uwm_md,train
*c1cc2c(C(=O)N(C2=O)c2c(ccc(c2)N2C(=O)c3c(C2=O)cc(cc3)C(=O)Oc2ccc(cc2)C(c2ccc(cc2)OC(=O)*)(C)C)O)cc1,0.35532952,uwm_md,train
*N1C(=O)c2c(C1=O)cc(cc2)Oc1cc2c(C(=O)N(C2=O)c2cc(ccc2)Oc2c(c(ccc2)Oc2cc(ccc2)*)C#N)cc1,0.36471825,uwm_md,train
*c1nc2c([nH]1)ccc(c2)N1C(=O)c2c(C1=O)cc(cc2)c1cc2c(C(=O)N(C2=O)c2ccc(cc2)*)cc1,0.39933775,uwm_md,test
*c1nc2c([nH]1)ccc(c2)N1C(=O)c2c(C1=O)cc(cc2)C(=O)c1cc2c(C(=O)N(C2=O)c2ccc(cc2)*)cc1,0.39105508,uwm_md,train
*c1nc2c([nH]1)ccc(c2)N1C(=O)c2c(C1=O)cc(cc2)Oc1ccc(cc1)C(c1ccc(cc1)Oc1cc2c(C(=O)N(C2=O)c2ccc(cc2)*)cc1)(C)C,0.37965627,uwm_md,train
*N1C(=O)c2c(C1=O)cc(cc2)NC(=O)OCCOc1ccc(cc1)C(c1ccc(cc1)OCCOC(=O)Nc1cc2c(C(=O)N(C2=O)c2cc(ccc2)P(=O)(c2cc(ccc2)*)C)cc1)(C)C,0.34522255,uwm_md,test
*N1C(=O)c2c(C1=O)cc(cc2)NC(=O)OCCOc1ccc(cc1)C(c1ccc(cc1)OCCOC(=O)Nc1cc2c(C(=O)N(C2=O)c2cc(ccc2)P(=O)(c2cc(ccc2)*)C)cc1)(C(F)(F)F)C(F)(F)F,0.34534828,uwm_md,train
*N1C(=O)c2c(C1=O)cc(cc2)NC(=O)OCCOc1c(cc(cc1Br)C(c1cc(c(c(c1)Br)OCCOC(=O)Nc1cc2c(C(=O)N(C2=O)c2cc(ccc2)P(=O)(c2cc(ccc2)*)C)cc1)Br)(C)C)Br,0.37581743,uwm_md,train
*N1C(=O)c2c(C1=O)cc(cc2)NC(=O)OCCOc1ccc(cc1)P(=O)(c1ccc(cc1)OCCOC(=O)Nc1cc2c(C(=O)N(C2=O)c2cc(ccc2)P(=O)(c2cc(ccc2)*)C)cc1)c1ccccc1,0.35188872,uwm_md,train
*N1C(=O)c2c(C1=O)cc(cc2)NC(=O)OCCOc1ccc(cc1)C(c1ccc(cc1)OCCOC(=O)Nc1cc2c(C(=O)N(C2=O)c2cc(ccc2)P(=O)(c2cc(ccc2)*)c2ccccc2)cc1)(C)C,0.35076041,uwm_md,train
*N1C(=O)c2c(C1=O)cc(cc2)NC(=O)OCCOc1ccc(cc1)C(c1ccc(cc1)OCCOC(=O)Nc1cc2c(C(=O)N(C2=O)c2cc(ccc2)P(=O)(c2cc(ccc2)*)c2ccccc2)cc1)(C(F)(F)F)C(F)(F)F,0.35336102,uwm_md,train
*N1C(=O)c2c(C1=O)cc(cc2)NC(=O)OCCOc1c(cc(cc1Br)C(c1cc(c(c(c1)Br)OCCOC(=O)Nc1cc2c(C(=O)N(C2=O)c2cc(ccc2)P(=O)(c2cc(ccc2)*)c2ccccc2)cc1)Br)(C)C)Br,0.37634912,uwm_md,train
*N1C(=O)c2c(C1=O)cc(cc2)NC(=O)OCCOc1ccc(cc1)P(=O)(c1ccc(cc1)OCCOC(=O)Nc1cc2c(C(=O)N(C2=O)c2cc(ccc2)P(=O)(c2cc(ccc2)*)c2ccccc2)cc1)c1ccccc1,0.35364817,uwm_md,train
*N1C(=O)c2c(C1=O)cc(cc2)S(=O)(=O)c1cc2c(C(=O)N(C2=O)C2CCC(CC2)*)cc1,0.37391211,uwm_md,test
*c1cc2c(C(=O)N(C2=O)c2ccc(cc2)c2cc(c(cc2)Oc2cc3c(C(CC3(c3ccc(cc3)Oc3c(cc(cc3)c3ccc(cc3)N3C(=O)c4c(C3=O)cc(cc4)C(=O)*)C(F)(F)F)C)(C)C)cc2)C(F)(F)F)cc1,0.38328824,uwm_md,train
*c1cc2c(C(=O)N(C2=O)c2ccc(cc2)c2cc(c(cc2)Oc2cc3c(C(CC3(c3ccc(cc3)Oc3c(cc(cc3)c3ccc(cc3)N3C(=O)c4c(C3=O)cc(cc4)C(*)(C(F)(F)F)C(F)(F)F)C(F)(F)F)C)(C)C)cc2)C(F)(F)F)cc1,0.38854581,uwm_md,train
*N1C(=O)c2c(C1=O)cc(cc2)Oc1cc2c(C(=O)N(C2=O)c2ccc(cc2)c2cc(c(cc2)Oc2cc3c(C(CC3(c3ccc(cc3)Oc3c(cc(cc3)c3ccc(cc3)*)C(F)(F)F)C)(C)C)cc2)C(F)(F)F)cc1,0.38259605,uwm_md,train
*N1C(=O)c2c(C1=O)cc(cc2)Oc1ccc(cc1)C(c1ccc(cc1)Oc1cc2c(C(=O)N(C2=O)c2ccc(cc2)c2cc(c(cc2)Oc2cc3c(C(CC3(c3ccc(cc3)Oc3c(cc(cc3)c3ccc(cc3)*)C(F)(F)F)C)(C)C)cc2)C(F)(F)F)cc1)(C)C,0.37902457,uwm_md,train
*N1C(=O)c2c(C1=O)cc(cc2)Oc1cc2c(C(=O)N(C2=O)c2cc(cc(c2)OCCCC)*)cc1,0.37507763,uwm_md,train
*N1C(=O)c2c(C1=O)cc(cc2)Oc1cc2c(C(=O)N(C2=O)c2cc(cc(c2)OCCCCCCCC)*)cc1,0.37173532,uwm_md,test
*N1C(=O)c2c(C1=O)cc(cc2)Oc1cc2c(C(=O)N(C2=O)c2cc(cc(c2)OCCCCCCCCCCCC)*)cc1,0.3689144,uwm_md,train
*N1C(=O)c2c(C1=O)cc(cc2)Oc1cc2c(C(=O)N(C2=O)c2cc(cc(c2)OCCCCCCCCCCCCCCCC)*)cc1,0.37287134,uwm_md,train
*c1cc2c(C(=O)N(C2=O)c2cc(cc(c2)OCCCC)N2C(=O)c3c(C2=O)cc(cc3)C(*)(C(F)(F)F)C(F)(F)F)cc1,0.38373514,uwm_md,train
*c1cc2c(C(=O)N(C2=O)c2cc(cc(c2)OCCCCCCCC)N2C(=O)c3c(C2=O)cc(cc3)C(*)(C(F)(F)F)C(F)(F)F)cc1,0.37326139,uwm_md,test
*c1cc2c(C(=O)N(C2=O)c2cc(cc(c2)OCCCCCCCCCCCC)N2C(=O)c3c(C2=O)cc(cc3)C(*)(C(F)(F)F)C(F)(F)F)cc1,0.37302009,uwm_md,train
*c1cc2c(C(=O)N(C2=O)c2cc(cc(c2)OCCCCCCCCCCCCCCCC)N2C(=O)c3c(C2=O)cc(cc3)C(*)(C(F)(F)F)C(F)(F)F)cc1,0.37483877,uwm_md,train
*c1cc2c(C(=O)N(C2=O)c2cc(cc(c2)OCCCC)N2C(=O)c3c(C2=O)cc(cc3)C(=O)*)cc1,0.37183498,uwm_md,train
*c1cc2c(C(=O)N(C2=O)c2cc(cc(c2)OCCCCCCCC)N2C(=O)c3c(C2=O)cc(cc3)C(=O)*)cc1,0.37014915,uwm_md,train
*c1cc2c(C(=O)N(C2=O)c2cc(cc(c2)OCCCCCCCCCCCC)N2C(=O)c3c(C2=O)cc(cc3)C(=O)*)cc1,0.36928432,uwm_md,test
*c1cc2c(C(=O)N(C2=O)c2cc(cc(c2)OCCCCCCCCCCCCCCCC)N2C(=O)c3c(C2=O)cc(cc3)C(=O)*)cc1,0.37139047,uwm_md,train
*N1C(=O)c2c(C1=O)cc(cc2)Oc1cc2c(C(=O)N(C2=O)c2cc(ccc2)Oc2c(ccc(c2)Oc2cc(ccc2)*)C#N)cc1,0.36294968,uwm_md,test
*N1C(=O)c2c(C1=O)cc(cc2)Oc1cc2c(C(=O)N(C2=O)c2cc(ccc2)Oc2c(c(ccc2)Oc2cc(ccc2)Oc2c(c(ccc2)Oc2cc(ccc2)*)C#N)C#N)cc1,0.36435311,uwm_md,train
*c1[nH]c(nc1c1ccc(cc1)NC1C(=O)N(C(=O)C1)c1ccc(cc1)c1sc(c(c1c1ccccc1)c1ccccc1)c1ccc(cc1)N1C(=O)C(CC1=O)Nc1ccc(cc1)*)c1ccc(cc1)c1[nH]c(c(n1)c1ccc(cc1)[N+](=O)[O-])c1ccc(cc1)[N+](=O)[O-],0.41430705,uwm_md,train
*c1cc2c(C(=O)N(C2=O)c2ccc(cc2)Oc2c(cc(cc2C(C)(C)C)c2ccc(cc2)N2C(=O)c3c(C2=O)cc(cc3)C(=O)*)C(C)(C)C)cc1,0.41502916,uwm_md,test
*N1C(=O)c2c(C1=O)cc(cc2)Oc1cc2c(C(=O)N(C2=O)c2ccc(cc2)Oc2c(cc(cc2C(C)(C)C)c2ccc(cc2)*)C(C)(C)C)cc1,0.40933062,uwm_md,train
*c1cc2c(C(=O)N(C2=O)c2ccc(cc2)Oc2c(cc(cc2C(C)(C)C)c2ccc(cc2)N2C(=O)c3c(C2=O)cc(cc3)C(*)(C(F)(F)F)C(F)(F)F)C(C)(C)C)cc1,0.41772006,uwm_md,train
*N1C(=O)c2c(C1=O)cc(cc2)c1cc2c(C(=O)N(C2=O)c2ccc(cc2)Oc2c(cc(cc2C(C)(C)C)c2ccc(cc2)*)C(C)(C)C)cc1,0.40434518,uwm_md,train
*N1C(=O)c2c(C1=O)cc(cc2)S(=O)(=O)c1cc2c(C(=O)N(C2=O)c2ccc(cc2)Oc2c(cc(cc2C(C)(C)C)c2ccc(cc2)*)C(C)(C)C)cc1,0.40835599,uwm_md,train
*c1cc2c(C(=O)N(C2=O)c2cc(c(cc2)Oc2c(cc(cc2C(C)(C)C)c2ccc(cc2)N2C(=O)c3c(C2=O)cc(cc3)C(=O)*)C(C)(C)C)C(F)(F)F)cc1,0.41039262,uwm_md,train
*N1C(=O)c2c(C1=O)cc(cc2)Oc1cc2c(C(=O)N(C2=O)c2cc(c(cc2)Oc2c(cc(cc2C(C)(C)C)c2ccc(cc2)*)C(C)(C)C)C(F)(F)F)cc1,0.41001219,uwm_md,test
*c1cc2c(C(=O)N(C2=O)c2cc(c(cc2)Oc2c(cc(cc2C(C)(C)C)c2ccc(cc2)N2C(=O)c3c(C2=O)cc(cc3)C(*)(C(F)(F)F)C(F)(F)F)C(C)(C)C)C(F)(F)F)cc1,0.41829634,uwm_md,train
*N1C(=O)c2c(C1=O)cc(cc2)c1cc2c(C(=O)N(C2=O)c2cc(c(cc2)Oc2c(cc(cc2C(C)(C)C)c2ccc(cc2)*)C(C)(C)C)C(F)(F)F)cc1,0.40636639,uwm_md,train
*N1C(=O)c2c(C1=O)cc(cc2)S(=O)(=O)c1cc2c(C(=O)N(C2=O)c2cc(c(cc2)Oc2c(cc(cc2C(C)(C)C)c2ccc(cc2)*)C(C)(C)C)C(F)(F)F)cc1,0.40507785,uwm_md,train
*N1C(=O)c2c(C1=O)cc(cc2)c1cc2c(C(=O)N(C2=O)c2cc(cc(c2)C(=O)Oc2ccc(cc2)c2ccc(cc2)O[Si](C(C)(C)C)(C)C)*)cc1,0.39199576,uwm_md,train
*N1C(=O)c2c(C1=O)cc(cc2)Sc1ccc(cc1)Sc1ccc(cc1)Sc1cc2c(C(=O)N(C2=O)c2ccc(cc2)Sc2ccc(cc2)Sc2ccc(cc2)*)cc1,0.37717954,uwm_md,test
*N1C(=O)c2c(C1=O)cc(cc2)Sc1ccc(cc1)Sc1ccc(cc1)Sc1cc2c(C(=O)N(C2=O)c2ccc(cc2)Sc2ccc(cc2)Sc2ccc(cc2)Sc2ccc(cc2)*)cc1,0.37974001,uwm_md,train
*N1C(=O)c2c(C1=O)cc(cc2)Oc1cc2c(C(=O)N(C2=O)c2ccc(cc2)Sc2ccc(cc2)Sc2ccc(cc2)Sc2ccc(cc2)*)cc1,0.37860625,uwm_md,train
*N1C(=O)c2c(C1=O)c(ccc2)c1cc2c(C(=O)N(C2=O)c2ccc(cc2)Sc2ccc(cc2)Sc2ccc(cc2)Sc2ccc(cc2)*)cc1,0.38179177,uwm_md,train
*N1C(=O)c2c(C1=O)cc(cc2)c1cc2c(C(=O)N(C2=O)c2ccc(cc2)Sc2ccc(cc2)Sc2ccc(cc2)Sc2ccc(cc2)*)cc1,0.37722426,uwm_md,train
*c1c2c(C(=O)N(C2=O)N2C(=O)c3c(C2=O)c(ccc3)Sc2ccc(cc2)Sc2ccc(cc2)S*)ccc1,0.38724478,uwm_md,train
*c1c2c(C(=O)N(C2=O)N2C(=O)c3c(C2=O)cc(cc3)Sc2ccc(cc2)Sc2ccc(cc2)S*)ccc1,0.38796769,uwm_md,test
*c1cc2c(C(=O)N(C2=O)N2C(=O)c3c(C2=O)cc(cc3)Sc2ccc(cc2)Sc2ccc(cc2)S*)cc1,0.38648084,uwm_md,train
*N1C(=O)c2c(C1=O)cc(cc2)c1cc2c(C(=O)N(C2=O)c2cc(c(cc2)Oc2c(cc(cc2)*)Br)Br)cc1,0.40757312,uwm_md,train
*c1cc2c(C(=O)N(C2=O)c2cc(c(cc2)Oc2c(cc(cc2)N2C(=O)c3c(C2=O)cc(cc3)C(=O)*)Br)Br)cc1,0.40438149,uwm_md,train
*N1C(=O)c2c(C1=O)cc(cc2)Oc1cc2c(C(=O)N(C2=O)c2cc(c(cc2)Oc2c(cc(cc2)*)Br)Br)cc1,0.40092491,uwm_md,train
*N1C(=O)c2c(C1=O)cc(cc2)S(=O)(=O)c1cc2c(C(=O)N(C2=O)c2cc(c(cc2)Oc2c(cc(cc2)*)Br)Br)cc1,0.40143862,uwm_md,train
*c1cc2c(C(=O)N(C2=O)c2cc(c(cc2)Oc2c(cc(cc2)N2C(=O)c3c(C2=O)cc(cc3)C(*)(C(F)(F)F)C(F)(F)F)Br)Br)cc1,0.41164319,uwm_md,train
*N1C(=O)c2c(C1=O)cc(cc2)c1cc2c(C(=O)N(C2=O)c2cc(c(c(c2)Br)Oc2c(cc(cc2Br)*)Br)Br)cc1,0.43253856,uwm_md,train
*c1cc2c(C(=O)N(C2=O)c2cc(c(c(c2)Br)Oc2c(cc(cc2Br)N2C(=O)c3c(C2=O)cc(cc3)C(=O)*)Br)Br)cc1,0.42586088,uwm_md,train
*N1C(=O)c2c(C1=O)cc(cc2)S(=O)(=O)c1cc2c(C(=O)N(C2=O)c2cc(c(c(c2)Br)Oc2c(cc(cc2Br)*)Br)Br)cc1,0.4209618,uwm_md,train
*c1cc2c(C(=O)N(C2=O)c2cc(c(c(c2)Br)Oc2c(cc(cc2Br)N2C(=O)c3c(C2=O)cc(cc3)C(*)(C(F)(F)F)C(F)(F)F)Br)Br)cc1,0.43086202,uwm_md,test
*c1cc2c(C(=O)N(C2=O)c2c(ccc(c2)C(c2cc(c(cc2)OC(=O)C23CC4CC(CC(C2)C4)C3)N2C(=O)c3c(C2=O)cc(cc3)C(*)(C(F)(F)F)C(F)(F)F)(C(F)(F)F)C(F)(F)F)OC(=O)C23CC4CC(CC(C2)C4)C3)cc1,0.39735492,uwm_md,train
*N1C(=O)c2c(C1=O)cc(cc2)Oc1cc2c(C(=O)N(C2=O)c2ccc(cc2)Oc2cc(ccc2)c2nc(cc(c2)c2ccccc2)c2cc(ccc2)Oc2ccc(cc2)*)cc1,0.37263298,uwm_md,train
*c1cc2c(C(=O)N(C2=O)c2ccc(cc2)Oc2cc(ccc2)c2nc(cc(c2)c2ccccc2)c2cc(ccc2)Oc2ccc(cc2)N2C(=O)c3c(C2=O)cc(cc3)C(=O)*)cc1,0.37590071,uwm_md,train
*c1cc2c(C(=O)N(C2=O)c2ccc(cc2)Oc2cc(ccc2)c2nc(cc(c2)c2ccccc2)c2cc(ccc2)Oc2ccc(cc2)N2C(=O)c3c(C2=O)cc(cc3)C(*)(C(F)(F)F)C(F)(F)F)cc1,0.3772372,uwm_md,train
*c1cc2c(C(=O)N(C2=O)c2c(cc(cc2C)Cc2cc(c(c(c2)C)N2C(=O)c3c(C2=O)cc(cc3)C(=O)OCCN(CCOC(=O)*)c2ccccc2)C)C)cc1,0.37130199,uwm_md,train
*c1cc2c(C(=O)N(C2=O)c2c(cc(cc2C)Cc2cc(c(c(c2)C)N2C(=O)c3c(C2=O)cc(cc3)C(=O)OCCN(CCOC(=O)*)c2ccc(cc2)N=Nc2ccc(cc2)[N+](=O)[O-])C)C)cc1,0.376155,uwm_md,train
*c1cc2c(C(=O)N(C2=O)c2c(cc(cc2C)Cc2cc(c(c(c2)C)N2C(=O)c3c(C2=O)cc(cc3)C(=O)OCCN(CCOC(=O)*)c2ccc(cc2)N=Nc2c(cc(cc2)[N+](=O)[O-])[N+](=O)[O-])C)C)cc1,0.37040323,uwm_md,train
*c1cc2c(C(=O)N(C2=O)c2c(cc(cc2C)Cc2cc(c(c(c2)C)N2C(=O)c3c(C2=O)cc(cc3)C(=O)OCCN(CCOC(=O)*)c2ccc(cc2)N=Nc2c(cc(cc2)[N+](=O)[O-])C#N)C)C)cc1,0.37188038,uwm_md,train
*N1C(=O)c2c(C1=O)cc(cc2)Oc1cc2c(C(=O)N(C2=O)c2cc(c(cc2)Oc2ccc(cc2)C(=O)c2cc(ccc2)*)C(F)(F)F)cc1,0.3698895,uwm_md,test
*c1cc2c(C(=O)N(C2=O)c2cc(c(cc2)Oc2ccc(cc2)C(=O)c2cc(ccc2)N2C(=O)c3c(C2=O)cc(cc3)C(=O)*)C(F)(F)F)cc1,0.37058659,uwm_md,train
*c1cc2c(C(=O)N(C2=O)c2cc(c(cc2)Oc2ccc(cc2)C(=O)c2cc(ccc2)N2C(=O)c3c(C2=O)cc(cc3)C(*)(C(F)(F)F)C(F)(F)F)C(F)(F)F)cc1,0.37864052,uwm_md,test
*N1C(=O)c2c(C1=O)cc(cc2)Oc1cc2c(C(=O)N(C2=O)c2ccc(cc2)Oc2ccc(cc2)C(=O)c2cc(ccc2)*)cc1,0.36734681,uwm_md,train
*c1cc2c(C(=O)N(C2=O)c2ccc(cc2)Oc2ccc(cc2)C(=O)c2cc(ccc2)N2C(=O)c3c(C2=O)cc(cc3)C(=O)*)cc1,0.36374877,uwm_md,train
*c1cc2c(C(=O)N(C2=O)c2ccc(cc2)Oc2ccc(cc2)C(=O)c2cc(ccc2)N2C(=O)c3c(C2=O)cc(cc3)C(*)(C(F)(F)F)C(F)(F)F)cc1,0.37383074,uwm_md,train
*c1cc2c(C(=O)N(C2=O)c2ccc(cc2)NC(=S)N=Cc2cc(c(cc2)Cl)N2C(=O)c3c(C2=O)cc(cc3)C(=O)*)cc1,0.36685025,uwm_md,train
*c1cc2c(C(=O)N(C2=O)c2ccc(cc2)NC(=S)N=Cc2cc(c(cc2)Cl)N2C(=O)c3c(C2=O)cc(cc3)C(*)(C(F)(F)F)C(F)(F)F)cc1,0.37564087,uwm_md,test
*c1oc(nn1)c1ccc(cc1)Oc1ccc(cc1)N1C(=O)c2c(C1=O)cc(cc2)[Si](O[Si](c1cc2c(C(=O)N(C2=O)c2ccc(cc2)Oc2ccc(cc2)*)cc1)(C)C)(C)C,0.38811487,uwm_md,train
*c1oc(nn1)c1ccc(cc1)Oc1cc(ccc1)N1C(=O)c2c(C1=O)cc(cc2)[Si](O[Si](c1cc2c(C(=O)N(C2=O)c2cc(ccc2)Oc2ccc(cc2)*)cc1)(C)C)(C)C,0.38763458,uwm_md,test
*N1C(=O)c2c(C1=O)c(ccc2)c1cc2c(C(=O)N(C2=O)c2c(cc(cc2)c2cc(c(cc2)*)C)C)cc1,0.38576498,uwm_md,train
*N1C(=O)c2c(C1=O)c(ccc2)c1cc2c(C(=O)N(C2=O)c2cc(c(cc2)c2c(cc(cc2)*)C)C)cc1,0.39155142,uwm_md,train
*N1C(=O)c2c(C1=O)c(ccc2)c1cc2c(C(=O)N(C2=O)c2cc(c(cc2)c2c(cc(cc2)*)C(F)(F)F)C(F)(F)F)cc1,0.39934746,uwm_md,train
*N1C(=O)c2c(C1=O)c(ccc2)c1cc2c(C(=O)N(C2=O)c2cc(ccc2)Oc2ccc(cc2)*)cc1,0.3737891,uwm_md,train
*N1C(=O)c2c(C1=O)c(ccc2)c1cc2c(C(=O)N(C2=O)c2ccc(cc2)Oc2ccc(cc2)Oc2ccc(cc2)*)cc1,0.37743403,uwm_md,test
*N1C(=O)c2c(C1=O)c(ccc2)c1cc2c(C(=O)N(C2=O)c2ccc(cc2)Oc2cc(ccc2)Oc2ccc(cc2)*)cc1,0.36194506,uwm_md,train
*N1C(=O)c2c(C1=O)c(ccc2)c1cc2c(C(=O)N(C2=O)c2cc(ccc2)Oc2cc(ccc2)Oc2cc(ccc2)*)cc1,0.35957648,uwm_md,test
*N1C(=O)c2c(C1=O)cc(cc2)C(c1cc2c(C(=O)N(C2=O)CC*)cc1)(C(F)(F)F)C(F)(F)F,0.35651058,uwm_md,test
*N1C(=O)c2c(C1=O)cc(cc2)C(c1cc2c(C(=O)N(C2=O)CCC*)cc1)(C(F)(F)F)C(F)(F)F,0.3510293,uwm_md,train
*N1C(=O)c2c(C1=O)cc(cc2)C(c1cc2c(C(=O)N(C2=O)CCCC*)cc1)(C(F)(F)F)C(F)(F)F,0.34468789,uwm_md,train
*N1C(=O)c2c(C1=O)cc(cc2)C(c1cc2c(C(=O)N(C2=O)CCCCC*)cc1)(C(F)(F)F)C(F)(F)F,0.34397494,uwm_md,train
*N1C(=O)c2c(C1=O)cc(cc2)C(c1cc2c(C(=O)N(C2=O)CCCCCCC*)cc1)(C(F)(F)F)C(F)(F)F,0.3489851,uwm_md,train
*N1C(=O)c2c(C1=O)cc(cc2)C(c1cc2c(C(=O)N(C2=O)CCCCCCCC*)cc1)(C(F)(F)F)C(F)(F)F,0.35143027,uwm_md,test
*N1C(=O)c2c(C1=O)cc(cc2)C(c1cc2c(C(=O)N(C2=O)CCCCCCCCC*)cc1)(C(F)(F)F)C(F)(F)F,0.35013256,uwm_md,train
*N1C(=O)c2c(C1=O)cc(cc2)C(c1cc2c(C(=O)N(C2=O)CCCCCCCCCC*)cc1)(C(F)(F)F)C(F)(F)F,0.35035919,uwm_md,train
*N1C(=O)c2c(C1=O)cc(cc2)C(c1cc2c(C(=O)N(C2=O)CCCCCCCCCCCC*)cc1)(C(F)(F)F)C(F)(F)F,0.35472454,uwm_md,train
*N1C(=O)c2c(C1=O)cc(cc2)Sc1ccc(cc1)Sc1ccc(cc1)Sc1cc2c(C(=O)N(C2=O)c2ccc(cc2)Sc2sc(cc2)Sc2ccc(cc2)*)cc1,0.37801232,uwm_md,train
*N1C(=O)c2c(C1=O)cc(cc2)Oc1cc2c(C(=O)N(C2=O)c2ccc(cc2)Sc2sc(cc2)Sc2ccc(cc2)*)cc1,0.37246963,uwm_md,test
*N1C(=O)c2c(C1=O)cc(cc2)Sc1ccc(cc1)Sc1ccc(cc1)Sc1cc2c(C(=O)N(C2=O)c2ccc(cc2)Sc2sc(cc2)Sc2sc(cc2)Sc2sc(cc2)Sc2ccc(cc2)*)cc1,0.3770355,uwm_md,train
*N1C(=O)c2c(C1=O)cc(cc2)Oc1cc2c(C(=O)N(C2=O)c2ccc(cc2)Sc2sc(cc2)Sc2sc(cc2)Sc2sc(cc2)Sc2ccc(cc2)*)cc1,0.37866254,uwm_md,train
*c1cc2c(C(=O)N(C2=O)c2c(ccc(c2)NC(=O)OCCN(CCOC(=O)Nc2c(ccc(c2)N2C(=O)c3c(C2=O)cc(cc3)C(*)(C(F)(F)F)C(F)(F)F)C)c2ccc(cc2)N=Nc2ccc(cc2)[N+](=O)[O-])C)cc1,0.35814265,uwm_md,train
*C1C(=O)N(C(=O)C1)c1ccc(cc1)Cc1ccc(cc1)N1C(=O)C(CC1=O)CC=Cc1c(ccc(c1)C(c1cc(c(cc1)O)C=CC*)(C)C)O,0.35434136,uwm_md,train
*N1C(=O)C2C3C4C(C(C2C1=O)C=C3)C(=O)N(C4=O)c1cc(ccc1)Oc1cc(ccc1)Oc1cc(ccc1)*,0.37016836,uwm_md,train
*N1C(=O)c2c(C1=O)cc(cc2)Oc1cc2c(C(=O)N(C2=O)Cc2oc(cc2)C(c2oc(cc2)C*)(C)C)cc1,0.35498107,uwm_md,train
*N1C(=O)c2c(C1=O)cc(cc2)C(c1cc2c(C(=O)N(C2=O)Cc2oc(cc2)C(c2oc(cc2)C*)(C)C)cc1)(C(F)(F)F)C(F)(F)F,0.35852465,uwm_md,train
*N1C(=O)c2c(C1=O)cc(cc2)c1cc2c(C(=O)N(C2=O)Cc2oc(cc2)C(c2oc(cc2)C*)(C)C)cc1,0.35635169,uwm_md,train
*N1C(=O)c2c(C1=O)cc(cc2)Oc1cc2c(C(=O)N(C2=O)Cc2oc(cc2)C(c2oc(cc2)C*)C)cc1,0.35279512,uwm_md,train
*c1c2C(=O)N(C(=O)c2c(c2ccccc12)c1ccc(cc1)Oc1c(cc(cc1)c1cc(ccc1)c1cc(c(cc1)Oc1ccc(cc1)*)C(F)(F)F)C(F)(F)F)c1ccccc1,0.38085344,uwm_md,train
*c1c2C(=O)N(C(=O)c2c(c2ccccc12)c1ccc(cc1)Oc1c(cc(cc1)c1ccc(cc1)c1cc(c(cc1)Oc1ccc(cc1)*)C(F)(F)F)C(F)(F)F)c1ccccc1,0.38333751,uwm_md,train
*c1c2C(=O)N(C(=O)c2c(c2ccccc12)c1ccc(cc1)Oc1c(cc(cc1)c1ccc(cc1)c1ccc(cc1)c1cc(c(cc1)Oc1ccc(cc1)*)C(F)(F)F)C(F)(F)F)c1ccccc1,0.38592112,uwm_md,train
*c1c2C(=O)N(C(=O)c2c(c2ccccc12)c1ccc(cc1)Oc1c(cc(cc1)c1c2ccccc2c(c2ccccc12)c1cc(c(cc1)Oc1ccc(cc1)*)C(F)(F)F)C(F)(F)F)c1ccccc1,0.3887442,uwm_md,train
*c1c2C(=O)N(C(=O)c2c(c2ccccc12)c1ccc(cc1)Oc1c(cc(cc1)c1nc(ccc1)c1cc(c(cc1)Oc1ccc(cc1)*)C(F)(F)F)C(F)(F)F)c1ccccc1,0.39084929,uwm_md,train
*c1c2C(=O)N(C(=O)c2c(c2ccccc12)c1ccc(cc1)Oc1c(cc(cc1)c1sc(cc1)c1cc(c(cc1)Oc1ccc(cc1)*)C(F)(F)F)C(F)(F)F)c1ccccc1,0.4015453,uwm_md,train
*c1cc2c(C(=O)N(C2=O)c2cc(cc(c2)c2oc3c(n2)cccc3)N2C(=O)c3c(C2=O)cc(cc3)C(=O)Nc2nc(ccc2)NC(=O)*)cc1,0.36221433,uwm_md,train
*c1cc2c(C(=O)N(C2=O)c2cc(cc(c2)c2oc3c(n2)cccc3)N2C(=O)c3c(C2=O)cc(cc3)C(=O)Nc2ccc(cc2)S(=O)(=O)c2ccc(cc2)NC(=O)*)cc1,0.36410497,uwm_md,test
*c1cc2c(C(=O)N(C2=O)c2cc(cc(c2)c2oc3c(n2)cccc3)N2C(=O)c3c(C2=O)cc(cc3)C(=O)Nc2cc(cc(c2)c2nc3c([nH]2)cccc3)NC(=O)*)cc1,0.37477933,uwm_md,train
*c1cc2c(C(=O)N(C2=O)c2cc(cc(c2)c2sc3c(n2)cccc3)N2C(=O)c3c(C2=O)cc(cc3)C(=O)Nc2nc(ccc2)NC(=O)*)cc1,0.36524921,uwm_md,test
*c1cc2c(C(=O)N(C2=O)c2cc(cc(c2)c2sc3c(n2)cccc3)N2C(=O)c3c(C2=O)cc(cc3)C(=O)Nc2ccc(cc2)NC(=O)*)cc1,0.37132377,uwm_md,train
*c1cc2c(C(=O)N(C2=O)c2cc(cc(c2)c2sc3c(n2)cccc3)N2C(=O)c3c(C2=O)cc(cc3)C(=O)Nc2ccc(cc2)S(=O)(=O)c2ccc(cc2)NC(=O)*)cc1,0.37167468,uwm_md,train
*c1cc2c(C(=O)N(C2=O)c2cc(cc(c2)c2sc3c(n2)cccc3)N2C(=O)c3c(C2=O)cc(cc3)C(=O)Nc2cc(cc(c2)c2nc3c([nH]2)cccc3)NC(=O)*)cc1,0.37929546,uwm_md,train
*c1cc2c(C(=O)N(C2=O)c2cc(ccc2)N2C(=O)c3c(C2=O)cc(cc3)C(=O)Nc2nc(ccc2)NC(=O)*)cc1,0.34115453,uwm_md,train
*c1cc2c(C(=O)N(C2=O)c2cc(ccc2)N2C(=O)c3c(C2=O)cc(cc3)C(=O)Nc2ccc(cc2)NC(=O)*)cc1,0.34777302,uwm_md,train
*c1cc2c(C(=O)N(C2=O)c2cc(ccc2)N2C(=O)c3c(C2=O)cc(cc3)C(=O)Nc2ccc(cc2)S(=O)(=O)c2ccc(cc2)NC(=O)*)cc1,0.35285588,uwm_md,train
*c1cc2c(C(=O)N(C2=O)c2cc(ccc2)N2C(=O)c3c(C2=O)cc(cc3)C(=O)Nc2cc(cc(c2)c2nc3c([nH]2)cccc3)NC(=O)*)cc1,0.36147355,uwm_md,train
*Nc1cc(ccc1)NC(=O)c1cc(ccc1)C(=O)Nc1ccc(cc1)C(=O)NC(=S)*,0.33903798,uwm_md,train
*Nc1cc(ccc1)NC(=O)c1ccc(cc1)C(=O)Nc1ccc(cc1)C(=O)NC(=S)*,0.33864713,uwm_md,train
*Nc1cc(ccc1)NC(=O)CCCCC(=O)Nc1ccc(cc1)C(=O)NC(=S)*,0.33377673,uwm_md,train
*Nc1cc(ccc1)NC(=O)CCCCCCCCC(=O)Nc1ccc(cc1)C(=O)NC(=S)*,0.34266836,uwm_md,train
*c1cc2c(C(=O)N(C2=O)C2C(=O)N(C(=O)C2)c2ccc(cc2)Oc2ccc(cc2)NC(=O)*)cc1,0.35047717,uwm_md,train
*c1cc2c(C(=O)N(C2=O)C2C(=O)N(C(=O)C2)c2cc(ccc2)NC(=O)*)cc1,0.34139674,uwm_md,train
*c1cc2c(C(=O)N(C2=O)C2C(=O)N(C(=O)C2)c2ccc(cc2)c2ccc(cc2)NC(=O)*)cc1,0.35106689,uwm_md,train
*c1cc2c(C(=O)N(C2=O)C2C(=O)N(C(=O)C2)c2ccc(cc2)NC(=O)*)cc1,0.34885907,uwm_md,train
*c1cc2c(C(=O)N(C2=O)C2C(=O)N(C(=O)C2)c2ccc(cc2)S(=O)(=O)c2ccc(cc2)NC(=O)*)cc1,0.35376689,uwm_md,train
*c1cc2c(C(=O)N(C2=O)C2C(=O)N(C(=O)C2)c2ccc(cc2)Cc2ccc(cc2)NC(=O)*)cc1,0.35665576,uwm_md,test
*c1cc2c(C(=O)N(C2=O)C2C(=O)N(C(=O)C2)c2c(ccc(c2)C)NC(=O)*)cc1,0.34915334,uwm_md,train
*c1cc2c(C(=O)N(C2=O)C2C(=O)N(C(=O)C2)c2c3c(ccc2)cccc3NC(=O)*)cc1,0.34205138,uwm_md,test
*c1cc2c(C(=O)N(C2=O)c2cc(cc(c2)c2oc(nn2)c2ncccc2)N2C(=O)c3c(C2=O)cc(cc3)C(=O)Nc2cc(cc(c2)c2oc(nn2)c2ncccc2)NC(=O)*)cc1,0.38905414,uwm_md,train
*c1cc2c(C(=O)N(C2=O)c2cc(cc(c2)c2oc(nn2)c2ncccc2)N2C(=O)c3c(C2=O)cc(cc3)C(=O)Nc2cc(ccc2)S(=O)(=O)c2cc(ccc2)NC(=O)*)cc1,0.37898693,uwm_md,test
*c1cc2c(C(=O)N(C2=O)c2ccc(cc2)Sc2ccc(cc2)Oc2ccc(cc2)Sc2ccc(cc2)N2C(=O)c3c(C2=O)cc(cc3)C(=O)Nc2ccc(cc2)Oc2cc(ccc2)Oc2ccc(cc2)NC(=O)*)cc1,0.36243783,uwm_md,train
*c1cc2c(C(=O)N(C2=O)c2ccc(cc2)Sc2ccc(cc2)Oc2ccc(cc2)Sc2ccc(cc2)N2C(=O)c3c(C2=O)cc(cc3)C(=O)Nc2ccc(cc2)C2(c3ccccc3c3ccccc23)c2ccc(cc2)NC(=O)*)cc1,0.38040953,uwm_md,train
*N1C(=O)c2c(C1=O)cc(cc2)Oc1ccc(cc1)C(c1ccc(cc1)Oc1cc2c(C(=O)N(C2=O)c2ccc(cc2)Sc2ccc(cc2)Oc2ccc(cc2)Sc2ccc(cc2)*)cc1)(C)C,0.37448846,uwm_md,train
*c1cc2c(C(=O)N(C2=O)c2ccc(cc2)Sc2ccc(cc2)Oc2ccc(cc2)Sc2ccc(cc2)N2C(=O)c3c(C2=O)cc(cc3)C(*)(C(F)(F)F)C(F)(F)F)cc1,0.37984664,uwm_md,train
*N1C(=O)c2c(C1=O)cc(cc2)Sc1cc2c(C(=O)N(C2=O)c2c(cc(cc2)Cc2cc(c(cc2)*)C(C)(C)C)C(C)(C)C)cc1,0.40667097,uwm_md,test
*N1C(=O)c2c(C1=O)cc(cc2)S(=O)(=O)c1cc2c(C(=O)N(C2=O)c2c(cc(cc2)Cc2cc(c(cc2)*)C(C)(C)C)C(C)(C)C)cc1,0.40289103,uwm_md,train
*c1cc2c(C(=O)N(C2=O)c2cc(ccc2)Oc2c(c(ccc2)Oc2cc(ccc2)N2C(=O)c3c(C2=O)cc(cc3)C(=O)Nc2cc(ccc2)Oc2c(c(ccc2)Oc2cc(ccc2)Oc2c(c(ccc2)Oc2cc(ccc2)NC(=O)*)C#N)C#N)C#N)cc1,0.36067219,uwm_md,test
*c1cc2c(C(=O)N(C2=O)c2cc(ccc2)Oc2c(c(ccc2)Oc2cc(ccc2)N2C(=O)c3c(C2=O)cc(cc3)C(=O)Nc2cc(ccc2)Oc2c(c(ccc2)Oc2cc(ccc2)NC(=O)*)C#N)C#N)cc1,0.35823538,uwm_md,test
*c1cc2c(C(=O)N(C2=O)c2cc(ccc2)Oc2c(c(ccc2)Oc2cc(ccc2)N2C(=O)c3c(C2=O)cc(cc3)C(=O)Nc2ccc(cc2)Oc2cc(ccc2)Oc2ccc(cc2)NC(=O)*)C#N)cc1,0.35558372,uwm_md,train
*c1cc2c(C(=O)N(C2=O)c2ccc(cc2)Oc2c(c(ccc2)Oc2ccc(cc2)N2C(=O)c3c(C2=O)cc(cc3)C(=O)Nc2cc(ccc2)Oc2c(c(ccc2)Oc2cc(ccc2)Oc2c(c(ccc2)Oc2cc(ccc2)NC(=O)*)C#N)C#N)C#N)cc1,0.3612591,uwm_md,test
*c1cc2c(C(=O)N(C2=O)c2ccc(cc2)Oc2c(c(ccc2)Oc2ccc(cc2)N2C(=O)c3c(C2=O)cc(cc3)C(=O)Nc2ccc(cc2)Oc2c(c(ccc2)Oc2ccc(cc2)NC(=O)*)C#N)C#N)cc1,0.35942779,uwm_md,train
*c1cc2c(C(=O)N(C2=O)c2ccc(cc2)Oc2c(c(ccc2)Oc2ccc(cc2)N2C(=O)c3c(C2=O)cc(cc3)C(=O)Nc2ccc(cc2)Oc2cc(ccc2)Oc2ccc(cc2)NC(=O)*)C#N)cc1,0.35717581,uwm_md,train
*c1cc2c(C(=O)N(C2=O)c2cc(c(cc2)Oc2c(cc(cc2)N2C(=O)c3c(C2=O)cc(cc3)C(=O)Nc2ccc(cc2)c2ccc(cc2)NC(=O)*)c2ccccc2)c2ccccc2)cc1,0.36622548,uwm_md,test
*c1cc2c(C(=O)N(C2=O)c2cc(c(cc2)Oc2c(cc(cc2)N2C(=O)c3c(C2=O)cc(cc3)C(=O)Nc2ccc(cc2)Oc2ccc(cc2)NC(=O)*)c2ccccc2)c2ccccc2)cc1,0.36600725,uwm_md,test
*c1cc2c(C(=O)N(C2=O)c2cc(c(cc2)Oc2c(cc(cc2)N2C(=O)c3c(C2=O)cc(cc3)C(=O)Nc2c(ccc(c2)C(F)(F)F)Oc2c3c(ccc2)c(ccc3)Oc2c(cc(cc2)C(F)(F)F)NC(=O)*)c2ccccc2)c2ccccc2)cc1,0.36667366,uwm_md,train
*c1cc2c(C(=O)N(C2=O)c2cc(c(cc2)Oc2c(cc(cc2)N2C(=O)c3c(C2=O)cc(cc3)C(=O)Nc2cc(c(cc2)Oc2c(cc(cc2)NC(=O)*)c2ccccc2)c2ccccc2)c2ccccc2)c2ccccc2)cc1,0.37066383,uwm_md,train
*N1C(=O)c2c(C1=O)cc(cc2)Oc1ccc(cc1)Oc1cc2c(C(=O)N(C2=O)c2ccc(cc2)Oc2ccc(cc2)S(=O)(=O)c2ccc(cc2)Oc2ccc(cc2)*)cc1,0.36893387,uwm_md,train
*N1C(=O)c2c(C1=O)cc(cc2)Oc1ccc(cc1)C(c1ccc(cc1)Oc1cc2c(C(=O)N(C2=O)c2ccc(cc2)Oc2ccc(cc2)S(=O)(=O)c2ccc(cc2)Oc2ccc(cc2)*)cc1)(C)C,0.36845813,uwm_md,train
*N1C(=O)c2c(C1=O)cc(cc2)Oc1c2c(ccc1)c(ccc2)Oc1cc2c(C(=O)N(C2=O)c2ccc(cc2)Oc2ccc(cc2)S(=O)(=O)c2ccc(cc2)Oc2ccc(cc2)*)cc1,0.36755908,uwm_md,test
*N1C(=O)c2c(C1=O)cc(cc2)Oc1cc(ccc1)Oc1cc2c(C(=O)N(C2=O)c2ccc(cc2)Oc2ccc(cc2)C(=O)c2ccc(cc2)Oc2ccc(cc2)*)cc1,0.36207286,uwm_md,test
*N1C(=O)c2c(C1=O)cc(cc2)C(=O)c1cc2c(C(=O)N(C2=O)C(=S)Nc2ccc(cc2)Oc2ccc(cc2)NC(=S)*)cc1,0.35715427,uwm_md,train
*N1C(=O)c2c(C1=O)cc(cc2)C(c1cc2c(C(=O)N(C2=O)C(=S)Nc2ccc(cc2)Oc2ccc(cc2)NC(=S)*)cc1)(C(F)(F)F)C(F)(F)F,0.3660155,uwm_md,train
*N1C(=O)C2C(C1=O)C(=CC(C2)C1C(=O)N(C(=O)C1)c1ccc(cc1)Oc1ccc(cc1)*)C,0.36657642,uwm_md,test
*N1C(=O)C2C(C1=O)C(=CC(C2)C1C(=O)N(C(=O)C1)c1cc(ccc1)c1cc(cc(c1)C(=O)Nc1ccc(cc1)OC(=O)c1cc(c(c(c1)OCCCCCCCCCCCC)OCCCCCCCCCCCC)OCCCCCCCCCCCC)c1cc(ccc1)*)C,0.36971595,uwm_md,test
*N1C(=O)c2c(C1=O)cc(cc2)S(=O)(=O)c1cc2c(C(=O)N(C2=O)c2cc(ccc2)c2cc(cc(c2)C(=O)Nc2ccc(cc2)OC(=O)c2cc(c(c(c2)OCCCCCCCCCCCC)OCCCCCCCCCCCC)OCCCCCCCCCCCC)c2cc(ccc2)*)cc1,0.3719363,uwm_md,train
*c1cc2c(C(=O)N(C2=O)c2c(ccc(c2)C(c2cc(c(cc2)OC(=O)C)N2C(=O)c3c(C2=O)cc(cc3)C(*)(C(F)(F)F)C(F)(F)F)(C(F)(F)F)C(F)(F)F)OC(=O)C)cc1,0.3749767,uwm_md,train
*c1oc(nn1)c1ccc(cc1)Oc1cc(ccc1)n1c(=O)c2ccc3c(=O)n(c(=O)c4ccc(c1=O)c2c34)c1cc(ccc1)Oc1ccc(cc1)*,0.37441485,uwm_md,train
*c1cc2c(C(=O)N(C2=O)c2c(cc(cc2C)Cc2cc(c(c(c2)C)N2C(=O)c3c(C2=O)cc(cc3)C(=O)OCCN(CCOC(=O)*)c2ccc(cc2)C(=C(C#N)C#N)C#N)C)C)cc1,0.37808499,uwm_md,train
*c1cc2c(C(=O)N(C2=O)c2c(ccc(c2)N2C(=O)c3c(C2=O)cc(cc3)C(=O)OCCN(CCOC(=O)*)c2ccccc2)N=Nc2ccccc2)cc1,0.35725453,uwm_md,train
*c1cc2c(C(=O)N(C2=O)c2c(ccc(c2)N2C(=O)c3c(C2=O)cc(cc3)C(=O)OCCN(CCOC(=O)*)c2ccc(cc2)C(=C(C#N)C#N)C#N)N=Nc2ccc(cc2)C(=C(C#N)C#N)C#N)cc1,0.36727055,uwm_md,test
*c1cc2c(C(=O)N(C2=O)c2c(ccc(c2)N2C(=O)c3c(C2=O)cc(cc3)C(=O)OCCN(CCOC(=O)*)c2ccc(cc2)N=Nc2ccccc2)N=Nc2ccccc2)cc1,0.36198377,uwm_md,train
*c1cc2c(C(=O)N(C2=O)c2c(ccc(c2)N2C(=O)c3c(C2=O)cc(cc3)C(=O)OCCN(CCOC(=O)*)c2ccc(cc2)N=Nc2ccc(cc2)C(=C(C#N)C#N)C#N)N=Nc2ccc(cc2)C(=C(C#N)C#N)C#N)cc1,0.37162023,uwm_md,train
*C1C2C(C(=O)N(C2=O)c2c(cccc2)F)C(C1)C=C*,0.35885634,uwm_md,train
*C1C2C(C(=O)N(C2=O)c2cc(ccc2)F)C(C1)C=C*,0.37532295,uwm_md,train
*C1C2C(C(=O)N(C2=O)c2ccc(cc2)F)C(C1)C=C*,0.37471023,uwm_md,train
*C1C2C(C(=O)N(C2=O)c2c(cccc2)Cl)C(C1)C=C*,0.39149217,uwm_md,train
*C1C2C(C(=O)N(C2=O)c2cc(ccc2)Cl)C(C1)C=C*,0.38072604,uwm_md,train
*C1C2C(C(=O)N(C2=O)c2ccc(cc2)Cl)C(C1)C=C*,0.38672628,uwm_md,train
*C1C2C(C(=O)N(C2=O)c2c(cccc2)Br)C(C1)C=C*,0.37993611,uwm_md,train
*C1C2C(C(=O)N(C2=O)c2cc(ccc2)Br)C(C1)C=C*,0.39327609,uwm_md,train
*C1C2C(C(=O)N(C2=O)c2ccc(cc2)Br)C(C1)C=C*,0.39805684,uwm_md,train
*N1C(=O)c2c(C1=O)cc(cc2)Oc1ccc(cc1)Oc1cc2c(C(=O)N(C2=O)c2c(cc(cc2)Cc2cc(c(cc2)*)C)C)cc1,0.37895775,uwm_md,train
*N1C(=O)c2c(C1=O)cc(cc2)Oc1ccc(cc1)Oc1cc2c(C(=O)N(C2=O)c2cc(c(cc2)Cc2c(cc(cc2)*)C)C)cc1,0.37649357,uwm_md,train
*c1cc2c(C(=O)N(C2=O)c2c(c(cc(c2)C(F)(F)F)N2C(=O)c3c(C2=O)cc(cc3)C(=O)Nc2ccc(cc2)Oc2ccc(cc2)NC(=O)*)Oc2ccc(cc2)C(F)(F)F)cc1,0.36716401,uwm_md,train
*c1cc2c(C(=O)N(C2=O)c2c(c(cc(c2)C(F)(F)F)N2C(=O)c3c(C2=O)cc(cc3)C(=O)Nc2cc(c(cc2)Oc2c(cc(cc2)NC(=O)*)c2ccccc2)c2ccccc2)Oc2ccc(cc2)C(F)(F)F)cc1,0.3736737,uwm_md,test
*c1cc2c(C(=O)N(C2=O)c2c(c(cc(c2)C(F)(F)F)N2C(=O)c3c(C2=O)cc(cc3)C(=O)Nc2c(c(cc(c2)C(F)(F)F)NC(=O)*)Oc2ccc(cc2)C(F)(F)F)Oc2ccc(cc2)C(F)(F)F)cc1,0.3682254,uwm_md,train
*c1cc2c(C(=O)N(C2=O)c2c(c(cc(c2)C(F)(F)F)N2C(=O)c3c(C2=O)cc(cc3)C(=O)Nc2ccc(cc2)Oc2c(c3c(cc2)cccc3)c2c3c(ccc2Oc2ccc(cc2)NC(=O)*)cccc3)Oc2ccc(cc2)C(F)(F)F)cc1,0.37258957,uwm_md,train
*N1C(=O)c2c(C1=O)cc(cc2)S(=O)(=O)c1cc2c(C(=O)N(C2=O)c2ccc(cc2)N(c2ccc(cc2)*)c2ccccc2)cc1,0.41550047,uwm_md,train
*N1C(=O)c2c(C1=O)cc(cc2)S(=O)(=O)c1cc2c(C(=O)N(C2=O)c2ccc(cc2)N(c2ccc(cc2)*)c2ccc(cc2)C#N)cc1,0.42173166,uwm_md,train
*N1C(=O)c2c(C1=O)cc(cc2)S(=O)(=O)c1cc2c(C(=O)N(C2=O)c2ccc(cc2)N(c2ccc(cc2)*)c2ccc(cc2)OC)cc1,0.40284317,uwm_md,train
*N1C(=O)c2c(C1=O)cc(cc2)S(=O)(=O)c1cc2c(C(=O)N(C2=O)c2ccc(cc2)N(c2ccc(cc2)*)c2ccc(cc2)N(C)C)cc1,0.417039,uwm_md,train
*Nc1cc(ccc1)NC(=O)c1cc(ccc1)C(=O)Nc1cc(ccc1)NC(=S)NC(=O)c1cc(ccc1)C(=O)NC(=S)*,0.34030013,uwm_md,train
*Nc1cc(ccc1)NC(=O)c1cc(ccc1)C(=O)Nc1cc(ccc1)NC(=S)NC(=O)c1ccc(cc1)C(=O)NC(=S)*,0.33973914,uwm_md,train
*Nc1cc(ccc1)NC(=O)c1cc(ccc1)C(=O)Nc1cc(ccc1)NC(=S)NC(=O)CCCCC(=O)NC(=S)*,0.33460461,uwm_md,test
*Nc1cc(ccc1)NC(=O)c1cc(ccc1)C(=O)Nc1cc(ccc1)NC(=S)NC(=O)CCCCCCCCC(=O)NC(=S)*,0.34654,uwm_md,train
*Nc1cc(ccc1)NC(=O)c1ccc(cc1)C(=O)Nc1cc(ccc1)NC(=S)NC(=O)c1cc(ccc1)C(=O)NC(=S)*,0.34075834,uwm_md,train
*Nc1cc(ccc1)NC(=O)c1ccc(cc1)C(=O)Nc1cc(ccc1)NC(=S)NC(=O)c1ccc(cc1)C(=O)NC(=S)*,0.34165595,uwm_md,train
*Nc1cc(ccc1)NC(=O)c1ccc(cc1)C(=O)Nc1cc(ccc1)NC(=S)NC(=O)CCCCC(=O)NC(=S)*,0.33577195,uwm_md,train
*Nc1cc(ccc1)NC(=O)c1ccc(cc1)C(=O)Nc1cc(ccc1)NC(=S)NC(=O)CCCCCCCCC(=O)NC(=S)*,0.34740592,uwm_md,train
*Nc1cc(ccc1)NC(=O)CCCCC(=O)Nc1cc(ccc1)NC(=S)NC(=O)c1ccc(cc1)C(=O)NC(=S)*,0.33679836,uwm_md,test
*Nc1cc(ccc1)NC(=O)CCCCC(=O)Nc1cc(ccc1)NC(=S)NC(=O)CCCCC(=O)NC(=S)*,0.33328285,uwm_md,train
*Nc1cc(ccc1)NC(=O)CCCCC(=O)Nc1cc(ccc1)NC(=S)NC(=O)CCCCCCCCC(=O)NC(=S)*,0.34083376,uwm_md,train
*c1cc2c(C(=O)N(C2=O)c2cc(c(cc2)Oc2c(cc(cc2)N2C(=O)c3c(C2=O)cc(cc3)C(=O)*)c2cc(c(c(c2)F)F)F)c2cc(c(c(c2)F)F)F)cc1,0.38343995,uwm_md,train
*C1C(=O)OC(=O)C1C(C*)OCC,0.31032484,uwm_md,train
*C1C(=O)OC(=O)C1C(C*)OCC(C)C,0.33696178,uwm_md,test
*C1C(=O)OC(=O)C1C(C*)OCCCC,0.32628739,uwm_md,train
*C1(C(=O)OC(=O)C1(C(C*)OC)C)C,0.31336206,uwm_md,train
*C1(C(=O)OC(=O)C1(C(C*)OCC)C)C,0.32300959,uwm_md,train
*C1(C(=O)OC(=O)C1(C(C*)OCC(C)C)C)C,0.34284139,uwm_md,train
*C1(C(=O)OC(=O)C1(C(C*)OCCCC)C)C,0.34511671,uwm_md,test
*C1C(=O)OC(=O)C1C(C*)c1ccccc1,0.33148973,uwm_md,test
*C1C(=O)OC(=O)C1C(C*)(N=C=O)C,0.29181625,uwm_md,train
*C1C(=O)OC(=O)C1C(C*)(C)C,0.29898887,uwm_md,train
*C1C(=O)OC(=O)C1C(C*)OC(C)C,0.31948862,uwm_md,test
*C1C(=O)OC(=O)C1C(C*)OC1CCCCC1,0.33180155,uwm_md,train
*C1C(=O)OC(=O)C1C1C2CC(C(C1*)C2)C(=O)OCCOCC,0.32509916,uwm_md,train
*C1C(=O)OC(=O)C1C1C2CC(C(C1*)C2)C(=O)OC(CC)C,0.34154769,uwm_md,train
*C1C(=O)OC(=O)C1C1C2CC(C(C1*)C2)C(=O)OC1CCCCC1,0.34535226,uwm_md,test
*C1C(=O)OC(=O)C1C1C2CC(C(C1*)C2)COCCC,0.3385676,uwm_md,train
*Oc1c(cc(cc1)C1(C2CCC(C1)C2)c1cc(c(cc1)OC(=O)*)C)C,0.38156407,uwm_md,train
*Oc1c(cc(cc1)C1(C2CCC(C1)C2)c1cc(c(cc1)OC(=O)*)Cl)Cl,0.37867206,uwm_md,train
*Oc1c(cc(cc1Cl)C1(C2CCC(C1)C2)c1cc(c(c(c1)Cl)OC(=O)*)Cl)Cl,0.40020648,uwm_md,test
*Oc1c(cc(cc1Br)C1(C2CCC(C1)C2)c1cc(c(c(c1)Br)OC(=O)*)Br)Br,0.43211216,uwm_md,test
*Oc1ccc(cc1)C(c1ccc(cc1)OC(=O)*)C1C2CCC(C1)C2,0.37329335,uwm_md,train
*Oc1c(cc(cc1Cl)C(c1cc(c(c(c1)Cl)OC(=O)*)Cl)C1C2CCC(C1)C2)Cl,0.4079258,uwm_md,test
*Oc1ccc(cc1)C(c1ccc(cc1)OC(=O)*)C1C2CCC(C1C)C2,0.38003376,uwm_md,train
*Oc1ccc(cc1)C(c1ccc(cc1)OC(=O)*)C1C2CCC(C1c1ccccc1)C2,0.36998662,uwm_md,test
*Oc1ccc(cc1)C(c1ccc(cc1)OC(=O)*)C1CCCCC1,0.37459903,uwm_md,test
*Oc1ccc(cc1)C(c1ccc(cc1)OC(=O)OCCN(CCOC(=O)*)c1ccccc1)(C)C,0.34756362,uwm_md,train
*Oc1ccc(cc1)C(c1ccc(cc1)OC(=O)OCCN(CCOC(=O)*)c1ccc(cc1)OC)(C)C,0.34363634,uwm_md,train
*Oc1ccc(cc1)C(c1ccc(cc1)OC(=O)OCCN(CCOC(=O)*)c1ccc2[nH]c3c(c2c1)cccc3)(C)C,0.3473227,uwm_md,train
*Oc1ccc(cc1)C1(C2C3C(CCC3)C(C1)C2)c1ccc(cc1)OC(=O)*,0.37807285,uwm_md,train
*Oc1c(cc(cc1)C1(C2C3C(CCC3)C(C1)C2)c1cc(c(cc1)OC(=O)*)C)C,0.40611726,uwm_md,test
*Oc1c(cc(cc1Cl)C1(C2C3C(CCC3)C(C1)C2)c1cc(c(c(c1)Cl)OC(=O)*)Cl)Cl,0.40815455,uwm_md,test
*Oc1ccc(cc1)C1(C2C3C(C(C1)C2)C1CCC3C1)c1ccc(cc1)OC(=O)*,0.37460046,uwm_md,train
*Oc1c(cc(cc1)C1(C2C3C(C(C1)C2)C1CCC3C1)c1c(cc(cc1)OC(=O)*)C)C,0.39110607,uwm_md,train
*Oc1ccc(cc1)C(c1ccc(cc1)OC(=O)*)C1C2C3C(C(C1)C2)C1CCC3C1,0.37873472,uwm_md,test
*Oc1ccc(cc1)C(c1ccc(cc1)OC(=O)*)(CC)c1ccccc1,0.36890167,uwm_md,train
*Oc1ccc(cc1)C1(c2c(CC1)cccc2)c1ccc(cc1)OC(=O)*,0.36699475,uwm_md,train
*Oc1ccc(cc1)Cc1ccc(cc1)Cc1ccc(cc1)OC(=O)*,0.36126118,uwm_md,train
*OC(COC(=O)*)C,0.32644555,uwm_md,train
*Oc1ccc(cc1)C1(CC(CC(C1)C)(C)C)c1ccc(cc1)OC(=O)*,0.37154633,uwm_md,train
*Oc1c(cc(cc1C)C(c1cc(c(c(c1)C)OC(=O)*)C)(C(F)(F)F)C(F)(F)F)C,0.39598526,uwm_md,train
*OC1CCC(CC1)OC(=O)*,0.34419974,uwm_md,train
*OC(=O)OCCCS(=O)(=O)CCCCS(=O)(=O)CCC*,0.3533756,uwm_md,train
*Oc1cc2c(C(CC32CC(c2ccc(cc32)OC(=O)*)(C)C)(C)C)cc1,0.39692149,uwm_md,train
*OC(=O)OCC*,0.3043208,uwm_md,train
*Oc1c(cc(cc1)C(c1cc(c(cc1)OC(=O)*)CC)(C)C)CC,0.38097605,uwm_md,train
*Oc1ccc(cc1)C(c1ccc(cc1)OC(=O)*)(CCC#N)C,0.36182275,uwm_md,train
*Oc1c(cc(cc1)C(c1cc(c(cc1)OC(=O)*)C)(CCC#N)C)C,0.38107835,uwm_md,train
*Oc1c(cc(cc1)C(c1cc(c(cc1)OC(=O)*)C)(CCC)CCC)C,0.39582423,uwm_md,train
*OC(=O)OCC(C(C*)OC(=O)OCC)OC(=O)OCC,0.32380857,uwm_md,train
*OC1CCC(CC1)OC(=O)OCCCCOC(=O)*,0.33295317,uwm_md,train
*OC(=O)OCC(C(C*)OC=O)OC=O,0.27866603,uwm_md,train
*OC(=O)OCC(C(C*)OC(=O)C)OC(=O)C,0.3184913,uwm_md,train
*OC(=O)OCC(C(C*)OC(=O)C(=O)OCC)OC(=O)C(=O)OCC,0.31291135,uwm_md,train
*OC(=O)OCC(C(C*)OC(=O)Oc1ccc(cc1)C(=O)OC)OC(=O)Oc1ccc(cc1)C(=O)OC,0.3223452,uwm_md,test
*OC(=O)OCC(C(C*)OC(=O)C(NC(=O)OC(C)(C)C)Cc1ccccc1)OC(=O)C(NC(=O)OC(C)(C)C)Cc1ccccc1,0.35315661,uwm_md,train
*OC(=O)OCC(C(C*)OC(=O)C(NC(=O)OCc1ccccc1)CC(C)C)OC(=O)C(NC(=O)OCc1ccccc1)CC(C)C,0.34504989,uwm_md,train
*OC(=O)OCCC*,0.31917204,uwm_md,test
*OC1CCC(CC1)OC(=O)OCCCCCOC(=O)*,0.34122931,uwm_md,test
*OC1CCC(CC1)OC(=O)OCCCCCCOC(=O)*,0.343459,uwm_md,train
*OC1CCC(CC1)OC(=O)OCCCCCCCOC(=O)*,0.3452967,uwm_md,train
*OC(=O)OCC(C*)(C)C,0.35059905,uwm_md,train
*Oc1ccc(cc1)C(c1ccc(cc1)OC(=O)*)CC,0.36281879,uwm_md,train
*Oc1c(cc(cc1)C(c1cc(c(cc1)OC(=O)*)C)(CC)C)C,0.37939809,uwm_md,train
*Oc1c(cc(cc1)C(c1cc(c(cc1)OC(=O)*)Cl)(CC)C)Cl,0.37781492,uwm_md,test
*Oc1ccc(cc1)C(c1cc(c(cc1)OC(=O)*)Cl)(C)C,0.3646685,uwm_md,train
*Oc1ccc(cc1)C(c1cc(c(c(c1)Cl)OC(=O)*)Cl)(C)C,0.37520677,uwm_md,train
*Oc1c(cc(cc1)C(c1cc(c(cc1)OC(=O)*)Cl)(C)C)C,0.37412442,uwm_md,train
*Oc1ccc(cc1)C(c1ccc(cc1)OC(=O)*)(CCCC)CCCC,0.38524755,uwm_md,train
*Oc1ccc(cc1)C1(CCCCCC1)c1ccc(cc1)OC(=O)*,0.35365375,uwm_md,test
*Oc1ccc(cc1)C(c1ccc(cc1)OC(=O)OC1C(C(C1(C)C)OC(=O)*)(C)C)(C)C,0.36526848,uwm_md,train
*Oc1ccc(cc1)C(c1ccc(cc1)OC(=O)OC1C(C(C1(C)C)OC(=O)*)(C)C)(CC)C,0.3617297,uwm_md,train
*Oc1ccc(cc1)C1(CCCCC1)c1ccc(cc1)OC(=O)OC1C(C(C1(C)C)OC(=O)*)(C)C,0.36225678,uwm_md,train
*Oc1ccc(cc1)C1(C2CCC(C1)C2)c1ccc(cc1)OC(=O)OC1C(C(C1(C)C)OC(=O)*)(C)C,0.3705045,uwm_md,train
*Oc1ccc(cc1)C1(CCC(CC1)C(C)(C)C)c1ccc(cc1)OC(=O)OC1C(C(C1(C)C)OC(=O)*)(C)C,0.37377889,uwm_md,train
*Oc1ccc(cc1)C(c1ccc(cc1)OC(=O)OC1C(C(C1(C)C)OC(=O)*)(C)C)(c1ccccc1)C,0.36891791,uwm_md,train
*Oc1ccc(cc1)C(c1ccc(cc1)OC(=O)OC1C(C(C1(C)C)OC(=O)*)(C)C)(c1ccccc1)c1ccccc1,0.37906621,uwm_md,train
*Oc1ccc(cc1)C1(c2ccccc2c2ccccc12)c1ccc(cc1)OC(=O)OC1C(C(C1(C)C)OC(=O)*)(C)C,0.37809726,uwm_md,test
*Oc1ccc(cc1)c1ccc(cc1)OC(=O)OC1C(C(C1(C)C)OC(=O)*)(C)C,0.35906343,uwm_md,test
*Oc1ccc(cc1)C(c1ccc(cc1)OC(=O)OC1C(C(C1(C)C)OC(=O)*)(C)C)(C(F)(F)F)C(F)(F)F,0.35070734,uwm_md,train
*Sc1ccc(cc1)Cc1ccc(cc1)SC(=O)*,0.37184413,uwm_md,train
*OC(=O)OCC(C*)OCCOc1ccc(cc1)C=Cc1ccc(cc1)[N+](=O)[O-],0.34394609,uwm_md,test
*OC(=O)OCC(C*)OCCCCOc1ccc(cc1)C=Cc1ccc(cc1)[N+](=O)[O-],0.34702977,uwm_md,train
*OC(=O)OCC(C*)OCCCCCCOc1ccc(cc1)C=Cc1ccc(cc1)[N+](=O)[O-],0.3517257,uwm_md,train
*OC(=O)OCC(C*)OCCCCCCCCCCCOc1ccc(cc1)C=Cc1ccc(cc1)[N+](=O)[O-],0.35711055,uwm_md,train
*Oc1ccc(cc1)C1(c2cc(ccc2c2ccc(cc12)[N+](=O)[O-])N(C)C)c1ccc(cc1)OC(=O)*,0.38701526,uwm_md,train
*Oc1ccc(cc1)C1(c2cc(ccc2c2ccc(cc12)[N+](=O)[O-])OC)c1ccc(cc1)OC(=O)*,0.37589479,uwm_md,train
*Oc1ccc(cc1)C(c1ccc(cc1)OC(=O)*)C(Cl)Cl,0.36363286,uwm_md,train
*Oc1c(cc(cc1Br)C(c1cc(c(c(c1)Br)OC(=O)*)Br)(C(F)(F)F)C(F)(F)F)Br,0.41928552,uwm_md,train
*Oc1ccc(cc1)C(=O)c1ccc(cc1)OC(=O)OC1C(C(C1(C)C)OC(=O)*)(C)C,0.35694077,uwm_md,train
*Oc1ccc(cc1)S(=O)(=O)c1ccc(cc1)OC(=O)OC1C(C(C1(C)C)OC(=O)*)(C)C,0.3572516,uwm_md,train
*Oc1ccc(cc1)C(c1ccc(cc1)OC(=O)SCCCSC(=O)*)(C)C,0.35558207,uwm_md,train
*Oc1ccc(cc1)C(c1ccc(cc1)OC(=O)SCCCCCCSC(=O)*)(C)C,0.3614361,uwm_md,train
*Oc1ccc(cc1)C(c1ccc(cc1)OC(=O)Sc1ccc(cc1)C(c1ccc(cc1)SC(=O)*)(C)C)(C)C,0.35298003,uwm_md,train
*Oc1c(cc(cc1Br)S(=O)(=O)c1cc(c(c(c1)Br)OC(=O)*)Br)Br,0.41564538,uwm_md,train
*Oc1cc2c(C(CC2(c2ccc(cc2)OC(=O)*)C)(C)C)cc1,0.37135373,uwm_md,test
*Oc1c(cc(cc1Cl)C(c1cc(c(c(c1)Cl)OC(=O)*)Cl)C(Cl)(Cl)Cl)Cl,0.39461971,uwm_md,train
*Oc1c(cc(cc1Cl)C(=C(Cl)Cl)c1cc(c(c(c1)Cl)OC(=O)*)Cl)Cl,0.40362445,uwm_md,test
*OC(=O)OCC1CCC(CC1)C*,0.34179915,uwm_md,train
*OC(=O)OCC(C*)(C(=O)OCc1ccccc1)C,0.34012243,uwm_md,test
*OC(=O)OCc1ccc(cc1)COC(=O)OCCN(CC*)c1ccc(cc1)N=Nc1ccc(cc1)[N+](=O)[O-],0.34805417,uwm_md,train
*OC1C(CCCC1)OC(=O)*,0.34928658,uwm_md,train
*Oc1ccc(cc1)C(=Cc1ccc(cc1)c1ccc(cc1)C=C(c1ccc(cc1)OC(=O)*)c1ccccc1)c1ccccc1,0.38025773,uwm_md,test
*Oc1ccc(cc1)C(c1ccc(cc1)OC(=O)OCCCOC(=O)*)(C)C,0.33934743,uwm_md,train
*Oc1ccc(cc1)C(c1ccc(cc1)OC(=O)OCCCCOC(=O)*)(C)C,0.34176051,uwm_md,test
*Oc1ccc(cc1)C(c1ccc(cc1)OC(=O)OCCCCCOC(=O)*)(C)C,0.34414164,uwm_md,train
*Oc1cc(ccc1)OC(=O)Oc1ccc(cc1)C(c1ccc(cc1)OC(=O)*)(C)C,0.34341642,uwm_md,test
*Oc1ccc(cc1)OC(=O)Oc1ccc(cc1)C(c1ccc(cc1)OC(=O)*)(C)C,0.34624319,uwm_md,train
*Oc1ccc(cc1)C(c1ccc(cc1)OC(=O)Oc1ccc(cc1)Cc1ccc(cc1)OC(=O)*)(C)C,0.35217052,uwm_md,train
*OC(=O)OCC1CCC(CC1)COC(=O)OCCCC*,0.33756711,uwm_md,train
*Oc1ccc(cc1)C(c1ccc(cc1)OC(=O)OCC1CCC(CC1)COC(=O)*)(C)C,0.35273302,uwm_md,train
*Oc1ccc(cc1)Cc1ccc(cc1)OC(=O)OCC1CCC(CC1)COC(=O)*,0.35373109,uwm_md,test
*OC(COC(=O)*)COc1ccccc1,0.33796381,uwm_md,train
*OC(COC(=O)*)COC(C)(C)C,0.36210657,uwm_md,train
*OC(COC(=O)*)COCCCC,0.35933677,uwm_md,train
*OC(COC(=O)*)COCCOC,0.33674194,uwm_md,train
*OC(=O)OCC1(CC=CCC1)C*,0.3421933,uwm_md,test
*Oc1c(cc(cc1)c1ccc(cc1)C(c1ccc(cc1)c1cc(c(cc1)OC(=O)*)F)(C)C)F,0.36767878,uwm_md,train
*OC(COC(=O)*)COCC,0.34611534,uwm_md,train
*OC(COC(=O)*)COC(C)C,0.35338284,uwm_md,train
*OC(COC(=O)*)CCC,0.35170263,uwm_md,train
*c1cc2c(nc(c(n2)c2ccccc2)c2ccc(cc2)c2nc3c(nc2c2ccccc2)cc(cc3)C(=O)*)cc1,0.44667573,uwm_md,train
*c1nc2c([nH]1)ccc(c2)c1ccc2c(nc([nH]2)c2ccc(cc2)Nc2nc(nc(n2)Nc2ccc(cc2)*)N(c2ccccc2)c2ccccc2)c1,0.4152424,uwm_md,train
*c1c(nnc(n1)c1nc(ccc1)c1nc(c(nn1)c1ccccc1)c1ccc(cc1)*)c1ccccc1,0.44423251,uwm_md,test
*c1c(nnc(n1)c1nc(ccc1)c1nc(c(nn1)c1ccccc1)c1ccc(cc1)Cc1ccc(cc1)*)c1ccccc1,0.42632673,uwm_md,train
*c1nc2c([nH]1)ccc(c2)c1ccc2c(nc([nH]2)CCC*)c1,0.36451297,uwm_md,train
*c1nc2c([nH]1)ccc(c2)c1ccc2c(nc([nH]2)CCCCCCCC*)c1,0.37040662,uwm_md,train
*c1nc2c([nH]1)ccc(c2)c1ccc2c(nc([nH]2)CCCCCNc2nc(nc(n2)NCCCCC*)N(CC)CC)c1,0.37614223,uwm_md,train
*c1ncc(nc1)C1C(C(C1c1ccccc1)*)c1ccccc1,0.39156002,uwm_md,test
*N=P(*)(Oc1ccc(cc1)CC)Oc1ccc(cc1)CC,0.40095438,uwm_md,train
*c1nc2cc3c(cc2c(c1)c1ccccc1)c(cc(n3)c1ccc(cc1)c1ccc(cc1)*)c1ccccc1,0.42319171,uwm_md,train
*c1nc2cc3c(cc2c(c1)c1ccccc1)nc(cc3c1ccccc1)c1ccc(cc1)c1ccc(cc1)*,0.44606667,uwm_md,train
*c1[nH]c(cc1)*,0.56389708,uwm_md,train
*N=P(*)(OCCOCCOCCOC)OCCOCCOCCOC,0.35486325,uwm_md,train
*Nc1ccc(cc1)*,0.39788166,uwm_md,train
*N(CC*)CC[Si](C)(C)C,0.41091348,uwm_md,train
*c1nc2c([nH]1)ccc(c2)*,0.47901269,uwm_md,train
*Nc1c(cc(cc1)*)OC,0.38337049,uwm_md,train
*N([Si](C[Si](*)(C)C)(C)C)CCC,0.36931239,uwm_md,train
*N(CC(C*)O)c1ccccc1,0.36123033,uwm_md,train
*S(=O)(=NP(=NP(=N*)(NC)NC)(NC)NC)NC,0.34459575,uwm_md,train
*S(=O)(=NP(=NP(=N*)(NCC)NCC)(NCC)NCC)NCC,0.37475847,uwm_md,train
*S(=O)(=NP(=NP(=N*)(NCCC)NCCC)(NCCC)NCCC)NCCC,0.39552121,uwm_md,test
*S(=O)(=NP(=NP(=N*)(NCCCC)NCCCC)(NCCCC)NCCCC)NCCCC,0.3991644,uwm_md,train
*S(=O)(=NP(=NP(=N*)(NCCCCCC)NCCCCCC)(NCCCCCC)NCCCCCC)NCCCCCC,0.40482375,uwm_md,train
*N(CC*)C(=O)C12CC3CC(CC(C1)C3)C2,0.37217616,uwm_md,test
*N(CC*)C(=O)CC12CC3CC(CC(C1)C3)C2,0.35920026,uwm_md,train
*c1nc2c(c(c1)c1ccccc1)cc(cc2)c1cc2c(nc(cc2c2ccccc2)c2ccc(cc2)c2ccc(cc2)*)cc1,0.41687752,uwm_md,train
*c1nc2c([nH]1)ccc(c2)c1ccc2c(nc([nH]2)c2cc(ccc2)*)c1,0.41970878,uwm_md,test
*c1nc2c(c(c1)c1ccccc1)cc(cc2)c1ccc(cc1)*,0.41535856,uwm_md,train
*c1nc2c(nc1c1ccccc1)cc(cc2)c1cc2c(nc(c(n2)c2ccccc2)c2ccc(cc2)*)cc1,0.53276928,uwm_md,test
*c1c(nc2c(c1c1ccccc1)cc(cc2)c1cc2c(nc(c(c2c2ccccc2)c2ccc(cc2)*)c2ccccc2)cc1)c1ccccc1,0.39774474,uwm_md,train
*c1c(nc2c(c1c1ccccc1)cc(cc2)c1cc2c(nc(c(c2c2ccccc2)c2ccc(cc2)c2ccc(cc2)*)c2ccccc2)cc1)c1ccccc1,0.41084325,uwm_md,train
*c1nc2c(c(c1)c1ccccc1)cc(cc2)C1(c2ccccc2c2ccccc12)c1cc2c(nc(cc2c2ccccc2)c2ccc(cc2)C2(c3ccccc3c3ccccc23)c2ccc(cc2)*)cc1,0.44097468,uwm_md,train
*c1nc2c(c(c1)c1ccccc1)cc(cc2)C1(c2ccccc2c2ccccc12)c1cc2c(nc(cc2c2ccccc2)c2ccc(cc2)C2(c3ccccc3C(=O)c3ccccc23)c2ccc(cc2)*)cc1,0.46689842,uwm_md,train
*c1nc2c(c(c1)c1ccccc1)cc(cc2)C1(c2ccccc2C(=O)c2ccccc12)c1cc2c(nc(cc2c2ccccc2)c2ccc(cc2)C2(c3ccccc3c3ccccc23)c2ccc(cc2)*)cc1,0.47578212,uwm_md,train
*c1nc2c(c(c1)c1ccccc1)cc(cc2)C1(c2ccccc2C(=O)c2ccccc12)c1cc2c(nc(cc2c2ccccc2)c2ccc(cc2)C2(c3ccccc3C(=O)c3ccccc23)c2ccc(cc2)*)cc1,0.43993459,uwm_md,train
*c1nc2c(c(c1)c1ccccc1)cc(cc2)c1cc2c(nc(cc2c2ccccc2)c2ccc(cc2)C2(c3ccccc3c3ccccc23)c2ccc(cc2)*)cc1,0.42784564,uwm_md,train
*c1nc2c(c(c1)c1ccccc1)cc(cc2)c1cc2c(nc(cc2c2ccccc2)c2ccc(cc2)C2(c3ccccc3C(=O)c3ccccc23)c2ccc(cc2)*)cc1,0.46820776,uwm_md,train
*c1nc2c(c(c1)c1ccccc1)cc(cc2)C1(c2ccccc2c2ccccc12)c1cc2c(nc(cc2c2ccccc2)c2ccc(cc2)c2ccc(cc2)*)cc1,0.43428946,uwm_md,train
*c1nc2c(c(c1)c1ccccc1)cc(cc2)C1(c2ccccc2C(=O)c2ccccc12)c1cc2c(nc(cc2c2ccccc2)c2ccc(cc2)c2ccc(cc2)*)cc1,0.42706611,uwm_md,train
*c1nc2c(c(c1)c1ccccc1)cc(cc2)c1cc2c(nc(cc2c2ccccc2)c2ccc(cc2)*)cc1,0.42908191,uwm_md,train
*c1nc2c(c(c1)c1ccccc1)cc(cc2)c1cc2c(nc(cc2c2ccccc2)c2ccc(cc2)c2ccc(cc2)c2ccc(cc2)*)cc1,0.41180869,uwm_md,train
*c1nc2c(c(c1)c1ccccc1)cc(cc2)c1cc2c(nc(cc2c2ccccc2)c2ccc(cc2)c2ccc(cc2)c2ccc(cc2)c2ccc(cc2)*)cc1,0.40260098,uwm_md,train
*c1nc2c(c(c1c1ccccc1)c1ccccc1)cc(cc2)c1cc2c(nc(c(c2c2ccccc2)c2ccccc2)c2ccc(cc2)*)cc1,0.43936443,uwm_md,train
*c1nc2c(c(c1c1ccccc1)c1ccccc1)cc(cc2)c1cc2c(nc(c(c2c2ccccc2)c2ccccc2)c2ccc(cc2)c2ccc(cc2)*)cc1,0.43300062,uwm_md,train
*c1nc2c(c(c1)c1ccc(cc1)c1ccc(cc1)Oc1ccccc1)cc(cc2)c1cc2c(nc(cc2c2ccc(cc2)c2ccc(cc2)Oc2ccccc2)c2ccc(cc2)c2ccc(cc2)*)cc1,0.38479819,uwm_md,train
*c1nc2c(c(c1)c1ccc(cc1)Oc1ccc(cc1)c1ccccc1)cc(cc2)c1cc2c(nc(cc2c2ccc(cc2)Oc2ccc(cc2)c2ccccc2)c2ccc(cc2)c2ccc(cc2)*)cc1,0.38807327,uwm_md,train
*c1nc2c(c(c1)c1ccc(cc1)Oc1ccc(cc1)Oc1ccccc1)cc(cc2)c1cc2c(nc(cc2c2ccc(cc2)Oc2ccc(cc2)Oc2ccccc2)c2ccc(cc2)c2ccc(cc2)*)cc1,0.38429931,uwm_md,train
*Nc1c2c(ccc1)c(ccc2)N[Se]*,0.38429931,uwm_md,train
*S(=O)(=O)c1ccc(cc1)N[Se]Nc1ccc(cc1)*,0.38429931,uwm_md,train
*S(=O)(=O)c1ccc(cc1)C#Cc1ccc(cc1)N(CC(CCC*)O)CCCC,0.38948294,uwm_md,test
*S(=O)(=O)c1ccc(cc1)N=CNc1ccc(cc1)*,0.39082082,uwm_md,train
*Nc1ccc(cc1)N[Se]*,0.39082082,uwm_md,test
*N=P(*)(OCC=Cc1ccccc1)OCC=Cc1ccccc1,0.36094292,uwm_md,train
*N(c1ccc(cc1)c1ccc(cc1)N(c1ccc(cc1)Cc1ccc(cc1)*)c1ccc(cc1)C)c1ccc(cc1)C,0.43960081,uwm_md,train
*N(c1ccc(cc1)c1ccc(cc1)N(c1ccc(cc1)C(c1ccc(cc1)*)c1ccccc1)c1ccc(cc1)C)c1ccc(cc1)C,0.43608862,uwm_md,test
*S(=O)(=O)c1cc(ccc1)N/C=C\C(=O)c1cc(ccc1)C(=O)/C=C\Nc1cc(ccc1)*,0.37814125,uwm_md,train
*N(CC(C(C*)O)O)c1ccc(cc1)N(C)C,0.36101121,uwm_md,train
*N(CC(CCCCC(C*)O)O)c1ccc(cc1)N(C)C,0.35960485,uwm_md,train
*N=Nc1ccc(cc1)[Te]c1ccc(cc1)*,0.35960485,uwm_md,train
*N=P(*)(OCCOCCOCCOP1(=NP(=NP(=N1)(OCCOCCOC)OCCOCCOC)(OCCOCCOC)OCCOCCOC)OCCOCCOC)OCCOCCOCCOP1(=NP(=NP(=N1)(OCCOCCOC)OCCOCCOC)(OCCOCCOC)OCCOCCOC)OCCOCCOC,0.3481788,uwm_md,train
*Nc1c2C(=O)c3c(C(=O)c2ccc1)c(ccc3)N[Se]*,0.3481788,uwm_md,train
*N(c1cc2c(cc1)ccc(c2)N(c1ccc(cc1)c1ccc(cc1)*)c1ccc(cc1)OC)c1ccc(cc1)OC,0.43192443,uwm_md,train
*Nc1cc(ccc1)NC(=C(C#N)C#N)c1cc(ccc1)C(=C(C#N)C#N)*,0.41003738,uwm_md,train
*Nc1ccc(cc1)/C=C/c1ccc(cc1)NC(=C(C#N)C#N)c1ccc(cc1)C(=C(C#N)C#N)*,0.4055685,uwm_md,train
*Nc1ccc(cc1)C(c1cc(ccc1)C(c1ccc(cc1)NC(=C(C#N)C#N)c1ccc(cc1)C(=C(C#N)C#N)*)(C)C)(C)C,0.40367737,uwm_md,test
*N=C(NCCCCCCCCCC*)c1ccccc1,0.3881679,uwm_md,train
*N=C(NCCCCCCCCCC*)C,0.39022876,uwm_md,train
*N(c1ccc(cc1)C=C(c1ccc(cc1)C(=Cc1ccc(cc1)*)c1ccc(cc1)OC)c1ccc(cc1)OC)c1ccccc1,0.40199668,uwm_md,train
*N(c1ccc(cc1)c1ccc(cc1)*)c1ccc(cc1)C,0.44281771,uwm_md,test
*N(c1ccc(cc1)c1ccc(cc1)*)c1ccc(cc1)CCCC,0.43625228,uwm_md,train
*N(c1ccc(cc1)C=Cc1c(cc(c(c1)OCCCCCCCC)C=Cc1ccc(cc1)*)OCCCCCCCC)c1ccccc1,0.3949659,uwm_md,train
*N(c1ccc(cc1)C(c1ccc(cc1)*)c1ccc(cc1)OCCCC)c1ccc(cc1)C,0.42901003,uwm_md,train
*N(c1ccc(cc1)C(c1ccc(cc1)*)c1ccc(cc1)C#N)c1ccc(cc1)C,0.45124557,uwm_md,test
*N(c1ccc(cc1)C(c1ccc(cc1)*)c1ccc(cc1)[N+](=O)[O-])c1ccc(cc1)C,0.42700988,uwm_md,train
*N(c1ccc(cc1)C(c1ccc(cc1)*)c1ccc(cc1)C(=O)OC)c1ccc(cc1)C,0.42975739,uwm_md,train
*c1ccc2n(c3c(c2c1)cc(cc3)C=Cc1ccc(cc1)c1n(c(nn1)c1ccc(cc1)C=C*)c1ccccc1)CCCCCCCC,0.39201873,uwm_md,train
*c1ccc2n(c3c(c2c1)cc(cc3)c1ccc2n(c3c(c2c1)cc(cc3)C=Cc1ccc(cc1)c1n(c(nn1)c1ccc(cc1)C=C*)c1ccccc1)CCCCCCCC)CCCCCCCC,0.39496451,uwm_md,train
*N(c1ccc(cc1)C=Cc1c(cc(c(c1)OC)C=Cc1ccc(cc1)*)OCC(CCCC)CC)c1ccccc1,0.39827635,uwm_md,train
*N(c1ccc(cc1)C=C(c1c(cc(c(c1)OCCCCCCCC)C(=Cc1ccc(cc1)*)C#N)OCCCCCCCC)C#N)c1ccccc1,0.40051472,uwm_md,train
*Nc1c(cc(cc1)*)OCCCCCCCCCCOc1ccc(cc1)C1CCC(CC1)CCCCC,0.3832015,uwm_md,train
*N(CC*)C,0.382623,uwm_md,train
*N(c1ccc(cc1)c1c2c(c(cc1)c1c3c(c(cc1)c1ccc(cc1)*)c(ccc3C)C)c(ccc2C)C)c1ccc(cc1)C,0.41844123,uwm_md,train
*N(c1ccc(cc1)c1cc2ccc3c(c2cc1c1ccc(cc1)*)cccc3)c1ccc(cc1)C,0.39961477,uwm_md,test
*[N+](CCCCCCCCCC*)(C)C,0.76931541,uwm_md,train
*[n+]1ccc(cc1)c1cc[n+](cc1)Cc1ccc(cc1)C*,0.36770634,uwm_md,train
*[n+]1ccc(cc1)c1cc[n+](cc1)Cc1cc(ccc1)C*,0.36232627,uwm_md,train
*[n+]1ccc(cc1)c1cc[n+](cc1)Cc1c(cccc1)C*,0.35795758,uwm_md,train
*C1C[N+](CC1CC*)(C)C,0.77709707,uwm_md,test
*c1nc2c(n1C)ccc(c2)c1ccc2c(nc([nH]2)c2cc(ccc2)*)c1,0.41641721,uwm_md,train
*c1ccc2n(c3c(c2c1)cc(cc3)c1cc2C(c3c(c2cc1)ccc(c3)*)(CCCCCC)CCCCCC)c1ccccc1,0.39925527,uwm_md,train
*c1ccc2n(c3c(c2c1)cc(cc3)c1cc2C(c3c(c2cc1)ccc(c3)*)(CCCCCC)CCCCCC)c1ccc(cc1)C,0.39958205,uwm_md,train
*c1ccc2n(c3c(c2c1)cc(cc3)c1cc2C(c3c(c2cc1)ccc(c3)*)(CCCCCC)CCCCCC)c1ccc(cc1)OC,0.38956004,uwm_md,train
*N(Cc1c(c(cc(c1)C12CC3CC(CC(C1)C3)C2)C*)O)c1ccccc1,0.38557882,uwm_md,train
*N(Cc1c(c(cc(c1)C12CC3CC(CC(C1)C3)C2)C*)O)C,0.36943154,uwm_md,train
*c1nc(c(c(c1C#N)C=Cc1ccc(cc1)N(c1ccccc1)c1ccccc1)C#N)C=Cc1cc2C(c3c(c2cc1)ccc(c3)C=C*)(CCCCCC)CCCCCC,0.40662582,uwm_md,train
*c1ccc2n(c3c(c2c1)cc(cc3)C=Cc1nc(c(c(c1C#N)C=Cc1ccc(cc1)N(c1ccccc1)c1ccccc1)C#N)C=C*)CCCCCC,0.40041543,uwm_md,train
*c1nc(c(c(c1C#N)C=Cc1ccc(cc1)N(c1ccccc1)c1ccccc1)C#N)C=Cc1c(cc(c(c1)CCCCCCCCCCCCCCCC)C=C*)CCCCCCCCCCCCCCCC,0.40312645,uwm_md,train
*O[Si](CCCN=C1c2c(C(=NCCC[Si](*)(C)C)C=C1)c(ccc2O)O)(C)C,0.39150617,uwm_md,train
*c1nc2c([nH]1)cc(cc2)c1cc2c(nc([nH]2)c2ccc(cc2)C(c2ccc(cc2)*)(C(F)(F)F)C(F)(F)F)cc1,0.42292902,uwm_md,train
*O[Si](CCCN=C1C(=CC(=NCCC[Si](*)(C)C)C(=C1)O)O)(C)C,0.39375505,uwm_md,train
*N=Nc1ccc(cc1)Nc1ccc(cc1)C(=O)c1ccc(cc1)Nc1ccc(cc1)*,0.39319261,uwm_md,test
*c1ccc2n(c3c(c2c1)cc(cc3)Nc1ccc(cc1)C(=O)c1ccc(cc1)N*)CC(CCCC)CC,0.38972953,uwm_md,train
*N(CC(CN(CC(C*)O)c1ccc(cc1)N=Nc1ccc(cc1)[N+](=O)[O-])O)c1ccccc1,0.35876659,uwm_md,test
*N(CC(C*)O)c1ccc(cc1)N=Nc1ccc(cc1)C(=O)O,0.3475583,uwm_md,train
*N(CC*)C(=O)C1(CCC1)c1ccc(cc1)Cl,0.37883274,uwm_md,train
*N(CC*)C(=O)Cc1ccc(cc1)C(F)(F)F,0.34471923,uwm_md,train
*N(CC*)C(=O)CSC,0.36204137,uwm_md,train
*N(CC*)C(=O)C(OC)(c1ccccc1)C(F)(F)F,0.3539454,uwm_md,train
*N(CC*)C(=O)c1ccc(cc1)SC(F)(F)F,0.36079153,uwm_md,train
*c1c2n(c3c(c2cc(c1)C(C)(C)C)cc(cc3C#CC#C*)C(C)(C)C)CCCCCCCCCCCCCCCC,0.41367738,uwm_md,train
*c1c2n(c3c(c2cc(c1)C(C)(C)C)cc(cc3C#C*)C(C)(C)C)CCCCCCCCCCCCCCCC,0.40884949,uwm_md,train
*O[Si](CCCN=Cc1c(ccc(c1)Cc1cc(c(cc1)O)C=NCCC[Si](*)(C)C)O)(C)C,0.39347596,uwm_md,train
*N(CC*)C(=O)c1c(cccc1)F,0.34924662,uwm_md,train
*N(CC*)C(=O)c1cc(ccc1)F,0.34841899,uwm_md,train
*N(CC*)C(=O)c1ccc(cc1)F,0.3464689,uwm_md,train
*N(CC*)C(=O)c1cc(cc(c1)F)F,0.34415412,uwm_md,train
*N(CC*)C(=O)c1c(cccc1F)F,0.34715202,uwm_md,train
*N(CC*)C(=O)c1cc(c(cc1)F)F,0.34216811,uwm_md,train
*N(CC*)C(=O)c1c(c(ccc1)F)F,0.34608851,uwm_md,train
*N(CC*)C(=O)c1c(ccc(c1)F)F,0.34543558,uwm_md,train
*N(CC*)C(=O)c1c(cc(cc1)F)F,0.34618853,uwm_md,train
*N(CC*)C(=O)c1c(cc(cc1F)F)F,0.34607139,uwm_md,train
*N(CC*)C(=O)c1c(cc(c(c1)F)F)F,0.34420285,uwm_md,train
*N(CC*)C(=O)c1c(ccc(c1F)F)F,0.34269166,uwm_md,train
*N(CC*)C(=O)c1c(c(cc(c1)F)F)F,0.33952456,uwm_md,train
*N(CC*)C(=O)c1c(c(c(cc1)F)F)F,0.34115264,uwm_md,test
*N(CC*)C(=O)c1cc(c(c(c1)F)F)F,0.33491733,uwm_md,test
*N(CC*)C(=O)c1c(c(c(c(c1)F)F)F)F,0.33523927,uwm_md,train
*N(CC*)C(=O)c1c(cc(c(c1F)F)F)F,0.34348957,uwm_md,train
*N(CC*)C(=O)c1c(c(cc(c1F)F)F)F,0.34317631,uwm_md,train
*N(CC*)C(=O)c1c(c(c(c(c1F)F)F)F)F,0.33673412,uwm_md,test
*c1ccc2n(c3c(c2c1)cc(cc3)Nc1ccc(cc1)c1ccc(cc1)N*)CC(CCCC)CC,0.39144941,uwm_md,train
*c1ccc2n(c3c(c2c1)cc(cc3)Nc1ccc(cc1)C(=O)c1ccc(cc1)C(=O)c1ccc(cc1)N*)CC(CCCC)CC,0.38731405,uwm_md,train
*N=Nc1ccc(cc1)Nc1ccc(cc1)C(=O)c1ccc(cc1)C(=O)c1ccc(cc1)Nc1ccc(cc1)*,0.38946168,uwm_md,train
*Nc1ccc(cc1)C(c1cc(ccc1)C(c1ccc(cc1)Nc1ccc(cc1)C(=O)c1ccc(cc1)C(=O)c1ccc(cc1)*)(C)C)(C)C,0.38954498,uwm_md,test
*Nc1ccc(cc1)Nc1ccc(cc1)C(=O)c1ccc(cc1)C(=O)c1ccc(cc1)*,0.3913528,uwm_md,train
*Nc1ccc(cc1)C(c1ccc(cc1)C(c1ccc(cc1)Nc1ccc(cc1)C(c1ccc(cc1)C(c1ccc(cc1)*)(c1ccccc1)O)(c1ccccc1)O)(C)C)(C)C,0.39392951,uwm_md,train
*Nc1ccc(cc1)C(c1ccc(cc1)C(c1ccc(cc1)Nc1ccc(cc1)C(=O)c1ccc(cc1)C(=O)c1ccc(cc1)*)(C)C)(C)C,0.3924613,uwm_md,train
*Nc1ccc(cc1)Nc1ccc(cc1)C(c1ccc(cc1)C(c1ccc(cc1)*)(c1ccccc1)O)(c1ccccc1)O,0.39313145,uwm_md,train
*N(c1ccc(cc1)C(=O)c1ccc(cc1)N(CCCCCC*)C)C,0.37816076,uwm_md,train
*N(c1ccc(cc1)C(=O)c1ccc(cc1)N(CCC*)C)C,0.37870937,uwm_md,test
*N(c1ccc(cc1)C(=O)c1ccc(cc1)N(CCCCCCCC*)C)C,0.38912701,uwm_md,train
*N(c1ccc(cc1)c1cc2C(c3c(c2cc1)ccc(c3)c1ccc(cc1)*)(CCCCCCCC)CCCCCCCC)c1ccc(cc1)N(c1ccc(cc1)C(c1ccccc1)(C)C)c1ccc(cc1)C(c1ccccc1)(C)C,0.42294334,uwm_md,train
*c1cc2n(c3c(c2cc1)ccc(c3)C=C*)c1cc(c(cc1)OCCCCCCCCCC)OCCCCCCCCCC,0.38669468,uwm_md,train
*N(C(C*)CC)C(=O)CCCC,0.37465155,uwm_md,train
*N(CC*)CC,0.38450677,uwm_md,test
*N(CC*)Cc1ccccc1,0.36209961,uwm_md,test
*N(CCC*)C,0.38665346,uwm_md,train
*N(CC*)CCOCCOC,0.35963141,uwm_md,train
*N(c1ccc(cc1)c1ccc(cc1)*)c1ccc(cc1)C(F)(F)F,0.44845876,uwm_md,train
*N(c1ccc(cc1)c1ccc(cc1)*)c1cc(cc(c1)C(F)(F)F)C(F)(F)F,0.44831423,uwm_md,train
*c1ccc2n(c3c(c2c1)cc(cc3)c1ccc(cc1)[Si](c1ccc(cc1)*)(c1ccccc1)c1ccccc1)CCCCCC#N,0.39438801,uwm_md,train
*N(CC(C*)O)c1ccc(cc1)N=Nc1ccc(cc1)Cl,0.37983776,uwm_md,train
*N(CC(C*)O)c1ccc(cc1)N=Nc1c(cc(cc1)[N+](=O)[O-])C,0.36561272,uwm_md,test
*N(CC(C*)O)c1cc(c(c(c1)C)N=Nc1ccc(cc1)Cl)C,0.38104863,uwm_md,train
*N(CC(C*)O)c1cc(c(c(c1)C)N=Nc1ccc(cc1)C#N)C,0.38210588,uwm_md,test
*N(CC(C*)O)c1cc(c(c(c1)C)N=Nc1ccc(cc1)[N+](=O)[O-])C,0.36660744,uwm_md,train
*N(CC(C*)O)c1cc(c(c(c1)C)N=Nc1c(cc(cc1)[N+](=O)[O-])C)C,0.37035052,uwm_md,train
*N(CC(C*)O)c1cc(cc(c1)C)C,0.38340984,uwm_md,train
*S(=O)(=O)c1ccc(cc1)Nc1ccc(cc1)Nc1ccc(cc1)*,0.38954826,uwm_md,test
*S(=O)(=O)c1ccc(cc1)Nc1cc(ccc1)Nc1ccc(cc1)*,0.38606656,uwm_md,train
*S(=O)(=O)c1ccc(cc1)Nc1ccc(cc1)C(c1ccc(cc1)Nc1ccc(cc1)*)(C(F)(F)F)C(F)(F)F,0.39098411,uwm_md,train
*S(=O)(=O)c1ccc(cc1)Nc1c(c(c(c(c1F)F)c1c(c(c(c(c1F)F)Nc1ccc(cc1)*)F)F)F)F,0.38004082,uwm_md,train
*S(=O)(=O)c1ccc(cc1)Nc1ccc(cc1)C1(c2ccccc2c2ccccc12)c1ccc(cc1)Nc1ccc(cc1)*,0.40928842,uwm_md,train
*S(=O)(=O)c1ccc(cc1)Nc1c(cc(cc1)C1(c2ccccc2c2ccccc12)c1cc(c(cc1)Nc1ccc(cc1)*)F)F,0.40886141,uwm_md,train
*S(=O)(=O)c1ccc(cc1)Nc1c(cc(cc1)C1(c2ccccc2c2ccccc12)c1cc(c(cc1)Nc1ccc(cc1)*)C)C,0.42014539,uwm_md,train
*N(CC*)C(=O)C1CC1,0.34943923,uwm_md,train
*N(CC*)C(=O)C(CCCC)CC,0.38443623,uwm_md,train
*c1ccc2n(c3c(c2c1)cc(cc3)c1c2cc(ccc2c(c2cc(ccc12)C=Cc1ccc(cc1)N(CCCCCC)CCCCCC)*)C=Cc1ccc(cc1)N(CCCCCC)CCCCCC)CCCCCCCC,0.39672462,uwm_md,train
*c1cc2n(c3c(c2cc1)ccc(c3)c1c2cc(ccc2c(c2cc(ccc12)C=Cc1ccc(cc1)N(CCCCCC)CCCCCC)*)C=Cc1ccc(cc1)N(CCCCCC)CCCCCC)CCCCCCCC,0.40341568,uwm_md,train
*O[Si](O[Si](O[Si](CCC(C(C(C(C(C(CC[Si](*)(CCC(F)(F)F)C)(F)F)(F)F)(F)F)(F)F)(F)F)(F)F)(CCC(F)(F)F)C)(CCC(F)(F)F)C)(CCC(F)(F)F)C,0.38225238,uwm_md,test
*[Si](C=C*)(c1ccccc1)c1ccccc1,0.39366166,uwm_md,train
*[Si](C=C[Ge](C=C*)(c1ccccc1)c1ccccc1)(c1ccccc1)c1ccccc1,0.39366166,uwm_md,train
*O[Si](CCCCCC[Si](*)(C)C)(C)C,0.44650373,uwm_md,train
*O[Si](c1cc(ccc1)[Si](*)(C)C)(C)C,0.42523073,uwm_md,train
*O[Si](*)(OCCOCCOCCOCCOCCOCCOCCOCCOC)C,0.36497131,uwm_md,train
*O[Si](CC[Si](Oc1c(cc(cc1C)c1cc(c(c(c1)C)*)C)C)(C)C)(C)C,0.40021921,uwm_md,train
*O[Si](c1ccc(cc1)[Si](Oc1c(cc(cc1C)c1cc(c(c(c1)C)*)C)C)(C)C)(C)C,0.39864657,uwm_md,test
*[Si](C*)(c1ccccc1)C,0.3722926,uwm_md,train
*O[Si](*)(CCC(C(C(C(F)(F)F)(F)F)(F)F)(F)F)C,0.3677149,uwm_md,test
*[Si]([Si]([Si]([Si](C*)(C)C)(C)C)(C)C)(C)C,0.44384338,uwm_md,test
*[SiH](C#Cc1cc(ccc1)C#C*)C,0.48442803,uwm_md,train
*[SiH2]C#Cc1cc(ccc1)C#C*,0.47028838,uwm_md,train
*[SiH](C#Cc1cc(ccc1)C#C*)c1ccccc1,0.45724186,uwm_md,train
*[SiH](C#Cc1c(cccc1)C#C*)c1ccccc1,0.43769633,uwm_md,train
*O[Si](c1ccc(cc1)[Si](O[SiH](*)C)(C)C)(C)C,0.43447128,uwm_md,train
*O[Si](O[Si](c1ccc(cc1)[Si](*)(C)C)(C)C)(C)C=C,0.42501353,uwm_md,train
*O[Si](c1ccc(cc1)[Si](O[SiH](*)CCC(F)(F)F)(C)C)(C)C,0.41587885,uwm_md,train
*O[Si](O[Si](c1ccc(cc1)[Si](*)(C)C)(C)C)(CCC(C(C(C(C(C(F)(F)F)(F)F)(F)F)(F)F)(F)F)(F)F)C,0.39205725,uwm_md,train
*[Si](c1c(cccc1)C*)(C)C,0.37867068,uwm_md,train
*[Si](c1c(cccc1)C*)(c1ccccc1)C,0.38506793,uwm_md,train
*[Si](c1c(cccc1)C*)(c1ccccc1)c1ccccc1,0.39224938,uwm_md,test
*[Si](Cc1c(cccc1)C*)(C)C,0.38237917,uwm_md,train
*[Si](C/C=C\C*)(c1ccccc1)c1ccccc1,0.36746772,uwm_md,test
*[Si](CC=CC*)(C=C)C=C,0.40464632,uwm_md,train
*O[Si](O[Si](*)(CCCCOc1ccc(cc1)c1ccc(cc1)C#N)C)(C)C,0.38755299,uwm_md,train
*O[Si](*)(c1ccc(cc1)C)C,0.39948933,uwm_md,train
*O[Si](*)(CCCCCCOc1ccc(cc1)C(=O)Oc1ccc(cc1)C(=O)OCC(CC)C)C,0.36613468,uwm_md,train
*O[Si](*)(CCCCCn1c2ccccc2c2ccccc12)C,0.37747009,uwm_md,train
*O[Si](*)(CCCCCCn1c2ccccc2c2ccccc12)C,0.37569363,uwm_md,train
*O[Si](*)(CCCCCCCCCCCn1c2ccccc2c2ccccc12)C,0.38480246,uwm_md,test
*O[Si](*)(CCCOCC1OC(=O)OC1)C,0.34240927,uwm_md,test
*[Si](C/C=C\CC*)(c1ccccc1)C,0.37572557,uwm_md,test
*[Si](CCCCC*)(c1ccccc1)C,0.38579865,uwm_md,train
*O[Si](C#C[Si](C#C[Si](C#C[Si](C#C[Si](C#C[Si](C#C[Si](*)(C)C)(C)C)(C)C)(C)C)(C)C)(C)C)(C)C,0.49693178,uwm_md,train
*O[Si](C#C[Si](C#C[Si](C#C[Si](C#C[Si](C#C[Si](*)(C)C)(C)C)(C)C)(C)C)(C)C)(C)C,0.49804119,uwm_md,test
*O[Si](C#C[Si](C#C[Si](C#C[Si](C#C[Si](*)(C)C)(C)C)(C)C)(C)C)(C)C,0.49824253,uwm_md,train
*O[Si](*)(CCCOc1ccc(cc1)C(=O)Oc1ccc(cc1)c1ccc(cc1)OC(=O)c1cc(c(c(c1)OCC(CC)C)OCC(CC)C)OCC(CC)C)C,0.37208958,uwm_md,train
*O[Si](*)(CCCOc1ccc(cc1)C(=O)Oc1ccc(cc1)c1ccc(cc1)OC(=O)c1cc(c(c(c1)OCCCCC)OCCCCC)OCCCCC)C,0.36863152,uwm_md,test
*O[Si](*)(CCCOc1ccc(cc1)C(=O)Oc1ccc(cc1)c1ccc(cc1)OC(=O)c1cc(c(c(c1)OCCCCCCCCCCCC)OCCCCCCCCCCCC)OCCCCCCCCCCCC)C,0.38445052,uwm_md,train
*O[Si](O[Si](c1ccc(cc1)[Si](*)(C)C)(C)C)(C=C)C=C,0.42288522,uwm_md,train
*O[Si](O[Si](O[Si](c1ccc(cc1)[Si](*)(C)C)(C)C)(C)C=C)(C)C=C,0.43139276,uwm_md,train
*O[Si](*)(CCCOc1ccc(cc1)C(=O)Oc1ccc(cc1)OC)C,0.35092558,uwm_md,train
*O[Si](*)(CCCOc1ccc(cc1)N=Nc1ccc(cc1)S(=O)(=O)O)C,0.3616266,uwm_md,train
*[Si](CCC*)(O[Si](CCCOc1ccc(cc1)C#N)(C)C)C,0.40108774,uwm_md,train
*[Si](CCC*)(O[Si](CCCOc1ccc(cc1)c1ccc(cc1)C#N)(C)C)C,0.39219302,uwm_md,train
*[Si](CCC*)(O[Si](CCCOc1ccc(cc1)C(=O)Oc1ccc(cc1)C#N)(C)C)C,0.38354504,uwm_md,train
*[Si](CCC*)(O[Si](CCCOc1ccc(cc1)C(=O)Oc1ccc(cc1)c1ccc(cc1)C#N)(C)C)C,0.38002629,uwm_md,train
*O[Si](*)(CCCOc1ccc(cc1)C(=O)Oc1ccc(cc1)C(=O)Oc1ccc(cc1)OC)C,0.34401737,uwm_md,test
*O[Si](*)(CCCCCCCCCCCOc1ccc(cc1)/C=C/c1ccc(cc1)OCCCC)C,0.38608209,uwm_md,train
*O[Si](*)(CCCCCCCCCCCOc1ccc(cc1)/C=C/c1ccc(cc1)OC)C,0.37913945,uwm_md,test
*O[Si](*)(CCCCCCCCCCCOc1ccc(cc1)/C=C/c1ccc(cc1)C#N)C,0.39092299,uwm_md,train
*O[Si](*)(CCCCCOc1ccc(cc1)/C=C/c1ccc(cc1)OC)C,0.36872385,uwm_md,train
*[Si](CC(C*)c1ccccc1)(C)C,0.38874361,uwm_md,train
*[Si](C(CC*)c1ccccc1)(C)C,0.39149503,uwm_md,train
*O[Si](*)(CCc1ccc(cc1)O)C,0.35484533,uwm_md,train
*O[Si](*)(CCCOCCOC)CCCOCCOC,0.37513853,uwm_md,train
*O[Si](*)(CCCOCCOCCOC)CCCOCCOCCOC,0.37166513,uwm_md,train
*O[Si](*)(CCCOCCOCCOCCOC)CCCOCCOCCOCCOC,0.36549731,uwm_md,train
*O[Si](*)(CCCOCCOCCOCCOCCOC)CCCOCCOCCOCCOCCOC,0.36551909,uwm_md,train
*O[Si](*)(CCCOCCOCCOCCOCCOCCOC)CCCOCCOCCOCCOCCOCCOC,0.36409015,uwm_md,train
*O[Si](*)(CCCOCCOCCOCCOCCOCCOCCOC)CCCOCCOCCOCCOCCOCCOCCOC,0.36320309,uwm_md,train
*O[Si](*)(CCCOCCOCCOCCOCCOCCOCCOCCOC)CCCOCCOCCOCCOCCOCCOCCOCCOC,0.36679143,uwm_md,train
*[Si](CC(C*)Cc1c2c(ccc1)cccc2)(C)C,0.37233408,uwm_md,train
*[Si](CC(C*)Cc1ccc(cc1)c1ccccc1)(C)C,0.37356757,uwm_md,train
*[Si](CC(C*)c1c2c(ccc1)cccc2)(C)C,0.37751563,uwm_md,train
*O[Si](CC[Si](*)(O[Si](C)(C)C)C)(C)C,0.47403099,uwm_md,train
*O[Si](*)(CCC)c1ccccc1,0.40185046,uwm_md,train
*O[Si](*)(CCCOc1ccc(cc1)C(=O)OC1CC2=CCC3C(CCC4(C(CCC34)C(CCCC(C)C)C)C)C2(CC1)C)C,0.37634978,uwm_md,test
*[Si](CCC*)(C[Si](c1ccccc1)(C)C)C[Si](c1ccccc1)(C)C,0.37926161,uwm_md,train
*[Si](CCC*)(C[Si](C)(C)C)C,0.40507893,uwm_md,train
*[Si](CCC*)(CCC[Si](C)(C)C)C,0.41861838,uwm_md,train
*[Si](CCC*)(c1cc(ccc1)C)C,0.40156037,uwm_md,train
*[Si](CCC*)(c1c2c(ccc1)cccc2)C1CCCCC1,0.38478574,uwm_md,train
*O[Si](*)(CCCCCCCCCCC(=O)Oc1ccc(cc1)c1ccc(cc1)OC(=O)c1ccc(cc1)OCC)C,0.36210675,uwm_md,test
*O[Si](c1ccc(cc1)[Si](*)(c1ccccc1)c1ccccc1)(c1ccccc1)c1ccccc1,0.41259945,uwm_md,train
*O[Si](c1ccc(cc1)c1ccc(cc1)[Si](*)(c1ccccc1)c1ccccc1)(c1ccccc1)c1ccccc1,0.40332327,uwm_md,train
*O[Si](c1ccc(cc1)c1ccc(cc1)[Si](*)(C)C)(C)C,0.40778557,uwm_md,train
*O[Si](c1c2c(c(cc1)[Si](*)(C)C)cccc2)(C)C,0.41683838,uwm_md,train
*O[Si](c1c2c(ccc1)c(ccc2)[Si](*)(C)C)(C)C,0.41204539,uwm_md,train
*O[Si](c1cc2c(cc1)cc(cc2)[Si](*)(C)C)(C)C,0.41010806,uwm_md,train
*O[Si](c1cc2c(cc1)ccc(c2)[Si](*)(C)C)(C)C,0.41603966,uwm_md,test
*O[Si](c1c(cc(c(c1)OCCOCc1ccccc1)[Si](*)(C)C)OCCOCc1ccccc1)(C)C,0.37480731,uwm_md,train
*O[Si](c1c(cc(c(c1)OCCO)[Si](*)(C)C)OCCO)(C)C,0.37188313,uwm_md,train
*O[Si](c1cc2cc3c(cc2cc1)cc(cc3)[Si](*)(C)C)(C)C,0.407332,uwm_md,test
*O[Si](c1c2ccc3c(c2ccc1)cccc3[Si](*)(C)C)(C)C,0.40173269,uwm_md,train
*[Si](C#Cc1cc(ccc1)C#C*)(C)C,0.49595595,uwm_md,train
*O[Si](C#Cc1ccc(cc1)C#C[Si](*)(C)C)(C)C,0.48218278,uwm_md,test
*O[Si](O[Si](C#Cc1ccc(cc1)C#C[Si](*)(C)C)(C)C)(C)C,0.4683381,uwm_md,train
*O[Si](O[Si](O[Si](C#Cc1ccc(cc1)C#C[Si](*)(C)C)(C)C)(C)C)(C)C,0.46091949,uwm_md,train
*O[Si](O[Si](O[Si](O[Si](C#Cc1ccc(cc1)C#C[Si](*)(C)C)(C)C)(C)C)(C)C)(C)C,0.46246248,uwm_md,train
*O[Si](O[Si](O[Si](O[Si](O[Si](C#Cc1ccc(cc1)C#C[Si](*)(C)C)(C)C)(C)C)(C)C)(C)C)(C)C,0.46291081,uwm_md,train
*O[Si](O[Si](O[Si](O[Si](CC[Si](O[Si](CC[Si](*)(c1ccccc1)c1ccccc1)(C)C)(C)C)(c1ccccc1)c1ccccc1)(c1ccccc1)c1ccccc1)(c1ccccc1)c1ccccc1)(c1ccccc1)c1ccccc1,0.39773141,uwm_md,train
*O[Si](O[Si](O[Si](O[Si](CC[Si](O[Si](O[Si](CC[Si](*)(c1ccccc1)c1ccccc1)(C)C)(C)C)(C)C)(c1ccccc1)c1ccccc1)(c1ccccc1)c1ccccc1)(c1ccccc1)c1ccccc1)(c1ccccc1)c1ccccc1,0.3950591,uwm_md,train
*O[Si](O[Si](O[Si](O[Si](CC[Si](O[Si](O[Si](O[Si](CC[Si](*)(c1ccccc1)c1ccccc1)(C)C)(C)C)(C)C)(C)C)(c1ccccc1)c1ccccc1)(c1ccccc1)c1ccccc1)(c1ccccc1)c1ccccc1)(c1ccccc1)c1ccccc1,0.4006666,uwm_md,test
*O[Si](*)(CCCOc1ccc(cc1)C(=O)OC1CC2=CCC3C(CCC4(C(CCC34)C(CCCC(C)C)C)C)C2(CC1)C)C,0.37035205,uwm_md,test
*O[Si](c1c2ccc3ccc(c4ccc(cc1)c2c34)[Si](*)(C)C)(C)C,0.39894601,uwm_md,train
*C(C(=O)C*)c1ccccc1,0.36460846,uwm_md,train
*C(C(=O)C*)C,0.3478615,uwm_md,train
*C(C(=O)C*)c1ccc(cc1)C(C)(C)C,0.38642464,uwm_md,train
*S(=O)(=O)c1ccc(cc1)C(=O)c1ccc(cc1)C(=O)c1ccc(cc1)*,0.37728545,uwm_md,train
*S(=O)(=O)c1ccc(cc1)C(=O)c1cc(ccc1)C(=O)c1ccc(cc1)*,0.3680485,uwm_md,train
*c1ccc(cc1)c1c(cc(c(c1)OCCCCCC)c1ccc(cc1)C=C1C(=O)C(=C*)CCC1)OCCCCCC,0.3857122,uwm_md,test
*c1ccc(cc1)C=C1C(=O)C(=Cc2ccc(cc2)C(=O)c2cc(ccc2)C(=O)*)CC1,0.37124566,uwm_md,train
*C1=C(C2C=CC1C2)C(=O)*,0.35458952,uwm_md,test
*C1C2C=CC(C1C(=O)*)C2,0.34482539,uwm_md,train
*S(=O)(=O)C(C*)CC,0.3604463,uwm_md,test
*OS(=O)(=O)c1cc(c(c(c1)C)*)C,0.36970865,uwm_md,train
*S(=O)(=O)NCCNS(=O)(=O)c1cc(ccc1)*,0.32570227,uwm_md,train
*S(=O)(=O)NCCCCCCNS(=O)(=O)c1cc(ccc1)*,0.34906326,uwm_md,train
*OS(=O)(=O)c1c(ccc(c1)S(=O)(=O)Oc1ccc(cc1)C1(CCCC1)c1ccc(cc1)*)C,0.36404714,uwm_md,train
*OS(=O)(=O)c1cc(ccc1)S(=O)(=O)Oc1ccc(cc1)C1(CCCCC1)c1ccc(cc1)*,0.36029922,uwm_md,train
*OS(=O)(=O)c1c(ccc(c1)S(=O)(=O)Oc1ccc(cc1)C1(CCCCC1)c1ccc(cc1)*)C,0.36712523,uwm_md,train
*OS(=O)(=O)c1cc(ccc1)S(=O)(=O)Oc1ccc(cc1)C(c1ccc(cc1)*)(CC)C,0.36537348,uwm_md,train
*OS(=O)(=O)c1c(ccc(c1)S(=O)(=O)Oc1c(cc(cc1)C1(CCCCC1)c1cc(c(cc1)*)C)C)C,0.37582472,uwm_md,train
*S(=O)(=O)NCCCNS(=O)(=O)c1cc(ccc1)*,0.33288923,uwm_md,test
*S(=O)(=O)NCCCCNS(=O)(=O)c1cc(ccc1)*,0.33938166,uwm_md,train
*S(=O)(=O)NCCCCCNS(=O)(=O)c1cc(ccc1)*,0.34341367,uwm_md,train
*S(=O)(=O)C(C=CC*)CC,0.38724825,uwm_md,train
*S(=O)(=O)C(C(=CC*)C)C,0.37393533,uwm_md,train
*S(=O)(=O)C(C=CC*)C,0.38544075,uwm_md,test
*S(=O)(=O)C(C=C(C*)C)C,0.38497626,uwm_md,train
*S(=O)(=O)CC(=CC*)C,0.37474397,uwm_md,train
*S(=O)(=O)CC=CC*,0.37641025,uwm_md,train
*S(=O)(=O)C(C*)CC(C)C,0.37757511,uwm_md,train
*S(=O)(=O)C1C2CCC(C1*)C2,0.369056,uwm_md,train
*S(=O)(=O)c1ccc(cc1)*,0.37182941,uwm_md,train
*S(=O)(=O)c1c(cc(cc1C)C(c1cc(c(c(c1)C)*)C)(C)C)C,0.39361578,uwm_md,train
*c1c(cc(cc1)CC*)CCCC,0.39722229,uwm_md,train
*c1ccc(cc1)C(C(*)(C(=O)OCCCC)C#N)(C(=O)OCCCC)C#N,0.39356228,uwm_md,test
*c1ccc(cc1)C(C(*)(C(=O)OC)C#N)(C(=O)OC)C#N,0.40250352,uwm_md,test
*c1ccc(cc1)C(C(*)(C(=O)OCC)C#N)(C(=O)OCC)C#N,0.38803882,uwm_md,test
*c1ccc(cc1)C(C(*)(C(=O)OCC(C)C)C#N)(C(=O)OCC(C)C)C#N,0.40104325,uwm_md,train
*c1ccc(cc1)C(C(*)(C(=O)O)C#N)(C(=O)O)C#N,0.35362996,uwm_md,train
*c1cc(cc(c1)c1oc2c(n1)cccc2)*,0.39004417,uwm_md,train
*c1c(ccc(c1)*)c1oc2c(n1)cccc2,0.40450546,uwm_md,train
*c1c(ccc(c1)*)c1oc2c(n1)cc(cc2)C,0.42938572,uwm_md,train
*c1c(cc(c(c1)OCCCC)*)OCCCC,0.42056313,uwm_md,train
*c1ccc(cc1)C(=C(*)c1ccc(cc1)Oc1ccccc1)c1ccc(cc1)Oc1ccccc1,0.39509432,uwm_md,train
*c1ccc(cc1)c1ccc(cc1)C(=Nc1ccccc1)*,0.39901234,uwm_md,test
*c1c(cc(cc1)*)C(=O)c1ccccc1,0.39891755,uwm_md,train
*c1c(cc(cc1)*)C(=O)c1ccc(cc1)C,0.40940736,uwm_md,train
*c1c(cc(cc1)*)C(=O)c1ccc(cc1)F,0.40977621,uwm_md,train
*c1c(cc(c(c1)OC)C=C*)OCC(CCCC)CC,0.39086339,uwm_md,train
*c1c(cc(c(c1)OC)C=C*)OCCCC,0.38141349,uwm_md,test
*c1ccc(cc1)c1ccc(cc1)C(*)(C(F)(F)F)C(F)(F)F,0.38907083,uwm_md,train
*Oc1c(c(cc(c1)Br)Br)*,0.446758,uwm_md,train
*c1c(c(cc(c1)C(C)(C)C)C*)O,0.40309705,uwm_md,test
*c1c(c(cc(c1)C(c1ccc(cc1)O)(C)C)*)O,0.36895404,uwm_md,test
*c1cc2C(c3c(c2cc1)ccc(c3)c1ccc(cc1)*)(CCCCCCCC)CCCCCCCC,0.40991145,uwm_md,train
*c1cc2C(c3c(c2cc1)ccc(c3)c1c(cc(cc1)*)F)(CCCCCCCC)CCCCCCCC,0.41077909,uwm_md,train
*c1cc2C(c3c(c2cc1)ccc(c3)c1c(cc(c(c1)F)*)F)(CCCCCCCC)CCCCCCCC,0.41547343,uwm_md,train
*c1cc2C(c3c(c2cc1)ccc(c3)c1c(c(c(c(c1F)F)*)F)F)(CCCCCCCC)CCCCCCCC,0.40575377,uwm_md,test
*c1c(cc(c(c1)OC)C(=Cc1c(cc(c(c1)OC)C=C(*)C#N)OCCCCCCCC)C#N)OCCCCCCCC,0.39126569,uwm_md,train
*c1c(cc(c(c1)OC)C(=Cc1c(cc(c(c1)OC)C=C(*)C#N)OCCCCCCCCCC)C#N)OCCCCCCCCCC,0.39346704,uwm_md,train
*c1c(cc(c(c1)OC)C(=Cc1c(cc(c(c1)OC)C=C(*)C#N)OCCCCCCCCCCCC)C#N)OCCCCCCCCCCCC,0.39567001,uwm_md,train
*c1c(cc(c(c1)OC)C(=Cc1c(cc(c(c1)OC)C=C(*)C#N)OCCCCCCCCCCCCCCCC)C#N)OCCCCCCCCCCCCCCCC,0.39805364,uwm_md,train
*c1ccc(cc1)C(=C*)c1ccc(cc1)C(F)(F)F,0.40375931,uwm_md,test
*c1ccc(cc1)c1ccc(cc1)C(=Cc1ccc(cc1)C=C(*)c1ccccc1)c1ccccc1,0.39715192,uwm_md,train
*c1ccc(cc1)c1ccc(cc1)C(=Cc1c(cc(c(c1)OC)C=C(*)c1ccc(cc1)F)OC)c1ccc(cc1)F,0.38687983,uwm_md,test
*c1ccc(cc1)c1ccc(cc1)C(=Cc1c(cc(c(c1)OC)C=C(*)c1ccccc1)OC)c1ccccc1,0.3885182,uwm_md,train
*c1cc2c(cc1)cc(cc2)C(=Cc1c(cc(c(c1)OC)C=C(*)c1ccccc1)OC)c1ccccc1,0.39179983,uwm_md,train
*c1ccc(cc1)C(=Cc1c(cc(c(c1)OC)C=C(*)c1ccc(cc1)C(F)(F)F)OC)c1ccc(cc1)C(F)(F)F,0.40216642,uwm_md,train
*c1ccc(cc1)C(=Cc1c(cc(c(c1)OC)C=C(*)c1ccc(cc1)F)OC)c1ccc(cc1)F,0.39273614,uwm_md,train
*c1ccc(cc1)C(=Cc1c(cc(c(c1)OC)C=C(*)c1ccc(cc1)OC)OC)c1ccc(cc1)OC,0.37715059,uwm_md,train
*c1cc2c(cc1)cc(cc2)C(=Cc1c(cc(c(c1)OC)C=C(*)c1ccc(cc1)F)OC)c1ccc(cc1)F,0.3940856,uwm_md,train
*c1c(cc(c(c1)OC)C=Cc1c(cc(c(c1)OC)C=C*)OCC(CCCC)CC)OC,0.3762763,uwm_md,train
*c1ccc(cc1)C=C(c1ccc(cc1)C(=Cc1ccc(cc1)C=Cc1c(cc(c(c1)OC)C=C*)OC)Oc1ccccc1)c1ccc(cc1)Oc1ccccc1,0.37691892,uwm_md,train
*c1c(c(cc(c1)N=Nc1ccc(cc1)OC)*)O,0.37316682,uwm_md,train
*c1c(c(cc(c1)N=Nc1ccc(cc1)C#N)*)O,0.39563271,uwm_md,train
*c1cc2C(c3c(c2cc1)ccc(c3)c1ccc(cc1)c1c(c(cc(c1)c1ccc(cc1)OCCCCCC)c1ccc(cc1)*)c1ccc(cc1)OCCCCCC)(CCCCCC)CCCCCC,0.39702352,uwm_md,train
*c1cc2C(c3c(c2cc1)ccc(c3)c1ccc(cc1)c1c(c(cc(c1)c1ccc(cc1)OCCCCCCCCCCCC)c1ccc(cc1)*)c1ccc(cc1)OCCCCCCCCCCCC)(CCCCCC)CCCCCC,0.39788041,uwm_md,train
*c1c(cc(cc1)C=C*)OCc1cc(cc(c1)OCC(CCCC)CC)OCCC(CCCC(C)C)C,0.38283188,uwm_md,train
*c1c(cc(cc1)C=C*)OCc1cc(cc(c1)OCc1cc(cc(c1)OCC(CCCC)CC)OCC(CCCC)CC)OCc1cc(cc(c1)OCCC(CCCC(C)C)C)OCCC(CCCC(C)C)C,0.38019139,uwm_md,train
*c1cc2C(c3c(c2cc1)ccc(c3)c1ccc(cc1)*)(CCCCCCBr)CCCCCCBr,0.41425239,uwm_md,train
*c1cc2C(c3c(c2cc1)ccc(c3)c1ccc(cc1)*)(CCCCCCC#N)CCCCCCC#N,0.40239665,uwm_md,train
*c1c(cc(cc1)C=C*)c1c(cc(c(c1)OCCC(C)C)OCCC(C)C)c1ccccc1,0.39126142,uwm_md,train
*c1ccc(cc1)c1ccc(cc1)C1(CCCCC1)*,0.39773705,uwm_md,train
*C1(c2ccccc2c2ccccc12)c1ccc(cc1)c1ccc(cc1)*,0.41877221,uwm_md,train
*c1c(cc(c(c1)OC)C=C*)OCC1C2C3C(CCC3)C(C1)C2,0.36979921,uwm_md,train
*c1cc2C(c3c(c2cc1)ccc(c3)c1ccc(cc1)*)(CCCCCC)CCCCCC,0.41767157,uwm_md,train
*c1cc2C(c3c(c2cc1)ccc(c3)c1c(cc(c(c1)CCCCCC)*)CCCCCC)(CCCCCC)CCCCCC,0.42097491,uwm_md,test
*c1cc2C(c3c(c2cc1)ccc(c3)c1c(cc(c(c1)CCCCCCCC)*)CCCCCCCC)(CCCCCC)CCCCCC,0.41835338,uwm_md,train
*c1c(cc(c(c1)OC)C=C*)OCCCCCCCC,0.38882132,uwm_md,train
*c1c(cc(c(c1)OC)C=C*)OCCCCCCCCCCCC,0.38572378,uwm_md,train
*c1c(cc(c(c1)OC)C=C*)OCCCCCC,0.38047762,uwm_md,train
*c1cc2C(c3c(c2cc1)ccc(c3)C=Cc1ccc(cc1)C=C*)(CCCCCCOc1ccc2c(c1)oc(=O)cc2)CCCCCCOc1ccc2c(c1)oc(=O)cc2,0.35196182,uwm_md,train
*c1cc2C(c3c(c2cc1)ccc(c3)c1c(cc(c(c1)OCCCCCCCC)*)OCCCCCCCC)(CCCCCC)CCCCCC,0.40970568,uwm_md,train
*c1cc2C(c3c(c2cc1)ccc(c3)c1c(cc(c(c1)OCc1ccccc1)*)OCc1ccccc1)(CCCCCC)CCCCCC,0.39814654,uwm_md,train
*c1c(cc(c(c1)c1ccc(cc1)N(c1ccc(cc1)OC)c1ccc(cc1)OC)C=C*)OCC(CCCC)CC,0.38664092,uwm_md,train
*c1c(cc(c(c1)c1cc(c(cc1)F)C(F)(F)F)C=C*)OCC(CCCC)CC,0.39040099,uwm_md,train
*c1cc2C(c3c(c2cc1)ccc(c3)C(=Cc1cc(cc(c1)N(c1ccccc1)c1ccccc1)C=C(*)C#N)C#N)(CCCCCCCC)CCCCCCCC,0.41240529,uwm_md,train
*c1c(cc(c(c1)OC)C=C*)OCCc1ccccc1,0.36576533,uwm_md,train
*c1c(c(cc(c1)C=Nc1ccc2n(c3c(c2c1)cc(cc3)N=Cc1ccc(c(c1)*)O)CCCC)*)O,0.36995322,uwm_md,test
*c1c(c(cc(c1)C=Nc1ccc2n(c3c(c2c1)cc(cc3)N=Cc1ccc(c(c1)*)O)CCCCCC)*)O,0.37196889,uwm_md,train
*c1c(c(cc(c1)C=Nc1ccc2n(c3c(c2c1)cc(cc3)N=Cc1ccc(c(c1)*)O)CCCCCCCCCCCC)*)O,0.37679256,uwm_md,train
*c1c(c(cc(c1)*)N=Cc1ccc(cc1)F)O,0.37230953,uwm_md,test
*c1c(c(c(c(c1)N=Cc1ccc(cc1)F)O)*)C,0.39302909,uwm_md,train
*[Ge](C=C*)(c1ccccc1)c1ccccc1,0.39302909,uwm_md,test
*c1c(c(c(c(c1Cl)Cl)[Se]*)Cl)Cl,0.39302909,uwm_md,train
*C(C*)(C(=O)OCC(F)(F)F)F,0.31655801,uwm_md,train
*C(C*)(C(=O)OCC(C(F)(F)F)(F)F)F,0.32568695,uwm_md,train
*C(C*)(C(=O)OCC(C(F)F)(F)F)F,0.31321391,uwm_md,train
*C(C*)(C(=O)OCC(C(C(C(F)F)(F)F)(F)F)(F)F)F,0.31210556,uwm_md,train
*C(C*)(C(=O)OCCC(C(C(C(C(C(C(C(F)(F)F)(F)F)(F)F)(F)F)(F)F)(F)F)(F)F)(F)F)F,0.32305957,uwm_md,test
*C(C*)(C(=O)OCC(C(C(F)(F)F)(F)F)(F)F)F,0.32178633,uwm_md,train
*C(C*)(C(=O)OCC(C(C(C(F)(F)F)(F)F)(F)F)(F)F)F,0.31898609,uwm_md,train
*C(C*)(C(=O)OCCC(C(C(C(F)(F)F)(F)F)(F)F)(F)F)F,0.32470853,uwm_md,test
*C(C*)(C(=O)OCCC(C(C(C(C(C(F)(F)F)(F)F)(F)F)(F)F)(F)F)(F)F)F,0.32650351,uwm_md,train
*C(C*)(C(=O)OCCC(C(C(C(C(C(C(C(C(C(F)(F)F)(F)F)(F)F)(F)F)(F)F)(F)F)(F)F)(F)F)(F)F)(F)F)F,0.34227403,uwm_md,train
*C(C*)(C(=O)OC(C(F)(F)F)C(F)(F)F)F,0.31561364,uwm_md,test
*C(C*)(C(=O)OCCC)F,0.35411146,uwm_md,test
*c1cc2C3(CCC(CC3)C(C)(C)C)c3c(c2cc1)ccc(c3)c1cc2C(c3c(c2cc1)ccc(c3)*)(CCCCCCCC)CCCCCCCC,0.4177397,uwm_md,train
*c1cc2C3(CC(CC(C3)(C)C)(C)C)c3c(c2cc1)ccc(c3)c1cc2C(c3c(c2cc1)ccc(c3)*)(CCCCCCCC)CCCCCCCC,0.41639141,uwm_md,train
*C1C(C(C(C1)(O)C(F)(F)F)(F)F)(C(C*)(F)F)F,0.30442544,uwm_md,train
*C1C(CC(C1)CC(O)(C(F)(F)F)C(F)(F)F)(C(C*)(F)F)F,0.32389296,uwm_md,train
*C1C(CC(C1)C(O)(C(F)(F)F)C(F)(F)F)(C(C*)(F)F)F,0.32084568,uwm_md,test
*c1cc2C3(CCC(CC3)(C3=NC(CO3)c3ccccc3)C3=NC(CO3)c3ccccc3)c3c(c2cc1)ccc(c3)c1cc2C(c3c(c2cc1)ccc(c3)*)(CCCCCC)CCCCCC,0.40565042,uwm_md,train
*c1cc2C3(CCC(CC3)(C3=NC(CO3)Cc3ccccc3)C3=NC(CO3)Cc3ccccc3)c3c(c2cc1)ccc(c3)c1cc2C(c3c(c2cc1)ccc(c3)*)(CCCCCC)CCCCCC,0.3966168,uwm_md,test
*C(C*)(C(=O)OCC(Cl)(Cl)Cl)F,0.36380773,uwm_md,test
*C(C(*)OCOC(*)C(*)(F)F)(F)F,0.34668638,uwm_md,train
*NCc1cccc(N*)c1,0.32526787,uwm_md,train
*NCc1ccc(N*)cc1,0.32327619,uwm_md,test
*Nc1cccc(S(=O)(=O)c2cccc(N*)c2)c1,0.33469562,uwm_md,train
*Nc1ccc(-c2ccc(N*)cc2S(=O)(=O)O)c(S(=O)(=O)O)c1,0.32693802,uwm_md,train
*NCCCN(C)CCCN*,0.32591931,uwm_md,train
*NCC1CCCC(CN*)C1,0.33405403,uwm_md,train
*NCC1CCC(CN*)CC1,0.33576539,uwm_md,test
*Nc1ccc(Oc2ccc(Oc3ccc(N*)cc3)cc2)cc1,0.34258702,uwm_md,train
*Nc1cccc(Oc2cccc(Oc3cccc(N*)c3)c2)c1,0.33787009,uwm_md,train
*Nc1cc(C(c2ccc(C)c(N*)c2)(C(F)(F)F)C(F)(F)F)ccc1C,0.34739951,uwm_md,train
*Nc1ccc(Oc2ccc(C(c3ccc(Oc4ccc(N*)cc4)cc3)(C(F)(F)F)C(F)(F)F)cc2)cc1,0.34875187,uwm_md,train
*Nc1ccc(C(c2ccc(N*)cc2)(C(F)(F)F)C(F)(F)F)cc1,0.34186008,uwm_md,train
*Nc1cc(C(c2ccc(O)c(N*)c2)(C(F)(F)F)C(F)(F)F)ccc1O,0.32241826,uwm_md,train
*NCCOCCOCCN*,0.31484972,uwm_md,train
*NCCNCCCNCCN*,0.32974225,uwm_md,train
*NCCCNCCCCNCCCN*,0.34373829,uwm_md,train
*Nc1ccc(C2(c3ccc(N*)cc3)c3ccccc3-c3ccccc32)cc1,0.36853857,uwm_md,test
*Nc1ccc(Oc2ccc(C(C)(C)c3ccc(Oc4ccc(N*)cc4)cc3)cc2)cc1,0.35032863,uwm_md,train
*NCCC[Si](C)(C)O[Si](C)(C)CCCN*,0.37320765,uwm_md,train
*Nc1ccc(C(C)(C)c2ccc(C(C)(C)c3ccc(N*)cc3)cc2)cc1,0.35808391,uwm_md,train
*Nc1ccc(Oc2ccc(-c3ccc(Oc4ccc(N*)cc4)cc3)cc2)cc1,0.34360821,uwm_md,test
*Nc1ccc(Oc2cccc(Oc3ccc(N*)cc3)c2)cc1,0.34111608,uwm_md,train
*Nc1cccc(Oc2ccc(S(=O)(=O)c3ccc(Oc4cccc(N*)c4)cc3)cc2)c1,0.34393632,uwm_md,test
*Nc1ccc(Oc2ccc(S(=O)(=O)c3ccc(Oc4ccc(N*)cc4)cc3)cc2)cc1,0.34442362,uwm_md,train
*Nc1cccc(C(c2cccc(N*)c2)(C(F)(F)F)C(F)(F)F)c1,0.34059386,uwm_md,train
*Nc1ccc(-c2ccc(N*)cc2C(F)(F)F)c(C(F)(F)F)c1,0.34397372,uwm_md,train
*Nc1nc(CCC2OCC3(COC(CCc4nc(N)nc(N)n4)OC3)CO2)nc(N*)n1,0.32807349,uwm_md,train
*NCCCNCCNCCCN*,0.33492047,uwm_md,train
*Nc1ccc(C2(c3ccc(N*)cc3)CCCCC2)cc1,0.35365346,uwm_md,train
*Nc1ccc(C2(c3ccc(N*)cc3)c3ccccc3-c3ccccc32)cc1,0.36811921,uwm_md,test
*Nc1ccc(C2(c3ccc(N*)c(Cl)c3)c3ccccc3-c3ccccc32)cc1Cl,0.37468924,uwm_md,train
*Nc1ccc(C2(c3ccc(N*)c(F)c3)c3ccccc3-c3ccccc32)cc1F,0.37295561,uwm_md,train
*Nc1cc(C2(c3ccc(O)c(N*)c3)c3ccccc3-c3ccccc32)ccc1O,0.3549773,uwm_md,test
*Nc1ccc(C2(c3ccc(N*)c(C)c3)c3ccccc3-c3ccccc32)cc1C,0.38304628,uwm_md,train
*Nc1cc(S(=O)(=O)c2ccc(O)c(N*)c2)ccc1O,0.32138495,uwm_md,test
*Nc1ccccc1Sc1ccccc1N*,0.34147386,uwm_md,train
*NCC1C2CCC(C2)C1CN*,0.32950873,uwm_md,train
*Nc1ccc(C(C)(C)c2cccc(C(C)(C)c3ccc(N*)cc3)c2)cc1,0.3571945,uwm_md,train
*NCC1CCCC(CN*)C1,0.32922175,uwm_md,train
*Nc1ccc(Oc2ccc(Oc3ccc(N*)cc3C(F)(F)F)cc2)c(C(F)(F)F)c1,0.34410013,uwm_md,train
*NC1CCCC(N*)C1,0.3367501,uwm_md,test
*NC1CCC(N*)CC1,0.33633794,uwm_md,train
*NC1CCC(N*)CC1,0.33013574,uwm_md,train
*NC1CCC(N*)CC1,0.33831831,uwm_md,train
*NC1CCC(N*)CC1,0.33501335,uwm_md,train
*NC1CCCC(N*)C1,0.33367469,uwm_md,train
*NC1CCCC(N*)C1,0.33385202,uwm_md,train
*Nc1ccc(Nc2ccc(N*)cc2)cc1,0.31540535,uwm_md,train
*Nc1ccc(-c2ccc(N*)c(N)c2)cc1N,0.33019375,uwm_md,train
*Nc1ccc(-c2ccc(N*)c(N)c2)cc1N,0.32784991,uwm_md,train
*NCCCCN*,0.31569322,uwm_md,test
*NCCCCCCCCCCN*,0.34317069,uwm_md,train
*Nc1ccc(S(=O)(=O)c2ccc(N*)cc2)cc1,0.33955438,uwm_md,test
*NCCCNCCCN*,0.3265421,uwm_md,train
*NCCCCCCCCCCCCN*,0.34669796,uwm_md,test
*Nc1ccc2c(c1)Cc1cc(N*)ccc1-2,0.3433231,uwm_md,train
*Nc1ccc2c(c1)Cc1cc(N*)ccc1-2,0.34828019,uwm_md,train
*NCCCCCCCN*,0.33180826,uwm_md,train
*NCCCCCCN*,0.33064352,uwm_md,test
*NCCCCCCN*,0.32608253,uwm_md,train
*NCCCCCN*,0.32104552,uwm_md,test
*Nc1cccc2c(N*)cccc12,0.33466696,uwm_md,test
*NCCCCCCCCN*,0.33689515,uwm_md,train
*NCCCCCN*,0.31905531,uwm_md,test
*Nc1nc(N*)nc(-c2ccccc2)n1,0.33811735,uwm_md,train
*NCC(C)N*,0.31754129,uwm_md,train
*NCCCN*,0.3105138,uwm_md,train
*Nc1ccc(/C=C/c2ccc(N*)cc2)cc1,0.34415534,uwm_md,train
*Nc1ccc(/C=C/c2ccc(N*)cc2S(=O)(=O)O)c(S(=O)(=O)O)c1,0.32549076,uwm_md,train
*NCc1cccc(CN*)c1,0.31852506,uwm_md,train
*NCCCCN*,0.31293922,uwm_md,train
*Nc1ccc(SSc2ccc(N*)cc2)cc1,0.35625377,uwm_md,train
*Nc1ccc(-c2ccc(N*)c(CC)c2)cc1CC,0.3599144,uwm_md,train
*NCCNCCN*,0.3193351,uwm_md,train
*Nc1nc(C)nc(N*)n1,0.3244865,uwm_md,train
*Nc1c(C)cc(-c2cc(C)c(N*)c3ccccc23)c2ccccc12,0.36531296,uwm_md,train
*NCc1ccc(CN*)cc1,0.31955611,uwm_md,train
*Nc1ccccc1SSc1ccccc1N*,0.34693597,uwm_md,train
*Nc1ccc(-c2ccc(N*)c(OC)c2)cc1OC,0.33468947,uwm_md,train
*Nc1ccc(C(=O)c2ccc(N*)cc2)cc1,0.33731184,uwm_md,train
*NCC(C)(C)CN*,0.32528821,uwm_md,train
*NCCCOCCOCCOCCCN*,0.32511006,uwm_md,train
*Nc1c(F)c(F)c(-c2c(F)c(F)c(N*)c(F)c2F)c(F)c1F,0.33298496,uwm_md,train
*Nc1ccc(-c2ccc(N*)c(OC)c2)cc1OC,0.33354087,uwm_md,train
*Nc1ccc(CCc2ccc(N*)cc2C)c(C)c1,0.348463,uwm_md,test
*Nc1cccc(C(=O)c2cccc(N*)c2)c1,0.33827336,uwm_md,train
*Nc1cccc(Cc2cccc(N*)c2)c1,0.33658751,uwm_md,train
*Nc1ccc(Cc2cccc(N*)c2)cc1,0.33853307,uwm_md,train
*Nc1cc(Cl)c(N*)cc1Cl,0.34205564,uwm_md,train
*Nc1cc(N*)c(O)cc1O,0.30277596,uwm_md,train
*Nc1ccc(Oc2cccc(N*)c2)cc1,0.33227609,uwm_md,train
*Nc1cc(S)c(N*)cc1S,0.34631119,uwm_md,train
*Nc1ccc(Cc2ccc(N*)c(C)c2)cc1C,0.35117058,uwm_md,test
*NCCCCCCCCCCCN*,0.34603548,uwm_md,train
*NCC(C)(C)N*,0.32677864,uwm_md,train
*Nc1ccc2[nH]c3ccc(N*)cc3c2c1,0.33082334,uwm_md,train
*Nc1ccc2ccc3c(N*)ccc4ccc1c2c43,0.33495653,uwm_md,train
*Nc1cc(N*)c2ccc3cccc4ccc1c2c43,0.3349465,uwm_md,train
*Nc1ccc2ccc3ccc(N*)c4ccc1c2c34,0.33563497,uwm_md,train
*Nc1cc(C)c(N*)cc1C,0.34384162,uwm_md,test
*Nc1nc(N*)nc(N(C)C)n1,0.3378867,uwm_md,train
*Nc1ccc(-c2ccc(N*)c(O)c2)cc1O,0.31567588,uwm_md,test
*Nc1ccc2c(c1)C(=O)c1ccc(N*)cc1C2=O,0.33028392,uwm_md,train
*NC(C)(C)C(C)(C)N*,0.34265134,uwm_md,train
*Nc1nc(CCn2ccnc2C)nc(N*)n1,0.32417283,uwm_md,test
*Nc1nc(CCn2ccnc2CCCCCCCCCCC)nc(N*)n1,0.35043159,uwm_md,train
*Nc1ccc(-c2ccc(-c3ccc(N*)cc3)cc2)cc1,0.34460703,uwm_md,test
*Nc1nc(-c2csc(N*)n2)cs1,0.34980235,uwm_md,train
*Nc1cc(Br)c(N*)c(Br)c1,0.37180837,uwm_md,test
*Nc1ccc2c(c1)C(CCCCCCCC)(CCCCCCCC)c1cc(N*)ccc1-2,0.36534665,uwm_md,train
*Nc1cccc2c(N*)cccc12,0.33411892,uwm_md,train
*NCCN*,0.30366476,uwm_md,train
*NCCN*,0.3042292,uwm_md,train
*NCCN*,0.28999864,uwm_md,train
*Nc1ccc(CCc2ccc(N*)cc2)cc1,0.34564729,uwm_md,train
*Nc1ccccc1CCc1ccccc1N*,0.34035529,uwm_md,test
*NCC1(C)CC(N*)CC(C)(C)C1,0.34576246,uwm_md,train
*NCCCC(C)CN*,0.32866479,uwm_md,test
*Nc1ccc(Cc2ccc(N*)cc2)cc1,0.34324169,uwm_md,train
*Nc1ccc(Cc2ccc(N*)c(Cl)c2)cc1Cl,0.3514118,uwm_md,train
*NCCN(C)CCN*,0.31568629,uwm_md,train
*Nc1c(C)cc(Cc2cc(C)c(N*)c(CC)c2)cc1CC,0.36876984,uwm_md,test
*NC1CCC(CC2CCC(N*)C(C)C2)CC1C,0.36266838,uwm_md,test
*NCC(C)CN*,0.31971706,uwm_md,train
*Nc1c(CC)cc(Cc2cc(CC)c(N*)c(CC)c2)cc1CC,0.37294635,uwm_md,train
*Nc1c(CC)cc(Cc2cc(CC)c(N*)c(CC)c2Cl)c(Cl)c1CC,0.37886544,uwm_md,train
*Nc1ccc(Oc2ccc(N*)cc2)cc1,0.33709229,uwm_md,train
*NCCOCCN*,0.3102904,uwm_md,train
*Nc1ccc(N*)cc1,0.32159632,uwm_md,train
*Nc1ccc(N*)cc1,0.3261014,uwm_md,train
*Nc1cccc(N*)c1,0.32530878,uwm_md,train
*Nc1cccc(N*)c1,0.32200022,uwm_md,train
*Nc1ccc(-c2ccc(N*)c(C)c2)cc1C,0.34694773,uwm_md,train
*Nc1ccc(-c2ccc(N*)c(C)c2)cc1C,0.34997932,uwm_md,test
*NCCNCCNCCN*,0.32730115,uwm_md,train
*NCCCN*,0.31168121,uwm_md,train
*Nc1ccc(Sc2ccc(N*)cc2)cc1,0.34729652,uwm_md,test
*Nc1cc(Cl)c(-c2cc(Cl)c(N*)cc2Cl)cc1Cl,0.36444978,uwm_md,test
*Nc1c(C)cc(-c2cc(C)c(N*)c(C)c2)cc1C,0.36477351,uwm_md,train
*Nc1c(F)c(F)c(N*)c(F)c1F,0.32203175,uwm_md,train
*Nc1cc2c(cc1C)-c1cc(C)c(N*)cc1S2(=O)=O,0.35957225,uwm_md,train
*Nc1c(C)c(C)c(N*)c(C)c1C,0.35862008,uwm_md,train
*NCCSCCN*,0.32375556,uwm_md,train
*Nc1ccc(-c2ccc(N*)c(C)c2)cc1C,0.34927148,uwm_md,train
*Nc1c(F)c(F)c(F)c(N*)c1F,0.32142208,uwm_md,train
*Nc1ccc(-c2cc(-c3ccc(N)cc3)cc(-c3ccc(N*)cc3)c2)cc1,0.34673025,uwm_md,train
*Nc1ccc(-c2ccc(N*)cc2C)c(C)c1,0.35699519,uwm_md,train
*NCCOCCOCCOCCOCCN*,0.32361285,uwm_md,train
*Nc1ccc(-c2nc(-c3ccc(N)cc3)nc(-c3ccc(N*)cc3)n2)cc1,0.39300211,uwm_md,train
*Nc1ccc(C(c2ccccc2)(c2ccccc2)c2ccc(N*)cc2)cc1,0.36641724,uwm_md,train
*Nc1cc2cc3cc4ccccc4cc3cc2cc1N*,0.3410204,uwm_md,train
*Nc1cc2cc3cc4cc5cc6ccccc6cc5cc4cc3cc2cc1N*,0.34605853,uwm_md,test
*Nc1ccc2c(c1)-c1cc(N*)ccc1C2C#CC1c2ccc(N)cc2-c2cc(N)ccc21,0.38806577,uwm_md,train
*Nc1ccc(-c2ccc3c(c2)C(C)(C)C[C@@]3(C)c2ccc(N*)cc2)cc1,0.36588438,uwm_md,train
*Nc1ccccc1-c1cccc(C2(c3ccc(N*)c(-c4ccccc4)c3)c3ccccc3-c3ccccc32)c1,0.37279041,uwm_md,train
*Nc1ccc2cc3c(cc2c1-c1c(N*)ccc2cc4c(cc12)CCCC4)CCCC3,0.37579984,uwm_md,train
*Nc1ccc2c(c1)[C@@]1(C)c3ccc(N)cc3[C@]2(C)c2cc(N*)ccc21,0.3829945,uwm_md,train
*NCCOCCOCCOCCOCCN*,0.32350655,uwm_md,test
*Nc1ccc(Oc2ccc(Oc3ccc(N*)cc3)c3c2[C@H]2c4ccccc4[C@@H]3c3ccccc32)cc1,0.37675561,uwm_md,train
*Nc1ccc(-c2ccc3c(c2)Cc2cc(-c4ccc(N*)cc4)ccc2-3)cc1,0.35324332,uwm_md,train
*Nc1ccc2c(c1)C1(CC2)CCc2ccc(N*)cc21,0.35716421,uwm_md,train
*Nc1c(N*)c2cccc3ccc4cccc1c4c32,0.34202194,uwm_md,train
*Nc1ccc2c(ccc3ccc4ccc5ccc6cc(N*)ccc6c5c4c32)c1,0.3586391,uwm_md,train
*Nc1ccc(Oc2ccccc2)cc1N*,0.33227989,uwm_md,train
*Nc1ccc2c(c1)Cc1cc(N*)ccc1-2,0.34702763,uwm_md,train
*Nc1ccc(C2(c3ccc(N*)cc3)c3cc(N)ccc3-c3ccc(N)cc32)cc1,0.37132612,uwm_md,train
*Nc1ccc(-c2ccccc2)cc1-c1c(N*)ccc2ccccc12,0.34947854,uwm_md,train
*Nc1c(N*)c2c3ccccc3ccc2c2ccccc12,0.33765399,uwm_md,train
*Nc1ccc2c(c1)[C@@H]1c3ccccc3[C@H]2c2cc(N*)ccc21,0.37922929,uwm_md,train
*Nc1cccc(S(=O)(=O)c2cccc(N*)c2)c1,0.33790393,uwm_md,train
*Nc1ccc(-c2ccc(N*)c3cc4ccccc4cc23)c2cc3ccccc3cc12,0.3627942,uwm_md,test
*Nc1ccc2c(-c3ccccc3)c3cc(N*)ccc3c(-c3ccccc3)c2c1,0.36152182,uwm_md,test
*Nc1cc(-c2c(C)cccc2C)cc(-c2c(C)cccc2C)c1N*,0.36856174,uwm_md,test
*Nc1ccc2c(-c3ccccc3)c(N*)c(-c3ccccc3)c(-c3ccccc3)c2c1-c1ccccc1,0.37513122,uwm_md,test
*Nc1cc2c(cc1N*)[C@H]1CC[C@@H]2CC1,0.35470749,uwm_md,train
*Nc1ccc(C(c2ccc(N)cc2)(c2ccc(N)cc2)c2ccc(N*)cc2)cc1,0.36318708,uwm_md,train
*Nc1ccc2c3cccc4c(N*)ccc(c5cccc1c52)c43,0.33296652,uwm_md,train
*Nc1cccc2c1OC1(Oc3c(cccc3N*)C=C1C)C(C)=C2,0.35078115,uwm_md,train
*Nc1cccc(-c2ccccc2-c2ccccc2-c2ccccc2)c1N*,0.35659206,uwm_md,train
*Nc1cccc(-c2cccc(-c3cccc(-c4cccc(-c5ccccc5)c4)c3)c2)c1N*,0.34461865,uwm_md,test
*Nc1cccc(-c2ccc(-c3ccccc3-c3ccc(-c4ccccc4)cc3)cc2)c1N*,0.35096567,uwm_md,train
*Nc1ccc2c(c1)[C@@H]1c3cc(C)ccc3[C@H]2c2cc(N*)ccc21,0.38323804,uwm_md,train
*Nc1ccc(CCc2ccc(N*)cc2)cc1,0.34314499,uwm_md,train
*Nc1cc(-c2ccc3ccccc3c2)cc(-c2ccc3ccccc3c2)c1N*,0.34590052,uwm_md,train
*Nc1ccc(-c2ccc(N*)c(-c3ccc(-c4ccccc4)cc3)c2-c2ccc(-c3ccccc3)cc2)cc1,0.35925281,uwm_md,train
*Nc1ccc2c3c4ccccc4c(c2c1N*)CC3,0.35026083,uwm_md,train
*NC(C)(C)C(C)(C)N*,0.33384917,uwm_md,train
*Nc1cc2ccc3ccc4c(N*)cc5ccc6ccc1c1c6c5c4c3c21,0.33562005,uwm_md,train
*Nc1ccc(Cc2ccccc2-c2ccccc2Cc2ccc(N*)cc2)cc1,0.35066059,uwm_md,train
*Nc1cc(C2CCCCC2)c2ccc3c(N*)c(-c4ccccc4)c(C4CCCCC4)c4c(-c5ccccc5)cc1c2c34,0.39389056,uwm_md,train
*Nc1ccc2c(c1)C(/C(C)=C/C(=C)C(=C)c1ccccc1)(C(/C=C(\C)C(=C)c1ccccc1C)=C/C)c1cc(N*)ccc1-2,0.35846085,uwm_md,train
*Nc1c(N*)c2c(ccc3c4ccccc4c4ccccc4c32)c2ccccc12,0.35171057,uwm_md,train
*Nc1ccc2c3ccc4ccc5ccccc5c4c3c3ccccc3c2c1N*,0.35285371,uwm_md,test
*Nc1cc2c(cc1C)c1cc(N*)c(N)cc1c1cc(N)c(N)cc12,0.33922457,uwm_md,train
*Nc1ccc([C@H]2C[C@@H]3CC[C@H]4CC[C@@H](CC[C@H]2CC3)C[C@H]4c2ccc(N*)c(N)c2)cc1N,0.35134124,uwm_md,train
*Nc1ccc(-c2ccccc2-c2ccccc2-c2ccc(N*)cc2)cc1,0.35275032,uwm_md,train
*Nc1ccc(SSc2ccc(N*)cc2)cc1,0.35795199,uwm_md,train
*Nc1cc2c(cc1C)[C@H]1c3cc(C)c(N*)cc3[C@@H]2[C@H]2CCCC[C@H]12,0.3950421,uwm_md,train
*Nc1ccc2c3cccc4cccc(c5c(N*)c(N)c(N)c1c25)c43,0.33109076,uwm_md,train
*Nc1ccc2c(-c3ccccc3)c3ccccc3c(-c3ccccc3)c2c1N*,0.35655362,uwm_md,train
*Nc1ccc2c(-c3ccc(C)cc3)c3ccccc3c(-c3ccc(C)cc3)c2c1N*,0.36448557,uwm_md,train
*Nc1ccc2c(-c3ccccc3C)c3ccccc3c(-c3ccccc3C)c2c1N*,0.36841027,uwm_md,test
*Nc1ccc2c(c1N*)[C@H]1c3ccccc3[C@@H]2c2ccccc21,0.37638503,uwm_md,train
*Nc1ccc2ccc(N*)c3c4cccc5cccc(c1c23)c54,0.33884923,uwm_md,train
*Nc1ccc([C@]2(C)c3cc(N*)ccc3[C@@H](C)[C@H]2C)cc1,0.36545256,uwm_md,train
*Nc1ccc2ccc3c(-c4ccc5ccc6ccccc6c5c4N*)cccc3c2c1,0.35015279,uwm_md,train
*Nc1cc2cc3c4cc5ccccc5cc4c4cc5ccccc5cc4c3cc2c(N)c1N*,0.34084911,uwm_md,train
*Nc1c(-c2ccccc2)c(-c2ccccc2)c2ccccc2c1N*,0.36229869,uwm_md,test
*Nc1ccc2ccccc2c1-c1ccc2ccccc2c1N*,0.35558527,uwm_md,train
*Nc1ccc(-c2ccc(N*)cc2-c2ccccc2-c2ccccc2)cc1,0.35741644,uwm_md,train
*Nc1c(CCCCC)c2ccc3cccc4ccc(c1N*)c2c34,0.34744506,uwm_md,train
*Nc1ccc(C(=O)Oc2ccc(OC(=O)c3ccc(N*)cc3)c3c2[C@H]2c4ccccc4[C@@H]3c3ccccc32)cc1,0.36285875,uwm_md,train
*Nc1cccc(C(=O)Oc2ccc(OC(=O)c3cccc(N*)c3)c3c2[C@H]2c4ccccc4[C@@H]3c3ccccc32)c1,0.35943133,uwm_md,train
*Nc1cc(N*)c2ccc3cccc4ccc1c2c43,0.33628882,uwm_md,train
*Nc1ccc(Oc2ccc(-c3cccc4c3[C@H]3c5ccccc5[C@@H]4c4ccccc43)c(Oc3ccc(N*)cc3)c2)cc1,0.37154684,uwm_md,train
*Nc1ccc2c(c1)-c1cc(N*)ccc1C21C=CCCC1,0.36307465,uwm_md,train
*Nc1ccc(-c2c(C)cc(C3(c4cc(C)c(-c5ccc(N*)cc5)c(C(C)C)c4)c4ccccc4-c4ccccc43)cc2C(C)C)cc1,0.4093668,uwm_md,train
*Nc1cccc(C2(c3cccc(N*)c3C)c3ccccc3-c3ccccc32)c1C,0.36874383,uwm_md,train
*Nc1c(C(C)(C)C)cc(C2(c3cc(C(C)(C)C)c(N*)c(C(C)(C)C)c3)c3ccccc3-c3ccccc32)cc1C(C)(C)C,0.41407636,uwm_md,train
*NC/C=C\C(=C/CC)[C@]1(c2ccc(N*)cc2)c2ccccc2[C@@]2(C)C=CC=C[C@H]21,0.36729671,uwm_md,test
*Nc1ccc(C2(c3ccc(N*)cc3)C3=C(C=CCC=C3)c3ccccc32)cc1,0.36502239,uwm_md,train
*Nc1cc2c(-c3ccc4c(c3)c3ccccc3c3c(N*)c(N)ccc43)cc3c4ccccc4ccc3c2cc1N,0.3459392,uwm_md,train
*Nc1ccc2ccc3c4ccccc4ccc3c2c1N*,0.34015504,uwm_md,test
*Nc1ccc2cc3ccc4cccc5ccc(c2c1N*)c3c45,0.33707635,uwm_md,train
*Nc1c(N*)c2c3ccccc3cc3ccc4cccc1c4c32,0.34230926,uwm_md,train
*Nc1cc2cc3ccc4cccc5ccc(c2cc1N*)c3c45,0.33084477,uwm_md,train
*Nc1ccc2ccc3cc4c(ccc5ccccc54)cc3c2c1N*,0.33607115,uwm_md,train
*Nc1cc2c3cccc4cccc(c5cccc(c1N*)c52)c43,0.32584641,uwm_md,test
*Nc1ccc(C2(c3ccc(N*)cc3)C=CC=C3C2=Cc2ccccc23)cc1,0.36754964,uwm_md,test
*Nc1ccc(C2(c3ccc(N*)cc3)CCc3ccccc32)cc1,0.35481395,uwm_md,train
*Nc1ccc(C2(c3ccc(N*)cc3)CCCc3ccccc32)cc1,0.35614115,uwm_md,train
*Nc1ccccc1SSc1ccccc1N*,0.35341576,uwm_md,train
*Nc1cccc(Cc2cccc(N*)c2)c1,0.33736841,uwm_md,train
*Nc1ccc(Cc2cccc(N*)c2)cc1,0.33777466,uwm_md,train
*NCc1cccc(CN*)c1,0.3181137,uwm_md,train
*Nc1ccc(-c2nc(-c3ccc(N)cc3)nc(-c3ccc(N*)cc3)n2)cc1,0.38305494,uwm_md,test
*Nc1cc2ccc3cccc4ccc(c1N*)c2c34,0.33185759,uwm_md,train
*Nc1ccc2c(c1)C1(c3ccccc3-2)c2ccccc2-c2ccc(N*)cc21,0.37443283,uwm_md,train
*Nc1ccc2cc3ccccc3cc2c1-c1c(N*)ccc2cc3ccccc3cc12,0.35802001,uwm_md,train
*Nc1c(C)cc(Cc2cc(C)c(N*)c(CC)c2)cc1CC,0.36787015,uwm_md,train
*N[C@H]1CC[C@H](C[C@H]2CC[C@H](N*)CC2)CC1,0.3557302,uwm_md,train
*Nc1ccc2c(c1)C1c3cc(N)ccc3C2c2ccc(N*)cc21,0.38546708,uwm_md,train
*Nc1cc(C)c(N*)cc1C,0.34678431,uwm_md,train
*Nc1nc(N*)nc(N(C)C)n1,0.34028298,uwm_md,train
*Nc1nc(CCn2ccnc2C)nc(N*)n1,0.32276022,uwm_md,train
*Nc1nc(CCn2ccnc2CCCCCCCCCCC)nc(N*)n1,0.34726421,uwm_md,test
*Nc1cccc2c(N*)cccc12,0.3363485,uwm_md,train
*Nc1ccc2ccc3ccc(N*)c4ccc1c2c34,0.33452938,uwm_md,train
*Nc1ccc(-c2ccc(N*)c(O)c2)cc1O,0.32052014,uwm_md,test
*NC[C@H]1CC[C@H](CN*)CC1,0.33898524,uwm_md,train
*NC[C@@H]1CCC[C@@H](CN*)C1,0.32836534,uwm_md,train
*Nc1ccc2cc3cc4ccccc4cc3cc2c1N*,0.34122991,uwm_md,train
*Nc1ccc2c3ccc(N*)c4cccc(c5cccc1c52)c43,0.33265387,uwm_md,train
*Nc1ccc(-c2ccc(N*)c(-c3cccc4ccccc34)c2-c2cccc3ccccc23)cc1,0.36652016,uwm_md,train
*Nc1ccccc1-c1ccc2c(c1-c1ccccc1N*)Cc1ccccc1-2,0.35971135,uwm_md,train
*Nc1c(N*)c(-c2cccc(C)c2)c(-c2ccccc2)c(-c2ccccc2)c1-c1ccccc1,0.37986013,uwm_md,train
*Nc1ccc(C2(c3ccc(N*)c(-c4ccccc4)c3)c3ccccc3-c3ccccc32)cc1-c1ccccc1,0.37756459,uwm_md,train
*Nc1ccc2c(c1N*)[C@@H]1CC[C@H]2c2ccccc21,0.3664152,uwm_md,train
*Nc1ccc(-c2ccc(N*)c(CC)c2)cc1CC,0.3567748,uwm_md,train
*Nc1ccc(Cc2ccc(-c3ccccc3Cc3ccc(N*)cc3)cc2)cc1,0.35324585,uwm_md,train
*Nc1ccc(Oc2ccc(Oc3ccc(N*)cc3)cc2)cc1,0.34156256,uwm_md,train
*Nc1cc2ccccc2c(-c2cccc(C)c2)c1N*,0.35472795,uwm_md,train
*Nc1ccc(-c2c3ccccc3c(-c3cccc(N*)c3)c3ccccc23)cc1,0.36094997,uwm_md,train
*Nc1cccc(-c2c3ccccc3cc3ccccc23)c1N*,0.34840678,uwm_md,train
*Nc1ccc(-c2c(-c3ccccc3)c(-c3ccccc3)c(N*)c(-c3ccccc3)c2-c2ccccc2)cc1,0.37411616,uwm_md,train
*Nc1ccc(-c2cc(-c3ccccc3)c(N*)c(-c3ccccc3)c2-c2ccccc2)cc1,0.36380664,uwm_md,train
*Nc1cccc(-c2c3ccccc3c(-c3cccc(N)c3N)c3ccccc23)c1N*,0.35466159,uwm_md,train
*Nc1ccc2c(ccc3c4ccccc4ccc23)c1N*,0.33046619,uwm_md,train
*Nc1ccc2c(c1)C(C)(C)CC21CC(C)(C)c2cc(N*)ccc21,0.3819944,uwm_md,train
*Nc1c(N*)c2ccc3ccc(C)c4c(C)c(C)c(c1C)c2c34,0.34040386,uwm_md,train
*Nc1ccc2c(c1N*)Cc1ccccc1C2,0.3459074,uwm_md,train
*NCCCOCCOCCOCCCN*,0.32605258,uwm_md,test
*Nc1ccc2ccccc2c1-c1ccc(-c2c(N*)ccc3ccccc23)cc1,0.35362502,uwm_md,train
*Nc1ccc2c(c1)[C@H]1CC[C@@H]2c2ccc(N*)cc21,0.3658294,uwm_md,test
*Nc1ccc2c(c1)[C@H]1CC[C@@H]2c2cc(N*)ccc21,0.36594162,uwm_md,train
*Nc1ccc(C2CCCCC2)c(C2CCCCC2)c1N*,0.37629915,uwm_md,train
*Nc1ccc(/C=C/c2ccccc2)c(/C=C/c2ccccc2)c1N*,0.35092492,uwm_md,train
*Nc1ccc2ccccc2c1-c1c(N*)ccc2ccccc12,0.35275725,uwm_md,train
*Nc1ccc(Cc2ccc(N*)c3ccccc23)c2ccccc12,0.34615054,uwm_md,test
*Nc1cc2ccccc2c(Cc2c(N*)c(N)cc3ccccc23)c1N,0.34344352,uwm_md,train
*Nc1ccc(C2c3ccc(N)cc3-c3cc(N*)ccc32)cc1,0.36210888,uwm_md,train
*Nc1ccc(/C=C/c2ccc(N*)cc2-c2ccccc2)c(-c2ccccc2)c1,0.35615932,uwm_md,train
*Nc1ccc2c(C)c(-c3ccccc3)c(-c3ccccc3)c(N*)c2c1N,0.35215178,uwm_md,train
*Nc1cc2ccc3cc4ccccc4cc3c2cc1N*,0.33601961,uwm_md,train
*Nc1ccc([C@@H]2CC(C)(C)c3cc(N*)ccc32)cc1,0.36217498,uwm_md,train
*Nc1c(CCC)c2cccc3c4cccc5cccc(c(c1N*)c23)c54,0.35047005,uwm_md,train
*Nc1ccc(-c2cccc3c2[C@@H](c2ccc(N*)cc2)c2ccccc2-3)cc1,0.35645338,uwm_md,train
*Nc1ccc2c(ccc3ccccc32)c1N*,0.3361781,uwm_md,train
*Nc1cc2cccc3c4cccc5cccc(c(c1N*)c23)c54,0.33482328,uwm_md,train
*Nc1cc(-c2ccccc2)c(-c2ccccc2)c(-c2ccccc2)c1N*,0.36099506,uwm_md,train
*Nc1c(N*)c(-c2ccccc2)c(-c2ccccc2)c(-c2ccccc2)c1-c1ccccc1,0.37324371,uwm_md,test
*Nc1ccc2c(c1N*)-c1ccccc1-c1ccccc1-c1ccccc1-2,0.36739742,uwm_md,test
*Nc1ccc2c3ccc(cc3)c2c1N*,0.33320503,uwm_md,train
*Nc1cc(-c2ccccc2)c(-c2ccccc2)c(-c2cccc3ccccc23)c1N*,0.36562173,uwm_md,train
*Nc1ccc(-c2ccccc2Cc2ccccc2-c2ccc(N*)cc2)cc1,0.35078668,uwm_md,train
*Nc1ccc(-c2ccc(N*)cc2-c2ccccc2)c(-c2ccccc2)c1,0.3564822,uwm_md,train
*Nc1ccc(-c2ccc3ccccc3c2)c(-c2ccc3ccccc3c2)c1N*,0.35367739,uwm_md,train
*Nc1ccc(-c2ccc(N*)c(-c3ccccc3-c3cccc4ccccc34)c2-c2ccccc2-c2cccc3ccccc23)cc1,0.36814299,uwm_md,train
*Nc1ccc(-c2ccc(N*)c(-c3ccccc3)c2-c2cccc3ccccc23)c(-c2cccc3ccccc23)c1-c1ccccc1,0.37664419,uwm_md,train
*Nc1ccc(-c2cc(-c3ccccc3)c(N*)c(N)c2-c2ccccc2)cc1N,0.35451477,uwm_md,test
*Nc1cc2c(cc1N*)C1c3cc(N)c(N)cc3C2c2cc(N)c(N)cc21,0.372622,uwm_md,train
*Nc1ccc(-c2ccc(N*)c(-c3ccccc3)c2-c2ccccc2)c(-c2ccccc2)c1-c1ccccc1,0.37552726,uwm_md,train
*Nc1ccc2c(c1)[C@H]1c3cc(N*)ccc3[C@@H]2c2c(N)cccc21,0.38618396,uwm_md,train
*Nc1cccc2c1[C@H]1c3ccccc3[C@@H]2c2cccc(N*)c21,0.3714413,uwm_md,train
*Nc1ccc(/C=C2\c3ccccc3-c3ccc(N*)cc32)cc1,0.35057981,uwm_md,train
*Nc1ccc([C@]2(C)CC(C)(C)c3cc(N*)ccc32)cc1,0.36243658,uwm_md,train
*Nc1ccc(-c2ccccc2)c(-c2ccccc2)c1N*,0.3546781,uwm_md,train
*Nc1ccc(C(C)(C)c2cccc(C(C)(C)c3ccc(N*)cc3)c2)cc1,0.35755493,uwm_md,test
*Nc1cccc(/C=C2\c3ccccc3-c3ccc(N*)cc32)c1,0.35358883,uwm_md,test
*Nc1nc(-c2csc(N*)n2)cs1,0.35553289,uwm_md,test
*NCc1ccc(N*)cc1,0.32184692,uwm_md,train
*NCCN(C)CCN*,0.31743886,uwm_md,train
*Nc1cc2ccccc2c2c1ccc1ccc3c(N*)cc4ccccc4c3c12,0.36566777,uwm_md,train
*Nc1ccc2ccccc2c1Cc1c(N*)ccc2ccccc12,0.34468979,uwm_md,test
*Nc1cc2c(cc1C)-c1cc(C)c(N*)cc1S2(=O)=O,0.35684366,uwm_md,train
*NCc1cccc(N*)c1,0.32067489,uwm_md,train
*Nc1ccc2ccccc2c1-c1c(N*)c(-c2ccccc2)cc2ccccc12,0.35903974,uwm_md,train
*Nc1ccc2[nH]c3ccc(N*)cc3c2c1,0.32990848,uwm_md,train
*Nc1ccc2ccccc2c1/N=N/c1ccc(-c2ccc(/N=N/c3c(N*)ccc4ccccc34)c(C)c2)cc1C,0.35713398,uwm_md,train
*Nc1ccc(/C=C2/c3ccccc3-c3ccc(N*)cc32)cc1,0.35198837,uwm_md,test
*Nc1ccc2c3ccccc3c3ccccc3c2c1N*,0.33446977,uwm_md,test
*Nc1ccc2ccc3ccccc3c2c1N*,0.33674811,uwm_md,train
*Nc1ccc2c(c1N*)[C@@H]1CC[C@H]2c2ccccc21,0.36343611,uwm_md,train
*Nc1ccc(-c2cccc3ccccc23)c(-c2cccc3ccccc23)c1N*,0.36015799,uwm_md,train
*Nc1cc2ccccc2c(-c2cccc3ccccc23)c1N*,0.35509262,uwm_md,train
*Nc1c(N*)c(-c2ccccc2-c2ccccc2)c(-c2ccccc2)c(-c2ccccc2)c1-c1ccccc1,0.37334739,uwm_md,train
*Nc1ccc(-c2c(-c3ccccc3)cc(N*)c(-c3ccccc3)c2-c2ccccc2)cc1,0.36585327,uwm_md,train
*Nc1ccc(/C=C/c2ccccc2)c(/C=C/c2ccccc2)c1N*,0.35260896,uwm_md,train
*Nc1ccc(-c2ccc(C)cc2)c(-c2ccc(C)cc2)c1N*,0.36465263,uwm_md,train
*Nc1c(-c2ccccc2)cc(/C=C/c2ccccc2)c(/C=C/c2ccccc2)c1N*,0.36364076,uwm_md,train
*NCCNCCNCCN*,0.32503139,uwm_md,test
*Nc1ccc(C2(c3ccc(N*)cc3)c3ccccc3-c3cccc(N)c32)cc1,0.36366289,uwm_md,test
*Nc1cc(-c2cc(N*)c(N)c3ccccc23)c2ccccc2c1N,0.35081452,uwm_md,train
*Nc1cccc(/C=C2\c3ccccc3-c3ccc(N*)cc32)c1,0.35207678,uwm_md,train
*Nc1ccc2cc3ccccc3cc2c1N*,0.33917986,uwm_md,train
*Nc1ccccc1-c1c(N)ccc2cc3c(-c4ccccc4N)c(N*)ccc3cc12,0.35412155,uwm_md,test
*Nc1ccccc1-c1c(N)ccc2c1ccc1c(-c3ccccc3N)c(N*)ccc12,0.35843699,uwm_md,train
*Nc1cc2ccc3cc(N*)c(-c4ccccc4N)c4ccc(c1-c1ccccc1N)c2c34,0.3574156,uwm_md,test
*Nc1c(N*)c(-c2ccccc2)c2ccccc2c1-c1ccccc1,0.35701914,uwm_md,train
*Nc1ccc2c(c1)-c1cc(N*)ccc1C2(C)C,0.36307576,uwm_md,train
*Nc1cc2ccccc2c(-c2c(N*)c(N)cc3ccccc23)c1N,0.33877583,uwm_md,train
*Nc1ccc2c(c1)C(CCCCCCCC)(CCCCCCCC)c1cc(N*)ccc1-2,0.36725488,uwm_md,test
*Nc1c(-c2cccc3ccccc23)ccc(-c2cccc3ccccc23)c1N*,0.35630163,uwm_md,train
*Nc1ccc(/C=C2\c3ccccc3-c3ccc(N*)cc32)cc1,0.35450294,uwm_md,test
*Nc1c(N*)c2cc3ccccc3cc2c2cc3ccccc3cc12,0.34595266,uwm_md,train
*Nc1ccc2c(c1)-c1ccc3c4ccc5c6c(ccc(c7ccc(c1c73)C2)c64)Cc1c(N*)cccc1-5,0.33775178,uwm_md,train
*Nc1ccc2c(c1N*)CCc1ccccc1-2,0.341292,uwm_md,test
*Nc1ccccc1Sc1ccccc1N*,0.33993356,uwm_md,train
*Nc1ccc(C2(c3ccc(N*)cc3)c3ccccc3-c3ccccc32)cc1,0.36637062,uwm_md,train
*Nc1ccc2c(c1)[C@H]1c3ccccc3[C@@H]2c2ccc(N*)cc21,0.37877881,uwm_md,train
*Nc1ccc2c(c1)[C@@H]1c3ccccc3[C@H]2c2cc(N*)ccc21,0.38244549,uwm_md,train
*Nc1ccc(-c2ccc(N*)c(-c3ccccc3-c3cccc4ccccc34)c2)cc1,0.35656149,uwm_md,train
*Nc1ccc(-c2ccc(N*)cc2-c2ccccc2-c2cccc3ccccc23)cc1,0.35954171,uwm_md,train
*Nc1ccc(-c2ccc(N*)c(-c3cccc4ccccc34)c2-c2ccccc2)cc1,0.36849354,uwm_md,test
*Nc1ccc(-c2ccc(N*)c(-c3ccccc3)c2-c2ccccc2)c(-c2ccccc2)c1,0.36556523,uwm_md,train
*Nc1ccc(C2=CC(C)(C)[C@H](N*)C(C)(C)C2)cc1,0.36534008,uwm_md,train
*Nc1ccc(-c2cccc3ccccc23)c(-c2ccccc2)c1N*,0.35996757,uwm_md,train
*Nc1ccc2c(c1)C1(CC2(C)C)CC(C)(C)c2ccc(N*)cc21,0.37644722,uwm_md,train
*Nc1ccc2c(c1)C1(c3cc(N)ccc3-2)c2cc(N)ccc2-c2ccc(N*)cc21,0.38167231,uwm_md,train
*N[C@@]12C3=CCc4ccccc4[C@]31[C@@]21[C@]2(NC)C3=CCc4ccccc4[C@]321,0.35949556,uwm_md,train
*Nc1ccc(CC(c2ccc(N)cc2)(c2ccc(N)cc2)c2ccc(N*)cc2)cc1,0.36495838,uwm_md,train
*Nc1ccc(-c2ccccc2)c(-c2ccc(N)c(N)c2)c1N*,0.33277847,uwm_md,test
*Nc1ccc2c(-c3ccccc3)c(N*)c(-c3ccccc3)cc2c1,0.35638928,uwm_md,test
*Nc1ccc(-c2ccc(N*)c(-c3ccccc3C=C)c2-c2ccc(-c3ccccc3)cc2)cc1,0.36143904,uwm_md,train
*Nc1ccc(-c2ccc(-c3ccc(N*)c(-c4ccccc4)c3-c3ccccc3)cc2)cc1,0.3636002,uwm_md,test
*Nc1cccc(-c2ccccc2-c2cccc3ccccc23)c1N*,0.35403641,uwm_md,train
*Nc1ccc(-c2ccccc2)c(-c2ccc(N*)c3ccccc23)c1-c1cccc2ccccc12,0.36684133,uwm_md,test
*Nc1ccc(C2(c3ccc(N*)cc3)c3ccccc3-c3ccc(N)c(N)c32)cc1,0.37331243,uwm_md,test
*Nc1cccc(-c2ccc(N*)c(-c3ccccc3)c2-c2ccccc2)c1-c1ccccc1,0.36810011,uwm_md,test
*Nc1ccc(-c2ccc(N*)c(-c3ccccc3)c2-c2cccc3ccccc23)cc1,0.3649896,uwm_md,train
*Nc1ccc2c(c1)C1(c3ccccc3-c3ccccc31)c1c-2cc(-c2ccccc2)c(N*)c1-c1ccccc1,0.38655633,uwm_md,train
*Nc1ccc(-c2cccc(-c3ccc(N)cc3)c2-c2ccc(N*)cc2)cc1,0.35433877,uwm_md,test
*Nc1ccc(C2=CC[C@](c3ccccc3)(c3ccc(N*)cc3)C=C2)cc1,0.35602121,uwm_md,train
*Nc1cccc(C2(c3cccc(N*)c3N)c3ccccc3-c3ccccc32)c1N,0.37304065,uwm_md,train
*Nc1cccc(-c2ccccc2-c2cc(N*)ccc2-c2ccccc2)c1,0.35219454,uwm_md,train
*Nc1ccc(Cc2ccc(N*)c(-c3ccccc3)c2-c2ccccc2)c(-c2ccccc2)c1-c1ccccc1,0.37242731,uwm_md,train
*Nc1ccc2c(c1)[C@@H]1c3cc(N)ccc3[C@H]2c2cc(N*)ccc21,0.38382631,uwm_md,train
*Nc1ccc2c(c1)[C@]1(C)CC[C@@]2(C)c2cc(N*)ccc21,0.36507821,uwm_md,train
*Nc1ccc2c(c1)Oc1cc3c(cc1O2)C1(CC3(C)C)CC(C)(C)c2cc3c(cc21)Oc1ccc(N*)cc1O3,0.395258,uwm_md,train
*Nc1ccc(-c2ccc(N*)c3ccccc23)c2ccccc12,0.35345588,uwm_md,train
*Nc1ccc(Cc2ccc(N*)c3c2CCCC3)c2c1CCCC2,0.3574561,uwm_md,train
*NCc1ccc(CN*)cc1,0.32205664,uwm_md,train
*Nc1ccc(-c2ccc(N*)c3c4ccc(cc4)c23)cc1,0.34352989,uwm_md,train
*Nc1ccc2cc(N*)c(-c3cc4ccccc4c(N)c3N)cc2c1,0.34931736,uwm_md,train
*Nc1ccc(-c2ccc(Cc3ccccc3)cc2)c(C)c1N*,0.34585663,uwm_md,train
*Nc1ccc(-c2ccc(N*)c(-c3ccc4ccccc4c3)c2-c2ccccc2)c(-c2ccccc2)c1-c1ccc2ccccc2c1,0.37176001,uwm_md,train
*Nc1ccc2c(c1)CCC21CCc2cc(N*)ccc21,0.35858904,uwm_md,train
*Nc1cccc(C(=O)c2cccc(N*)c2)c1,0.33386612,uwm_md,train
*Nc1ccc(C(=O)c2ccc(N*)cc2)cc1,0.33717809,uwm_md,train
*Nc1cccc([C@](N)(c2ccccc2)c2cccc3ccccc23)c1N*,0.35839515,uwm_md,train
*Nc1ccc([C@]2(C)c3ccccc3C(C)(C)C2(N)N*)cc1,0.36227751,uwm_md,train
*Nc1ccc(-c2ccc(N*)c(N)c2-c2ccccc2)c(-c2ccccc2)c1N,0.35339596,uwm_md,train
*Nc1ccc(Cc2ccccc2C(C)(CCCCCCCCC)c2ccccc2Cc2ccc(N*)cc2)cc1,0.36176304,uwm_md,train
*Nc1cccc(-c2ccc(-c3ccccc3)c(-c3ccccc3)c2-c2cccc(C)c2)c1N*,0.36795124,uwm_md,train
*Nc1ccc(C2(c3ccc(N*)cc3)C=CC(c3ccccc3)=CC2)cc1,0.35269546,uwm_md,train
*NCCSCCN*,0.32328637,uwm_md,train
*Nc1ccc(-c2cccc3c2[C@@H](c2ccc(N*)cc2)c2ccccc2C3)cc1,0.36094468,uwm_md,test
*Nc1ccc(C(c2ccccc2)(c2ccc(N)cc2)c2ccc(N*)cc2)cc1,0.37211398,uwm_md,train
*Nc1ccc(-c2ccc(N*)cc2-c2ccccc2CC=C)c(-c2ccccc2CC=C)c1,0.35805994,uwm_md,test
*Nc1ccc(-c2ccc(N*)cc2Cc2ccccc2)c(Cc2ccccc2)c1,0.34802156,uwm_md,test
*Nc1cc2ccccc2c(C(N*)(c2ccccc2)c2ccccc2)c1N,0.36049549,uwm_md,train
*Nc1cc2c(cc1N*)[C@H]1c3ccccc3[C@@H]2c2ccccc21,0.37667413,uwm_md,train
*Nc1cc2c3ccccc3c3ccccc3c2cc1N*,0.3239493,uwm_md,train
*Nc1ccc2c(c1)-c1cc(N*)ccc1C21c2ccc(N)cc2-c2cc(N)ccc21,0.3802189,uwm_md,test
*Nc1ccc(-c2c3cc(N*)c(N)cc3c(-c3ccc(N)cc3)c3c(-c4ccc(N)cc4)c4cc(N)c(N)cc4c(-c4ccc(N)cc4)c23)cc1,0.35674675,uwm_md,test
*Nc1cc2c(-c3ccccc3)c3c(-c4ccccc4)c4cc(N*)c(N)cc4c(-c4ccccc4)c3c(-c3ccccc3)c2cc1N,0.36326244,uwm_md,train
*Nc1ccc2c(c1)[C@@H]1c3ccc(N*)cc3[C@H]2c2c(N)cccc21,0.38124543,uwm_md,train
*Nc1ccc(Cc2ccc(N*)cc2)cc1,0.34039692,uwm_md,train
*Nc1ccc(Oc2ccc(N*)cc2)cc1,0.33674935,uwm_md,train
*NCCOCCN*,0.31019831,uwm_md,train
*Nc1c(C)c(C)c(N*)c(C)c1C,0.35784815,uwm_md,train
*Nc1ccc(N*)cc1,0.32369134,uwm_md,train
*NCCNCCCNCCN*,0.33117282,uwm_md,test
*NCCNCCN*,0.31501934,uwm_md,train
*NCC(C)(C)CN*,0.33105993,uwm_md,train
*Nc1ccc([C@@]2(C)CC(C)(C)c3ccc(N*)cc32)cc1,0.36441866,uwm_md,train
*Nc1ccc([C@]2(C)CC(C)(C)c3ccc(N*)cc32)cc1,0.36097818,uwm_md,train
*Nc1c(C)cc(-c2cc(C)c(N*)c3ccccc23)c2ccccc12,0.3715986,uwm_md,train
*Nc1ccc(-c2ccc(N*)cc2S(=O)(=O)O)c(S(=O)(=O)O)c1,0.32881374,uwm_md,train
*Nc1c(CC)cc(Cc2cc(CC)c(N*)c(CC)c2)cc1CC,0.37424899,uwm_md,test
*Nc1ccc([C@H]2[C@@H]3C[C@H]4C[C@@H](C3)C[C@@H]2C4)cc1N*,0.3476159,uwm_md,train
*Nc1ccc(C(=C)[C@H]2[C@@H]3C[C@H]4C[C@@H](C3)C[C@@H]2C4)cc1N*,0.35093584,uwm_md,train
*Nc1ccc(/C=C/[C@H]2[C@@H]3C[C@H]4C[C@@H](C3)C[C@@H]2C4)cc1N*,0.35587947,uwm_md,train
*Nc1ccc(-c2ccc(N*)c(C)c2)cc1C,0.34795435,uwm_md,train
*Nc1ccc2cccc3c4c(N*)ccc5cccc(c1c23)c54,0.34011693,uwm_md,train
*NCCC[C@@H](C)CN*,0.32730151,uwm_md,test
*Nc1ccc2c(c1)C1(c3cc(N*)ccc3-2)c2cc(C(C)(C)C)ccc2-c2ccc(C(C)(C)C)cc21,0.40073207,uwm_md,train
*Nc1ccc(-c2ccc3c(c2)C(CCCCCC)(CCCCCC)c2cc(-c4ccc(N*)cc4)ccc2-3)cc1,0.37055299,uwm_md,test
*Nc1cccc(-c2ccc3c(c2)C(CCCCCC)(CCCCCC)c2cc(-c4cccc(N*)c4)ccc2-3)c1,0.36800418,uwm_md,test
*Nc1cc2c(cc(N*)c3c(-c4ccccc4)c(-c4ccccc4)c(-c4ccccc4)c(-c4ccccc4)c32)c2ccccc12,0.37324607,uwm_md,train
*Nc1ccc2ccc3c(N*)c(-c4ccccc4)c(-c4ccccc4)c4ccc1c2c34,0.36314793,uwm_md,test
*Nc1c(-c2ccccc2)cc(-c2cccc3ccccc23)c(-c2ccccc2)c1N*,0.36326423,uwm_md,train
*Nc1cccc(-c2cc(-c3ccc(C)cc3)c(-c3ccc(C)cc3)c(-c3ccc(C)cc3)c2-c2ccc(C)cc2)c1N*,0.37998545,uwm_md,train
*Nc1cc2ccc3cc4ccccc4cc3c2c(C=C)c1N*,0.34315656,uwm_md,train
*Nc1ccc2ccc3c(N*)c(-c4cccc(C)c4)cc4ccc1c2c43,0.34832984,uwm_md,train
*Nc1ccc(-c2cc(C=C)c(N*)c(-c3ccccc3)c2-c2ccc(-c3ccccc3)cc2)cc1,0.3632724,uwm_md,train
*Nc1cccc(-c2cc(-c3ccccc3)c(-c3ccccc3)c(-c3ccccc3)c2-c2ccccc2)c1N*,0.36487251,uwm_md,train
*Nc1cc2c3ccc(-c4ccc(C(C)C)cc4)c(-c4ccc(C(C)C)cc4)c3c(N*)cc2c2ccccc12,0.37311633,uwm_md,train
*Nc1ccc2cc3c(-c4ccccc4)c(N*)c(-c4ccccc4)cc3cc2c1,0.36293464,uwm_md,train
*Nc1ccc(C2(c3ccc(N*)cc3)c3cc(C#CCCCC)ccc3-c3ccc(C#CCCCC)c(C#C)c32)cc1,0.39588749,uwm_md,train
*Nc1ccccc1-c1c(N*)c(-c2ccccc2)c(-c2ccccc2)c(-c2ccccc2)c1-c1ccccc1,0.3746419,uwm_md,train
*Nc1cc2c3cccc(-c4ccc(C)c(C)c4)c3c(N*)cc2c2ccccc12,0.35695006,uwm_md,train
*Nc1cc2c3ccc(-c4ccc(C)c(C)c4)c(-c4ccc(C)c(C)c4)c3c(N*)cc2c2ccccc12,0.36400797,uwm_md,train
*Nc1ccc(-c2c(-c3ccccc3)c(-c3ccccc3)c(N*)c(-c3cccc4ccccc34)c2-c2cccc3ccccc23)cc1,0.3785304,uwm_md,train
*Nc1ccc(Sc2ccc(N*)cc2)cc1,0.34498526,uwm_md,train
*Nc1ccc(-c2c(-c3ccccc3)c(-c3ccccc3)c(N*)c(-c3ccc4ccccc4c3)c2-c2ccc3ccccc3c2)cc1,0.3722511,uwm_md,train
*Nc1cccc(-c2cc(-c3cccc(C)c3)c(-c3cccc(C)c3)c(-c3cccc(C)c3)c2-c2cccc(C)c2)c1N*,0.37902645,uwm_md,train
*Nc1cc2c3cccc(-c4ccc(C)cc4)c3c3c(-c4ccc(C)cc4)c(N*)c4ccccc4c3c2c2ccccc12,0.38290568,uwm_md,train
*Nc1ccc2c(c1)c(-c1ccc(C)cc1)c(-c1ccc(C)cc1)c1c3cccc(N*)c3c3ccc4ccccc4c3c21,0.37838795,uwm_md,test
*Nc1ccccc1-c1c(N)c(N)c(-c2ccccc2N)c(-c2ccccc2N)c1-c1ccccc1N*,0.31405732,uwm_md,train
*Nc1cc2cc3ccc4cc5cc6ccccc6cc5cc4c3cc2c(-c2ccccc2)c1N*,0.35825873,uwm_md,train
*Nc1c(N*)c(-c2ccc(-c3c4ccccc4cc4ccccc34)cc2)c(-c2ccccc2)c(-c2ccccc2)c1-c1ccccc1,0.37007258,uwm_md,train
*Nc1c(C)c(Cc2ccccc2)c(Cc2ccccc2)c(C(Cc2ccccc2)Cc2ccccc2)c1N*,0.36124078,uwm_md,train
*Nc1cccc(-c2cc(-c3ccccc3C)c(-c3ccccc3C)c(-c3ccccc3)c2-c2ccccc2)c1N*,0.3749928,uwm_md,test
*Nc1ccc2c3cccc4cccc(c5c(N*)ccc1c25)c43,0.33627702,uwm_md,train
*Nc1c(C)c2cccc3c4cccc5cccc(c(c1N*)c23)c54,0.34334157,uwm_md,train
*Nc1cc2ccc(N*)c3c4cccc5cccc(c(c1)c23)c54,0.33646603,uwm_md,train
*Nc1cccc(-c2cccc(/C=C/c3ccccc3)c2/C=C/c2ccccc2)c1N*,0.35817163,uwm_md,train
*NC1=Cc2c(c3ccc(N*)cc3c3ccccc23)C[C@@H]1c1ccccc1,0.34384971,uwm_md,train
*Nc1ccc(-c2c3ccccc3c(-c3ccc(N*)c4ccccc34)c3ccccc23)c2ccccc12,0.37137106,uwm_md,train
*Nc1ccc2c(c1)C(C)(C)c1cc3cc4ccc(N*)cc4cc3cc1-2,0.36493331,uwm_md,train
*Nc1ccc(C2(c3ccc(N*)c(C)c3)c3cc(-c4ccccc4)ccc3-c3ccc(-c4ccccc4)cc32)cc1C,0.37930628,uwm_md,train
*Nc1ccc(-c2cc3ccc2CCc2ccc(c(-c4ccc(N*)c(N)c4)c2)CC3)cc1N,0.36354697,uwm_md,test
*Nc1ccc(-c2ccc3c(c2)C(C)(C)c2cc(-c4ccc(N*)cc4)ccc2-3)cc1,0.3645384,uwm_md,train
*Nc1ccc(-c2ccccc2)c(C2CCCCC2)c1N*,0.37359962,uwm_md,train
*Nc1cccc2c1-c1ccc(N*)c(-c3ccccc3-c3ccccc3)c1C2(c1ccccc1)c1ccccc1,0.3805959,uwm_md,train
*Nc1ccc(-c2ccc(-c3ccc(N*)cc3)c3c2[C@H]2CC[C@@H]3C2)cc1,0.36155112,uwm_md,train
*Nc1ccc(-c2ccc(-c3ccc(N*)cc3)c3c2CC2(CCCC2)C3)cc1,0.35946418,uwm_md,train
*Nc1ccc(C2(c3ccc(N*)cc3)c3ccccc3-c3ccc(-c4ccccc4)c(-c4ccccc4)c32)cc1,0.37761494,uwm_md,test
*Nc1ccc([C@@]2(c3ccccc3)c3ccccc3-c3cc(N*)ccc32)cc1,0.36779309,uwm_md,test
*Nc1ccc(-c2ccccc2)c(-c2c(CC)cccc2CC)c1N*,0.3607122,uwm_md,train
*Nc1cc2cc3cc4cc5ccccc5cc4cc3cc2cc1N*,0.34863907,uwm_md,train
*Nc1ccc(-c2ccccc2)c(-c2c(C(C)C)cccc2C(C)C)c1N*,0.37421435,uwm_md,train
*Nc1ccc(-c2ccccc2)c(-c2ccccc2CC)c1N*,0.35913139,uwm_md,train
*Nc1ccc2c(c1)C1(C(C)=C2C)C(C)=C(C)c2ccc(N*)cc21,0.39134226,uwm_md,train
*Nc1ccc2c(c1)[C@]1(c3ccccc3-2)c2ccccc2-c2ccc(N*)c(-c3ccccc3)c21,0.37927558,uwm_md,test
*Nc1ccc2c3ccccc3c3ccc(N*)c4ccc1c2c43,0.32846656,uwm_md,train
*Nc1ccc([C@]2(C)CC(C)(C)c3cc(N*)ccc32)cc1,0.36516756,uwm_md,train
*Nc1ccc([C@@]2(C)CC(C)(C)c3cc(N*)ccc32)cc1,0.36414315,uwm_md,train
*Nc1ccccc1CCc1ccccc1N*,0.33671472,uwm_md,train
*Nc1ccc2c(c1-c1c(N*)ccc3c1CCCC3)CCCC2,0.36667006,uwm_md,train
*Nc1ccccc1-c1ccc2c(c1)C(CCCCCC)(CCCCCC)c1cc(-c3ccccc3N*)ccc1-2,0.36887719,uwm_md,train
*Nc1cc2c(cc1N*)[C@@H]1c3ccccc3[C@H]2c2cc(N)c(N)cc21,0.38373071,uwm_md,test
*Nc1ccc(C2(c3ccc(N*)cc3)C3=CC[C@@H](C)C=C3c3ccccc32)cc1,0.37537119,uwm_md,train
*Nc1ccc(C2(c3ccc(N)c(N*)c3)c3ccccc3-c3ccccc32)cc1N,0.36610378,uwm_md,train
*Nc1ccc(C(C)(C)c2ccccc2C(C)(C)c2ccc(N*)cc2)cc1,0.36215314,uwm_md,test
*Nc1ccc(-c2c(-c3cccc4ccccc34)c(-c3cccc4ccccc34)c(N*)c(-c3cccc4ccccc34)c2-c2cccc3ccccc23)cc1,0.37854395,uwm_md,train
*Nc1ccc(-c2ccc(N*)cc2C)c(C)c1,0.35792408,uwm_md,train
*Nc1ccc(-c2ccc(N*)c(-c3ccc4ccccc4c3)c2-c2ccc3ccccc3c2)c(-c2ccc3ccccc3c2)c1-c1ccc2ccccc2c1,0.3677538,uwm_md,train
*Nc1ccc(-c2ccc(-c3ccc(N*)c(-c4ccc5ccccc5c4)c3-c3ccc4ccccc4c3)c(-c3ccc4ccccc4c3)c2)c(-c2ccc3ccccc3c2)c1,0.36605712,uwm_md,train
*Nc1ccc(/C=C/c2ccc(N*)c(-c3ccc4ccccc4c3)c2-c2ccc3ccccc3c2)c(-c2ccc3ccccc3c2)c1-c1ccc2ccccc2c1,0.37000522,uwm_md,train
*Nc1ccc(/C(=C(/c2ccc3ccccc3c2)c2ccc(N*)c(-c3ccc4ccccc4c3)c2-c2ccc3ccccc3c2)c2ccc3ccccc3c2)cc1,0.37988811,uwm_md,test
*Nc1ccc(C2(c3ccc(N*)cc3[C@]34C[C@@H]5C[C@@H](C[C@H](C5)C3)C4)c3ccccc3-c3ccccc32)c([C@]23C[C@H]4C[C@H](C[C@H](C4)C2)C3)c1,0.3538557,uwm_md,test
*Nc1ccc(-c2ccc(N*)c(-c3cccc4ccccc34)c2-c2cccc3ccccc23)c(-c2cccc3ccccc23)c1-c1cccc2ccccc12,0.37642959,uwm_md,train
*Nc1ccc([C@@H]2C=C[C@@](N*)(c3ccccc3-c3ccc4ccccc4c3)C=C2c2ccc3ccccc3c2)c(-c2ccc3ccccc3c2)c1-c1ccc2ccccc2c1,0.37203518,uwm_md,train
*Nc1ccc(-c2c(-c3ccc4ccccc4c3)c(-c3ccc4ccccc4c3)c(N*)c(-c3ccc4ccccc4c3)c2-c2ccc3ccccc3c2)cc1,0.36989415,uwm_md,train
*Nc1ccc(-c2ccc(-c3c(-c4ccc5ccccc5c4)c(-c4ccc5ccccc5c4)c(N*)c(-c4ccc5ccccc5c4)c3-c3ccc4ccccc4c3)cc2)cc1,0.37406348,uwm_md,train
*Nc1cc(C(c2ccccc2)([C@@H]2C[C@@H](C)CC[C@H]2C(C)C)[C@@H]2C[C@@H](C)CC[C@H]2C(C)C)c(CC)c(CC)c1N*,0.3914683,uwm_md,train
*Nc1cc2c(cc(N*)c3c(-c4ccc(C=C)cc4)c(-c4ccc(C=C)cc4)c(-c4ccc(C=C)cc4)c(-c4ccc(C=C)cc4)c32)c2ccccc12,0.37091967,uwm_md,train
*N[C@H]1CC[C@H](C[C@H]2CC[C@H](N*)[C@@H](C)C2)C[C@@H]1C,0.36416977,uwm_md,test
*Nc1ccc(-c2ccc(N*)c(-c3cc(-c4ccc(N)c(-c5ccccc5)c4)ccc3N)c2)cc1-c1ccccc1,0.35788637,uwm_md,test
*Nc1ccc([C@@]23C[C@@H]4C[C@@H](C[C@@](N*)(C4)C2)C3)cc1,0.34257235,uwm_md,train
*Nc1ccc(-c2ccc(-c3ccc(N)cc3)c(-c3ccc(N*)cc3)c2)cc1,0.35568128,uwm_md,train
*Nc1cccc(/C(=C(/c2ccccc2)c2cccc(N*)c2)c2ccccc2)c1,0.37179153,uwm_md,train
*Nc1cccc(/C(=C(\c2ccccc2)c2cccc(N*)c2)c2ccccc2)c1,0.37286645,uwm_md,train
*Nc1cccc2c1c1cccc(N)c1c1cccc(N*)c12,0.33957884,uwm_md,test
*Nc1ccc(/C=C/c2cc(/C=C/c3ccc(N)cc3)cc(/C=C/c3ccc(N*)cc3)c2)cc1,0.35610463,uwm_md,train
*Nc1ccc(CCc2cc3ccc2CCc2ccc(c(CCc4ccc(N*)cc4)c2)CC3)cc1,0.35371722,uwm_md,train
*Nc1ccc(C(c2ccc(N)cc2)c2cccc(N*)c2)cc1,0.35836442,uwm_md,train
*Nc1ccc(C(c2ccc(N*)cc2)c2ccccc2N)cc1,0.35605702,uwm_md,train
*Nc1ccc(C(c2ccc(N*)cc2)c2ccccc2N)cc1,0.35106719,uwm_md,train
*Nc1cc2cc(c1)N(CC)C(=O)c1cc(N)cc(c1)N(CC)C(=O)c1cc(N*)cc(c1)N(CC)C2=O,0.35869989,uwm_md,train
*Nc1ccc2cc(C)ccc2c1-c1c(N*)ccc2cc(C)ccc12,0.36235466,uwm_md,train
*Nc1ccc(Cc2cc(Cc3ccc(N)c(C(C)(C)C)c3)cc(C(C)(C)C)c2N*)cc1C(C)(C)C,0.38558649,uwm_md,train
*Nc1ccc(C(CCCC)(c2ccc(N)cc2)c2ccc(N*)cc2)cc1,0.36433979,uwm_md,train
*Nc1ccc(-c2ccc(C(CCCC)(c3ccc(-c4ccc(N)cc4)cc3)c3ccc(-c4ccc(N*)cc4)cc3)cc2)cc1,0.37280295,uwm_md,train
*N[C@@H](O)N[C@@]1(N*)[C@@H](O)N=CNC1(N)N,0.30799614,uwm_md,train
*Nc1ccc(-c2ccc(C(=Cc3ccccc3)c3ccc(-c4ccc(N*)cc4)cc3)cc2)cc1,0.36634183,uwm_md,train
*Nc1ccc(-c2cc(-c3ccc(N*)cc3)c3ccc4c(-c5ccc(N)cc5)cc(-c5ccc(N)cc5)c5ccc2c3c54)cc1,0.36303147,uwm_md,train
*Nc1ccc(/C(=C(\c2ccccc2)c2ccc(N*)cc2)c2ccccc2)cc1,0.37554135,uwm_md,train
*Nc1ccc(-c2ccc(Cc3ccc(-c4ccc(N*)c(C)c4)cc3)cc2)cc1C,0.35725789,uwm_md,train
*Nc1ccc([C@@]23CC4C[C@@](c5ccc(N)cc5)(C2)C[C@](c2ccc(N*)cc2)(C4)C3)cc1,0.36179754,uwm_md,train
*Nc1c(C)cc(C2(c3cc(C(C)C)c(N*)c(C(C)C)c3)c3ccccc3-c3ccccc32)cc1C,0.40404304,uwm_md,train
*Nc1ccc(C2(c3ccc(N*)cc3)CCC(C(C)(C)CC)CC2)cc1,0.36254494,uwm_md,train
*Nc1ccc(C2(c3ccccc3N*)CCCCC2)cc1,0.35257654,uwm_md,train
*Nc1cc(N*)c2cc1N(C)c1cc(C(=O)OC)cc(c1)N(C)c1cc(c(N)cc1N)N(C)c1cc(C(=O)OC)cc(c1)N2C,0.37551441,uwm_md,train
*Nc1ccc(C2=CC=C(c3ccc(N*)cc3)C2(C)C)cc1,0.35499932,uwm_md,train
*Nc1ccc2c(c1)C(CC[C@@H](C)CCCC(C)C)(CC[C@@H](C)CCCC(C)C)c1cc(N*)ccc1-2,0.3674647,uwm_md,train
*Nc1ccc(-c2ccc(N*)c(Cc3ccccc3)c2)cc1Cc1ccccc1,0.3464418,uwm_md,train
*Nc1ccc(C2(c3ccc(N*)c(C(C)C)c3)c3ccccc3-c3ccccc32)cc1C(C)C,0.39538255,uwm_md,test
*Nc1nnc(-c2nnc(N*)n2N)n1N,0.3228214,uwm_md,train
*Nc1ccc2c(c1)[C@]1(c3ccccc3-2)c2cc(N*)ccc2-c2ccc(C(C)(C)C)cc21,0.3907835,uwm_md,test
*Nc1ccc(-c2cc(-c3ccc(N*)cc3)cc(C(C)(C)C)c2)cc1,0.36221606,uwm_md,train
*Nc1ccc(-c2ccc(C(=C(c3ccccc3)c3ccccc3)c3ccc(-c4ccc(N*)cc4)cc3)cc2)cc1,0.37596721,uwm_md,test
*Nc1ccc(Cc2cc(Cc3ccc(N*)c(Cc4ccc(N)cc4)c3)ccc2N)cc1,0.35357307,uwm_md,test
*Nc1cccc(C(=C(c2ccccc2)c2ccccc2)c2cccc(N*)c2)c1,0.37210124,uwm_md,test
*Nc1ccc(-c2ccc(-c3ccc(N*)cc3)cc2)cc1,0.33914922,uwm_md,train
*Nc1ccc(-c2cc(N*)cc(-c3ccccc3)c2)cc1,0.34439898,uwm_md,train
*Nc1ccc(C2(c3ccc(N*)cc3)[C@H]3C[C@@H](C)C[C@@H]2C[C@@H](C)C3)cc1,0.37552155,uwm_md,train
*Nc1ccc([C@@H]2[C@H](c3ccc(N)cc3)[C@@H](c3ccc(N)cc3)[C@H]2c2ccc(N*)cc2)cc1,0.36720973,uwm_md,train
*Nc1ccc(CCc2ccc(CCc3ccc(N*)cc3)cc2)cc1,0.34961202,uwm_md,train
*Nc1ccc2c(ccc3cc(N*)ccc32)c1,0.3363309,uwm_md,train
*Nc1cc2c(N*)cccc2c2ccccc12,0.333837,uwm_md,train
*Nc1ccc(N*)c2c1ccc1ccccc12,0.33816871,uwm_md,train
*Nc1cccc2c(N*)c3ccccc3cc12,0.34219547,uwm_md,train
*Nc1cc(N*)c2c(ccc3ccccc32)c1,0.33406138,uwm_md,train
*Nc1ccc2c(N*)cc3ccccc3c2c1,0.334748,uwm_md,test
*Nc1cc(N*)c2ccc3cc(C(C)(C)C)cc4ccc1c2c43,0.35494944,uwm_md,train
*Nc1ccc(C(c2ccc(C)cc2)(c2ccc(N)cc2)c2ccc(N*)cc2)cc1,0.37785275,uwm_md,test
*Nc1ccc(-c2ccc(C[C@@H](C)c3ccc(N*)cc3)cc2)cc1,0.35318823,uwm_md,test
*Nc1ccc(-c2cccc(C[C@@H](C)c3ccc(N*)cc3)c2)cc1,0.35001333,uwm_md,train
*N[C@@H]1C=c2c([nH]c(=O)n2N*)=C1N,0.31105409,uwm_md,train
*Nc1ccc2c(c1)-c1ccc(N*)cc1C21c2cc(N)ccc2-c2ccc(N)cc21,0.38509104,uwm_md,train
*Nc1ccc2c(c1)-c1ccccc1C21c2cc(N)ccc2-c2ccc(N*)cc21,0.3825956,uwm_md,train
*N/N=N\c1ccc(N*)c2c1C(=O)c1c(N)ccc(N)c1C2=O,0.34005083,uwm_md,train
*NC1=C[C@@](O)(N*)N=C(N)N1,0.29677001,uwm_md,train
*Nc1ccc(CC2=CC[C@H](Cc3ccc(N*)cc3)C=C2)cc1,0.34680076,uwm_md,train
*Nc1ccc2c(-c3ccccc3)c(N*)ccc2c1-c1ccccc1,0.35542966,uwm_md,train
*Nc1ccccc1-c1cccc2c(-c3ccccc3N*)cccc12,0.35396879,uwm_md,train
*Nc1ccc2c(c1)C1(c3cc(C)ccc3-2)c2cc(N)ccc2-c2ccc(N*)cc21,0.38616703,uwm_md,test
*NC1=C[C@@H]2[C@H]3c4cc(N*)ccc4[C@H](c4cc(N)ccc43)[C@@H]2C=C1,0.37404178,uwm_md,test
*Nc1ccc(CCc2ccc(N*)c(C)c2)c(C)c1,0.34991627,uwm_md,train
*Nc1ccc(C(c2ccc(N)cc2)(c2ccc(N)cc2)c2ccc(N*)cc2)cc1,0.3752183,uwm_md,train
*Nc1ccc2cc(C(C)(C)C)ccc2c1-c1c(N*)ccc2cc(C(C)(C)C)ccc12,0.38263341,uwm_md,test
*Nc1c(CC(C)(C)C)cc2ccccc2c1-c1c(N*)c(CC(C)(C)C)cc2ccccc12,0.39483113,uwm_md,train
*Nc1c(CC)cc2ccccc2c1-c1c(N*)c(CC)cc2ccccc12,0.36951998,uwm_md,test
*Nc1cc(N)c(-c2cccc3cc4ccc5cc6cc7ccccc7cc6cc5c4cc23)c(N*)c1,0.34724713,uwm_md,test
*Nc1ccc2c(c1)-c1ccccc1C21c2ccccc2-c2cc(N*)ccc21,0.38182575,uwm_md,train
*NC1=C(c2c(N*)ccc3c2CCCC3)[C@H]2CCCC[C@H]2C=C1,0.36912749,uwm_md,train
*Nc1ccc(C2=C3CC=CC=C3[C@H](c3ccc(N*)cc3)c3ccccc32)cc1,0.36999408,uwm_md,train
*NSC1(N*)N=C(N)NC(N)=N1,0.31058634,uwm_md,train
*Nc1ccc(C(=CCC(C)(c2ccc(N)cc2)c2ccc(N*)cc2)c2ccc(N)cc2)cc1,0.35500045,uwm_md,train
*Nc1ccc(-c2cccc(-c3cc(-c4cccc(-c5cccc(N*)c5)c4)cc(-c4cccc(-c5ccccc5N)c4)c3)c2)cc1,0.35285908,uwm_md,train
*Nc1cccc(-c2ccc(Cc3ccc(-c4cccc(N*)c4)cc3)cc2)c1,0.34598803,uwm_md,train
*N/N=N\c1ccc2ccccc2c1-c1c(NN*)ccc2ccccc12,0.35871072,uwm_md,train
*Nc1ccc(-c2cccc(-c3ccccc3N*)c2)cc1,0.34307779,uwm_md,train
*Nc1ccc2c(C)cc(N*)c(C)c2c1,0.3446566,uwm_md,train
*Nc1cc(C)c(C)c2c(N*)cc(C)c(C)c12,0.34685576,uwm_md,train
*Nc1ccc(C2(c3ccc(N*)c(C(C)(C)C)c3)c3ccccc3-c3ccccc32)cc1C(C)(C)C,0.39115319,uwm_md,train
*Nc1c(O)c(N)c(N)c(O)c1N*,0.31749993,uwm_md,train
*Nc1ccccc1-c1cc(-c2ccccc2N)cc(-c2ccccc2N*)c1,0.34714968,uwm_md,train
*Nc1ccc(-c2cc(-c3ccc(N)cc3)cc(-c3ccc(N*)cc3)c2)cc1,0.35117296,uwm_md,train
*NC(=O)O[C@@H]1/C=C\C=C/[C@H](C)[C@@H](/C(C)=C/C(N)(N*)C(N)(N)C[C@]2(O)CC(=O)O[C@@H](CC)[C@H]2C)OC(=O)CC/C=C(\C)[C@H](C)[C@H](O)[C@@H]1C,0.30358477,uwm_md,test
*Nc1ccccc1-c1cccc(-c2ccccc2-c2cccc(-c3ccccc3)c2)c1N*,0.35563081,uwm_md,test
*Nc1ccccc1-c1ccccc1-c1cccc(-c2ccccc2-c2ccccc2)c1N*,0.36434103,uwm_md,train
*Nc1ccccc1-c1cccc(-c2cccc(-c3ccccc3)c2)c1N*,0.34626289,uwm_md,train
*Nc1ccc2c(c1)C1(c3ccccc3-c3cc(C)ccc31)c1cc(N*)ccc1-2,0.38631578,uwm_md,test
*Nc1ccc2c(c1)C1(c3ccc(C)cc3-2)c2cc(N)ccc2-c2ccc(N*)cc21,0.38585396,uwm_md,train
*Nc1ccc2c(-c3ccccc3)c3cc(N*)ccc3cc2c1,0.35297374,uwm_md,train
*Nc1ccc(-c2ccccc2-c2ccc(N*)cc2)cc1,0.35240294,uwm_md,train
*Nc1ccc(C(c2ccc(N*)cc2)c2ccc(C(C)(C)C)cc2)cc1,0.36825917,uwm_md,test
*Nc1ccc(C(c2ccc(CC)cc2)c2ccc(N*)cc2)cc1,0.36039896,uwm_md,train
*Nc1ccccc1/C(=C(\c1ccccc1)c1ccccc1N*)c1ccccc1,0.37548101,uwm_md,train
*Nc1ccc(-c2ccc(N*)c3c(N)cccc23)c2cccc(N)c12,0.35447146,uwm_md,train
*Nc1c2ccccc2c(-c2c3ccccc3c(N*)c3cccc(-c4cccc5ccccc45)c23)c2c(-c3cccc4ccccc34)cccc12,0.37421726,uwm_md,train
*Nc1c2ccccc2c(-c2c3ccccc3c(N*)c3ccc(-c4cccc5ccccc45)c(-c4cccc5ccccc45)c23)c2ccccc12,0.37377403,uwm_md,train
*NC1=CCCC(c2ccc(N*)cc2)=C1c1ccccc1,0.35914225,uwm_md,test
*Nc1ccc([C@@]23C[C@@H]4C[C@@H](C[C@@](N*)(C4)C2)C3)cc1,0.34389973,uwm_md,train
*Nc1cc(N*)c2c(=O)[nH]c3c(N)cc(N)c4c(=O)[nH]c1c2c34,0.33153693,uwm_md,train
*Nc1ccc(C[C@@H](c2ccc(N*)cc2)[C@@H](C)c2ccc(N)cc2)cc1,0.35733643,uwm_md,train
*Nc1ccc(C(c2ccc(N*)cc2)[C@H](CCC)CCCCC(c2ccc(N)cc2)c2ccc(N)cc2)cc1,0.35865315,uwm_md,train
*Nc1ccc2c(c1)C(C1c3ccccc3-c3ccccc31)c1cc(N*)ccc1-2,0.36346408,uwm_md,train
*Nc1ccc(-c2ccc(N)c(-c3ccc(N)cc3)c2-c2ccc(N*)cc2)cc1,0.35816613,uwm_md,train
*N[C@@]12CC(=C)[C@@](C)(N*)[C@@]1(N)Cc1cccc(O)c1C2,0.33242571,uwm_md,train
*NC(O)(CC(N)(N)C(=O)O)N*,0.2981499,uwm_md,test
*Nc1ccc(C[C@](CC)(CCC)c2ccc(N)c(C[C@](C=C)(CC)c3ccc(N*)cc3)c2)cc1,0.35808156,uwm_md,train
*NC1=C(C2=C(N*)NS(=O)(=O)N=C2N)C(N)=NS(=O)(=O)N1,0.31382982,uwm_md,train
*Nc1ccc(CC(CC)(CC)c2ccc(N)c(CC(CC)(CC)c3ccc(N*)cc3)c2)cc1,0.35803867,uwm_md,train
*N/N=C(\N*)c1c(N)nc2[nH]ncc2c1N,0.32001736,uwm_md,train
*Nc1ccc(C[C@](C)(CC)c2ccc(N)c(C[C@@](C)(CC)c3ccc(N*)cc3)c2)cc1,0.3558969,uwm_md,test
*Nc1ccc2c(c1)[C@@H](c1ccccc1)c1c-2ccc(N*)c1-c1ccccc1,0.36614228,uwm_md,test
*Nc1cccc(C2(c3cccc(N*)c3)c3cc(C)ccc3-c3ccc(C)cc32)c1,0.37704106,uwm_md,train
*Nc1ccc(C(C[C@@H]2CCC[C@@H](C(c3ccc(N)cc3)c3ccc(N*)cc3)C2)c2ccc(N)cc2)cc1,0.36461546,uwm_md,train
*Nc1ccc(-c2ccc(-c3ccc(N*)c(-c4cc(C)ccc4C)c3-c3cc(C)ccc3C)cc2)cc1,0.37917526,uwm_md,test
*Nc1ccc2c(c1)-c1ccccc1-c1cc(N*)ccc1-c1cc(N)ccc1-2,0.37663236,uwm_md,train
*Nc1ccc(CC(CC)(CC)c2ccc(N)c(CC(C)(C)c3ccc(N*)cc3)c2)cc1,0.35644292,uwm_md,train
*Nc1ccc([C@@H](c2ccccc2)[C@H](c2ccccc2)c2ccc(N*)cc2)cc1,0.36377948,uwm_md,train
*Nc1ccc2c(c1)C(/C(C)=C/C(=C)C(=C)c1ccccc1)(C(/C=C(\C)C(=C)c1ccccc1C)=C/C)c1cc(N*)ccc1-2,0.35971132,uwm_md,train
*Nc1ccc([C@]2(c3ccccc3)c3ccccc3-c3cccc(N*)c32)cc1,0.36468241,uwm_md,train
*Nc1ccc(C(c2ccc(C)cc2)c2ccc(N*)cc2)cc1,0.35885814,uwm_md,train
*NC1=C2C=CC=C[C@@H]2[C@@](N*)(c2c(C)cc(N)c3ccccc23)C(C)=C1,0.36137025,uwm_md,test
*Nc1ccc(-c2ccc(N*)cc2Cc2ccc(C)cc2)c(Cc2ccc(C)cc2)c1,0.35865855,uwm_md,train
*Nc1ccc(-c2ccccc2-c2ccccc2-c2ccc(N*)cc2)cc1,0.35706192,uwm_md,train
*N/C(C=C)=C/C=C(\C)C1(c2ccc(N*)cc2)CCCCC1,0.35375342,uwm_md,train
*Nc1ccc(CC(Cc2ccc(N)cc2)Cc2ccc(N*)cc2)cc1,0.34584685,uwm_md,test
*Nc1ccc(CCC(CCc2ccc(N)cc2)CCc2ccc(N*)cc2)cc1,0.34748423,uwm_md,test
*NC1=CC[C@H](C(c2ccc(N)cc2)(c2ccc(N)cc2)c2ccc(N*)cc2)C=C1,0.35960608,uwm_md,train
*NC1=C(c2c(N*)ccc3ccccc23)c2ccccc2CC1,0.35718606,uwm_md,train
*Nc1ccc(-c2cc3ccc2CCc2ccc(c(-c4ccc(N*)cc4)c2)CC3)cc1,0.35898594,uwm_md,train
*Nc1ccc(C2=CC3=CC[C@@H]2CC[C@@H]2C=CC(=C(c4ccc(N*)cc4)C2)CC3)cc1,0.35807069,uwm_md,train
*Nc1ccc(C(C)=C(c2ccc(N)cc2)c2ccc(N*)cc2)cc1,0.36759676,uwm_md,train
*Nc1ccc(C(CC)=C(c2ccc(N)cc2)c2ccc(N*)cc2)cc1,0.36758067,uwm_md,train
*NC1=C2C(=CC=CC2(N)N*)[C@@H](c2ccc(N)c3ccccc23)C=C1,0.3475975,uwm_md,train
*Nc1ccc(C(c2ccc(N)cc2)(c2ccc(N)cc2)[C@H]2CC[C@H](N*)CC2)cc1,0.37489694,uwm_md,test
*Nc1ccc(CC2=CC=C[C@@](C)(c3ccc(Cc4ccc(N*)cc4)cc3)C=C2)cc1,0.34837056,uwm_md,train
*Nc1ccc(-c2cccc(-c3cccc(N*)c3)c2)cc1,0.34269282,uwm_md,train
*Nc1ccccc1-c1ccc(N*)c(-c2ccccc2)c1,0.34288507,uwm_md,train
*NC(N*)=C(N)/C(N)=N/C,0.29714034,uwm_md,test
*NC1=CC=C(C(c2ccc(N)cc2)(c2ccc(N)cc2)c2ccc(N*)cc2)CC1,0.35797409,uwm_md,train
*Nc1ccc(C2=C(c3ccccc3)[C@@H](c3ccccc3)C(N)(N*)C=C2)cc1,0.36629417,uwm_md,train
*N[C@@H](CCCC(=O)[C@](N)(CS)C(=O)O)C(=O)[C@@](CS)(N*)C(=O)O,0.30543387,uwm_md,train
*Nc1ccc(C2(c3ccc(N*)cc3)CCC2(c2ccc(N)cc2)c2ccc(N)cc2)cc1,0.37813226,uwm_md,train
*Nc1ccc(-c2ccc(N*)cc2CCCCCCc2cc(N)ccc2-c2ccc(N)cc2)cc1,0.34872521,uwm_md,train
*Nc1cc(O)c(-c2c(O)c(O)c(N)c(N)c2N*)c(O)c1,0.31859202,uwm_md,train
*Nc1ccc(-c2ccc(N*)cc2-c2cc(N)ccc2-c2ccc(N)cc2)cc1,0.36187072,uwm_md,train
*NC(N*)(C(=O)O)[C@@](N)(CC)[C@H](C)CC,0.32721584,uwm_md,train
*Nc1ccc(-c2ccc(N*)cc2CCCCc2cc(N)ccc2-c2ccc(N)cc2)cc1,0.35208407,uwm_md,train
*Nc1ccc(-c2ccc(N*)c(-c3ccccc3)c2-c2ccccc2N)cc1,0.36447678,uwm_md,train
*N[C@H](C=O)[C@H](N*)[C@H](N)CO,0.29472279,uwm_md,train
*N[C@@H](CCC[C@H](N*)C(=O)[C@@H](N)[C@@H](C)O)C(=O)O,0.30156557,uwm_md,train
*Nc1noc2nc3c(C(=O)OCC)cc(C(=O)c4ccccc4)c(N)c3c(N*)c12,0.33255113,uwm_md,train
*Nc1noc2nc3c(C(=O)OCC)cc(C(=O)c4ccc(C)cc4)c(N)c3c(N*)c12,0.33167362,uwm_md,train
*Nc1ccc2cc3cc4cc5ccccc5cc4cc3cc2c1N*,0.34387937,uwm_md,train
*Nc1c(N)c(O)c(C)c(O)c1N*,0.30904003,uwm_md,train
*NC(=C)/C=C\C(=C/C)C1(c2ccc(N*)cc2)CCCCC1,0.3442031,uwm_md,train
*Nc1c(N)n(C)c(N*)nc1=O,0.3003834,uwm_md,train
*Nc1ccc(C(C)(CCc2cc(N*)ccc2-c2ccc(N)cc2C)c2ccc(N)cc2)cc1,0.36703698,uwm_md,train
*Nc1cc2c3ccccc3c3ccccc3c2c(N*)c1N,0.3316594,uwm_md,train
*Nc1c(N*)c(C=C)c2c(c(N)cc3cc4ccccc4cc32)c1N,0.33559089,uwm_md,train
*Nc1ccc(CCc2ccc(C3(c4ccc(CCc5ccc(N*)cc5)cc4)CCC(c4ccccc4)CC3)cc2)cc1,0.362202,uwm_md,train
*NN[C@@H](N*)[C@H](O)C(N)N,0.29561057,uwm_md,train
*Nc1c(CCCCC)cc2c(ccc3c4ccccc4ccc23)c1N*,0.34568189,uwm_md,train
*Nc1cccc(-c2ccc(-c3ccc(-c4cccc(N*)c4)cc3)cc2)c1,0.34297147,uwm_md,train
*Nc1cc(CCc2ccc(C)c(N*)c2)cc(CCc2cc(N)ccc2C)c1,0.35220879,uwm_md,train
*Nc1ccc(CC(C)(C)c2ccc(N)c(C[C@@](C)(CC)c3ccc(N*)cc3)c2)cc1,0.35226185,uwm_md,train
*Nc1ccc([C@@H](Cc2ccccc2)c2cccc(N*)c2)cc1,0.348692,uwm_md,train
*Nc1ccc([C@](C)(c2ccccc2)c2cccc(N*)c2)cc1,0.35081859,uwm_md,train
*Nc1cc(N*)c2ccc3cccc4ccc1c2c43,0.33636661,uwm_md,test
*NC1=C(N)[C@@H](N*)NC(=O)N1,0.28374372,uwm_md,train
*NC1=N[C@@H](O)NC(N*)=C1N,0.2862332,uwm_md,train
*NC1=C(N)[C@@H](N*)N[C@H](O)N1,0.28340014,uwm_md,train
*Nc1nc2c(c(=O)n1N*)Cc1nc(N)n(N)c(=O)c1C2,0.34327027,uwm_md,test
*Nc1ccc2ccc3c(N*)c(-c4ccc(C5(c6ccccc6)c6ccccc6-c6ccccc65)cc4)cc4ccc1c2c43,0.36945993,uwm_md,test
*NC1=CC=C(C2(c3ccc(N*)cc3)CCCCC2)CC=C1,0.35363223,uwm_md,train
*Nc1ccc(-c2ccc(N*)cc2/C(N)=C/c2ccccc2)c(/C(N)=C/c2ccccc2)c1,0.35009849,uwm_md,train
*Nc1ccc(C(C)(c2ccc(N)cc2)c2ccc(N*)cc2)cc1,0.36464453,uwm_md,train
*Nc1ccc([C@H](C)C[C@H](C[C@@H](C[C@@H](CC)c2ccc(N*)cc2)c2ccc(N)cc2)c2ccc(N)cc2)cc1,0.36066913,uwm_md,train
*NC1=c2ccc3ccc(N*)c4ccc(c2c34)CC1,0.33334422,uwm_md,train
*Nc1c(C)c(N)c2c(c1O)C(=N)[C@@H](N*)[C@@H]2N,0.32698788,uwm_md,train
*Nc1c(N)c(O)c2c(c1N*)CN(O)N=C2,0.30616083,uwm_md,train
*Nc1ccc(CCCCCCc2ccc(N*)cc2)cc1,0.34643324,uwm_md,train
*Nc1cc2c(N*)ccc3c4cc(N)c5c(O)cc(O)c6c5c4c(c(c1)c23)=CC6=N,0.33150168,uwm_md,train
*Nc1ccc(C(C)(C=C)c2ccc(N*)cc2)cc1,0.34310285,uwm_md,train
*Nc1ccc(C(C)(CC=C)c2ccc(N*)cc2)cc1,0.34950176,uwm_md,train
*NCc1cccc(-c2cccc(C/C=C(/c3ccccc3)c3cc4c(cc3N*)C(C)(C)c3ccccc3-4)c2)c1,0.36399382,uwm_md,train
*Nc1ccc(/C=C/c2cccc3c(/C=C/c4ccc(N*)cc4)cccc23)cc1,0.3524475,uwm_md,train
*Nc1ccc(C2(c3ccc(N*)cc3)C=CC=C3C2=Cc2ccccc23)cc1,0.36752486,uwm_md,train
*Nc1ccc(C2(c3ccc(N*)cc3)c3ccccc3Cc3ccccc32)cc1,0.36815633,uwm_md,test
*Nc1ccc(C2(c3ccc(N*)cc3)CCCc3ccccc32)cc1,0.35985769,uwm_md,train
*Nc1ccc(/C=C/c2ccc(-c3ccc(/C=C/c4ccc(N*)cc4)cc3)cc2)cc1,0.35190828,uwm_md,train
*NC(=O)[C@H](CCC[C@H](N)C(=O)O)N*,0.29081425,uwm_md,test
*Nc1ccc2ccc3c(N*)ccc4ccc1c2c43,0.33748493,uwm_md,train
*Nc1ccc2cc3cc(N*)ccc3cc2c1,0.34349824,uwm_md,test
*Nc1ccc(C(=C(c2ccccc2)c2ccccc2)c2ccc(N*)cc2)cc1,0.37080803,uwm_md,train
*Nc1cccc(-c2cc(-c3cccc(N)c3)cc(-c3cccc(N*)c3)c2)c1,0.34659743,uwm_md,test
*Nc1ccc(Cc2ccc(N*)c(C)c2C)c(C)c1C,0.35444913,uwm_md,train
*NN(N*)c1nc2nc(N)n(N)c2c(=O)n1N,0.33967082,uwm_md,test
*Nc1ccc2c(N*)cccc2c1,0.33581452,uwm_md,train
*Nc1ccc(-c2cc(N*)cc(-c3ccc(N)cc3)c2)cc1,0.34788734,uwm_md,train
*Nc1ccc(/C(=C(/c2ccccc2)c2ccc(N*)cc2)c2ccccc2)cc1,0.3773241,uwm_md,train
*Nc1ccc(-c2ccc(-c3ccc(-c4ccc(N*)cc4)cc3)cc2)cc1,0.34630699,uwm_md,train
*Nc1ccc2ccc3ccc(N*)c4ccc1c2c34,0.33660772,uwm_md,test
*Nc1ccc(C(c2ccc(N*)c(C)c2)C(c2ccc(N)c(C)c2)c2ccc(N)c(C)c2)cc1C,0.38150109,uwm_md,train
*Nc1ccc(C(c2ccc(N*)cc2)C(c2ccc(N)cc2)c2ccc(N)cc2)cc1,0.36559722,uwm_md,train
*Nc1ccc(C(c2ccc(N*)c(C(C)(C)C)c2)C(c2ccc(N)c(C(C)(C)C)c2)c2ccc(N)c(C(C)(C)C)c2)cc1C(C)(C)C,0.3977767,uwm_md,test
*Nc1ccc2c(c1)C(c1ccccc1N)(c1ccccc1N*)c1cc(N)ccc1-2,0.3674954,uwm_md,train
*Nc1ccc2c(c1)-c1cc(N*)ccc1C2(c1ccccc1N)c1ccccc1N,0.36757979,uwm_md,train
*Nc1cccc2c1-c1c(N*)cccc1C2(c1ccccc1N)c1ccccc1N,0.36322501,uwm_md,train
*Nc1ccc(C2(c3ccc(N*)cc3)c3cccc(N)c3-c3c(N)cccc32)cc1,0.36840054,uwm_md,train
*Nc1cccc(C2(c3cccc(N*)c3)c3cccc(N)c3-c3c(N)cccc32)c1,0.36736588,uwm_md,train
*Nc1cccc(C2(c3cccc(N*)c3)c3ccccc3-c3ccccc32)c1,0.36665477,uwm_md,train
*Nc1ccc2c(c1)-c1cc(N*)ccc1C2(c1cccc(N)c1)c1cccc(N)c1,0.36327094,uwm_md,train
*Nc1cccc(-c2ccccc2-c2ccccc2-c2cccc(N*)c2)c1,0.35392163,uwm_md,train
*Nc1ccc(C2(c3ccc(N*)cc3)c3ccc(N)cc3-c3cc(N)ccc32)cc1,0.37760376,uwm_md,train
*Nc1ccc(C2(c3ccc(N*)cc3)c3ccccc3-c3ccc(N)cc32)cc1,0.36566131,uwm_md,train
*Nc1cccc(C2(c3cccc(N*)c3)c3cc(N)ccc3-c3ccc(N)cc32)c1,0.36514594,uwm_md,train
*Nc1ccccc1C(C)(c1ccccc1N)c1ccccc1N*,0.35719832,uwm_md,train
*Nc1ccc([C@H](C)Cc2ccc(C[C@@H](C)c3ccc(N*)cc3)cc2)cc1,0.36158847,uwm_md,train
*Nc1ccccc1C(c1ccccc1N)(c1ccccc1N*)C1CCCCC1,0.37800543,uwm_md,train
*Nc1ccc([C@H](C)Cc2cccc(C[C@@H](C)c3ccc(N*)cc3)c2)cc1,0.35754875,uwm_md,train
*Nc1ccc(C(CCC)(c2ccc(N)cc2)c2ccc(N*)cc2)cc1,0.36407339,uwm_md,train
*Nc1ccccc1C(c1ccccc1)(c1ccccc1N)c1ccccc1N*,0.37480672,uwm_md,train
*Nc1ccccc1C(CC)(c1ccccc1N)c1ccccc1N*,0.3617022,uwm_md,train
*Nc1ccc(C2(c3ccc(N*)cc3)C=CC(c3ccccc3)C=C2)cc1,0.3550972,uwm_md,test
*Nc1cc2ccc3ccc(N*)c4ccc(c1)c2c34,0.33737081,uwm_md,train
*Nc1cc(CC)c(C2(c3cc(CC)c(N*)cc3CC)c3ccccc3-c3ccccc32)cc1CC,0.38916158,uwm_md,train
*Nc1cc(C)c(C2(c3c(C)cc(N*)c4ccccc34)c3ccccc3-c3ccccc32)c2ccccc12,0.38470754,uwm_md,train
*Nc1cc(C)c(C2(c3cc(C)c(N*)cc3C)c3ccccc3-c3ccccc32)cc1C,0.38791749,uwm_md,train
*Nc1c([C@H](C)CC)cc(C2(c3cc([C@H](C)CC)c(N*)c([C@H](C)CC)c3)c3ccccc3-c3ccccc32)cc1[C@H](C)CC,0.41165064,uwm_md,train
*Nc1ccc(C2(c3ccc(N*)cc3)CC=CCC2)cc1,0.35342761,uwm_md,train
*Nc1ccc(C2(c3ccc(N*)c(C)c3C)c3ccccc3-c3ccccc32)c(C)c1C,0.37955034,uwm_md,train
*Nc1ccc(-c2c(C)cccc2C2(c3cccc(C)c3-c3ccc(N*)cc3)CCCCC2)cc1,0.37034703,uwm_md,train
*Nc1ccc(C2(c3ccc(N*)cc3)c3ccccc3-c3ccc(C)cc32)cc1,0.37464154,uwm_md,train
*Nc1ccc(C2(c3ccc(N*)c(CC)c3)c3ccccc3-c3ccccc32)cc1CC,0.38152925,uwm_md,train
*Nc1ccc(C2(c3ccc(N*)cc3)c3ccccc3-c3c(C)cccc32)cc1,0.36740099,uwm_md,test
*Nc1ccc(C2(c3cc(CC)c(N*)c(CC)c3)c3ccccc3-c3ccccc32)cc1C,0.38779866,uwm_md,train
*Nc1ccc(C2(c3ccc(N*)cc3)c3ccccc3-c3ccc(CC)cc32)cc1,0.37736059,uwm_md,train
*Nc1ccccc1C1(c2ccccc2N*)CCCCC1,0.3550744,uwm_md,test
*Nc1cc(Oc2ccccc2)c(N*)c(N)c1N,0.32209092,uwm_md,train
*Nc1ccc(C(=C)CC(C)(C)c2ccc(N*)cc2)cc1,0.34510572,uwm_md,train
*Nc1ccc([C@@H](C)CC(C)(C)c2ccc(N*)cc2)cc1,0.35096863,uwm_md,test
*Nc1ccc(CC[C@H](c2ccccc2)c2ccc(N*)cc2)cc1,0.34550971,uwm_md,test
*Nc1ccc([C@H]2C=C[C@](N*)(c3ccccc3)C=C2)cc1,0.34408307,uwm_md,train
*Nc1ccc([C@H](C)c2ccc(C3(c4ccc([C@@H](C)c5ccc(N*)cc5C)cc4)CCCCC3)cc2)c(C)c1,0.37089997,uwm_md,train
*Nc1ccc(Cc2ccc(CC(CCCCCCC)Cc3ccc(Cc4ccc(N*)cc4)cc3)cc2)cc1,0.35965572,uwm_md,train
*Nc1ccc([C@H](C)c2ccc(C(CCCC)c3ccc([C@@H](C)c4ccc(N*)cc4)cc3)cc2)cc1,0.36515652,uwm_md,train
*Nc1ccc([C@H](CCC)c2ccc(C[C@H](CC)c3ccc([C@@H](CCC)c4ccc(N*)cc4)cc3)cc2)cc1,0.36752092,uwm_md,train
*Nc1ccc([C@@H](CCCCC)c2ccc(CCc3ccc([C@H](CCCCC)c4ccc(N*)cc4)cc3)cc2)cc1,0.36934253,uwm_md,test
*Nc1ccc([C@H](C)c2ccc(C3(c4ccc([C@@H](C)c5ccc(N*)cc5)cc4)CCC(CCCC)CC3)cc2)cc1,0.36917749,uwm_md,train
*Nc1ccc(Cc2ccc(CCCc3ccc(Cc4ccc(N*)cc4)cc3C)c(C)c2)cc1,0.35703055,uwm_md,train
*Nc1ccc([C@H](CC)c2ccc(CCc3ccc([C@@H](CC)c4ccc(N*)cc4)cc3)cc2)cc1,0.36308628,uwm_md,train
*Nc1ccc([C@H](C)c2ccc(C(C)c3ccc([C@@H](C)c4ccc(N*)cc4)cc3)cc2)cc1,0.36122133,uwm_md,train
*Nc1ccc([C@H](CCCC)c2ccc(CC(C)Cc3ccc([C@@H](CCCC)c4ccc(N*)cc4)cc3)cc2)cc1,0.36829564,uwm_md,train
*Nc1ccc([C@H](CCC)c2ccc(C3(c4ccc([C@@H](CCC)c5ccc(N*)cc5)cc4)CCC(CCCCC)CC3)cc2)cc1,0.3704102,uwm_md,test
*Nc1ccc([C@H](C)c2ccc(C3(c4ccc([C@@H](C)c5ccc(N*)cc5)cc4)CCC(C)CC3)cc2)cc1,0.36603759,uwm_md,train
*Nc1ccc(Cc2ccc(C(CC)c3ccc(Cc4ccc(N*)cc4)cc3)cc2)cc1,0.35878998,uwm_md,train
*Nc1ccc([C@H](CC)c2ccc(C3(c4ccc([C@@H](CC)c5ccc(N*)cc5)cc4)CCCCC3)cc2)cc1,0.36956425,uwm_md,train
*Nc1ccc([C@@H](C)c2ccccc2CCc2ccccc2[C@H](C)c2ccc(N*)cc2)cc1,0.35612182,uwm_md,train
*Nc1ccc(Cc2ccc(-c3ccccc3Cc3ccc(N*)cc3)cc2)cc1,0.35294569,uwm_md,train
*Nc1ccc(-c2ccc(N*)cc2-c2ccc(-c3ccccc3)cc2)cc1,0.34993468,uwm_md,test
*Nc1ccc(-c2ccc(N*)c3ccccc23)cc1,0.34980398,uwm_md,train
*Nc1ccccc1C1(c2cc(C(C)(C)C)ccc2N*)CCCCC1,0.37402396,uwm_md,train
*Nc1ccccc1C1(c2cc(CC)ccc2N*)CCCCC1,0.36032585,uwm_md,train
*Nc1ccccc1C1(c2cc(C)ccc2N*)CCCCC1,0.36301614,uwm_md,train
*Nc1ccc(C[C@@H](C)c2ccc([C@H](C)Cc3ccc(N*)cc3)cc2)cc1,0.36054021,uwm_md,test
*Nc1ccc(-c2ccc(-c3ccc(N*)cc3)c(C(C)(C)C)c2)cc1,0.36296603,uwm_md,train
*Nc1ccccc1C(c1ccccc1N)(c1ccccc1N)c1ccccc1N*,0.36419174,uwm_md,train
*Nc1ccc(-c2ccc(N*)cc2-c2ccccc2)cc1,0.3506411,uwm_md,test
*Nc1cc(C)c(C(c2ccccc2)c2cc(C)c(N*)cc2C)cc1C,0.37754837,uwm_md,train
*Nc1ccc(-c2ccc3c(c2-c2ccc(N*)cc2)Cc2ccccc2-3)cc1,0.35793265,uwm_md,train
*Nc1ccc(N*)c(-c2cccc3ccccc23)c1,0.34706164,uwm_md,train
*Nc1cc2ccccc2c(N*)c1-c1ccccc1,0.3508717,uwm_md,train
*Nc1ccc(C2=CC(c3ccccc3)=C[C@@](c3ccccc3)(c3ccc(N*)cc3)[C@@H]2c2ccccc2)cc1,0.37453464,uwm_md,train
*Nc1ccc(C2(c3ccc(N*)cc3)c3cccc(C)c3-c3cccc(C)c32)cc1,0.3731668,uwm_md,train
*Nc1ccc(C2(c3ccc(N*)cc3)c3ccc(C)cc3-c3ccc(C)cc32)cc1,0.37924418,uwm_md,test
*Nc1ccc(Cc2ccc(Cc3ccc(Cc4ccc(N*)cc4)c(CC)c3)cc2CC)cc1,0.35948061,uwm_md,train
*Nc1ccc(Cc2ccc(Cc3ccc(Cc4ccc(N*)cc4)c(C)c3)cc2C)cc1,0.35373723,uwm_md,train
*Nc1ccc(C(c2ccc(N*)cc2)(C2CCCCC2)C2CCCCC2)cc1,0.3823599,uwm_md,train
*Nc1ccc(C(C)(C)C(C)(C)c2ccc(N*)cc2)cc1,0.35566412,uwm_md,train
*Nc1ccc(C(C)(CCC)c2ccc(N*)cc2)cc1,0.35256265,uwm_md,train
*Nc1ccc(C(C)(C)c2ccc(N*)cc2-c2ccccc2)cc1,0.35615321,uwm_md,test
*Nc1ccc(-c2ccc(N*)c(-c3ccc(N)cc3)c2)cc1,0.34495239,uwm_md,train
*Nc1ccc2c(N*)cc3cccc4ccc1c2c43,0.33523592,uwm_md,train
*Nc1ccc(N*)c(-c2cccc3ccccc23)c1-c1cccc2ccccc12,0.36200233,uwm_md,test
*Nc1ccc(C2(c3ccc(N*)cc3)C[C@H](C)CC(C)(C)C2)cc1,0.36369292,uwm_md,train
*Nc1ccc(Cc2cccc(Cc3ccc(N*)cc3)c2)cc1,0.3462571,uwm_md,train
*Nc1ccc(-c2ccc(N*)cc2-c2cccc(C)c2)c(-c2cccc(C)c2)c1,0.36515839,uwm_md,test
*Nc1ccccc1C(C)(c1ccccc1)c1ccccc1N*,0.3501796,uwm_md,train
*Nc1ccc(CC(Cc2ccc(N)cc2)c2ccc(N*)cc2)cc1,0.35372758,uwm_md,train
*Nc1ccc(C(=CC=C)c2ccc(N*)cc2)cc1,0.35869466,uwm_md,train
*Nc1ccc(C(=C2CCCCC2)c2ccc(N*)cc2)cc1,0.37173273,uwm_md,train
*Nc1ccc(/C=C/c2ccc(N*)cc2-c2ccccc2)c(-c2ccccc2)c1,0.35636906,uwm_md,train
*Nc1ccc(C(=C(c2ccc(N)cc2)c2ccc(N*)cc2)c2ccc(N)cc2)cc1,0.36763505,uwm_md,train
*Nc1cc(C)c(C2(c3c(C)cc(N*)cc3C(C)C)c3ccccc3-c3ccccc32)c(C(C)C)c1,0.39323,uwm_md,train
*Nc1ccc(-c2ccc(-c3ccccc3N*)cc2)cc1,0.343504,uwm_md,train
*Nc1ccc(C2(c3ccc(N*)c(C)c3)c3ccccc3-c3ccccc32)cc1C,0.38065417,uwm_md,train
*Nc1c(C(C)C)cc(C2(c3cc(C(C)C)c(N*)c(C(C)C)c3)c3ccccc3-c3ccccc32)cc1C(C)C,0.41778352,uwm_md,train
*Nc1ccc(-c2ccc(N*)cc2-c2cccc(C)c2)cc1,0.35636161,uwm_md,train
*Nc1ccc(-c2ccc(N*)cc2-c2cccc3ccccc23)cc1,0.35766068,uwm_md,test
*Nc1ccc(C(C)(c2ccccc2)c2ccc(N*)cc2)cc1,0.35460063,uwm_md,train
*Nc1ccc([C@@](C)(c2ccccc2)c2cccc(N*)c2)cc1,0.35514854,uwm_md,train
*Nc1cccc(C(C)(c2ccccc2)c2cccc(N*)c2)c1,0.35162648,uwm_md,train
*Nc1ccc([C@]23C[C@]4(c5ccc(N)cc5)C[C@](c5ccc(N)cc5)(C2)C[C@@](c2ccc(N*)cc2)(C4)C3)cc1,0.37559858,uwm_md,train
*Nc1ccc([C@@H](CC)c2cccc([C@H](CC)c3ccc(N*)cc3)c2)cc1,0.36105687,uwm_md,train
*NC[C@@H](CC(O)(COCCO)C[C@@H](N)CN)N*,0.29619414,uwm_md,train
*Nc1ccc(C(C)(C)c2ccc(C(C)(C)c3cccc(N*)c3)cc2)cc1,0.35860249,uwm_md,train
*Nc1ccc(C2(c3ccc(N*)cc3)Cc3ccc(cc3)C2)cc1,0.34766302,uwm_md,train
*Nc1ccc(-c2ccc(N*)cc2-c2ccc(C)cc2)c(-c2ccc(C)cc2)c1,0.36702255,uwm_md,train
*Nc1ccc(-c2c(N*)ccc(-c3ccccc3)c2-c2ccccc2)cc1,0.35943481,uwm_md,test
*Nc1ccc(-c2cc(N*)ccc2-c2ccccc2)cc1,0.34986039,uwm_md,train
*Nc1ccc(-c2ccc(N*)c(-c3ccccc3)c2-c2ccccc2)cc1,0.36015628,uwm_md,train
*Nc1ccc(Cc2cccc(C(C)(C)c3ccc(N*)cc3)c2)cc1,0.35256271,uwm_md,train
*Nc1ccc([C@@H](C)c2ccc(C(C)(C)c3ccc(N*)cc3)cc2)cc1,0.35607415,uwm_md,train
*Nc1ccc(C(=CC=C(c2ccccc2)c2ccccc2)c2ccc(N*)cc2)cc1,0.3719653,uwm_md,test
*Nc1ccc(C)c(-c2c(C)ccc(N*)c2C)c1C,0.36618089,uwm_md,train
*Nc1ccc(-c2ccccc2Cc2ccccc2-c2ccc(N*)cc2)cc1,0.35310719,uwm_md,train
*Nc1nc(N*)c(N)nc1N,0.31946255,uwm_md,train
*Nc1ccc(-c2ccc(N*)cc2-c2ccccc2)c(-c2ccccc2)c1,0.35503218,uwm_md,train
*Nc1ccc(-c2c(-c3ccc(C)cc3)c(-c3ccc(C)cc3)c(N*)c(-c3ccc(C)cc3)c2-c2ccc(C)cc2)cc1,0.3873239,uwm_md,train
*Nc1ccc(-c2ccc(N*)c(-c3ccc(C)cc3C)c2-c2ccc(C)cc2C)cc1,0.37968656,uwm_md,train
*Nc1ccc(-c2ccc(N*)c(-c3ccc(C(C)(C)C)cc3)c2-c2ccc(C(C)(C)C)cc2)cc1,0.37953942,uwm_md,train
*Nc1ccc(-c2ccc(N*)cc2-c2ccc(C(C)(C)C)cc2)cc1,0.3670132,uwm_md,train
*Nc1ccc(C2(c3ccc(N*)cc3)CCC(CC3CCCCC3)CC2)cc1,0.36004283,uwm_md,train
*Nc1ccc(C2(c3ccc(N*)cc3)CCC(CC)CC2)cc1,0.35312515,uwm_md,train
*Nc1ccc(Cc2ccc(Cc3ccc(N*)cc3)cc2)cc1,0.34845951,uwm_md,train
*Nc1ccc(C2(c3ccc(N*)cc3)CCC([C@H]3CC[C@H](CCCCCCC)CC3)CC2)cc1,0.36335204,uwm_md,test
*Nc1ccc(Cc2ccc(C3(c4ccc(Cc5ccc(N*)cc5)cc4)CCC(CC[C@H]4CC[C@H](CCCC)CC4)CC3)cc2)cc1,0.36481591,uwm_md,test
*Nc1ccc(C2(c3ccc(N*)cc3)CCC(C[C@H]3CC[C@H](CCC)CC3)CC2)cc1,0.36143785,uwm_md,train
*Nc1ccc(C2(c3ccc(N*)cc3)CCC(C)CC2)cc1,0.35879292,uwm_md,train
*Nc1ccc(C2(c3ccc(N*)cc3)CCC([C@H]3CC[C@H](C)CC3)CC2)cc1,0.36506372,uwm_md,train
*Nc1ccc(C2(c3ccc(N*)cc3)CCC(Cc3ccccc3)CC2)cc1,0.35467906,uwm_md,test
*Nc1ccc(Cc2ccccc2Cc2ccc(N*)cc2)cc1,0.34535676,uwm_md,train
*Nc1ccc(-c2ccc(N*)c(-c3cccc(C)c3)c2-c2cccc(C)c2)cc1,0.37320004,uwm_md,train
*Nc1ccc(-c2cc(N*)ccc2-c2ccc(N)cc2)cc1,0.34901501,uwm_md,train
*Nc1ccc(-c2cccc(-c3ccc(N*)cc3)c2)cc1,0.34163964,uwm_md,train
*Nc1ccc(N*)c(-c2ccc3ccccc3c2)c1,0.34047659,uwm_md,train
*Nc1ccc(C2(c3ccc(N*)cc3)C3=CCC=CC3=Cc3ccccc32)cc1,0.36488932,uwm_md,train
*Nc1ccc2ccc3cccc4cc(N*)c1c2c34,0.33162046,uwm_md,test
*Nc1ccc([C@@H](CC)c2ccccc2[C@H](CC)c2ccc(N*)cc2)cc1,0.36286788,uwm_md,train
*Nc1ccc(Cc2ccc(N*)c(CC)c2CC)c(CC)c1CC,0.37391243,uwm_md,test
*NC1=Cc2cccc3ccc(N*)c1c23,0.33737221,uwm_md,train
*Nc1ccc([C@H](CC)c2ccc([C@@H](CC)c3ccc(N*)cc3)cc2)cc1,0.3623964,uwm_md,train
*Nc1ccccc1-c1ccc2cc3ccccc3cc2c1-c1ccccc1N*,0.35945408,uwm_md,train
*Nc1ccc(N*)c2cc3ccccc3cc12,0.33960265,uwm_md,train
*Nc1ccc(-c2c(-c3ccccc3)c(-c3ccccc3)c(N*)c(-c3cccc(C)c3)c2-c2cccc(C)c2)cc1,0.3833667,uwm_md,train
*Nc1ccc2cc3ccc(N*)cc3cc2c1,0.34118592,uwm_md,train
*Nc1ccc(CCC)c2c(N*)cccc12,0.34473863,uwm_md,train
*Nc1ccc(C)c2c(N*)cccc12,0.33694341,uwm_md,train
*Nc1ccc(C)c2c(N*)ccc(C)c12,0.33933851,uwm_md,test
*Nc1ccc(Cc2ccc(N*)c(C)c2)c(CC)c1,0.3496197,uwm_md,train
*Nc1ccc(CCCCc2ccc(N*)cc2)cc1,0.34199263,uwm_md,train
*Nc1ccc(/N=N/c2ccc(/C=C/c3ccc(/N=N/c4ccc(N*)c5ccccc45)cc3)cc2)c2ccccc12,0.36475136,uwm_md,test
*Nc1ccc([C@H](CCC)c2ccc(C3(c4ccc([C@@H](CCC)c5ccc(N*)cc5C)cc4)CCC(CC)CC3)cc2)c(C)c1,0.37733794,uwm_md,test
*Nc1cc(C)c(Cc2ccc(CCCCCc3ccc(Cc4c(C)cc(N*)cc4C)cc3)cc2)c(C)c1,0.36173822,uwm_md,test
*Nc1cc(C)c(Cc2ccc(CCCCc3ccc(Cc4c(C)cc(N*)cc4C)cc3)cc2)c(C)c1,0.36087708,uwm_md,train
*Nc1ccc([C@H](CCC)c2ccc(C(CCCC)c3ccc([C@@H](CCC)c4ccc(N*)cc4)cc3)cc2)cc1,0.36924197,uwm_md,train
*Nc1cc(C)c(Cc2ccc(CCCCCCCCCc3ccc(Cc4c(C)cc(N*)cc4C)cc3)cc2)c(C)c1,0.36147124,uwm_md,train
*Nc1cc(C)c(Cc2ccc(CCc3ccc(Cc4c(C)cc(N*)cc4C)cc3)cc2)c(C)c1,0.36377279,uwm_md,train
*Nc1cc(C)c(Cc2ccc(CCCCCCCCc3ccc(Cc4c(C)cc(N*)cc4C)cc3)cc2)c(C)c1,0.35897643,uwm_md,train
*Nc1ccc(CC(C)(Cc2ccc(N)cc2)Cc2ccc(N*)cc2)cc1,0.34821769,uwm_md,test
*Nc1ccc(C(c2ccc(N*)cc2)=c2ccc(=C(c3ccc(N)cc3)c3ccc(N)cc3)cc2)cc1,0.37954577,uwm_md,train
*Nc1ccc(C(CC)(CC)c2ccc(N*)cc2)cc1,0.3582996,uwm_md,train
*Nc1c(N)c(N)c2c(c1N*)C(C=C)(C=C)OC2=O,0.32341384,uwm_md,train
*Nc1ccc(C(C)C)c(-c2cccc(-c3cc(N*)ccc3C(C)C)c2)c1,0.3756884,uwm_md,train
*Nc1cc(Oc2ccccc2)c(N*)c2c1C(=O)c1c(N)c(Oc3ccccc3)cc(N)c1C2=O,0.34012349,uwm_md,test
*Nc1cc(C)c(N*)c2c1C(=O)c1c(N)c(C)cc(N)c1C2=O,0.34660788,uwm_md,train
*Nc1ccc(C(Cc2ccccc2)(Cc2ccccc2)c2ccc(N*)cc2)cc1,0.36110645,uwm_md,train
*Nc1ccc(C2(c3ccccc3N*)c3ccccc3-c3ccccc32)cc1,0.36926653,uwm_md,train
*Nc1ccc(C2(c3ccc(N*)cc3)CCCC[C@H]2C[C@H]2CC[C@H](CCCCC)CC2)cc1,0.37129511,uwm_md,train
*N/N=C(\N*)c1nc2c(N)nc(-c3ccccc3)nc2nc1N,0.35087811,uwm_md,train
*Nc1ccc(CCCCCc2ccc(N*)cc2)cc1,0.34584996,uwm_md,train
*Nc1c(/C=N/O)cc(/C=N/O)c(N*)c1N,0.3106329,uwm_md,test
*Nc1ccc(C(C)(c2ccc(C)cc2)c2ccc(N*)cc2)cc1,0.36023204,uwm_md,test
*Nc1nc(=S)[nH]c(N*)c1N,0.30575132,uwm_md,train
*NC[C@@]12C[C@H]3C[C@@H](C1)C[C@](c1ccc(N*)cc1)(C3)C2,0.3397788,uwm_md,train
*Nc1ccc(-c2c3ccccc3c(-c3ccc(N*)cc3)c3ccccc23)cc1,0.3582881,uwm_md,train
*Nc1nc(N*)n(N)c(=O)n1,0.30702692,uwm_md,train
*NC1=C(N)N[C@H](N*)NC1=O,0.28322193,uwm_md,train
*Nc1cc(=O)c(N*)c(N)[nH]1,0.2918774,uwm_md,test
*Nc1ccc(C(C#N)(c2ccc(N)cc2)c2ccc(N*)cc2)cc1,0.35848755,uwm_md,train
*Nc1ccc(C(C)(C)c2cccc(C(C)(C)c3ccc(N*)cc3)c2)cc1,0.35847622,uwm_md,train
*Nc1c2nc(C)n(N)c(=O)c2cc2c(=O)n(N*)c(C)nc12,0.36303676,uwm_md,train
*NCC[C@@]12C[C@@H]3C[C@@H](C[C@@](c4ccc(N*)cc4)(C3)C1)C2,0.33910824,uwm_md,test
*Nc1ccc([C@@]23C[C@H]4C[C@H]5[C@@H]2C[C@H]2C[C@@H]3[C@@H](C4)[C@]5(c3ccc(N*)cc3)C2)cc1,0.36708387,uwm_md,test
*Nc1ccc([C@]23C[C@H]4[C@@H]5C[C@]6(c7ccc(N*)cc7)C[C@H]4[C@H](C2)[C@@H](C6)[C@@H]5C3)cc1,0.3645152,uwm_md,train
*Nc1ccc(C2(c3ccc(N*)cc3)[C@H]3C[C@@H]4C[C@@H](C[C@H]2C4)C3)cc1,0.36122631,uwm_md,train
*Nc1ccc([C@]23C[C@H]4C[C@H](C[C@](c5ccc(N*)cc5)(C4)C2)C3)cc1,0.34941941,uwm_md,train
*NC[C@@]12C[C@H]3C[C@@H](C1)C[C@](c1ccc(N*)cc1)(C3)C2,0.34097436,uwm_md,train
*Nc1nc(N*)n(N)c(=S)n1,0.31626297,uwm_md,train
*NNc1ccc2ccccc2c1-c1c(NN*)ccc2ccccc12,0.36169901,uwm_md,train
*Nc1cc(N*)c2nc(-c3ccc(-c4nc5c(N)cc(N)c(N)c5c(=O)o4)cc3)oc(=O)c2c1N,0.35583172,uwm_md,test
*Nc1cccc2cc3c(N*)cccc3cc12,0.34156849,uwm_md,train
*Nc1ccc([C@]2(c3ccccc3)CC[C@H](N*)CC2)cc1,0.34589131,uwm_md,train
*Nc1ccc(-c2cccc3cccc(-c4ccc(N*)cc4)c23)cc1,0.3474253,uwm_md,train
*Nc1cc(N*)c(/N=N/c2ccc(S(=O)(=O)O)cc2)c(N)c1C,0.34174753,uwm_md,test
*N/C1=N/OC(O)(O)O/N=C(/N*)C/C(N)=N/OC(O)(O)O/N=C(\N)C1,0.28254764,uwm_md,train
*Nc1ccc2ccc3ccc(N*)cc3c2c1,0.33497194,uwm_md,train
*Nc1ccc(C(Cc2ccccc2)c2ccc(N*)c(C)c2C)c(C)c1C,0.36251454,uwm_md,test
*Nc1ccc(-c2cc(N*)ccc2-c2c(-c3ccccc3)ccc(-c3ccccc3)c2-c2ccccc2)cc1,0.36283476,uwm_md,test
*Nc1ccc(/C(C)=C/C(C)(C)c2ccc(N*)cc2)cc1,0.35500937,uwm_md,train
*Nc1ccc(C(c2ccc(N*)cc2)c2cc(C(C)C)cc(C(C)C)c2)cc1,0.37601699,uwm_md,train
*Nc1c(C)cc(C2(c3cc(C)c(N*)c(C(C)C)c3)c3ccccc3-c3ccccc32)cc1C(C)C,0.40331022,uwm_md,train
*Nc1ccc([C@H](CC)c2ccc(C3(c4ccc([C@@H](CC)c5ccc(N*)cc5)cc4)CCC(CCCCC)CC3)cc2)cc1,0.3695966,uwm_md,train
*Nc1ccc(/C=C/c2cc3ccccc3cc2/C=C/c2ccc(N*)cc2)cc1,0.35386503,uwm_md,train
*Nc1ccc(-c2c(-c3ccccc3)ccc(N*)c2-c2ccccc2)cc1,0.36149058,uwm_md,train
*Nc1ccc(C(C)(C)c2cc(C(C)(C)c3ccc(N)cc3)cc(C(C)(C)c3ccc(N*)cc3)c2)cc1,0.36915657,uwm_md,train
*Nc1ccc(/C(=C(\c2ccccc2)c2ccc(N*)cc2)c2ccccc2)cc1,0.37327276,uwm_md,train
*Nc1ccc(/C=C/c2ccccc2/C=C/c2ccc(N*)cc2)cc1,0.35311635,uwm_md,train
*Nc1ccc(-c2cc(C)c(-c3ccc(N*)cc3)c(C)c2N)cc1,0.36789723,uwm_md,train
*Nc1ccc(/C=C/c2c3ccccc3c(/C=C/c3ccc(N*)cc3)c3ccccc23)cc1,0.3630577,uwm_md,train
*Nc1c(CC)cc(C2(c3cc(CC)c(N*)c(C(C)C)c3)c3ccccc3-c3ccccc32)cc1C(C)C,0.40355199,uwm_md,train
*Nc1c2ccccc2c(N*)c2c(-c3ccccc3)cccc12,0.35157885,uwm_md,train
*Nc1c(-c2ccccc2)cc(C(CC)c2cc(-c3ccccc3)c(N*)c3ccccc23)c2ccccc12,0.37493532,uwm_md,train
*Nc1ccc(/C=C/c2ccc3ccccc3c2/C=C/c2ccc(N*)cc2)cc1,0.35372743,uwm_md,train
*Nc1c(-c2ccccc2)cc(Cc2cc(-c3ccccc3)c(N*)c3ccccc23)c2ccccc12,0.3626091,uwm_md,train
*Nc1ccc(-c2cccc(N*)c2-c2ccccc2)cc1,0.35759716,uwm_md,train
*Nc1cc(-c2ccccc2)c(-c2ccccc2N*)cc1-c1ccccc1,0.35590858,uwm_md,test
*Nc1ccc(C[C@@H](C)C2(Cc3ccc(N*)cc3)CCCCC2)cc1,0.3481947,uwm_md,train
*Nc1ccc(/C=C/c2cccc3c(/C=C/c4ccc(N*)cc4)cccc23)cc1,0.35439971,uwm_md,test
*Nc1c(N)c(O)c(N)c(N2CCCCC2)c1N*,0.33028423,uwm_md,train
*Nc1ccc(N*)c2c3ccc(cc3)c12,0.33588692,uwm_md,train
*Nc1ccc(-c2ccc(N*)c3c2CCCC3)cc1,0.35475566,uwm_md,test
*Nc1ccc(/C=C/c2ccc3cc(/C=C/c4ccc(N*)cc4)ccc3c2)cc1,0.35285493,uwm_md,train
*NNc1ccc(-c2ccc(NN*)c(-c3ccccc3)c2-c2ccccc2)cc1,0.37163024,uwm_md,train
*Nc1ccc(-c2ccc(N*)c(C)c2-c2ccccc2)cc1,0.35793789,uwm_md,train
*Nc1cccc(-c2cccc3ccccc23)c1N*,0.34900624,uwm_md,train
*Nc1ccc(CCCc2cccc(CCCc3ccc(N*)cc3)c2)cc1,0.34755922,uwm_md,train
*Nc1ccc(/C=C/c2ccc(/C=C/c3ccc(N*)cc3)c3ccccc23)cc1,0.3544734,uwm_md,train
*Nc1ccc(C(C)(c2ccc(N*)cc2)C2C3=CC=CC2=C3)cc1,0.35568458,uwm_md,train
*Nc1cccc(-c2c(N*)cccc2-c2ccccc2)c1,0.35005317,uwm_md,train
*Nc1ccc(-c2c(-c3ccccc3)cc(N*)c(C)c2-c2ccccc2)cc1,0.36604674,uwm_md,train
*Nc1ccc(-c2c(-c3ccccc3)c(-c3ccccc3)c(N*)c(-c3ccccc3)c2-c2ccccc2)c(C)c1C,0.3811955,uwm_md,test
*Nc1c(CC)cc(Cc2cc(CC)c(N*)c3ccccc23)c2ccccc12,0.36700436,uwm_md,train
*Nc1ccc(-c2ccc(N*)c(-c3ccc(C)cc3)c2-c2ccc(C)cc2)cc1,0.37033233,uwm_md,train
*Nc1c(/C=N\O)cc(/C=N\O)c(N*)c1N,0.30882264,uwm_md,train
*NC[C@H](N*)C(=O)[C@@H](N)[C@H](N)C=O,0.30524997,uwm_md,train
*NCCc1c(N*)ccc2ccccc12,0.33294897,uwm_md,test
*Nc1ccc(-c2c(C)c(-c3ccccc3)c(N*)c(-c3ccccc3)c2-c2ccccc2)c(C)c1-c1ccccc1,0.38234636,uwm_md,train
*Nc1ccc([C@H](c2ccccc2N*)C(c2ccc(N)cc2)c2ccc(N)cc2)cc1,0.37002899,uwm_md,train
*Nc1ccc(C(CCc2ccccc2)c2ccc(N*)cc2)cc1,0.3465212,uwm_md,train
*Nc1ccc(-c2c(N*)ccc3ccccc23)cc1,0.34543683,uwm_md,train
*Nc1ccc([C@](C)(CC)c2cccc([C@](C)(CC)c3ccc(N*)cc3)c2)cc1,0.36284184,uwm_md,train
*Nc1ccc(-c2c(CC)ccc(N*)c2-c2ccccc2)cc1,0.3658892,uwm_md,train
*Nc1ccc2c(-c3c(C)c(N)c(C)c(N*)c3C)c(N)ccc2c1,0.36932958,uwm_md,train
*Nc1ccc(-c2ccc3cc4ccc(-c5ccc(N*)cc5)cc4cc3c2)cc1,0.34703567,uwm_md,train
*Nc1ccc([C@H](c2cccc(N*)c2)C(c2cccc(N)c2)c2cccc(N)c2)cc1,0.35918801,uwm_md,train
*Nc1c(N)c(N)c2c(c1N*)C(=O)OC2=O,0.32340891,uwm_md,train
*Nc1cc(C)c2c(N*)cccc2c1,0.34129811,uwm_md,train
*NCCCc1c2ccccc2c(N*)c2ccccc12,0.33990323,uwm_md,train
*NCCCc1ccc2ccc3ccc(N*)cc3c2c1,0.33634808,uwm_md,test
*NCCc1ccc2ccc3ccc(N*)cc3c2c1,0.33458647,uwm_md,test
*NCCc1c2ccccc2c(N*)c2ccccc12,0.33811641,uwm_md,train
*Nc1ccc2c(c1)c(C)c(-c1ccccc1)c1cc(N*)ccc12,0.35070087,uwm_md,train
*Nc1ccc(C(CCCC[C@H]2CC[C@H](/C=C/[C@H]3CC[C@H](CCC)CC3)CC2)c2ccc(N*)cc2)cc1,0.3683838,uwm_md,train
*Nc1cc2c3ccccc3c(N*)cc2c2ccccc12,0.3388047,uwm_md,train
*Nc1ccc(Cc2ccc(-c3ccc(N*)cc3)cc2)cc1,0.34759302,uwm_md,train
*Nc1ccc(-c2ccc(-c3cccc(N*)c3)cc2)cc1,0.34006851,uwm_md,test
*Nc1ccc(-c2ccc3c4ccc(-c5ccc(N*)cc5)cc4c4ccccc4c3c2)cc1,0.34206693,uwm_md,train
*Nc1ccc(-c2ccc(-c3ccc(N*)cc3)c3cc(C)ccc23)cc1,0.36429835,uwm_md,test
*Nc1ccc(-c2ccc(-c3cc(-c4ccc(N*)cc4)cc(-c4ccc(-c5ccc(C)cc5)cc4)c3)cc2)cc1,0.35439862,uwm_md,train
*Nc1ccccc1-c1c(N)ccc2c(-c3ccccc3N)c(N*)ccc12,0.35001421,uwm_md,train
*Nc1cc(-c2c(N*)ccc3ccccc23)c(N)cc1[C@@H]1c2ccccc2C=C[C@H]1N,0.34308661,uwm_md,train
*Nc1ccc(C2(c3ccc(N*)c(C)c3)c3ccccc3Cc3ccccc32)cc1C,0.37721583,uwm_md,train
*Nc1ccc2c(c1)-c1cc(N*)ccc1C21c2ccccc2-c2ccccc21,0.38016064,uwm_md,test
*Nc1ccc(C2(c3ccc(N*)cc3)CCC(c3ccccc3)CC2)cc1,0.35979083,uwm_md,train
*Nc1cccc2c(C)c3c(N*)cccc3c(C)c12,0.33227337,uwm_md,train
*Nc1ccc2c(c1)c(C)c(C)c1cc(N*)ccc12,0.33627798,uwm_md,train
*Nc1ccc(C2(c3ccc(N*)cc3)CCC(C(C)(C)C)CC2)cc1,0.36342823,uwm_md,test
*NC1=CC=C2C=CC=C[C@H]2[C@@H]1c1c(N*)ccc2ccccc12,0.34641044,uwm_md,train
*Nc1ccc(N*)c2c1C[C@@H](O)[C@H]2N,0.32527801,uwm_md,train
*Nc1ccc(/C=C/c2c3ccccc3c(-c3c4ccccc4c(CCc4ccc(N*)cc4)c4ccccc34)c3ccccc23)cc1,0.36999333,uwm_md,test
*Nc1ccc(C(C)(CCc2ccccc2)c2ccc(N*)cc2)cc1,0.35015139,uwm_md,train
*Nc1ccc(C(C)(CCCCC)c2ccc(N*)cc2)cc1,0.35858625,uwm_md,test
*Nc1ccc(C(C)(CCC(C)C)c2ccc(N*)cc2)cc1,0.3593959,uwm_md,test
*Nc1ccc(C(CCC)(CCC)c2ccc(N*)cc2)cc1,0.36239191,uwm_md,train
*Nc1ccc(C(C)(c2ccc(N*)cc2)C(C)C)cc1,0.35465545,uwm_md,train
*Nc1ccc(C(CC)(CCC)c2ccc(N*)cc2)cc1,0.35892089,uwm_md,test
*Nc1ccc(C(CC)(CCCC)c2ccc(N*)cc2)cc1,0.36309206,uwm_md,train
*Nc1ccc(C(c2ccc(N*)cc2)c2ccc(C(C)C)cc2)cc1,0.36575628,uwm_md,train
*Nc1ccc(C(C)(CCCC)c2ccc(N*)cc2)cc1,0.35842613,uwm_md,train
*Nc1ccc(C(CC)(CCC(C)C)c2ccc(N*)cc2)cc1,0.36819424,uwm_md,train
*Nc1ccc(C(C)(CC(C)C)c2ccc(N*)cc2)cc1,0.35303022,uwm_md,train
*Nc1ccc(C(CCCC)(CCCC)c2ccc(N*)cc2)cc1,0.3699291,uwm_md,train
*Nc1ccc(C(C)(CCCCCC)c2ccc(N*)cc2)cc1,0.36233629,uwm_md,test
*Nc1ccc(C(CC)(C[C@H](C)CC)c2ccc(N*)cc2)cc1,0.35671255,uwm_md,test
*Nc1ccc(C(CC)(CCCCCC)c2ccc(N*)cc2)cc1,0.36353044,uwm_md,train
*Nc1ccc(C(C)(Cc2ccccc2)c2ccc(N*)cc2)cc1,0.35508856,uwm_md,train
*Nc1ccc(C(Cc2ccccc2)c2ccc(N*)cc2)cc1,0.35034415,uwm_md,train
*Nc1ccc(C(c2ccc(N*)cc2)(C(C)C)C(C)C)cc1,0.36562181,uwm_md,train
*Nc1ccc(C(CC(C)C)(CC(C)C)c2ccc(N*)cc2)cc1,0.36637357,uwm_md,test
*Nc1ccc(C(CC)(CCCCC)c2ccc(N*)cc2)cc1,0.36534914,uwm_md,train
*Nc1ccc(C)c(C)c1-c1c(N*)ccc(C)c1C,0.36698246,uwm_md,test
*Nc1cc2c(cc1N*)C(=O)c1cc(N)c(N)cc1C2=O,0.34542857,uwm_md,train
*Nc1ccc2c(C)c3cc(N*)ccc3c(C)c2c1,0.34480504,uwm_md,test
*Nc1ccc(C(c2ccc(N*)cc2)=c2ccc(=C)cc2)cc1,0.364906,uwm_md,test
*Nc1ccc(-c2ccc(-c3cc(-c4ccc(N*)cc4)cc(-c4ccc(-c5ccc(N)cc5)cc4)c3)cc2)cc1,0.35536772,uwm_md,train
*NC1=CC(CC)=C(N*)[C@H]2C(=O)c3c(N)ccc(N)c3C(=O)[C@@H]12,0.33783648,uwm_md,train
*NC1=CC=C2C=Cc3c(N*)ccc4c3[C@H]2[C@@H]1C=C4,0.33488674,uwm_md,train
*Nc1cc(C)c(-c2c(C)cc(N*)cc2-c2ccccc2)c(-c2ccccc2)c1,0.36600387,uwm_md,train
*NC1=C(N*)C(=Nc2c(C)cccc2C)C(N)=C(N)C1=O,0.33122927,uwm_md,test
*Nc1ccc2c(c1)-c1ccc3c4ccc5c6c(ccc(c7ccc(c1c73)C2)c64)-c1cc(N*)ccc1C5,0.34349672,uwm_md,train
*Nc1ccc(-c2ccc(N*)cc2-c2cccc3ccccc23)c(-c2cccc3ccccc23)c1,0.35926745,uwm_md,train
*Nc1cccc2cc3cccc(N*)c3cc12,0.33370765,uwm_md,train
*Nc1ccc(N*)c(-c2ccc3ccccc3c2)c1-c1ccc2ccccc2c1,0.35818164,uwm_md,train
*Nc1ccc(-c2ccc(N*)c(-c3cccc(C)c3-c3ccccc3)c2)cc1,0.35748308,uwm_md,train
*Nc1ccc(-c2ccc(N*)cc2-c2ccccc2-c2ccccc2C)cc1,0.36316601,uwm_md,train
*Nc1ccc([C@@H]2C=C(C(C)C)C=C[C@@]2(c2ccc(N*)cc2)C(C)C)cc1,0.36697228,uwm_md,train
*Nc1ccc(C(CC)c2ccc(N*)c(Cc3ccccc3)c2Cc2ccccc2)c(Cc2ccccc2)c1Cc1ccccc1,0.36855173,uwm_md,test
*Nc1ccc(-c2cc(-c3ccc(N)c(C)c3)cc(-c3ccc(N*)c(C)c3)c2)cc1C,0.36074996,uwm_md,train
*Nc1ccc(-c2cc(-c3ccc(N)c(CC)c3)cc(-c3ccc(N*)c(CC)c3)c2)cc1CC,0.36495902,uwm_md,test
*Nc1ccc(-c2cc(-c3ccc(N)cc3C)cc(-c3ccc(N*)cc3C)c2)c(C)c1,0.3665509,uwm_md,train
*Nc1ccc(-c2ccc(N*)cc2-c2ccc(C=C)cc2)c(-c2ccc(C=C)cc2)c1,0.35833444,uwm_md,train
*Nc1ccc(-c2ccc(N*)c(-c3ccc(C=C)cc3)c2-c2ccc(C=C)cc2)cc1,0.35874439,uwm_md,train
*Nc1ccc(-c2ccc(N*)c(/C=C/c3ccccc3)c2/C=C/c2ccccc2)cc1,0.35976311,uwm_md,train
*NC1=CC=C(c2ccc(N*)cc2)C(C)(C)[C@@H]1c1ccccc1,0.35401521,uwm_md,train
*Nc1ccc(C2=CC[C@](N*)(c3ccccc3)C=C2)cc1,0.34500109,uwm_md,train
*Nc1ccc(C[C@@H](c2ccccc2)c2ccc(N*)cc2)cc1,0.35117651,uwm_md,train
*Nc1cccc(-c2cc(N*)ccc2-c2ccccc2)c1,0.35055049,uwm_md,train
*Nc1ccc2c(c1)[C@@]1(c3ccccc3-2)c2ccccc2-c2cccc(-c3ccccc3N*)c21,0.3737942,uwm_md,train
*Nc1cc(N*)c(Cc2cc(C)c(N)cc2N)cc1C,0.35659354,uwm_md,train
*Nc1ccc2cccc3c2c1C=C[C@@H]3N*,0.32848339,uwm_md,train
*Nc1ccc2c(c1)C(c1ccccc1)(c1ccccc1)c1cc(N*)ccc1-2,0.37169398,uwm_md,train
*Nc1ccc(C2(c3ccc(N*)cc3)CC2)cc1,0.35420303,uwm_md,test
*Nc1ccc(C(c2ccc(N*)cc2)C2CCCCC2)cc1,0.36335791,uwm_md,train
*Nc1ccc2c(c1)C(Cc1ccccc1)c1cc(N*)ccc1-2,0.35149388,uwm_md,test
*Nc1ccc(C2(c3ccc(N*)cc3)CCCCCCC2)cc1,0.35406496,uwm_md,train
*Nc1ccccc1/C=C/c1ccc2ccccc2c1/C=C/c1ccccc1N*,0.35648517,uwm_md,train
*Nc1ccccc1-c1cccc2c1C=C[C@H]2[C@@H]1c2ccccc2-c2c(-c3ccccc3N*)cccc21,0.36637349,uwm_md,train
*Nc1cccc(-c2cc(N*)ccc2-c2ccccc2-c2ccccc2-c2ccccc2)c1,0.35857012,uwm_md,train
*Nc1ccccc1-c1c(N*)cccc1-c1ccccc1-c1ccccc1-c1ccccc1,0.3650485,uwm_md,train
*Nc1ccc(-c2ccc(N*)c(-c3ccccc3)c2)cc1-c1ccccc1,0.35335103,uwm_md,train
*Nc1ccc(-c2ccc(N*)c(CC=C)c2CC=C)cc1,0.3502113,uwm_md,train
*Nc1ccccc1CC(c1ccccc1N)(c1ccccc1N)c1ccccc1N*,0.34821531,uwm_md,train
*Nc1ccc([C@@H](C2=CCC(N)(N*)C=C2)c2ccccc2)cc1,0.3443427,uwm_md,train
*Nc1ccc(C2(c3ccc(N*)cc3)C=C(C(C)C)C=C[C@@H]2C(C)C)cc1,0.37150212,uwm_md,train
*Nc1ccc(Cc2ccc(C3(c4ccc(Cc5ccc(N*)cc5)cc4)C=C[C@@H](CCCC)CC3)cc2)cc1,0.36309112,uwm_md,train
*Nc1ccc(-c2ccc(N*)cc2-c2ccccc2-c2ccc(C)cc2)cc1,0.35953405,uwm_md,train
*Nc1c(C)cc(C[C@H](c2cc(C)c(N*)c(C)c2)[C@@H](Cc2ccc(N)c(C(C)(C)C)c2)c2ccc(N)c(C(C)(C)C)c2)cc1C,0.38595192,uwm_md,test
*Nc1c(C)cc(C(c2cc(C)c(N*)c(C)c2)C(c2ccc(N)c(C(C)(C)C)c2)c2ccc(N)c(C(C)(C)C)c2)cc1C,0.39156416,uwm_md,train
*Nc1ccc(C(CC)(c2ccc(N)cc2)c2ccc(N*)cc2)cc1,0.36099654,uwm_md,train
*Nc1ccc(-c2ccc(N*)c(Cc3ccccc3)c2Cc2ccccc2)c(Cc2ccccc2)c1Cc1ccccc1,0.35710982,uwm_md,train
*Nc1cccc(-c2cccc(-c3cccc(N)c3)c2-c2cccc(N*)c2)c1,0.35421263,uwm_md,train
*Nc1ccc(-c2ccc(N*)c(-c3cccc4ccccc34)c2)cc1,0.34848599,uwm_md,test
*Nc1ccc(C2(c3ccc(N*)c([C@]45C[C@H]6C[C@H](C[C@H](C6)C4)C5)c3)c3ccccc3-c3ccccc32)cc1[C@]12C[C@H]3C[C@H](C[C@H](C3)C1)C2,0.39273082,uwm_md,train
*Nc1ccc(C2(c3ccc(N*)cc3)c3cc([C@]45C[C@H]6C[C@H](C[C@H](C6)C4)C5)ccc3-c3ccc([C@]45C[C@H]6C[C@H](C[C@H](C6)C4)C5)cc32)cc1,0.39779257,uwm_md,test
*Nc1ccc(C2(c3ccc(N*)cc3)[C@H]3C[C@@H]4C[C@H](C3)C[C@@]2([C@]23C[C@H]5C[C@H](C[C@H](C5)C2)C3)C4)cc1,0.36595891,uwm_md,train
*Nc1cccc(-c2ccccc2-c2ccccc2-c2cc(N*)ccc2-c2ccccc2)c1,0.3577192,uwm_md,train
*Nc1ccc(C2(N*)C=CC(c3ccc(N)cc3)(c3ccc(N)cc3)C=C2)cc1,0.36932897,uwm_md,train
*N[C@H]1OC(N)(N*)NC1=O,0.29071263,uwm_md,train
*Nc1ccc(C(c2ccc(N)c(C)c2C)c2ccc(N*)c(C)c2C)c(C)c1C,0.38011149,uwm_md,train
*Nc1ccc(CCCc2ccc(N*)c(-c3ccc(C)cc3)c2-c2ccc(C)cc2)c(-c2ccc(C)cc2)c1-c1ccc(C)cc1,0.38190375,uwm_md,test
*Nc1ccc2cc1C(C)(C)c1cc(ccc1N*)-c1ccc-2cc1,0.34941834,uwm_md,train
*Nc1ccc(Cc2ccc(CCC(CC)(c3ccc(Cc4ccc(N)cc4)cc3)c3ccc(Cc4ccc(N*)cc4)cc3)cc2)cc1,0.36374897,uwm_md,train
*NC1(N)C=C(C2=C(c3ccccc3)C(N)(N)[C@@](O)(N*)C(c3ccccc3)=C2)C=C[C@@]1(N)O,0.3198717,uwm_md,train
*Nc1ccc(/C=C(/c2ccc(N*)cc2)c2cccc(C)c2)cc1,0.3641488,uwm_md,train
*Nc1ccc(-c2ccc(N*)c(C)c2-c2cccc(C)c2)cc1C,0.36515861,uwm_md,test
*Nc1ccc(Cc2ccc(Cc3ccc(N*)c(C)c3C)cc2)c(C)c1C,0.35499508,uwm_md,test
*Nc1ccc(-c2ccc(C3=CC[C@](N*)(c4ccccc4)C=C3)cc2)cc1,0.34703022,uwm_md,train
*Nc1ccc(-c2ccc(N*)cc2-c2ccccc2[C@@H](C)CC)c(-c2ccccc2[C@@H](C)CC)c1,0.37601542,uwm_md,train
*Nc1ccc(-c2ccc(N*)cc2-c2ccccc2CC)c(-c2ccccc2CC)c1,0.3676166,uwm_md,train
*Nc1ccc(-c2ccc(N*)cc2-c2ccccc2C(C)(C)C)c(-c2ccccc2C(C)(C)C)c1,0.37633983,uwm_md,train
*Nc1ccc(-c2ccc(N*)cc2-c2ccccc2CCC)c(-c2ccccc2CCC)c1,0.36819448,uwm_md,train
*Nc1ccc(-c2ccc(N*)cc2-c2ccccc2CCCC)c(-c2ccccc2CCCC)c1,0.36989526,uwm_md,train
*Nc1ccc(-c2ccc(N*)c(-c3ccccc3C(C)(C)C)c2)cc1,0.36107989,uwm_md,test
*Nc1ccc(-c2ccc(N*)cc2-c2ccccc2C(C)(C)C)cc1,0.35895204,uwm_md,train
*Nc1ccc(-c2ccc(N*)cc2-c2ccccc2C(C)C)c(-c2ccccc2C(C)C)c1,0.37695577,uwm_md,train
*Nc1ccc(C2(c3ccc(N*)cc3)C=CCCC2)cc1,0.34884686,uwm_md,test
*Nc1ccc(C(C)(c2ccccc2)c2ccc(N*)c(C)c2C)c(C)c1C,0.36512516,uwm_md,train
*Nc1ccc(-c2c(-c3ccc(N*)c(-c4ccc(N)cc4)c3-c3ccc(N)cc3)ccc(N)c2-c2ccc(N)cc2)cc1,0.35447107,uwm_md,train
*Nc1ccc([C@H]2SC=C(c3ccccc3)[C@@]2(c2ccccc2)c2ccc(N*)cc2)cc1,0.36360706,uwm_md,train
*Nc1cccc(C2=C(c3ccccc3)C(c3ccccc3)=C[C@@H](c3ccccc3)[C@@]2(c2ccccc2)c2cccc(N*)c2)c1,0.38536846,uwm_md,test
*Nc1cccc(C2=C(c3ccccc3)C=C[C@@H](c3ccccc3)[C@]2(c2ccccc2)c2cccc(N*)c2)c1,0.37740484,uwm_md,train
*Nc1c(N)c2c(c(N*)c1NC)C(=O)c1cccc(N)c1C2=O,0.34496829,uwm_md,train
*Nc1ccc(-c2ccc(N*)c(-c3ccccc3CC=C)c2-c2ccccc2CC=C)cc1,0.35761142,uwm_md,test
*Nc1c(CC=C)cc(C2(c3cc(CC=C)c(N*)c(C(C)C)c3)c3ccccc3-c3ccccc32)cc1C(C)C,0.39746768,uwm_md,train
*Nc1ccc([C@H](c2ccc(N*)c(C)c2)C(c2ccc(N)c(C)c2)c2ccc(N)c(C)c2)cc1,0.37242979,uwm_md,test
*Nc1ccc(C(c2ccc(N*)cc2)C(c2cccc(N)c2)c2cccc(N)c2)cc1,0.35897099,uwm_md,train
*Nc1ccc(C(CC=C)c2ccc(N*)cc2)cc1,0.34719504,uwm_md,train
*Nc1ccc(C2=CC[C@@H](c3ccc(N*)cc3)[C@@H]2c2ccc(C(C)(C)C)cc2)cc1,0.37225779,uwm_md,train
*Nc1ccc(CC[C@@H](Cc2ccc(N*)cc2)[C@@H](Cc2ccc(N)cc2)c2ccccc2)cc1,0.35442602,uwm_md,train
*Nc1ccc(-c2cc(C)c(-c3c(C)cc(-c4ccc(N*)cc4)c4ccccc34)c3ccccc23)cc1,0.37446309,uwm_md,train
*Nc1ccc(C2=CC[C@H](c3ccc(N*)cc3)[C@H]2c2ccccc2)cc1,0.35771822,uwm_md,train
*Nc1ccc(CCCC(c2ccc(N)cc2)c2ccc(N*)cc2)cc1,0.34680666,uwm_md,train
*Nc1ccc2cccc3c2c1C=C(CC=C)[C@@H]3N*,0.33480182,uwm_md,train
*Nc1ccc(C2=C[C@@H]3CC[C@H]2C=C3c2ccc(N*)cc2)cc1,0.35798661,uwm_md,train
*NC1=C(N)N[C@H](N)C(=O)[C@H](N*)N1,0.29477936,uwm_md,train
*Nc1ccc2cccc(-c3cccc4ccc(N*)cc34)c2c1,0.35323413,uwm_md,train
*Nc1ccc(Cc2cc(C)cc(Cc3ccc(N*)cc3)c2)cc1,0.35392035,uwm_md,train
*Nc1ccc2c(c1)C1(c3cc(C)ccc3-2)c2cc(C)ccc2-c2ccc(N*)cc21,0.38936549,uwm_md,train
*Nc1ccc(C(c2ccc(N)cc2)c2ccc(N*)cc2)cc1,0.35715159,uwm_md,train
*Nc1ccc(C(CC[C@](c2ccccc2)(c2ccc(N*)cc2)c2cccc(N)c2)(c2ccccc2)c2ccc(N)cc2)cc1,0.37535492,uwm_md,train
*Nc1cccc(-c2cc(N*)ccc2-c2ccccc2-c2ccccc2)c1,0.35340744,uwm_md,train
*Nc1ccc(C2(c3ccc(N*)cc3C)CCCCC2)c(C)c1,0.35510458,uwm_md,test
*Nc1ccc(C2(c3ccc(N*)cc3C)c3ccccc3-c3ccccc32)c(C)c1,0.37196959,uwm_md,train
*Nc1ccc(C2(c3ccc(N*)cc3)CCCC2)cc1,0.34564076,uwm_md,train
*Nc1ccc(C(CCC(c2ccc(N)cc2)c2ccc(N*)cc2)c2ccc(N)cc2)cc1,0.35794575,uwm_md,test
*Nc1ccc(-c2cccc(C)c2-c2ccc(N*)c(-c3ccc(C)cc3)c2-c2ccc(C)cc2)c(-c2ccc(C)cc2)c1-c1ccc(C)cc1,0.38573102,uwm_md,train
*Nc1ccc(/C(C)=C\C(C)(C)c2ccc(N*)cc2)cc1,0.35473258,uwm_md,train
*Nc1ccc(N*)c(-c2c(-c3ccccc3)ccc3ccccc23)c1,0.35686225,uwm_md,test
*Nc1ccc(Cc2ccccc2Cc2ccc(N*)c(C)c2)cc1C,0.35364083,uwm_md,train
*Nc1ccc(C(c2ccc(N*)cc2)C(C)(C)C)cc1,0.3599413,uwm_md,train
*Nc1ccc([C@]2(c3ccccc3C)C=C[C@](N*)(c3ccccc3)C=C2)cc1,0.35212894,uwm_md,train
*Nc1ccc(C2=CC[C@](N*)(c3ccccc3-c3ccccc3C)C=C2)cc1,0.35437873,uwm_md,test
*Nc1ccc(-c2ccc(N*)cc2-c2ccccc2C)c(-c2ccccc2C)c1,0.36761088,uwm_md,train
*Nc1ccc(C(c2ccccc2)c2ccc(N*)cc2)cc1,0.35100351,uwm_md,train
*Nc1ccc(-c2ccc(N*)cc2-c2ccccc2CC=C)cc1,0.3491245,uwm_md,train
*Nc1ccc(C2(c3ccc(N*)cc3)c3ccccc3-c3cc(C)ccc32)cc1,0.37206432,uwm_md,train
*Nc1ccc(C(C)(C)c2cccc(C(C)(C)c3cccc(N*)c3)c2)cc1,0.35536977,uwm_md,test
*Nc1ccc2cccc3c2c1C(CC)=C(CC)[C@@H]3N*,0.35278804,uwm_md,train
*Nc1ccc(C(c2ccc(N*)cc2)([C@H](C)CC)[C@H](C)CC)cc1,0.37291553,uwm_md,test
*NC1=CC[C@](c2ccc(N*)cc2)(c2cccc3ccccc23)C=C1,0.3503374,uwm_md,train
*Nc1ccc2c(c1)C1(c3ccccc3-c3ccccc31)c1c-2cc(C(C)(C)C)c(N*)c1C(C)(C)C,0.39847901,uwm_md,train
*NC1=C(CC=C)[C@H](CCCCC)c2cccc3ccc(N*)c1c23,0.3464462,uwm_md,train
*Nc1ccc(-c2ccc(N*)c(CC=C)c2CC=C)c(CC=C)c1CC=C,0.35962472,uwm_md,train
*NC1=C(CC=C)[C@H](CC=C)c2cccc3ccc(N*)c1c23,0.33818589,uwm_md,train
*Nc1ccc(-c2ccc(N*)cc2/C=C/c2ccccc2)cc1,0.35172909,uwm_md,train
*Nc1ccc(-c2ccc(N*)c(/C=C/c3ccccc3)c2)cc1,0.34484999,uwm_md,train
*Nc1ccc(C2=C(c3ccccc3)/C(=C/c3ccccc3)[C@@H](N*)/C(=C/c3ccccc3)C2)cc1,0.38000782,uwm_md,train
*Nc1ccc(-c2ccc(N*)c(C/C=C/c3ccccc3)c2C/C=C/c2ccccc2)cc1,0.35337188,uwm_md,train
*Nc1ccc(-c2ccc(N*)c(-c3ccc(-c4ccccc4)cc3)c2)cc1,0.34800933,uwm_md,train
*Nc1ccc2cccc3c2c1C(c1ccc(CCCC)cc1)=C(c1ccc(CCCC)cc1)[C@H]3N*,0.3682026,uwm_md,train
*Nc1ccc(-c2ccc(N*)cc2-c2ccc(C)cc2C)c(-c2ccc(C)cc2C)c1,0.37675264,uwm_md,train
*Nc1ccc(-c2ccc(N*)c(-c3ccc(C(C)(C)C)cc3)c2)cc1,0.35848188,uwm_md,train
*Nc1ccc(C2=CC[C@](N*)(c3ccc(-c4ccccc4)cc3)C=C2)cc1,0.34625627,uwm_md,test
*Nc1ccc(C2=C(c3ccc(N*)cc3)CCCC2)cc1,0.36462438,uwm_md,train
*Nc1ccc(Cc2ccc(N*)c(CC=C)c2CC=C)c(CC=C)c1CC=C,0.35378076,uwm_md,train
*Nc1ccc(C(CC=C)(CC=C)c2ccc(N*)cc2)cc1,0.34731572,uwm_md,train
*NCC1=Cc2c(N*)ccc3cccc(c23)C1,0.33495644,uwm_md,train
*Nc1cc2ccccc2c(N*)c1-c1ccc2ccccc2c1,0.3505442,uwm_md,train
*Nc1ccc(-c2ccc([C@@H](C)c3ccc(N*)cc3)cc2)cc1,0.34963968,uwm_md,train
*Nc1ccc(-c2ccc(N*)c(-c3ccccc3)c2-c2cccc(C)c2)c(-c2cccc(C)c2)c1-c1ccccc1,0.38052241,uwm_md,train
*Nc1ccc(C2(c3ccc(N*)cc3)CCC[C@@H](CC=C)C2)cc1,0.3496808,uwm_md,train
*Nc1ccc(C(c2ccc(N)c(CC)c2CC)c2ccc(N*)c(CC)c2CC)c(CC)c1CC,0.39358562,uwm_md,train
*Nc1ccc(N*)c(C(c2ccc3ccccc3c2)c2ccc3ccccc3c2)c1,0.36285479,uwm_md,train
*Nc1ccc(C(Cc2ccccc2)(Cc2ccccc2)N*)cc1,0.35111176,uwm_md,train
*Nc1ccc(C(C)(CC([C@H]2CC[C@H](N)CC2)[C@H]2CC[C@H](N*)CC2)c2ccc(N)cc2)cc1,0.35832784,uwm_md,train
*N[C@H]1CC[C@H](C(C)([C@H]2CC[C@H](N*)CC2)C(C)(c2ccc(N)cc2)c2ccc(N)cc2)CC1,0.36049082,uwm_md,test
*Nc1ccc(C2(c3ccc(N*)c(CC)c3C)c3ccccc3-c3ccccc32)c(C)c1CC,0.38884265,uwm_md,test
*Nc1ccc(C(c2ccc(N*)cc2)C(c2ccccc2N)(c2ccccc2N)[C@H](c2ccc(N)cc2)c2ccccc2N)cc1,0.36452149,uwm_md,train
*Nc1ccc(C(c2ccc(N)cc2)(c2ccc(N*)cc2)C2CCCCC2)cc1,0.38230718,uwm_md,train
*Nc1ccc(C2=C(c3ccc(N*)cc3)[C@](C)(C(C)C)[C@@](C)(C(C)C)C(C)=C2C)cc1,0.3722569,uwm_md,train
*Nc1ccc(Cc2cc(Cc3ccc(N)cc3)cc(Cc3ccc(N*)cc3)c2)cc1,0.36046154,uwm_md,test
*Nc1ccc(Cc2ccc(N*)c(C)c2C)c(C)c1,0.35276469,uwm_md,train
*Nc1ccccc1-c1ccccc1-c1ccccc1-c1ccccc1N*,0.35892837,uwm_md,train
*Nc1ccc(C(CCC(CCC(c2ccc(N)cc2)c2ccc(N)cc2)(c2ccc(N)cc2)c2ccc(N*)cc2)c2ccc(N)cc2)cc1,0.35622218,uwm_md,train
*Nc1ccc([C@@H](CC)c2ccc([C@](CCC)(c3ccc([C@@H](CC)c4ccc(N*)cc4C)cc3)C3CCCCC3)cc2)c(C)c1,0.38839084,uwm_md,train
*NC1=CC=C(c2ccc(N*)cc2)C(C(C)(C)C)(C(C)(C)C)C1,0.34704926,uwm_md,train
*Nc1ccc([C@H](C=C)c2ccc(Cc3ccc([C@@H](C=C)c4ccc(N*)cc4)cc3)cc2)cc1,0.35508348,uwm_md,train
*Nc1ccc([C@H](C=C)c2ccc(C3(c4ccc([C@@H](C=C)c5ccc(N*)cc5)cc4)CCCCC3)cc2)cc1,0.36338058,uwm_md,train
*Nc1ccc([C@H](C=C)c2ccc(C3(c4ccc([C@@H](C=C)c5ccc(N*)cc5)cc4)CCC(CCCC)CC3)cc2)cc1,0.36703684,uwm_md,train
*Nc1ccc([C@H](C)c2ccc(C(C)(c3ccc([C@@H](C)c4ccc(N*)cc4C)cc3)C3CCCCC3)cc2)c(C)c1,0.37519578,uwm_md,train
*Nc1cc(C)c(-c2cccc(C)c2-c2cc(C)c(N*)cc2C)cc1C,0.37804144,uwm_md,train
*Nc1ccc([C@H](C)c2ccc([C@H](C)c3ccc([C@@H](C)c4ccc([C@@H](C)c5ccc(N*)cc5)cc4)cc3)cc2)cc1,0.36551543,uwm_md,test
*Nc1ccccc1C(C)(C)c1ccc(-c2ccc(C(C)(C)c3ccccc3N*)cc2)cc1,0.35983878,uwm_md,train
*Nc1ccc(Cc2cc(C(C)C)cc(C(C)(C)c3ccc(N*)cc3)c2)cc1,0.36692867,uwm_md,train
*Nc1ccc(C(C)(C)c2cccc(C(C)(C)c3ccc(N*)c(C)c3)c2)cc1C,0.3642123,uwm_md,train
*Nc1ccc(-c2ccc(N*)c(-c3ccccc3)c2C)c(C)c1-c1ccccc1,0.37354711,uwm_md,train
*Nc1ccc(Cc2ccccc2C(c2ccccc2Cc2ccc(N)cc2)c2ccccc2Cc2ccc(N*)cc2)cc1,0.36342323,uwm_md,train
*Nc1ccc(C2(c3ccc(N*)cc3)C(C(C)C)=CC=C[C@H]2C(C)C)cc1,0.36819096,uwm_md,train
*Nc1ccc(-c2ccc(N*)c(Cc3ccccc3)c2Cc2ccccc2)cc1,0.35426981,uwm_md,train
*Nc1ccc(-c2ccc(N*)cc2-c2ccc(CC)cc2)c(-c2ccc(CC)cc2)c1,0.36900944,uwm_md,train
*Nc1ccc(-c2ccc(N*)cc2-c2cccc(CC)c2)c(-c2cccc(CC)c2)c1,0.36267578,uwm_md,train
*Nc1cccc(C(c2ccccc2)(c2ccccc2)c2ccccc2)c1N*,0.36834025,uwm_md,train
*NC1=C(c2ccc(O)cc2OC)[C@@H](N*)c2c(N)ccc(N)c21,0.32877014,uwm_md,train
*Nc1ccc(/C(=C\C/C(=C/C(C)(C)c2ccc(N*)cc2)c2ccc(N)cc2)CC(C)(C)c2ccc(N)cc2)cc1,0.35963898,uwm_md,test
*Nc1nc(N)c(N)c(N*)n1,0.31899407,uwm_md,test
*Nc1ccc([C@H]2CCC[C@H](c3ccc(N*)cc3)C2)cc1,0.35086316,uwm_md,train
*Nc1ccc(/C=C/c2cccc(/C=C/c3ccc(N*)cc3)c2)cc1,0.35180608,uwm_md,train
*Nc1cccc(Cc2cccc3ccc(N*)cc23)c1,0.34622731,uwm_md,train
*Nc1ccc(-c2ccc(N*)c(N)c2)cc1N,0.33559043,uwm_md,train
*Nc1ccc(-c2ccc(N*)cc2)cc1,0.33687015,uwm_md,train
*Nc1cc(Oc2cccc(OCC)c2)c(N*)c2c1C(=O)c1c(N)c(Oc3cccc(OCC)c3)cc(N)c1C2=O,0.33487592,uwm_md,test
*Nc1cc(Oc2cc(C)cc(C)c2)c(N)c2c1C(=O)c1c(ccc(Oc3cc(C)cc(C)c3)c1N*)C2=O,0.35668305,uwm_md,train
*Nc1c(S(=O)(=O)O)cc2cc(S(=O)(=O)O)c(N)c(O)c2c1N*,0.32302544,uwm_md,train
*Nc1nc(=O)n(C)c(N*)c1N,0.31039992,uwm_md,train
*Nc1ccc(C(c2ccccc2)(c2ccccc2)c2ccc(C(c3ccccc3)(c3ccccc3)c3ccc(N*)cc3)cc2)cc1,0.39075711,uwm_md,test
*Nc1ccc(C(=C(CC)c2ccccc2)c2ccc(N*)cc2)cc1,0.36784102,uwm_md,train
*NC1=C(c2ccccc2)[C@@](O)(N*)[C@H](N)C=C1,0.32796087,uwm_md,train
*Nc1ccc(C(C)(C)c2ccc(N*)cc2)cc1,0.34514842,uwm_md,train
*Nc1ccc(C(C)(C)c2ccc(C(C)(C)c3ccc(N*)cc3)cc2)cc1,0.35658046,uwm_md,train
*Nc1ccc([C@H]2CC[C@H](c3ccc(N*)cc3)CC2)cc1,0.35770572,uwm_md,train
*Nc1ccc(C2(c3ccc(N*)cc3)CCCCC2)cc1,0.35172929,uwm_md,train
*Nc1cc(N*)c(N)cc1N,0.32432141,uwm_md,train
*NC1=NC(=S)N=C(N)C1N*,0.30874827,uwm_md,train
*Nc1ccc(C2(c3ccc(N*)c(C)c3)CCCCC2)cc1C,0.36323819,uwm_md,train
*Nc1c(C)cc(-c2cc(C)c(N*)c3ccccc23)c2ccccc12,0.37684021,uwm_md,train
*Nc1cccc2c1ccc1c(N*)cccc12,0.33410164,uwm_md,test
*Nc1cccc(-c2cc(-c3ccccc3)c(N*)c(-c3ccccc3)c2)c1,0.3551194,uwm_md,test
*Nc1ccc(-c2cc(-c3ccccc3)cc(-c3ccc(N*)cc3)c2)cc1,0.34830668,uwm_md,train
*Nc1ccc(CCc2cc(CCc3ccc(N)cc3)cc(CCc3ccc(N*)cc3)c2)cc1,0.35342866,uwm_md,test
*Nc1ccc(-c2ccccc2)cc1-c1cc(-c2ccccc2)ccc1N*,0.34380582,uwm_md,train
*Nc1cc(-c2ccccc2)c(N*)c(-c2ccccc2)c1-c1ccccc1,0.36833433,uwm_md,train
*Nc1cc2c3ccc(-c4ccc(C(C)(C)C)cc4)c(-c4ccc(C(C)(C)C)cc4)c3c(N*)cc2c2ccccc12,0.37420991,uwm_md,train
*Nc1cc(-c2ccccc2N*)cc(-c2cc3cc4ccccc4cc3c3cc4ccccc4cc23)c1,0.36115778,uwm_md,train
*Nc1cc(-c2ccccc2)c(-c2ccccc2)c(N*)c1-c1ccccc1,0.36654455,uwm_md,test
*Nc1cc(C)c2cc3c(C)c(C)c(N*)c(C)c3cc2c1,0.3653562,uwm_md,train
*Nc1ccc2c(C)c3c(C)c(C)c(N*)c(C)c3cc2c1,0.3506461,uwm_md,test
*Nc1ccc2c(N*)c3cc(N)ccc3c(N)c2c1,0.34576723,uwm_md,train
*Nc1ccc(-c2c(Cc3ccccc3)c(Cc3ccccc3)c(N*)c(Cc3ccccc3)c2Cc2ccccc2)cc1,0.36853875,uwm_md,train
*Nc1ccc2c(N*)c3cc(N)ccc3cc2c1,0.34432404,uwm_md,train
*Nc1cccc(-c2cccc(N*)c2-c2cccc3ccc4cc5ccccc5cc4c23)c1-c1cccc2ccc3cc4ccccc4cc3c12,0.36507338,uwm_md,train
*Nc1ccc(-c2ccc(N*)c(=C\c3ccccc3)/c2=C\c2ccccc2)cc1,0.36805136,uwm_md,train
*Nc1ccc(-c2cc(C/C=C/c3ccccc3)c(N*)c(C/C=C/c3ccccc3)c2-c2ccccc2)cc1,0.36169428,uwm_md,train
*Nc1ccc(-c2c(-c3ccccc3)c(-c3ccccc3)c(N*)c(-c3ccccc3C)c2-c2ccccc2C)cc1,0.37961071,uwm_md,train
*Nc1ccc(-c2c(-c3ccccc3)c(-c3ccccc3)c(N*)c(-c3ccc(C)cc3)c2-c2ccc(C)cc2)cc1,0.3804246,uwm_md,train
*Nc1ccc(-c2c(-c3ccccc3)cc(N*)c(-c3ccccc3N)c2N)cc1,0.35040297,uwm_md,train
*Nc1ccc([C@@H](C)/C=C2/C=CC/C(=C\[C@H](C)c3ccc(N*)cc3)C2)cc1,0.36075305,uwm_md,train
*Nc1ccc(/C=C/c2ccc(N*)c(C)c2C)cc1,0.35534148,uwm_md,train
*Nc1cccc2cc3cccc(N*)c3c(N)c12,0.33466725,uwm_md,test
*Nc1ccc(-c2cc(N*)c3ccccc3c2/N=N/c2cccc3ccccc23)cc1,0.35297912,uwm_md,train
*NC1=C(/C=C/c2ccc(N*)cc2)C=C(Cc2ccccc2)C(N)(N)[C@@H]1Cc1ccccc1,0.34133831,uwm_md,train
*Nc1ccc(/C=C/c2ccc(N*)c(-c3ccccc3)c2-c2ccccc2)cc1,0.36615587,uwm_md,train
*Nc1ccc(C2(c3ccc(N*)cc3)C3=C(C=CCC3)c3ccccc32)cc1,0.3719327,uwm_md,test
*Nc1ccc2c(c1)cc(-c1ccccc1)c1cc(N*)ccc12,0.34652388,uwm_md,train
*Nc1ccc(C(C)(CC[C@](C)(c2ccc(N*)cc2)c2cccc(N)c2)c2ccc(N)cc2)cc1,0.36112201,uwm_md,train
*Nc1ccc(C(c2ccc(N*)cc2)[C@@H](CCC)[C@H]2CC[C@H](/C=C/[C@H]3CC[C@H](C(C)C)CC3)CC2)cc1,0.37803401,uwm_md,train
*Nc1ccc(Cc2ccccc2-c2ccccc2-c2ccc(N*)cc2)cc1,0.35281368,uwm_md,train
*Nc1ccc(C2(c3ccc(N*)cc3)c3ccccc3-c3cccc(C)c32)cc1,0.37209959,uwm_md,test
*Nc1ccc(C2(c3ccc(N*)cc3CC)c3ccccc3-c3ccccc32)c(CC)c1,0.37129273,uwm_md,train
*NCc1c2ccccc2c(CN*)c2c(N)cccc12,0.33082098,uwm_md,train
*Nc1ccc(-c2cccc(-c3cccc(-c4ccc(N*)cc4)c3)c2)cc1,0.34516599,uwm_md,test
*Nc1ccc2c(CC=C)c3c(CC=C)c(N*)ccc3cc2c1,0.34493349,uwm_md,train
*Nc1c(C)c(N)c(N)c(NS(=O)(=O)C(C)(CC)CC)c1N*,0.33683103,uwm_md,test
*Nc1ccc2cc3cccc(N*)c3cc2c1,0.33634853,uwm_md,train
*Nc1ccc2cc(N*)c3ccccc3c2c1,0.33919037,uwm_md,train
*Nc1cccc2c1c(N*)cc1ccccc12,0.33290552,uwm_md,test
*Nc1ccc2c(ccc3cccc(N*)c32)c1,0.3331587,uwm_md,train
*Nc1ccc2ccc3cccc(N*)c3c2c1,0.32965144,uwm_md,train
*Nc1ccc2c(c1)c(N*)cc1ccccc12,0.33211721,uwm_md,test
*Nc1ccc2c(c1)cc(N*)c1ccccc12,0.33817655,uwm_md,train
*Nc1ccc2c(ccc3ccc(N*)cc32)c1,0.33807688,uwm_md,train
*Nc1ccc2c(ccc3c(N*)cccc32)c1,0.3358041,uwm_md,train
*Nc1cc(N*)c2ccc3ccccc3c2c1,0.33145622,uwm_md,train
*Nc1ccc2cc3ccccc3c(N*)c2c1,0.33879068,uwm_md,test
*Nc1cccc2ccc3cccc(N*)c3c12,0.34248529,uwm_md,train
*Nc1cc(N*)c2cc3ccccc3cc2c1,0.34003705,uwm_md,test
*Nc1cccc2c1ccc1cccc(N*)c12,0.33883964,uwm_md,train
*Nc1ccc2c(N*)c3ccccc3cc2c1,0.34619216,uwm_md,train
*Nc1ccc([C@@H](c2ccccc2)c2ccc(N*)c([C@@H](c3ccccc3)c3ccc(N)cc3)c2)cc1,0.36527705,uwm_md,train
*Nc1cc2cc3cc(C)c(N*)cc3cc2cc1C,0.353293,uwm_md,train
*Nc1ccc(-c2ccc(-c3ccc(-c4ccc(N*)cc4)c4ccccc34)c3ccccc23)cc1,0.36481305,uwm_md,train
*Nc1cc(N*)c(OC(=O)[C@H]2CC[C@@H](C(=O)Oc3cc(N)c(N)c(C)c3N)CC2)c(C)c1N,0.33922468,uwm_md,train
*Nc1cc(N)c(N)c(C)c1C(=O)Oc1cc(N)c(C(=O)Oc2cc(N)c(N)c(C)c2N)c(N)c1N*,0.32137021,uwm_md,train
*Nc1cc(N)c(N)c(C)c1C(=O)Oc1cc(N)c(-c2cc(N)c(N)c(C)c2N)c(C)c1N*,0.32140926,uwm_md,train
*Nc1ccc2c(c1)c1ccccc1c1c(-c3ccc(CCCCC)cc3)c(N*)c(-c3ccc(CCCCC)cc3)cc21,0.36461838,uwm_md,test
*Nc1ccc2ccc3c(N*)c(-c4cccc(-c5cccc(C6(c7ccccc7)c7ccccc7-c7ccccc76)c5)c4)cc4ccc1c2c43,0.36666503,uwm_md,train
*Nc1ccc(-c2cccc(-c3ccccc3N*)c2)cc1C1=CCCCC1,0.35958468,uwm_md,train
*Nc1ccc(CCCC=C(c2ccc(N)cc2)c2ccc(N*)cc2)cc1,0.35438758,uwm_md,train
*Nc1ccc2ccc3c(N*)c(-c4cccc(C5(c6ccccc6)c6ccccc6-c6ccccc65)c4)cc4ccc1c2c43,0.3681964,uwm_md,test
*Nc1ccc2c(c1)C1(c3ccccc3-c3ccccc31)c1cc(N*)ccc1-2,0.37700036,uwm_md,train
*N/N=N\c1ccc2ccccc2c1-c1c(/N=N/N*)ccc2ccccc12,0.36086898,uwm_md,train
*Nc1ccc(N*)c(Cc2ccc3ccccc3c2)c1,0.34211504,uwm_md,train
*Nc1ccc2c(c1)[C@]1(c3ccccc3-2)c2ccccc2-c2ccc(N*)c(-c3ccccc3)c21,0.37574925,uwm_md,test
*Nc1ccc(C2(c3ccc(N*)cc3)c3ccccc3-c3c(CC)cccc32)cc1,0.37018602,uwm_md,train
*Nc1ccc(-c2ccc(-c3ccc(N*)c(-c4ccccc4C)c3-c3ccccc3C)cc2)cc1,0.37174868,uwm_md,train
*Nc1cccc(Cc2ccccc2)c1-c1cccc(C[C@H](N*)c2ccccc2)c1,0.34966936,uwm_md,train
*Nc1ccc(-c2ccc(-c3ccc(N*)c(-c4ccc(C)cc4)c3-c3ccc(C)cc3)cc2)cc1,0.37262427,uwm_md,train
*Nc1cc(CCc2ccccc2)cc(-c2c(Cc3ccccc3)cccc2N*)c1,0.34620954,uwm_md,test
*Nc1ccc(C[C@@H](c2ccc(N*)cc2)C(c2cccc(N)c2)c2cccc(N)c2)cc1,0.35616115,uwm_md,train
*Nc1ccc(C(c2ccccc2)(c2ccccc2)c2ccc(N)c(N*)c2)cc1N,0.36426991,uwm_md,train
*NC1=C2C=Cc3ccc(N*)c4c3[C@@H]2C(=CC1)C=C4,0.33652131,uwm_md,train
*NN(N*)[C@](CC)(CCC)C[C@@](C)(CC)N(N)N,0.33398342,uwm_md,train
*N[C@@H](C[C@@H](N*)[C@H](O)C[C@H](N)C(=O)O)C(=O)O,0.28753507,uwm_md,test
*Nc1ccc([C@@H](c2ccccc2)c2ccccc2N*)cc1,0.34925827,uwm_md,test
*Nc1ccc(C2=CC[C@@](N*)(c3ccccc3)C=C2)cc1,0.34164757,uwm_md,test
*Nc1ccc(C2=CC[C@](N*)(c3ccccc3)C=C2)cc1,0.34289558,uwm_md,test
*Nc1ccc(-c2c(-c3ccc(C(c4ccccc4)c4ccccc4)cc3)cc(-c3cccc(N*)c3)cc2-c2ccc(C(c3ccccc3)c3ccccc3)cc2)cc1,0.36459266,uwm_md,train
*Nc1ccc(-c2cc(-c3ccc(-c4ccccc4)cc3)cc(-c3ccc(-c4cc(-c5ccc(N*)cc5)cc(-c5ccc(-c6ccccc6)cc5)c4)cc3)c2)cc1,0.35431916,uwm_md,train
*Nc1ccc([C@]23C[C@@H]4C[C@H]5[C@H]6C[C@H](C[C@H]52)C[C@@]3(c2ccc(N*)cc2)[C@@H]6C4)cc1,0.35828475,uwm_md,train
*NC1=N[C@H](N*)N(CO)C(N)=N1,0.29102826,uwm_md,train
*Nc1cc2ccccc2c2c(N*)cccc12,0.33679998,uwm_md,train
*Nc1cc2cccc(N*)c2c2ccccc12,0.33765318,uwm_md,train
*Nc1cc(N*)c2c3ccccc3c3ccccc3c2c1,0.33007057,uwm_md,train
*NC/C=C(/c1cccc(-c2ccccc2)c1)c1ccccc1-c1ccccc1-c1ccc(C2(c3ccccc3)c3ccccc3-c3ccccc32)cc1N*,0.37006353,uwm_md,train
*Nc1cccc(-c2cc(-c3ccc(C4(c5ccccc5)c5ccccc5-c5ccccc54)cc3)c(-c3ccc(C4(c5ccccc5)c5ccccc5-c5ccccc54)cc3)c(-c3ccc(C4(c5ccccc5)c5ccccc5-c5ccccc54)cc3)c2N*)c1,0.38354872,uwm_md,train
*Nc1c2ccccc2c(-c2c3ccccc3c(N*)c3ccc(-c4ccc(C)cc4)c(-c4ccc(C)cc4)c23)c2c(-c3ccc(C)cc3)c(-c3ccc(C)cc3)ccc12,0.38407296,uwm_md,train
*Nc1c(CC(=O)O)cc2c(N*)nc(N)nc2c1C=O,0.32104988,uwm_md,train
*Nc1ccc(C2(c3ccc(N*)cc3)CCC[C@@H](CCCCCCCCCCCCCCC)C2)cc1,0.36007197,uwm_md,train
*Nc1ccc(N*)c2c(=O)n([C@H]3C(=O)NC(=O)[C@@H](N)C3(N)N)c(C)nc12,0.34495062,uwm_md,train
*N[C@H]1C(=O)NC(=O)[C@@](N*)(n2c(C)nc3c(N)c(N)cc(N)c3c2=O)[C@H]1N,0.35197979,uwm_md,train
*Nc1ccc2ccc3c(N*)c(-c4ccc(C5(c6ccccc6)c6ccccc6-c6ccccc65)cc4)c(-c4ccc(C5(c6ccccc6)c6ccccc6-c6ccccc65)cc4)c4ccc1c2c34,0.38241769,uwm_md,train
*Nc1cc(C2CCCCC2)c2ccc3c(N*)c(-c4ccc(C5(c6ccccc6)c6ccccc6-c6ccccc65)cc4)c(C4CCCCC4)c4ccc1c2c34,0.39403941,uwm_md,test
*Nc1ccc2c(c1)C(c1ccc(C)cc1)(c1ccc(C)cc1)c1cc(N*)ccc1-2,0.38337526,uwm_md,train
*Nc1ccc2c(c1)C(c1ccc(C)c(C)c1)(c1ccc(C)c(C)c1)c1cc(N*)ccc1-2,0.38916246,uwm_md,train
*Nc1ccc2c(c1)C1(c3ccc(C)cc3-c3cc(C)ccc31)c1cc(N*)ccc1-2,0.3945016,uwm_md,train
*Nc1ccc2c(c1)-c1ccc(N*)cc1C21c2ccccc2-c2ccccc21,0.38085413,uwm_md,train
*Nc1ccc2c(c1)-c1ccccc1[C@]21c2ccccc2-c2ccc(N*)cc21,0.38578532,uwm_md,train
*Nc1ccc(C(C)(C)c2ccc(C(C)(c3ccc(N)cc3)c3ccc(N*)cc3)cc2)cc1,0.36875033,uwm_md,train
*Nc1ccc(CC(CC(C)(C)c2ccc(N*)cc2)=C(C)C)cc1,0.34957516,uwm_md,train
*Nc1ccc(C(CC)(C/C=C/[C@@H](C)CCC)c2ccc(N*)cc2)cc1,0.36522046,uwm_md,train
*Nc1ccc(C(C)(c2ccc(N*)cc2)[C@H](C)C(=C)C)cc1,0.35652932,uwm_md,test
*Nc1ccc(C(=C)C(C)(C)C(C)(C)c2ccc(N*)cc2)cc1,0.34980902,uwm_md,train
*Nc1ccc(/C(C)=C(\C)C(C)(C)c2ccc(N*)cc2)cc1,0.360922,uwm_md,train
*Nc1ccc(C(CC(C)(C)c2ccc(N*)cc2)=C(C)C)cc1,0.35535977,uwm_md,train
*Nc1ccc(/C(C)=C(/CCC=C)c2ccccc2-c2ccc(N*)cc2)cc1,0.36161485,uwm_md,train
*NC1=CC[C@@H](C(c2ccc(N)cc2)(c2ccc(N*)cc2)c2ccc(N)cc2C)C=C1,0.37144246,uwm_md,train
*Nc1cccc(-c2cccc(-c3ccccc3)c2-c2ccccc2)c1N*,0.36058761,uwm_md,test
*Nc1ccc(-c2cc(N*)cc(-c3cccc(N)c3)c2)cc1,0.34498231,uwm_md,train
*Nc1cc(C)c(C2(c3c(C)cc(N*)cc3C)c3ccccc3-c3ccccc32)c(C)c1,0.3801695,uwm_md,train
*Nc1ccc(C(C)(CC)c2ccc(N*)cc2)cc1,0.35054839,uwm_md,train
*Nc1ccc(-c2ccc(C3(c4ccc(-c5ccc(N*)cc5)cc4)CCCCC3)cc2)cc1,0.36004409,uwm_md,train
*Nc1ccc([C@@H](CCCCCCCCCCC)c2ccc(C3(c4ccc([C@@H](CCCCCCCCCCC)c5ccc(N*)cc5)cc4)CCCCC3)cc2)cc1,0.36981871,uwm_md,test
*Nc1ccc([C@@H](CCCCCCCCC)c2ccc(C[C@H](CC)c3ccc([C@@H](CCCCCCCCC)c4ccc(N*)cc4)cc3)cc2)cc1,0.36788809,uwm_md,train
*Nc1ccc([C@H](CCCCCC)c2ccc(CCc3ccc([C@@H](CCCCCC)c4ccc(N*)cc4)cc3)cc2)cc1,0.36359418,uwm_md,train
*Nc1ccc([C@@H](CCC)c2ccc(C[C@H](CCCCCC)Cc3ccc([C@@H](CCC)c4ccc(N*)cc4)cc3)cc2)cc1,0.36041733,uwm_md,train
*Nc1ccc([C@H](CCCC)c2ccc(C(CC[C@H](CCC)C3CCCCC3)c3ccc([C@@H](CCCC)c4ccc(N*)cc4)cc3)cc2)cc1,0.37019133,uwm_md,train
*Nc1ccc2cc3c(N*)cccc3cc2c1,0.3412073,uwm_md,train
*Nc1cc(C)c(Cc2ccc(CCCCCCCCCCCCCCCCCCCCc3ccc(Cc4c(C)cc(N*)cc4C)cc3)cc2)c(C)c1,0.3609597,uwm_md,train
*Nc1cc(C)c(Cc2ccc(CCCCCCCCCCCCCc3ccc(Cc4c(C)cc(N*)cc4C)cc3)cc2)c(C)c1,0.35997455,uwm_md,test
*Nc1cc(C)c(Cc2ccc(CCCCCCCCCCCCCCCCCc3ccc(Cc4c(C)cc(N*)cc4C)cc3)cc2)c(C)c1,0.35929695,uwm_md,test
*Nc1cc(C)c(Cc2ccc(CCCCCCCCCCCCCCCCCCc3ccc(Cc4c(C)cc(N*)cc4C)cc3)cc2)c(C)c1,0.36539585,uwm_md,test
*Nc1cc(C)c(Cc2ccc(CCCc3ccc(Cc4c(C)cc(N*)cc4C)cc3)cc2)c(C)c1,0.35627685,uwm_md,train
*Nc1cc(C)c(Cc2ccc(CCCCCCCCCCCCc3ccc(Cc4c(C)cc(N*)cc4C)cc3)cc2)c(C)c1,0.35798452,uwm_md,test
*Nc1cc(C)c(Cc2ccc(CCCCCCCc3ccc(Cc4c(C)cc(N*)cc4C)cc3)cc2)c(C)c1,0.35730996,uwm_md,train
*Nc1cc(C)c(Cc2ccc(CCCCCCCCCCCCCCc3ccc(Cc4c(C)cc(N*)cc4C)cc3)cc2)c(C)c1,0.36028075,uwm_md,train
*Nc1cc(C)c(Cc2ccc(CCCCCCCCCCc3ccc(Cc4c(C)cc(N*)cc4C)cc3)cc2)c(C)c1,0.35745831,uwm_md,train
*Nc1cc(C)c(Cc2ccc(CCCCCCc3ccc(Cc4c(C)cc(N*)cc4C)cc3)cc2)c(C)c1,0.35526555,uwm_md,train
*Nc1cc(C)c(Cc2ccc(CCCCCCCCCCCCCCCCc3ccc(Cc4c(C)cc(N*)cc4C)cc3)cc2)c(C)c1,0.35893266,uwm_md,test
*Nc1ccc([C@@H](CCCCC)c2ccc(C(CCCCC)c3ccc([C@H](CCCCC)c4ccc(N*)cc4)cc3)cc2)cc1,0.37024472,uwm_md,test
*Nc1cc(C)c(Cc2ccc(CCCCCCCCCCCc3ccc(Cc4c(C)cc(N*)cc4C)cc3)cc2)c(C)c1,0.36060547,uwm_md,train
*Nc1cc(C)c(Cc2ccc(CCCCCCCCCCCCCCCc3ccc(Cc4c(C)cc(N*)cc4C)cc3)cc2)c(C)c1,0.35958208,uwm_md,train
*Nc1cc(C)c(Cc2ccc(CCCCCCCCCCCCCCCCCCCc3ccc(Cc4c(C)cc(N*)cc4C)cc3)cc2)c(C)c1,0.35973835,uwm_md,train
*Nc1ccc(-c2ccc(-c3ccc(N*)cc3)c3ccccc23)cc1,0.35146434,uwm_md,train
*Nc1ccc(-c2ccc(N*)c(-c3ccccc3)c2)cc1,0.34463445,uwm_md,test
*Nc1ccc([C@@H](CCCC)c2ccc(C3(c4ccc([C@H](CCCC)c5ccc(N*)cc5)cc4)CCC(CCCCC)CC3)cc2)cc1,0.37086553,uwm_md,train
*Nc1ccc([C@H](CCCCCC)c2ccc(C3(c4ccc([C@@H](CCCCCC)c5ccc(N*)cc5)cc4)CCC(CCCCC)CC3)cc2)cc1,0.37108303,uwm_md,train
*NCc1ccc(N*)c2ccccc12,0.32862128,uwm_md,train
*Nc1ccc(C(CCCC[C@H]2CC[C@H](/C=C\[C@H]3CC[C@H](CCC)CC3)CC2)(CCCC[C@H]2CC[C@H](/C=C\[C@H]3CC[C@H](CCC)CC3)CC2)c2ccc(N*)cc2)cc1,0.37668578,uwm_md,train
*Nc1c(-c2ccccc2)cc(-c2ccccc2)cc1C1(c2cc(-c3ccccc3)cc(-c3ccccc3)c2N*)c2ccccc2-c2ccccc21,0.3863404,uwm_md,test
*Nc1ccc(-c2ccc(N*)c(-c3ccc(-c4ccccc4)cc3)c2-c2ccc(-c3ccccc3)cc2)c(-c2ccc(-c3ccccc3)cc2)c1-c1ccc(-c2ccccc2)cc1,0.36435294,uwm_md,train
*NS(N)(N)(N*)(c1ccccc1)c1ccccc1,0.3467735,uwm_md,train
*Nc1ccc(-c2ccc(N*)c(C(c3cc(-c4ccc(N)cc4)ccc3N)(c3cc(-c4ccc(N)cc4)ccc3N)c3cc(-c4ccc(N)cc4)ccc3N)c2)cc1,0.34585373,uwm_md,train
*Nc1ccc([C@@H](CCCCC)c2ccc([C@](CCCC)(c3ccc([C@@H](CCCCC)c4ccc(N*)cc4C)cc3)C3CCCCC3)cc2)c(C)c1,0.38359453,uwm_md,train
*Nc1ccc(-c2ccc(N*)c([C@H]3C[C@H](C)CC[C@H]3C(C)C)c2[C@@H]2C[C@@H](C)CC[C@@H]2C(C)C)cc1,0.3809251,uwm_md,test
*Nc1ccc(C(c2ccccc2)(c2ccccc2)c2cc(C(c3ccccc3)(c3ccccc3)c3ccc(N)cc3)cc(C(c3ccccc3)(c3ccccc3)c3ccc(N*)cc3)c2)cc1,0.3872297,uwm_md,train
*Nc1ccc(C(CCCC[C@H]2CC[C@H](/C=C\[C@H]3CC[C@H](CCC)CC3)CC2)(CCCC[C@H]2CC[C@H](/C=C\[C@H]3CC[C@H](CCC)CC3)CC2)c2ccc(N*)cc2)cc1,0.37578389,uwm_md,test
*Nc1cccc2c1ccc1c3cccc(N*)c3ccc21,0.33361002,uwm_md,train
*Nc1cc2ccc3cc(N*)cc4ccc(c1)c2c34,0.33777593,uwm_md,train
*Nc1cc(-c2ccccc2)c(N*)c(-c2ccccc2)c1-c1ccccc1,0.36726383,uwm_md,test
*Nc1ccc(/C=C/c2c(-c3ccc4ccccc4c3)c(-c3ccc4ccccc4c3)c(N*)c(-c3ccc4ccccc4c3)c2-c2ccc3ccccc3c2)cc1,0.36715532,uwm_md,train
*Nc1ccc(-c2c(-c3ccc(-c4ccccc4)cc3)c(-c3ccc(-c4ccccc4)cc3)c(N*)c(-c3ccc(-c4ccccc4)cc3)c2-c2ccc(-c3ccccc3)cc2)cc1,0.36269909,uwm_md,test
*Nc1ccc2c3cc(-c4ccc(-c5ccccc5)cc4)c(-c4ccc(-c5ccccc5)cc4)c4c(N*)c(-c5ccc(-c6ccccc6)cc5)c(-c5ccc(-c6ccccc6)cc5)c(c5cccc1c25)c43,0.3619219,uwm_md,train
*Nc1cc2c(cc(N*)c3c(-c4ccc5ccccc5c4)c(-c4ccc5ccccc5c4)c(-c4ccc5ccccc5c4)c(-c4ccc5ccccc5c4)c32)c2ccccc12,0.37064494,uwm_md,train
*Nc1c2ccccc2c(-c2c3ccccc3c(N*)c3c(-c4ccc(C)cc4)c(-c4ccc(C)cc4)c(-c4ccc(C)cc4)c(-c4ccc(C)cc4)c23)c2ccccc12,0.39299822,uwm_md,train
*Nc1c2ccccc2c(-c2c3ccccc3c(N*)c3ccc(-c4ccccc4)c(-c4ccccc4)c23)c2c(-c3ccccc3)c(-c3ccccc3)ccc12,0.37429399,uwm_md,train
*Nc1c2ccccc2c(-c2c3ccccc3c(N*)c3c(-c4ccccc4)c(-c4ccccc4)c(-c4ccccc4)c(-c4ccccc4)c23)c2ccccc12,0.38138687,uwm_md,train
*Nc1cccc2cc3ccccc3c(N*)c12,0.34139872,uwm_md,train
*Nc1ccc(C2(c3ccc(N*)c(-c4ccc(C)cc4)c3-c3ccc(C)cc3)CCCCC2)c(-c2ccc(C)cc2)c1-c1ccc(C)cc1,0.39222234,uwm_md,train
*Nc1ccc(-c2ccc(-c3ccc(N*)c(-c4ccc(C(C)C)cc4)c3-c3ccc(C(C)C)cc3)cc2)cc1,0.3784415,uwm_md,train
*NC1=C(c2c(N*)ccc3ccccc23)[C@@H]2C=CC=CC2=CC1,0.35485105,uwm_md,train
*Nc1ccc(C2(c3ccc(N*)cc3[C@]34C[C@H]5C[C@H](C[C@H](C5)C3)C4)c3ccccc3-c3ccccc32)c([C@]23C[C@H]4C[C@H](C[C@H](C4)C2)C3)c1,0.39009071,uwm_md,test
*Nc1ccccc1-c1cccc(C2(c3ccc(N*)c(-c4ccccc4)c3)c3ccccc3-c3ccccc32)c1,0.37692993,uwm_md,train
*Nc1ccc(C2(c3ccc(N*)cc3)c3cc(N)ccc3-c3ccc(N)cc32)cc1,0.38914933,uwm_md,test
*Nc1ccc2c(c1)-c1ccc(N*)c3cccc-2c13,0.33585092,uwm_md,train
*Nc1cccc2c1C(CCC)(CCC)c1c(N*)cccc1-2,0.36616885,uwm_md,train
*Nc1ccc(-c2ccc(N*)c(C(=C)c3ccccc3N)c2C(=C)c2ccccc2N)cc1,0.36948301,uwm_md,train
*Nc1ccc2c(c1)/C(=C/c1ccccc1N*)c1ccccc1-2,0.35465087,uwm_md,test
*Nc1ccc(-c2c(C)cc(C3(c4cc(C)c(-c5ccc(N*)cc5)c(C(C)C)c4)c4ccccc4-c4ccccc43)cc2C(C)C)cc1,0.407616,uwm_md,train
*Nc1cccc(C2(c3cccc(N*)c3C)c3ccccc3-c3ccccc32)c1C,0.37364736,uwm_md,train
*Nc1ccc(C2(c3ccc(N*)cc3)C3=CC[C@@H](C)C=C3c3ccccc32)cc1,0.37930805,uwm_md,train
*Nc1ccc(C2(c3ccc(N*)cc3)CCc3ccccc32)cc1,0.36004897,uwm_md,train
*Nc1ccc2c(c1)C1(c3ccccc3-2)c2ccccc2-c2ccc(N*)cc21,0.37844205,uwm_md,train
*Nc1ccccc1C1(c2ccccc2N*)c2ccccc2-c2ccccc21,0.37077531,uwm_md,train
*Nc1ccc(C2(c3ccc(N)c(N*)c3)c3ccccc3-c3ccccc32)cc1N,0.38190469,uwm_md,test
*Nc1ccccc1-c1ccc2c(c1-c1ccccc1N*)Cc1ccccc1-2,0.35977976,uwm_md,train
*Nc1c(CCCC)cc(C2(c3cc(CCCC)c(N*)c(CCCC)c3)c3ccccc3-c3ccccc32)cc1CCCC,0.39180486,uwm_md,train
*Nc1c(C)cc(C2(c3cc(C)c(N*)c(C)c3)c3cccc(C)c3-c3c(C)cccc32)cc1C,0.38998404,uwm_md,train
*Nc1ccc(C2(c3ccc(N*)c(-c4ccccc4)c3)c3ccccc3-c3ccccc32)cc1-c1ccccc1,0.38045426,uwm_md,train
*Nc1ccc(-c2ccc3c(c2-c2ccc(N*)c(C)c2)Cc2ccccc2-3)cc1C,0.36453901,uwm_md,train
*Nc1ccc([C@@]2(C)CC(C)(C)c3ccc(N*)c(C)c32)cc1C,0.37566233,uwm_md,train
*Nc1ccc2c(c1)C(C)(C)C[C@@]2(C)c1ccc(C)c(N*)c1,0.36931693,uwm_md,train
*Nc1ccc(C2c3ccc(N)cc3-c3cc(N*)ccc32)cc1,0.36341644,uwm_md,train
*Nc1ccc([C@@]2(C)CCc3ccc(N*)cc32)cc1,0.35627346,uwm_md,train
*Nc1ccc([C@]2(C)CCc3cc(N*)ccc32)cc1,0.35515271,uwm_md,train
*Nc1ccc(-c2cccc3c2[C@@H](c2ccc(N*)cc2)c2ccccc2-3)cc1,0.35854983,uwm_md,train
*Nc1c(C)cc(C2(c3cc(C)c(N*)c(C)c3)c3ccccc3-c3ccccc32)cc1C,0.39543139,uwm_md,train
*Nc1ccc(C2(c3ccc(N*)cc3)Cc3ccccc3C2)cc1,0.35273195,uwm_md,train
*Nc1cc2c(cc1N*)C1(c3ccccc3-c3ccccc31)c1cc(N)c(N)cc1-2,0.38997416,uwm_md,train
*Nc1ccc2c(c1)C1(C3=C(C=C[C@@H](N*)C3)C2)c2ccccc2-c2ccccc21,0.36640776,uwm_md,train
*Nc1ccc(/C=C2\c3ccccc3-c3ccc(N*)cc32)cc1,0.35398005,uwm_md,train
*Nc1ccc([C@]2(C)CC(C)(C)c3cc(N*)ccc32)cc1,0.36705269,uwm_md,train
*Nc1cccc(/C=C2\c3ccccc3-c3ccc(N*)cc32)c1,0.35202666,uwm_md,train
*Nc1ccc(/C=C2/c3ccccc3-c3ccc(N*)cc32)cc1,0.34977978,uwm_md,test
*Nc1ccc([C@H](CCCC)c2ccc(C3(c4ccc([C@@H](CCCC)c5ccc(N*)cc5C)cc4)CCC(C)CC3)cc2)c(C)c1,0.38081893,uwm_md,train
*Nc1ccccc1-c1cccc2c1[C@@H](c1ccccc1N*)c1ccccc1-2,0.3648408,uwm_md,train
*Nc1cc2c(c(-c3ccccc3)c1N*)[C@@H](c1ccccc1)c1ccccc1-2,0.37078536,uwm_md,train
*Nc1ccc(C2(c3ccc(N*)cc3)c3ccccc3-c3cccc(N)c32)cc1,0.37367344,uwm_md,train
*Nc1ccc(C2=Cc3ccccc3C3(c4ccccc42)c2cc(C(C)(C)C)ccc2-c2ccc(C(C)(C)C)cc23)cc1,0.38649399,uwm_md,test
*Nc1cccc(/C=C2\c3ccccc3-c3ccc(N*)cc32)c1,0.35431743,uwm_md,test
*Nc1ccc(/C=C2\c3ccccc3-c3ccc(N*)cc32)cc1,0.35132964,uwm_md,train
*Nc1ccc2c(c1N*)[C@H](c1ccccc1)c1ccccc1-2,0.35924295,uwm_md,train
*Nc1ccc2c(c1)C1(c3cc(N)ccc3-2)c2cc(N)ccc2-c2ccc(N*)cc21,0.38420987,uwm_md,train
*Nc1ccc(C2(c3ccc(N*)cc3)c3ccccc3-c3ccc(N)c(N)c32)cc1,0.38161016,uwm_md,train
*Nc1ccc2c(c1)C1(c3ccccc3-c3ccccc31)c1c-2cc(-c2ccccc2)c(N*)c1-c1ccccc1,0.38624955,uwm_md,train
*Nc1ccc([C@]2(C)CC(C)(C)c3cccc(N*)c32)cc1,0.36101129,uwm_md,train
*Nc1cccc(C2(c3cccc(N*)c3N)c3ccccc3-c3ccccc32)c1N,0.37661701,uwm_md,train
*Nc1cccc(C2(c3cccc(N*)c3CC=C)c3ccccc3-c3ccccc32)c1CC=C,0.37562104,uwm_md,test
*Nc1ccc(-c2c(N*)ccc3c2[C@@H](C)CC3(C)C)cc1,0.36596567,uwm_md,test
*Nc1ccc2c(c1)-c1cc(N*)ccc1C21c2ccc(N)cc2-c2cc(N)ccc21,0.39385328,uwm_md,test
*Nc1ccc([C@@]2(C)CC(C)(C)c3ccc(N*)cc32)cc1,0.36543728,uwm_md,test
*Nc1ccc2c(c1)C1(c3cc(N*)ccc3-2)c2cc(C(C)(C)C)ccc2-c2ccc(C(C)(C)C)cc21,0.4012929,uwm_md,test
*Nc1ccc2c(c1)C(C)(C)c1cc3cc4ccccc4c(N*)c3cc1-2,0.36945143,uwm_md,test
*Nc1ccc2c(c1)C(C)(C)c1cc3c(N*)c4ccccc4c(N)c3cc1-2,0.38120825,uwm_md,train
*Nc1ccc2c(c1)C(C)(C)c1cc3cc4ccc(N*)cc4cc3cc1-2,0.36817118,uwm_md,train
*Nc1ccc(C2(c3ccc(N*)c(C)c3)c3cc(-c4ccccc4)ccc3-c3ccc(-c4ccccc4)cc32)cc1C,0.38092175,uwm_md,train
*Nc1ccc(-c2ccc3c(c2)C(C)(C)c2cc(-c4ccc(N*)cc4)ccc2-3)cc1,0.36487938,uwm_md,train
*Nc1ccc([C@@H]2c3ccccc3-c3ccc(N*)c(N)c32)cc1,0.35996312,uwm_md,train
*Nc1cccc2c1C1=C(C[C@](N*)(c3ccccc3-c3ccccc3)C=C1)C2(c1ccccc1)c1ccccc1,0.37540911,uwm_md,train
*Nc1cccc2c1-c1ccc(N*)c(-c3ccccc3-c3ccccc3)c1C2(c1ccccc1)c1ccccc1,0.38457324,uwm_md,train
*Nc1cccc2c1-c1ccc(N*)c3cccc-2c13,0.33425976,uwm_md,train
*Nc1ccc(C2(c3ccc(N*)cc3)c3ccccc3-c3ccc(-c4ccccc4)c(-c4ccccc4)c32)cc1,0.38347475,uwm_md,train
*Nc1ccc([C@@]2(c3ccccc3)c3ccccc3-c3cc(N*)ccc32)cc1,0.37336483,uwm_md,train
*Nc1ccc2c(c1N*)C1(c3ccccc3-c3ccccc31)c1ccccc1-2,0.37725763,uwm_md,train
*Nc1cc2c(cc1N*)C1(c3cc(N)c(N)cc3-c3cc(N)c(N)cc31)c1cc(N)c(N)cc1-2,0.37495313,uwm_md,test
*Nc1ccc(-c2c(C(C)C)cc(C)cc2C2(c3cc(C)cc(C(C)C)c3-c3ccc(N*)cc3)c3ccccc3-c3ccccc32)cc1,0.39756786,uwm_md,train
*Nc1cc2c(c(N*)c1N)-c1ccccc1C21c2ccccc2-c2ccccc21,0.37629547,uwm_md,train
*Nc1cc2c(cc1N*)[C@@]1(C)c3cc(N)c(N)cc3[C@@]3(C)c4cc(N)c(N)cc4[C@]2(C)[C@]31C,0.40071937,uwm_md,train
*Nc1ccc2c(c1)C(C)(C)C[C@@]21CC(C)(C)c2ccc(N*)cc21,0.37806906,uwm_md,train
*Nc1cc2c(cc1N*)C(CCCCCCCC)(CCCCCCCC)c1ccccc1-2,0.36691614,uwm_md,train
*Nc1ccc2c(c1)[C@@H]1c3ccc(N*)cc3[C@@H]3c4ccc(N)cc4[C@H]2C31C,0.3861986,uwm_md,train
*Nc1cc2c(cc1N*)[C@]1(C)c3c(ccc(N)c3N)[C@]3(C)c4cc(N)c(N)cc4[C@@]2(C)[C@@H]31,0.39437895,uwm_md,train
*Nc1ccc2c(c1)C1(CC2)CCc2ccc(N*)cc21,0.36320276,uwm_md,train
*Nc1cc2c(cc1N*)C(CCCCCC)(CCCCCC)c1cc(N)c(N)cc1-2,0.35765063,uwm_md,train
*Nc1ccc([C@]2(C)c3cc(N*)ccc3[C@@H](C)[C@H]2C)cc1,0.362073,uwm_md,train
*Nc1cc2c(cc1N*)[C@@H]1CC[C@H]2C1,0.35993676,uwm_md,train
*Nc1ccc2c(c1N*)[C@](C)(c1ccccc1)CC2(C)C,0.36474877,uwm_md,train
*Nc1ccc([C@@]2(C)c3ccc(N*)cc3CC2(C)C)cc1,0.36731857,uwm_md,test
*Nc1ccc([C@H]2[C@H](C)c3cc(N*)ccc3C2(C)C)cc1,0.36746212,uwm_md,train
*Nc1ccc2c(c1)C(C)(C)CC21CC(C)(C)c2cc(N*)ccc21,0.37903911,uwm_md,train
*Nc1cc([C@]2(C)CC(C)(C)c3cc(N*)c(N)cc32)ccc1N,0.36873621,uwm_md,train
*Nc1ccc([C@]2(C)CC(C)(C)c3cc(N*)c(N)c(N)c32)c(N)c1N,0.35556128,uwm_md,train
*Nc1ccc([C@@H]2CC(C)(C)c3cc(N*)ccc32)cc1,0.36258373,uwm_md,train
*Nc1ccc([C@@H]2CC(C)(C)c3ccc(N*)cc32)cc1,0.3624745,uwm_md,train
*Nc1ccc([C@]2(C)CC(C)(C)c3cc(N*)c(N)cc32)cc1,0.36997618,uwm_md,train
*Nc1ccc2c(c1)C(C)(C)c1cc(N*)ccc1-2,0.36132753,uwm_md,train
*Nc1ccc2c(c1)Cc1cc(N*)c(N)cc1-2,0.35883354,uwm_md,test
*Nc1cc2c(cc1N*)-c1cc(N)c(N)cc1C2,0.35872806,uwm_md,train
*Nc1cc2c(cc1N*)-c1ccccc1C2,0.34184722,uwm_md,train
*Nc1ccc2c(c1)C1(CC2(C)C)CC(C)(C)c2ccc(N*)cc21,0.38148344,uwm_md,train
*Nc1ccc2c(c1)[C@H]1c3cc(N*)ccc3[C@H]3c4ccccc4[C@@H]2[C@@]13C,0.3710363,uwm_md,train
*Nc1ccc2c(c1)C(CCCCCC)(CCCCCC)c1cc(N*)ccc1-2,0.36646307,uwm_md,train
*Nc1ccc2c(c1)CCC21CCc2cc(N*)ccc21,0.36033211,uwm_md,train
*Nc1cc2c(cc1N*)C(C)(C)CC2(C)C,0.36750858,uwm_md,train
*Nc1cc2c(cc1N*)C(C)(C)C(C)(C)C2(C)C,0.35975635,uwm_md,test
*Nc1cc2c(cc1N*)C1(CC1)CC2(C)C,0.36330601,uwm_md,train
*Nc1cc2c3c(c1N*)C(C)(C)C(C)(C)[C@@]3(C)C(C)(C)C2(C)C,0.36944886,uwm_md,train
*Nc1ccc2c(c1N*)C(C)(C)C(C)(C)C2(C)C,0.36414557,uwm_md,test
*Nc1cc2c(cc1N*)[C@@](C)(c1ccccc1)CC2(C)C,0.36320235,uwm_md,train
*Nc1cc2c(cc1N*)C(C)(C)C(C)C2(C)C,0.36621378,uwm_md,train
*Nc1cc2c(cc1N*)C(CC)(CC)CC2(C)C,0.36408964,uwm_md,test
*Nc1cc2c(cc1N*)[C@]1(C)CC[C@@]2(C)C1,0.36723278,uwm_md,test
*Nc1ccc2c(c1N*)C(C)(C)CC2(C)C,0.36728055,uwm_md,test
*Nc1cc2c(cc1N*)C(C[C@H](CC)CCCC)(C[C@H](CC)CCCC)c1cc(N)c(N)cc1-2,0.35441352,uwm_md,test
*Nc1ccc([C@]2(C)CC(C)(C)c3cc(N*)ccc32)cc1,0.36643921,uwm_md,train
*Nc1ccc([C@@]2(C)CC(C)(C)c3cc(N*)ccc32)cc1,0.36731291,uwm_md,train
*Nc1ccc2c(c1)[C@]1(CCC)c3ccc(N*)cc3[C@]3(CCC)c4ccc(N)cc4[C@@]2(CCC)C31C,0.39344519,uwm_md,test
*Nc1ccc2c(c1N*)-c1ccccc1C2(CC)CC,0.35949967,uwm_md,train
