SMILES,PID,TC,source,split
*N1C(=O)C2=C(C=C(C=C2)C(=O)C2=CC=C3C(=O)N(C(=O)C3=C2)C2=CC=C3OCCOCCOC4=C(OCCOCCOC3=C2)C=CC(*)=C4)C1=O,DB18C6,0.275,nd_md,train
CC1(C)CC(C)(C2=CC(=CC=C12)N1C(=O)C2=CC=C(C=C2C1=O)C(=O)C1=CC2=C(C=C1)C(=O)N(*)C2=O)C1=CC=C(*)C=C1,Matrimid,0.219,nd_md,train
*CCC*,P010001,0.6178000000000001,nd_md,train
*CC(*)C,P010002,0.2458,nd_md,train
*CC(*)CC,P010003,0.2262499999999999,nd_md,train
*CC(*)CCC,P010004,0.2463333333333333,nd_md,train
*CC(*)C(C)C,P010006,0.1896666666666666,nd_md,train
*CC(*)CCCC,P010007,0.2306666666666666,nd_md,train
*CC(*)CC(C)C,P010008,0.2083333333333333,nd_md,train
*CC(*)CCCCC,P010009,0.2583999999999999,nd_md,train
*CC(*)CCC(C)C,P010010,0.216,nd_md,train
*CC(*)CCC(C)CC,P010011,0.229,nd_md,train
*CC(*)CCCCCCC,P010012,0.2669999999999999,nd_md,train
*CC(*)CCCCCCCC,P010013,0.286,nd_md,train
*CC(*)(C)C,P010014,0.2125,nd_md,train
*CC(*)(C)CC,P010015,0.17,nd_md,test
*CCC(*)(C)C,P010016,0.1956666666666666,nd_md,train
*CC(C)C(*)(C)C,P010017,0.2026666666666666,nd_md,train
*CCCC(*)(C)C,P010018,0.236,nd_md,train
*CCCC(*)(C)CC,P010019,0.2339999999999999,nd_md,train
*CCCCCCCC(*)C,P010020,0.371,nd_md,train
*CC(*)C1CC1,P010021,0.2175,nd_md,train
*CC(*)C1CCC1,P010022,0.209,nd_md,train
*CC(*)C1CCCC1,P010023,0.2016666666666666,nd_md,test
*CC(*)CC1CCCC1,P010024,0.2283333333333333,nd_md,train
*CC(*)C1CCCCC1,P010025,0.1906666666666666,nd_md,train
*CC(*)CC1CCCCC1,P010026,0.225,nd_md,train
*CC(*)Cc1ccccc1,P010027,0.1963333333333333,nd_md,train
*CC(*)CCc1ccccc1,P010028,0.1803333333333333,nd_md,train
*CC(*)C(C)c1ccccc1,P010029,0.1506666666666666,nd_md,test
*CC1CCC(*)C1,P010033,0.3353333333333333,nd_md,test
*CC(*)CCCCCC,P010040,0.238,nd_md,train
*CC(*)CCCCCCCCCC,P010042,0.3326,nd_md,test
*CC(*)CCCCCCCCCCCC,P010043,0.339,nd_md,train
*CC(*)CCCCCCCCCCCCCCCC,P010044,0.375,nd_md,train
*CC(*)CCCC(C)C,P010048,0.2573333333333333,nd_md,train
*CC(*)C(C)CC,P010049,0.1897499999999999,nd_md,train
*CC(*)C(CC)CC,P010050,0.1883333333333333,nd_md,train
*CC(*)CC(CC)CC,P010051,0.219,nd_md,train
*CC(*)CC(C)CC,P010052,0.202,nd_md,train
*CC(*)CC(C)(C)C,P010055,0.1746,nd_md,train
*CC(*)CC(C)(C)CC,P010056,0.1863333333333333,nd_md,train
*CC(*)CCCC(C)(C)C,P010057,0.216,nd_md,train
*CC(*)CCC1CCCCC1,P010060,0.2176666666666666,nd_md,test
*CC(*)CCCC1CCCCC1,P010061,0.2463333333333333,nd_md,test
*CC1(*)CCC(C)CC1,P010062,0.164,nd_md,train
*CC(*)(C)CCC,P010065,0.174,nd_md,train
*/C=C/CCC*,P010068,0.2535,nd_md,train
*/C=C/CC*,P010070,0.244,nd_md,train
*/C=C/CC*,P010071,0.2486666666666666,nd_md,test
*/C=C/CC*,P010072,0.272,nd_md,train
*C(*)C,P010073,0.2033333333333333,nd_md,test
*CCC(C)C(*)C,P010075,0.2329999999999999,nd_md,train
*CCC1CCCC1*,P010076,0.2863333333333333,nd_md,train
*/C=C/CCCCCCCC*,P010077,0.3571666666666666,nd_md,train
*CC(*)CCCCCCCCCCCCCCCCCCCC,P010078,0.4019999999999999,nd_md,train
*CC(*)CCCCCCCCCCCCCC,P010080,0.3409999999999999,nd_md,test
*/C=C/CCCCCC*,P010081,0.33,nd_md,train
*CC(*)C(C)(C)C,P010083,0.1363333333333333,nd_md,train
*CC(*)CCCCCCCCCCCCC,P010086,0.3383333333333333,nd_md,test
*C(*)CC,P010088,0.206,nd_md,train
*CC(*)CCCCCCCCCCC,P010089,0.32325,nd_md,train
*CC(*)CCCCCCCCC,P010090,0.3193333333333333,nd_md,train
*CC(*)C1CCCC(C)C1,P010091,0.1806666666666666,nd_md,test
*CC(*)C1CCC(C)CC1,P010092,0.1996666666666666,nd_md,train
*CC(*)C1CC=CCC1,P010093,0.18075,nd_md,test
*CC/C=C(/*)CCCCCCC,P010096,0.269,nd_md,train
*CC/C=C(/*)C(C)C,P010097,0.21,nd_md,test
*/C=C/CCC*,P010098,0.2796,nd_md,train
*CC(*)CCC(C)(C)C,P010099,0.1929999999999999,nd_md,test
*C1CCC1*,P010100,0.163,nd_md,test
*/C=C/*,P010101,0.262,nd_md,train
*/C=C/CCCCC*,P010102,0.3143333333333333,nd_md,train
*/C=C/C1CCC(*)C1,P010103,0.2603333333333333,nd_md,test
*/C=C/C(C*)C(C)CC,P010104,0.203,nd_md,train
*CC/C=C(/*)CCC,P010105,0.2233333333333333,nd_md,train
*/C=C/CCCCCCCCCC*,P010106,0.432,nd_md,test
*/C=C/*,P014362,0.526,nd_md,train
*CC1(*)CCCCC1,P014500,0.1443333333333333,nd_md,test
*/C=C/C(C)CCCCC*,P014503,0.2486666666666666,nd_md,train
*CC/C=C(/*)C(C)(C)C,P014525,0.20825,nd_md,train
*CC(*)c1ccccc1,P020001,0.2045,nd_md,train
*CC(*)c1ccccc1C,P020002,0.1903333333333333,nd_md,train
*CC(*)c1ccccc1CC,P020003,0.1894999999999999,nd_md,train
*CC(*)c1ccccc1COC,P020005,0.2066666666666666,nd_md,train
*CC(*)c1ccccc1COCC,P020006,0.1846666666666666,nd_md,train
*CC(*)c1ccccc1COCCC,P020007,0.217,nd_md,train
*CC(*)c1ccccc1COC(C)C,P020008,0.171,nd_md,train
*CC(*)c1ccccc1COCCCC,P020009,0.2096666666666666,nd_md,train
*CC(*)c1ccccc1COCCCCC,P020010,0.186,nd_md,train
*CC(*)c1ccccc1COCCC(C)C,P020011,0.1943333333333333,nd_md,train
*CC(*)c1ccccc1COCc1ccccc1,P020012,0.1913333333333333,nd_md,train
*CC(*)c1ccccc1COCCc1ccccc1,P020013,0.1883333333333333,nd_md,train
*CC(*)c1ccccc1C(=O)NC,P020014,0.1836666666666666,nd_md,train
*CC(*)c1ccccc1C(=O)N(C)C,P020015,0.165,nd_md,train
*CC(*)c1ccccc1C(=O)Nc1ccccc1,P020016,0.1636666666666666,nd_md,train
*CC(*)c1ccccc1C(=O)OC,P020018,0.1736666666666666,nd_md,train
*CC(*)c1ccccc1C(=O)OCC,P020019,0.1816666666666666,nd_md,train
*CC(*)c1ccccc1C(=O)OCCC,P020020,0.1929999999999999,nd_md,train
*CC(*)c1ccccc1C(=O)OC(C)C,P020021,0.1736666666666666,nd_md,test
*CC(*)c1ccccc1C(=O)OCCCC,P020022,0.1953333333333333,nd_md,train
*CC(*)c1ccccc1C(=O)OCC(C)C,P020023,0.1696666666666666,nd_md,test
*CC(*)c1ccccc1C(=O)OCCCCC,P020024,0.1923333333333333,nd_md,train
*CC(*)c1ccccc1C(=O)OCCC(C)C,P020025,0.1929999999999999,nd_md,train
*CC(*)c1ccccc1C(=O)OCCCCCC,P020026,0.2056666666666666,nd_md,train
*CC(*)c1ccccc1C(=O)Oc1ccccc1,P020027,0.1693333333333333,nd_md,train
*CC(*)c1ccccc1C(=O)OCCN(C)C,P020028,0.1853333333333333,nd_md,train
*CC(*)c1ccc(C(=O)OCCN(C)C)cc1,P020029,0.2314999999999999,nd_md,test
*CC(*)c1ccccc1OC,P020030,0.1946666666666666,nd_md,train
*CC(*)c1ccccc1Cl,P020032,0.1436666666666667,nd_md,train
*CC(*)c1ccccc1F,P020033,0.1746666666666666,nd_md,train
*CC(*)c1cccc(C)c1,P020035,0.1973333333333333,nd_md,train
*CC(*)c1cccc(CC)c1,P020036,0.186,nd_md,train
*CC(*)c1cccc(-c2ccc(-c3ccccc3)cc2)c1,P020037,0.1956666666666666,nd_md,train
*CC(*)c1cccc(Cl)c1,P020039,0.14175,nd_md,train
*CC(*)c1cccc(F)c1,P020040,0.1623333333333333,nd_md,test
*CC(*)c1ccc(C)cc1,P020041,0.1873333333333333,nd_md,train
*CC(*)c1ccc(CC)cc1,P020042,0.2013333333333333,nd_md,train
*CC(*)c1ccc(C(C)C)cc1,P020043,0.221,nd_md,train
*CC(*)c1ccc(CCCC)cc1,P020045,0.2096666666666666,nd_md,train
*CC(*)c1ccc(C(C)(C)C)cc1,P020046,0.184,nd_md,train
*CC(*)c1ccc(C(C)CC)cc1,P020047,0.23,nd_md,train
*CC(*)c1ccc(CCCCCC)cc1,P020049,0.241,nd_md,train
*CC(*)c1ccc(CCCCCCCC)cc1,P020050,0.2674999999999999,nd_md,test
*CC(*)c1ccc(CCCCCCCCC)cc1,P020051,0.277,nd_md,test
*CC(*)c1ccc(CCCCCCCCCC)cc1,P020052,0.2825,nd_md,train
*CC(*)c1ccc(CCCCCCCCCCCC)cc1,P020053,0.3035,nd_md,train
*CC(*)c1ccc(CCCCCCCCCCCCCC)cc1,P020054,0.3399999999999999,nd_md,train
*CC(*)c1ccc(CCCCCCCCCCCCCCCC)cc1,P020055,0.3409999999999999,nd_md,test
*CC(*)c1ccc(CCCCCCCCCCCCCCCCCC)cc1,P020056,0.3798571428571429,nd_md,train
*CC(*)c1ccc(-c2ccccc2)cc1,P020058,0.203,nd_md,train
*CC(*)c1ccc(/C(C)=N/O)cc1,P020064,0.178,nd_md,train
*CC(*)c1ccc(C(C)(C)O)cc1,P020065,0.2316666666666666,nd_md,train
*CC(*)c1ccc(C(C)(O)CC)cc1,P020066,0.2266666666666666,nd_md,train
*CC(*)c1ccc(COC)cc1,P020074,0.254,nd_md,train
*CC(*)c1ccc(COCCC)cc1,P020076,0.245,nd_md,test
*CC(*)c1ccc(COCCCCCC)cc1,P020080,0.252,nd_md,train
*CC(*)c1ccc(COCCOCCCC)cc1,P020083,0.262,nd_md,train
*CC(*)c1ccc(C(=O)N(C)C)cc1,P020084,0.246,nd_md,train
*CC(*)c1ccc(C(=O)N(CC)CC)cc1,P020085,0.213,nd_md,train
*CC(*)c1ccc(C(=O)N2CCCCC2)cc1,P020086,0.132,nd_md,train
*CC(*)c1ccc(C(=O)CCN2CCCCC2)cc1,P020087,0.225,nd_md,test
*CC(*)c1ccc(C(=O)N2CCOCC2)cc1,P020088,0.24,nd_md,train
*CC(*)c1ccc(C(=O)OC)cc1,P020090,0.2033333333333333,nd_md,train
*CC(*)c1ccc(C(=O)CCCCCCC)cc1,P020102,0.2663333333333333,nd_md,train
*CC(*)c1ccc(I)cc1,P020110,0.131,nd_md,train
*CC(*)c1ccc(N(C)C)cc1,P020111,0.249,nd_md,train
*CC(*)c1ccc(OCC)cc1,P020113,0.254,nd_md,train
*CC(*)c1ccc(OCCC)cc1,P020114,0.238,nd_md,train
*CC(*)c1ccc(OCCCC)cc1,P020115,0.256,nd_md,train
*CC(*)c1ccc(OCCC(C)C)cc1,P020116,0.248,nd_md,train
*CC(*)c1ccc(C)cc1C,P020122,0.1856666666666666,nd_md,train
*CC(*)c1ccc(C(C)C)cc1C(C)C,P020123,0.1979999999999999,nd_md,train
*CC(*)c1ccc(F)cc1C,P020124,0.1413333333333333,nd_md,train
*CC(*)c1ccc(Cl)cc1C,P020125,0.1366666666666667,nd_md,train
*CC(*)c1ccc(Cl)cc1Cl,P020126,0.1162499999999999,nd_md,train
*CC(*)c1cc(C)ccc1C,P020130,0.173,nd_md,train
*CC(*)c1cc(C(C)(C)C)ccc1C,P020131,0.1636666666666666,nd_md,train
*CC(*)c1cc(C(C)C)ccc1C(C)C,P020132,0.1616666666666666,nd_md,train
*CC(*)c1cc(Cl)ccc1Cl,P020133,0.1119999999999999,nd_md,train
*CC(*)c1cc(F)ccc1F,P020134,0.1403333333333333,nd_md,train
*CC(*)c1cc(C)ccc1F,P020135,0.171,nd_md,train
*CC(*)c1cc(Br)ccc1OCCCC,P020136,0.1493333333333333,nd_md,test
*CC(*)c1cc(Br)ccc1OCC,P020137,0.124,nd_md,test
*CC(*)c1cc(Br)ccc1OC,P020138,0.132,nd_md,train
*CC(*)c1cc(Br)ccc1OCCC,P020139,0.136,nd_md,train
*CC(*)c1cc(Br)ccc1OC(C)C,P020140,0.124,nd_md,train
*CC(*)c1cc(Br)ccc1OCCCCC,P020141,0.1545,nd_md,train
*CC(*)c1cc(Br)ccc1OCCC(C)C,P020142,0.1674999999999999,nd_md,test
*CC(*)c1cc(C)cc(C)c1,P020143,0.18,nd_md,train
*CC(*)c1ccc(C)c(C)c1,P020144,0.1905,nd_md,test
*CC(*)c1ccc(Cl)c(C)c1,P020145,0.154,nd_md,train
*CC(*)c1ccc(Cl)c(Cl)c1,P020146,0.114,nd_md,train
*CC(*)c1ccc(Cl)c(F)c1,P020147,0.1275,nd_md,test
*CC(*)c1c(C)cc(C)cc1C,P020148,0.1669999999999999,nd_md,train
*CC(*)c1cc(C)c(C)cc1C,P020149,0.2095,nd_md,test
*CC(*)c1c(F)c(F)c(F)c(F)c1F,P020150,0.103,nd_md,train
*CC(*)(C)c1ccccc1,P020151,0.164,nd_md,train
*CC(*)(C)c1ccc(C(C)C)cc1,P020152,0.1888333333333333,nd_md,train
*C(F)(F)C(*)(F)c1ccccc1,P020153,0.155,nd_md,train
*CC(*)c1cccc2ccccc12,P020156,0.194,nd_md,train
*CC(*)c1ccc(C(C)=O)cc1,P020157,0.228,nd_md,train
*CC(*)(C(=O)OC)c1ccccc1,P020177,0.1426666666666667,nd_md,train
*CC(*)(C)c1ccc(C)cc1,P020181,0.158,nd_md,train
*CC(*)n1cc2ccccc2n1,P020193,0.2075,nd_md,test
*CC(c1ccccn1)C(c1ccccc1)C(*)c1ccccn1,P020194,0.151,nd_md,test
*CC(*)c1ccc(O)cc1,P020195,0.2073333333333333,nd_md,train
*CC(*)c1ccc(OC(C)=O)cc1,P020198,0.2005,nd_md,train
*CC(*)c1ccc(CCC)cc1,P024305,0.2345,nd_md,train
*CC(*)c1ccc(COCCCCCCOc2ccc(-c3ccc(OC)cc3)cc2)cc1,P024371,0.3,nd_md,train
*CC(*)c1ccc(COCC(CC)CCCC)cc1,P024504,0.2596666666666666,nd_md,train
*CC(*)c1ccc(COCCOCCCCCCCC)cc1,P024505,0.282,nd_md,train
*CC(CC(*)(C#N)C(=O)OC)c1ccccc1,P024516,0.176,nd_md,test
*CC(*)c1ccc(C(=O)O)c(C(=O)O)c1,P024527,0.171,nd_md,train
*C([2H])([2H])C(*)([2H])c1c([2H])c([2H])c([2H])c([2H])c1[2H],P029029,0.199,nd_md,train
*CC(*)O,P030001,0.4366666666666667,nd_md,train
*CC(*)C=O,P030002,0.2425,nd_md,train
*CC(*)OC(=O)CCCCCCCCCCC,P030003,0.261,nd_md,train
*CC(*)OC(=O)CCCCCCCCCCCCCCC,P030004,0.31475,nd_md,test
*CC(*)OC(=O)CCCCCCCCCCCCCCCCC,P030005,0.305,nd_md,test
*CC(*)C(C)=O,P030006,0.179,nd_md,train
*CC(*)C(=O)C(C)C,P030007,0.203,nd_md,train
*CC(*)(C)C(C)=O,P030009,0.1669999999999999,nd_md,train
*CC(*)C#N,P030010,0.207,nd_md,test
*CC(*)(C)C#N,P030011,0.1463333333333333,nd_md,train
*CC(*)c1ccccn1,P030014,0.196,nd_md,train
*CC(*)n1c2ccccc2c2ccccc21,P030015,0.147,nd_md,train
*CC(*)OC,P030018,0.2614999999999999,nd_md,train
*CC(*)OCC,P030019,0.2446666666666666,nd_md,train
*CC(*)OC(=O)CC,P030025,0.212,nd_md,train
*CC(*)OC(=O)c1ccccc1,P030026,0.1669999999999999,nd_md,train
*CC(*)CCCN(CC(C)C)CC(C)C,P030034,0.201,nd_md,train
*CC(*)O[N+](=O)[O-],P030035,0.176,nd_md,train
*/C=C/C(C)C(*)C(=O)OC,P030036,0.189,nd_md,train
*CC(*)OC(C)C,P030045,0.2115,nd_md,train
*CC(*)CCc1ccccc1C,P030053,0.217,nd_md,train
*CC(*)CCc1ccc(C)cc1,P030054,0.224,nd_md,train
*CC(*)Cc1cc(C)ccc1C,P030064,0.181,nd_md,train
*CC(*)Cc1ccc(C)c(C)c1,P030065,0.19,nd_md,test
*CC(*)Cc1cc(C)cc(C)c1,P030066,0.175,nd_md,train
*CC(*)C(=O)C1CCCCC1,P030074,0.204,nd_md,test
*CC(*)C(=O)c1ccccc1O,P030076,0.144,nd_md,train
*CC/C=C(/*)c1ccccc1,P030078,0.219,nd_md,train
*CC(*)C(=O)c1ccc(C(C)(C)C)cc1,P030098,0.1915,nd_md,train
*CC(*)C(=O)c1ccc(CC)cc1,P030100,0.199,nd_md,train
*CC(*)C(=O)c1ccc(C)cc1,P030105,0.1975,nd_md,train
*CC(*)OC(=O)c1ccc(OC(=O)CCC)cc1,P030112,0.223,nd_md,train
*CC(*)OC(=O)C1(F)C(F)(F)C(F)(F)C(F)(F)C(F)(F)C1(F)F,P030124,0.0915,nd_md,train
*CC(*)c1cccs1,P030168,0.1995,nd_md,train
*C1Cc2ccccc2C1*,P030187,0.13,nd_md,train
*CCC/C=C(/*)c1ccc(OC)cc1,P030195,0.239,nd_md,train
*CCC/C=C(/*)c1ccccc1,P030196,0.206,nd_md,test
*CCC/C=C(/*)c1ccc(Cl)cc1,P030197,0.184,nd_md,train
*CC(*)CNc1ccc([N+](=O)[O-])cc1,P034237,0.236,nd_md,train
*CC(*)CNc1ccc([N+](=O)[O-])cn1,P034238,0.192,nd_md,train
*CC(*)CNc1ccc([N+](=O)[O-])cc1C,P034239,0.209,nd_md,train
*CC(*)CNc1ccc([N+](=O)[O-])c(C(F)(F)F)c1,P034240,0.188,nd_md,train
*CC(*)CNc1ccc([N+](=O)[O-])cc1[N+](=O)[O-],P034241,0.182,nd_md,test
*CC1CC(*)C(OC(=O)CCCCCCCCCCOc2ccc(-c3ccc(C#N)cc3)cc2)C1OC(=O)CCCCCCCCCCOc1ccc(-c2ccc(C#N)cc2)cc1,P034359,0.238,nd_md,train
*CC1CC(*)C(OC(=O)CCCCCCCCCCOc2ccc(-c3ccc(C#N)cc3)cc2)C1,P034360,0.296,nd_md,test
*CCC1CC(OC(=O)CCCCCCCCCCOc2ccc(-c3ccc(C#N)cc3)cc2)CC1*,P034361,0.299,nd_md,test
*CC(*)n1ccnc1,P034424,0.194,nd_md,train
*CC(*)OC(=O)CCCCCCCCCCCCCCCCCCCCC,P034501,0.371,nd_md,train
*CC(*)OCCCCCCCCCCCCCCCCCC,P034502,0.3868,nd_md,train
*CC(*)OC(=O)c1ccc(C#N)cc1,P034519,0.179,nd_md,test
*CC(*)OCC(C)(C)CC(C)C,P034595,0.225,nd_md,train
*C(F)(F)C(*)(F)OC(F)C(F)F,P034596,0.096,nd_md,train
*CC(*)C(=O)c1ccc(Br)cc1,P034597,0.133,nd_md,test
*CC(*)OC(=O)CC1CCCC1,P034603,0.22,nd_md,train
*CC(*)N1CCCC1=O,P039005,0.195,nd_md,train
*CCC1CC2C(CC(*)C2OC(=O)CCCCCCCCCCOc2ccc(-c3ccc(C#N)cc3)cc2)C1OC(=O)CCCCCCCCCCOc1ccc(-c2ccc(C#N)cc2)cc1,P039028,0.264,nd_md,train
*CC(*)C(=O)O,P040001,0.215,nd_md,test
*CC(*)C(=O)OC,P040002,0.214,nd_md,train
*CC(*)C(=O)OCC,P040003,0.2305,nd_md,train
*CC(*)C(=O)OCCCC,P040006,0.2075,nd_md,train
*CC(*)C(=O)OCCCCCC,P040011,0.2565,nd_md,train
*CC(*)C(=O)OCCCCCCCCCCCCCC,P040015,0.3215,nd_md,train
*CC(*)C(=O)OCCCCCCCCCCCCCCCC,P040016,0.3626666666666667,nd_md,train
*CC(*)C(=O)OCCCCCCCCCCCCCCCCCC,P040017,0.3795,nd_md,train
*CC(*)C(=O)OCCCCCCCCCCCCCCCCCCCCCC,P040018,0.3585,nd_md,test
*CC(*)C(=O)OC(F)(C(F)(F)F)C(F)(F)F,P040024,0.1119999999999999,nd_md,train
*CC(*)(C)C(=O)OC,P040048,0.1594999999999999,nd_md,test
*CC(*)(C)C(=O)OCC,P040049,0.1699999999999999,nd_md,train
*CC(*)(C)C(=O)OCCCC,P040052,0.203,nd_md,train
*CC(*)(C)C(=O)OC(C)CC,P040053,0.182,nd_md,train
*CC(*)(C)C(=O)OC(C)(C)C,P040055,0.1525,nd_md,train
*CC(*)(C)C(=O)OCCCCCC,P040056,0.184,nd_md,train
*CC(*)(C)C(=O)OCCCCCCCC,P040059,0.2415,nd_md,train
*CC(*)(C)C(=O)OCCCCCCCCCCCC,P040060,0.2665,nd_md,train
*CC(*)(C)C(=O)OCCCCCCCCCCCCCC,P040061,0.3115,nd_md,train
*CC(*)(C)C(=O)OCCCCCCCCCCCCCCCC,P040062,0.26,nd_md,test
*CC(*)(C)C(=O)OCCCCCCCCCCCCCCCCCC,P040063,0.317,nd_md,test
*CC(*)(C)C(=O)OC1CCCCC1,P040064,0.2239999999999999,nd_md,train
*CC(*)(C)C(=O)OC1CCCCC1C,P040066,0.153,nd_md,train
*CC(*)(C)C(=O)OC1CCC(C)CC1,P040067,0.1709999999999999,nd_md,test
*CC(*)(C)C(=O)OC1CCCC(C)C1,P040068,0.1545,nd_md,test
*CC(*)(C)C(=O)OC1CC(C)CC(C)(C)C1,P040069,0.146,nd_md,train
*CC(*)(C)C(=O)Oc1ccccc1,P040071,0.184,nd_md,train
*CC(*)(C)C(=O)Oc1ccccc1C,P040072,0.1905,nd_md,train
*CC(*)(C)C(=O)OCc1ccccc1,P040073,0.1755,nd_md,train
*CC(*)(C)C(=O)OCCc1ccccc1,P040074,0.168,nd_md,train
*CC(*)(C)C(=O)Oc1ccc2ccccc2c1,P040080,0.1639999999999999,nd_md,train
*CC(*)(C)C(=O)OCCF,P040081,0.1679999999999999,nd_md,train
*CC(*)(C)C(=O)OCCCl,P040082,0.1325,nd_md,train
*CC(*)(C)C(=O)OCCBr,P040083,0.128,nd_md,train
*CC(*)(C)C(=O)OC(C)C(F)(F)F,P040087,0.1139999999999999,nd_md,train
*CC(*)(C)C(=O)OC(C(F)(F)F)C(F)(F)F,P040088,0.0755,nd_md,test
*CC(*)(C)C(=O)OC(F)(C(F)(F)F)C(F)(F)F,P040091,0.069,nd_md,train
*CC(*)(C)C(=O)OC(C(F)(F)F)(C(F)(F)F)C(F)(F)F,P040092,0.0465,nd_md,train
*CC(*)(C)C(=O)OC(F)(C(F)(F)F)C(F)(F)Cl,P040093,0.069,nd_md,test
*CC(*)(C)C(=O)OCC(F)(F)C(F)(F)C(F)(F)C(F)(F)C(F)(F)C(F)(F)C(F)(F)F,P040094,0.0735,nd_md,train
*CC(*)(C)C(=O)Oc1c(Cl)c(Cl)c(Cl)c(Cl)c1Cl,P040097,0.083,nd_md,train
*CC(*)(C)C(=O)OCc1ccccc1Cl,P040099,0.159,nd_md,train
*CC(*)(C)C(=O)OCCOCC,P040103,0.212,nd_md,train
*CC(*)(C)C(=O)OCC1CCCO1,P040106,0.172,nd_md,train
*CC(*)(C)C(=O)OCc1ccco1,P040107,0.172,nd_md,train
*CC(*)(C)C(=O)OCCN(C)C,P040112,0.2005,nd_md,train
*CC(*)(C)C(=O)OCCN(CC)CC,P040114,0.2375,nd_md,test
*CC(*)(C)C(=O)OCc1cccc([N+](=O)[O-])c1,P040115,0.158,nd_md,test
*CC(*)(Cl)C(=O)OCC,P040117,0.1985,nd_md,train
*CC(*)(Cl)C(=O)OC(C)CC,P040118,0.174,nd_md,test
*CC(*)(Cl)C(=O)OC1CCCCC1,P040123,0.1365,nd_md,train
*CC(*)C(=O)NC(C)C,P040128,0.203,nd_md,train
*CC(*)C(=O)N(CCCC)CCCC,P040130,0.211,nd_md,test
*CC(*)C(=O)NCCCCCCCCCCCC,P040131,0.3435,nd_md,train
*CC(*)C(=O)NCCCCCCCCCCCCCC,P040132,0.3746666666666667,nd_md,train
*CC(*)C(=O)NCCCCCCCCCCCCCCCC,P040133,0.3105,nd_md,test
*CC(*)C(=O)NCCCCCCCCCCCCCCCCCC,P040134,0.383,nd_md,train
*CC(*)C(=O)NCCCCCCCCCCCCCCCCCCCCCC,P040135,0.3665,nd_md,train
*CC(*)C(=O)OC(CC)CC,P040141,0.213,nd_md,test
*CC(*)(C)C(=O)Oc1cccc(C)c1,P040143,0.151,nd_md,train
*CC(*)C(=O)OCC(CC)CCCC,P040147,0.2309999999999999,nd_md,train
*CC(*)C(=O)OCCCCCCCCC,P040148,0.281,nd_md,train
*CC(*)C(=O)OC1CCCCC1,P040149,0.201,nd_md,train
*CC(*)C(=O)OC1CC(C)CC(C)(C)C1,P040150,0.2205,nd_md,train
*CC(*)(C)C(=O)OCCCCCCCCCC,P040152,0.259,nd_md,train
*CC(*)(C)C(=O)OC1CC2CCC1(C)C2(C)C,P040155,0.143,nd_md,test
*CC(*)(Cl)C(=O)OCCC,P040156,0.173,nd_md,train
*CC(*)(Cl)C(=O)OCCCC,P040157,0.178,nd_md,train
*CC(*)(C#N)C(=O)OC,P040159,0.161,nd_md,train
*CC(*)C(=O)OCC(C)CC,P040160,0.221,nd_md,train
*CC(*)C(=O)OC(C)CCCCC,P040161,0.2405,nd_md,train
*CC(*)C(=O)OC(C)CCCCCC,P040162,0.245,nd_md,train
*CC(*)C(=O)OCC(CC)CC,P040163,0.2095,nd_md,train
*CC(*)C(=O)OCC(C)(C)C,P040164,0.2115,nd_md,test
*CC(*)C(=O)OC(C)CC(C)C,P040165,0.207,nd_md,train
*CC(*)C(=O)OC(CCC(CC)CCCC)CC(C)C,P040166,0.2319999999999999,nd_md,train
*CC(*)C(=O)OCCC#N,P040168,0.195,nd_md,train
*CC(*)C(=O)OCCSC,P040177,0.181,nd_md,train
*CC(*)C(=O)OCCCSC,P040178,0.211,nd_md,train
*CC(*)C(=O)OCCSCC,P040179,0.2175,nd_md,train
*CC(*)C(=O)OCCCCSC,P040180,0.2005,nd_md,test
*CC(*)C(=O)OCCCSCC,P040181,0.2155,nd_md,test
*CC(*)C(=O)OCCSCC#N,P040182,0.183,nd_md,train
*CC(*)C(=O)OCCSCCC#N,P040183,0.1875,nd_md,train
*CC(*)C(=O)OCCSCCCC#N,P040184,0.18,nd_md,train
*CC(*)C(=O)OCCCSCCC#N,P040185,0.219,nd_md,train
*CC(*)C(=O)OCCCCCCSCC#N,P040186,0.2175,nd_md,train
*CC(*)C(=O)OC12CC3CC(C)(CC(C)(C3)C1)C2,P040187,0.1635,nd_md,train
*CC(*)C(=O)N1CCCCC1,P040188,0.218,nd_md,test
*CC(*)C(=O)N1CCOCC1,P040189,0.212,nd_md,train
*CC(*)C(=O)Oc1ccccc1,P040191,0.196,nd_md,train
*CC(*)C(=O)Oc1ccccc1C,P040192,0.1735,nd_md,test
*CC(*)C(=O)Oc1cccc(C)c1,P040193,0.2055,nd_md,train
*CC(*)C(=O)Oc1ccc(C)cc1,P040194,0.193,nd_md,test
*CC(*)C(=O)Oc1ccccc1C(C)(C)C,P040195,0.175,nd_md,train
*CC(*)C(=O)Oc1ccc(C(C)(C)C)cc1,P040196,0.2245,nd_md,train
*CC(*)C(=O)Oc1ccc(OC)cc1,P040197,0.208,nd_md,train
*CC(*)C(=O)Oc1ccc(C(=O)OCCCC)cc1,P040204,0.2329999999999999,nd_md,train
*CC(*)C(=O)Oc1ccc(-c2ccccc2)cc1,P040205,0.2055,nd_md,train
*CC(*)C(=O)OCc1ccccc1,P040206,0.1985,nd_md,test
*CC(*)C(=O)OCCc1ccccc1,P040207,0.196,nd_md,test
*CC(*)C(=O)Oc1cccc(N(C)C)c1,P040208,0.221,nd_md,test
*CC(*)C(=O)N(C)c1ccccc1,P040209,0.1775,nd_md,test
*CC(*)C(=O)Oc1ccc(C#N)cc1,P040210,0.1845,nd_md,test
*CC(*)C(=O)OCc1ccc(C#N)cc1,P040211,0.182,nd_md,train
*CC(*)C(=O)Oc1ccccc1Cl,P040212,0.166,nd_md,train
*CC(*)C(=O)Oc1ccc(Cl)cc1Cl,P040213,0.119,nd_md,train
*CC(*)C(=O)Oc1c(Cl)c(Cl)c(Cl)c(Cl)c1Cl,P040214,0.085,nd_md,train
*CC(*)C(=O)Oc1cccc2ccccc12,P040215,0.1644999999999999,nd_md,train
*CC(*)C(=O)N(C)C,P040217,0.2125,nd_md,train
*CC(*)C(=O)NCCCC,P040218,0.252,nd_md,test
*CC(*)C(=O)NC(C)CC,P040219,0.2259999999999999,nd_md,train
*CC(*)C(=O)NC(C)(C)C,P040220,0.199,nd_md,train
*CC(*)C(=O)N(C(C)C)C(C)C,P040223,0.1865,nd_md,train
*CC(*)(C)C(=O)OCCCCC,P040228,0.1895,nd_md,train
*CC(*)(C)C(=O)OCC(CC)CCCC,P040229,0.1935,nd_md,test
*CC(*)(C)C(=O)OCCC(C)(C)C,P040230,0.1895,nd_md,train
*CC(*)(C)C(=O)OC(C)C(C)(C)C,P040231,0.1674999999999999,nd_md,train
*CC(*)(C)C(=O)OCCC(C)CC(C)(C)C,P040232,0.198,nd_md,train
*CC(*)(C)C(=O)OCCOC,P040233,0.1815,nd_md,train
*CC(*)(C)C(=O)OCCNC(C)(C)C,P040237,0.184,nd_md,test
*CC(*)(C)C(=O)OCCC#N,P040239,0.138,nd_md,train
*CC(*)(C)C(=O)OCC[N+](=O)[O-],P040240,0.1895,nd_md,train
*CC(*)(C)C(=O)OCC(F)(F)C(F)(F)C(F)(F)C(F)F,P040244,0.095,nd_md,test
*CC(*)(C)C(=O)OC(F)(F)C(F)(F)C(F)(F)C(F)(F)C(F)(F)C(F)(F)C(F)(F)C(F)(F)F,P040245,0.084,nd_md,train
*CC(*)(C)C(=O)OCC(F)(F)C(F)(F)C(F)(F)C(F)(F)C(F)(F)C(F)(F)C(F)(F)C(F)F,P040246,0.09,nd_md,train
*CC(*)(C)C(=O)OCCS(=O)CC,P040247,0.199,nd_md,train
*CC(*)(C)C(=O)OCC1(C)COCOC1,P040250,0.1305,nd_md,train
*CC(*)(C)C(=O)OCC1(C)COC(C)(C)OC1,P040251,0.1525,nd_md,train
*CC(*)(C)C(=O)OCC(C)(C)C1OCC(C)(C)CO1,P040252,0.1619999999999999,nd_md,test
*CC(*)(C)C(=O)OC12CC3CC(CC(C3)C1)C2,P040253,0.1245,nd_md,test
*CC(*)(C)C(=O)OC12CC3CC(C)(CC(C)(C3)C1)C2,P040254,0.122,nd_md,test
*CC(*)(C)C(=O)Oc1ccc(CC#N)cc1,P040255,0.1655,nd_md,test
*CC(*)(CC)C(=O)OCC,P040261,0.145,nd_md,train
*CC(*)(CC(=O)OCC)C(=O)OCC,P040262,0.1689999999999999,nd_md,train
*CC(*)(CC(=O)OCCCC)C(=O)OCCCC,P040263,0.2249999999999999,nd_md,train
*CC(*)(C#N)C(=O)OCCCC,P040264,0.179,nd_md,train
*CC(*)(CF)C(=O)OC,P040266,0.1365,nd_md,train
*CC(*)(CF)C(=O)OCC,P040267,0.1684999999999999,nd_md,train
*CC(*)(Cl)C(=O)OC(C)C,P040268,0.1465,nd_md,train
*CC(*)(CC(=O)OC1CCCCC1)C(=O)OC1CCCCC1,P040269,0.1694999999999999,nd_md,train
*CC(*)(CC(=O)OCC1CCCCC1)C(=O)OCC1CCCCC1,P040270,0.19,nd_md,train
*CC(*)(CC(=O)OCCC1CCCCC1)C(=O)OCCC1CCCCC1,P040271,0.213,nd_md,train
*CC(*)(CC(=O)OCCCC1CCCCC1)C(=O)OCCCC1CCCCC1,P040272,0.199,nd_md,test
*CC(*)(CC(=O)Oc1ccccc1)C(=O)Oc1ccccc1,P040273,0.154,nd_md,train
*CC(*)(CC(=O)OCc1ccccc1)C(=O)OCc1ccccc1,P040274,0.176,nd_md,train
*CC(*)(CC(=O)OCCc1ccccc1)C(=O)OCCc1ccccc1,P040275,0.199,nd_md,train
*CC(*)(CC(=O)OCCCc1ccccc1)C(=O)OCCCc1ccccc1,P040276,0.2055,nd_md,train
*CC(*)C(=O)Oc1ccc(Cl)cc1,P040278,0.158,nd_md,train
*CC(*)(C)C(=O)Oc1ccc(C#N)cc1,P040279,0.1345,nd_md,train
*CC(*)C(=O)OCCC(C)C,P040280,0.224,nd_md,train
*CC(*)C(=O)OCC(C)CCC,P040281,0.217,nd_md,train
*CC(*)C(=O)OCC(F)(F)C(F)(F)OC(F)(F)C(F)(F)C(F)(F)C(F)(F)F,P040283,0.086,nd_md,train
*CC(*)C(=O)OCCC(C)OC,P040288,0.212,nd_md,train
*CC(*)(C)C(=O)OC1CCC(C(C)(C)C)CC1,P040289,0.153,nd_md,test
*CC(*)(C)C(=O)OCC(F)(F)C(F)(F)C(F)(F)C(F)(F)C(F)(F)C(F)F,P040290,0.113,nd_md,train
*CC(*)(C)C(=O)OCC(C)(C)C,P040291,0.1555,nd_md,train
*CC(*)(C)C(=O)Oc1ccc(C(C)(C)C)cc1,P040292,0.181,nd_md,train
*CC(*)(CC(=O)OC)C(=O)OC,P040294,0.152,nd_md,train
*CC(*)(C)C(N)=O,P040300,0.145,nd_md,train
*CC(*)(C)C(=O)Oc1ccc(C)cc1,P040305,0.1545,nd_md,test
*C1C(=O)N(C2CCCCC2)C(=O)C1*,P040307,0.1485,nd_md,train
*CC(*)(CC(=O)OCCCCC)C(=O)OCCCCC,P040308,0.215,nd_md,train
*CC(*)(CC(=O)OCCCCCC)C(=O)OCCCCCC,P040310,0.2319999999999999,nd_md,train
*CC(*)(CC(=O)OCCC)C(=O)OCCC,P040314,0.1845,nd_md,test
*CC(*)(CC(=O)Oc1ccccc1C)C(=O)Oc1ccccc1C,P040315,0.1635,nd_md,test
*CC(*)(CC(=O)Oc1cccc(C)c1)C(=O)Oc1cccc(C)c1,P040316,0.165,nd_md,train
*CC(*)(CC(=O)Oc1ccc(C)cc1)C(=O)Oc1ccc(C)cc1,P040317,0.182,nd_md,train
*CC(*)(C#N)C(=O)OCC,P040320,0.1805,nd_md,train
*CCC(C(=O)OCC)C(*)C(=O)OCC,P040321,0.2075,nd_md,train
*C1C(=O)N(c2ccccc2)C(=O)C1*,P040329,0.143,nd_md,train
*C1C(=O)N(c2ccc(C)cc2)C(=O)C1*,P040330,0.1405,nd_md,test
*CC(*)(C)C(=O)Oc1ccc(C)cc1C,P040332,0.157,nd_md,train
*CC(*)(C)C(=O)OCCN(CC)S(=O)(=O)C(F)(F)C(F)(F)C(F)(F)C(F)(F)C(F)(F)C(F)(F)C(F)(F)C(F)(F)F,P040336,0.1095,nd_md,train
*CC(*)(C#N)C(=O)OCCCCCC,P040338,0.217,nd_md,test
*CC(*)(C)C(=O)OCC1CO1,P040339,0.1855,nd_md,train
*CC(*)(C)C(=O)OCCCCCCOc1ccc(-c2ccc(OC)cc2)cc1,P040350,0.2175,nd_md,test
*CC(*)(C)C(=O)OCCN(CC)c1ccc(/N=N/c2ccc([N+](=O)[O-])cc2)cc1,P044251,0.19,nd_md,train
*CC(*)C(=O)OCCN(CC)c1ccc(/N=N/c2ccc([N+](=O)[O-])cc2)cc1,P044252,0.2135,nd_md,train
*CC(*)C(=O)OCCCCCC(=O)Oc1ccc(-c2ccc(C#N)cc2)cc1,P044290,0.2299999999999999,nd_md,train
*CCCC(*)(C)C(=O)O,P044304,0.1985,nd_md,train
*CC(*)(C)C(=O)NC(=O)Oc1c(Br)cc(S(=O)(=O)c2cc(Br)c(O)c(Br)c2)cc1Br,P044349,0.109,nd_md,test
*CC(*)(C)C(=O)NC(=O)OC(C)COc1c(Br)cc(S(=O)(=O)c2cc(Br)c(OCC(C)O)c(Br)c2)cc1Br,P044351,0.15,nd_md,test
*CC(*)C(=O)OCCCCCCOc1ccc(C(=O)Oc2ccc(C#N)cc2)cc1,P044370,0.2245,nd_md,train
*CC(*)(C)C(=O)OCCCCn1c2ccccc2c2ccccc21,P044380,0.1694999999999999,nd_md,train
*CC(*)C(=O)NCCCCCC(=O)O,P044463,0.2495,nd_md,train
*CC(*)C(=O)OC(C)CCC(CC)CCCC,P044510,0.212,nd_md,train
*CC(*)C(=O)NCCCCCCCC/C=C/CCCCCCCC,P044594,0.3065,nd_md,test
*CC(*)(C)C(=O)Oc1ccc([N+](=O)[O-])cc1,P044601,0.159,nd_md,test
*C1C(=O)OC(=O)C1*,P049017,0.1425,nd_md,train
*CC(*)Cl,P050002,0.1565,nd_md,train
*C(F)(F)C(*)(F)Cl,P050007,0.139,nd_md,train
*CCCCCCCCCCC(Cl)C(*)Cl,P050030,0.316,nd_md,train
*/C(F)=C(\F)C(F)(C(*)(F)F)C(F)(F)F,P050036,0.102,nd_md,train
*CC(*)CC(C)C(F)(F)F,P050050,0.148,nd_md,train
*CCC(Cl)C(*)Cl,P054499,0.1795,nd_md,train
*CC/C=C(/*)C,P060001,0.235,nd_md,train
*CC/C=C(/*)C,P060002,0.258,nd_md,train
*/C=C/C(C*)CCC,P060010,0.218,nd_md,train
*CC(*)C=C(C)C,P060020,0.198,nd_md,train
*CC/C=C(/*)CCCCCCCCCC,P060022,0.291,nd_md,test
*CC/C=C(/*)C(C)(C)C,P060023,0.187,nd_md,train
*CC/C(C)=C(/*)C,P060024,0.22,nd_md,test
*CC/C=C(/*)C,P060025,0.256,nd_md,train
*/C=C/C(C)C(*)C,P060029,0.186,nd_md,train
*/C=C/C(C)(C)C(*)(C)C,P060030,0.232,nd_md,train
*/C=C/C(C(=O)OC(C)C)C(*)C(=O)OC(C)C,P060031,0.195,nd_md,train
*C1C=CC(*)C1,P060035,0.2784999999999999,nd_md,train
*CO*,P070001,0.246,nd_md,train
*OC(*)C(Cl)(Cl)Cl,P070003,0.066,nd_md,train
*OC(*)CCC#N,P070009,0.1704999999999999,nd_md,train
*CC(C)(C)O*,P070022,0.1995,nd_md,train
*CC(O*)c1ccccc1,P070032,0.181,nd_md,train
*CC(COc1ccccc1)O*,P070033,0.188,nd_md,test
*CC(COc1ccccc1C)O*,P070035,0.229,nd_md,train
*CC(COc1cccc(C)c1)O*,P070036,0.205,nd_md,train
*CC(COc1ccccc1Cl)O*,P070037,0.169,nd_md,train
*CC(COc1ccc(Cl)cc1)O*,P070038,0.187,nd_md,test
*CC(COc1ccccc1C(C)C)O*,P070043,0.194,nd_md,train
*CCCO*,P070056,0.296,nd_md,train
*CCCCCCCCCCO*,P070068,0.353,nd_md,test
*CCCCCCCCCCCCO*,P070069,0.4307499999999999,nd_md,train
*Oc1ccc(*)cc1,P070074,0.396,nd_md,train
*Oc1cccc(*)c1,P070075,0.203,nd_md,train
*Oc1c(C)cc(*)cc1C,P070076,0.219,nd_md,train
*Oc1ccc(Cc2ccc(*)cc2)cc1,P070081,0.251,nd_md,train
*CCCCCCOCO*,P070092,0.278,nd_md,train
*CCCCCCCCCOCO*,P070093,0.277,nd_md,train
*CCCCCCCCCCOCO*,P070094,0.297,nd_md,test
*CCCCCCCCCCCCCCCCCCOCO*,P070096,0.406,nd_md,train
*CCCCCCCCCCOCCCCCCOCCCCCCO*,P070099,0.36175,nd_md,test
*CCCCCCCCCCOCCCCCCCCCCOCCCCO*,P070100,0.329,nd_md,train
*CCCCCCCCCCOCCCCCCCCCCOCCCCCO*,P070101,0.38525,nd_md,test
*CCCCCCCCCCOCCCCCCCCCCOCCCCCCO*,P070102,0.269,nd_md,train
*CCCCSSCCCCO*,P070123,0.199,nd_md,test
*CCCCSSCCCCOCO*,P070124,0.196,nd_md,train
*CCOCCOC(=O)CCCCCCCCC(=O)O*,P070137,0.229,nd_md,train
*CCCCCCCCCCC(=O)OCCOC(=O)c1ccc(O*)cc1,P070148,0.318,nd_md,train
*CCCCCC(=O)OCCCCCCOC(=O)c1ccc(O*)cc1,P070151,0.309,nd_md,train
*CCCCC(=O)OCCCCCCOC(=O)c1ccc(O*)cc1,P070152,0.227,nd_md,train
*CCCCCCCCCCC(=O)OCCCCCCOC(=O)c1ccc(O*)cc1,P070155,0.327,nd_md,train
*CCCCCCC(=O)NCCCCCCNC(=O)CCCCCCO*,P070174,0.3215,nd_md,train
*CCCCCCCCC(=O)NCCCCCCNC(=O)CCCCCCCCO*,P070176,0.3575,nd_md,train
*CCCCCCCCC(=O)NCCCCCOCCCCCNC(=O)CCCO*,P070188,0.289,nd_md,test
*CCCCCCCCCCC(=O)NCCCCCOCCCCCNC(=O)CCCO*,P070189,0.303,nd_md,train
*CCCCCCCCC(=O)NCCCCCOCCCCCNC(=O)CCCCO*,P070193,0.287,nd_md,train
*CCCCCCCCCCC(=O)NCCCCCOCCCCCNC(=O)CCCCO*,P070194,0.3349999999999999,nd_md,train
*CCCCCNC(=O)CCCCCCOCCCCCCC(=O)NCCCCCO*,P070196,0.285,nd_md,train
*CCCCCNC(=O)CCCCCCCCOCCCCCCCCC(=O)NCCCCCO*,P070197,0.267,nd_md,train
*CCCC(=O)NCc1ccc(CNC(=O)CCCO*)cc1,P070213,0.259,nd_md,test
*CCCCCC(=O)NCc1ccc(CNC(=O)CCCCCO*)cc1,P070215,0.309,nd_md,train
*CCCCCCC(=O)NCc1ccc(CNC(=O)CCCCCCO*)cc1,P070216,0.293,nd_md,train
*CCCCCCCCC(=O)NCc1ccc(CNC(=O)CCCCCCCCO*)cc1,P070217,0.333,nd_md,train
*C(=O)NCCCCCCCCCCNC(=O)c1ccc(*)o1,P070240,0.217,nd_md,train
*CCC(=O)OC(=O)CCc1ccc(*)o1,P070262,0.216,nd_md,train
*Oc1ccc(S(=O)(=O)c2ccc(*)cc2)cc1,P070316,0.268,nd_md,test
*Oc1ccc(S(=O)(=O)c2ccc(Oc3ccc(C(C)(C)c4ccc(*)cc4)cc3)cc2)cc1,P070317,0.204,nd_md,train
*CCOCCOC(=O)C(CCCCCCCCC)C(=O)O*,P070329,0.224,nd_md,train
*CCOCCOC(=O)CCCCCCCCCCCCCCCCC(=O)O*,P070335,0.3485,nd_md,train
*CCOC(=O)c1ccc(C(C)(CC)c2ccc(C(=O)O*)cc2)cc1,P070337,0.223,nd_md,train
*CC(O)COc1ccc(C(C)(C)c2ccc(O*)cc2)cc1,P070369,0.198,nd_md,train
*CC(COc1ccc(-c2ccccc2)cc1)O*,P070380,0.222,nd_md,train
*Oc1c(C)cc(*)cc1-c1ccccc1,P070385,0.1935,nd_md,test
*CC(COc1ccc(C(C)(C)c2ccc(O*)cc2)cc1)OC(C)=O,P070407,0.221,nd_md,test
*CC(COc1ccc(C(C)(C)c2ccc(O*)cc2)cc1)OC(=O)CCl,P070410,0.205,nd_md,train
*CC(COc1ccc(C(C)(C)c2ccc(O*)cc2)cc1)OC(=O)CC,P070411,0.2,nd_md,train
*CC(O)COc1ccc(C(C)(C)c2ccc(O*)c(Cl)c2)cc1Cl,P070416,0.182,nd_md,train
*CC(O)COc1c(Cl)cc(C(C)(C)c2cc(Cl)c(O*)c(Cl)c2)cc1Cl,P070417,0.1485,nd_md,test
*CC(COc1c(Cl)cc(C(C)(C)c2cc(Cl)c(O*)c(Cl)c2)cc1Cl)OC(C)=O,P070418,0.167,nd_md,train
*CC(O)COc1ccc(C(C)(CC)c2ccc(O*)cc2)cc1,P070419,0.244,nd_md,train
*OC1CCCCC1*,P070428,0.1694999999999999,nd_md,train
*CCCCCCCCc1nnc(*)o1,P070455,0.324,nd_md,test
*CCCCCCCCCCCCCCCCCCCCOC(=O)COCC(=O)O*,P070528,0.3249999999999999,nd_md,train
*CCOCCOCCOC(=O)CCCCCCCC(=O)O*,P070530,0.267,nd_md,train
*CC(CCl)(CCl)O*,P070548,0.1159999999999999,nd_md,train
*CCOCCOC(=O)c1ccccc1-c1ccccc1C(=O)O*,P070565,0.183,nd_md,train
*Oc1cccc(NC(=O)CCCCCCCCCCC(=O)Nc2ccc(*)cc2)c1,P070578,0.319,nd_md,test
*Oc1ccc(NC(=O)CCCCCCCCCC(=O)Nc2ccc(*)cc2)cc1,P070590,0.3745,nd_md,test
*c1ccc(-c2nc3ccc(Oc4ccc5nc(*)c(-c6ccccc6)c(-c6ccccc6)c5c4)cc3c(-c3ccccc3)c2-c2ccccc2)cc1,P070600,0.27,nd_md,test
*ON(C(F)(F)F)C(F)(F)C(*)(F)F,P070631,0.0905,nd_md,train
*c1ccc(Oc2ccc(-c3ccc(Oc4ccc(-c5cnc6cc(-c7ccc8nc(*)cnc8c7)ccc6n5)cc4)cc3)cc2)cc1,P070641,0.729,nd_md,train
*CC(COc1c(C)cccc1C)O*,P070652,0.209,nd_md,test
*Oc1ccc(C(C)(C)c2ccc(Oc3ccc(C(=O)c4ccccc4-c4ccccc4C(=O)c4ccc(*)cc4)cc3)cc2)cc1,P070688,0.22,nd_md,train
*Oc1ccc(C(c2ccc(Oc3ccc(C(=O)c4ccccc4-c4ccccc4C(=O)c4ccc(*)cc4)cc3)cc2)(C(F)(F)F)C(F)(F)F)cc1,P070689,0.185,nd_md,test
*Oc1ccc(Oc2ccc(C(=O)c3ccccc3-c3ccccc3C(=O)c3ccc(*)cc3)cc2)cc1,P070691,0.2205,nd_md,test
*Oc1ccc(C(C)(C)c2ccc(Oc3ccc(C(=O)Nc4ccc(-c5ccc(NC(=O)c6ccc(*)cc6)cc5C(F)(F)F)c(C(F)(F)F)c4)cc3)cc2)cc1,P070725,0.2685,nd_md,train
*CCCCCCCCCCOc1ccc(OC(=O)c2ccc(OCCCCCCOc3ccc(C(=O)Oc4ccc(O*)cc4)cc3)cc2)cc1,P074244,0.344,nd_md,train
*c1ccc(Oc2ccc(N3C(=O)c4ccc(Oc5cc6ccccc6cc5Oc5ccc6c(c5)C(=O)N(*)C6=O)cc4C3=O)cc2)cc1,P074260,0.244,nd_md,test
*CCCCCCOC(=O)OCCCCCCOC(=O)OCCCCCCOc1ccc(-c2ccc(O*)cc2)cc1,P074354,0.329,nd_md,train
*CCc1ccc(*)o1,P074419,0.2784999999999999,nd_md,train
*c1cccc(-c2nc3ccc(-c4ccc5oc(*)nc5c4)cc3o2)c1,P074535,0.3795,nd_md,train
*CS*,P080001,0.172,nd_md,train
*SC(*)(F)F,P080002,0.114,nd_md,test
*CCS*,P080004,0.223,nd_md,test
*CCCCSS*,P080019,0.175,nd_md,train
*CCCCSCCS*,P080025,0.226,nd_md,train
*CCCCCCSCCS*,P080029,0.234,nd_md,train
*CCCCCCSSCCCCSS*,P080038,0.192,nd_md,train
*CCCCCCSCCCCCS*,P080039,0.241,nd_md,train
*CCCCCCCCCCSCCCCCCS*,P080042,0.3305,nd_md,train
*CCCCCCCCCCCSCCCCCCS*,P080043,0.3145,nd_md,test
*OC(=O)CCSc1ccc(SCCC(*)=O)cc1,P080105,0.198,nd_md,train
*OC(=O)CSCc1ccc(CSCC(*)=O)cc1,P080106,0.153,nd_md,train
*OC(=O)CCSCc1ccc(CSCCC(*)=O)cc1,P080107,0.187,nd_md,test
*CCCCCC(=O)NCc1ccc(CNC(=O)CCCCCS*)cc1,P080109,0.222,nd_md,train
*CCCCCCCCC(=O)NCc1ccc(CNC(=O)CCCCCCCCS*)cc1,P080111,0.285,nd_md,train
*CCCCCCCCCCC(=O)NCc1ccc(CNC(=O)CCCCCCCCCCS*)cc1,P080112,0.285,nd_md,train
*CCCCC(=O)NCCc1ccc(CCNC(=O)CCCCS*)cc1,P080113,0.255,nd_md,train
*CCCCCCC(=O)NCCc1ccc(CCNC(=O)CCCCCCS*)cc1,P080115,0.279,nd_md,train
*CCCCCCCCC(=O)NCCc1ccc(CCNC(=O)CCCCCCCCS*)cc1,P080116,0.301,nd_md,train
*CCCCCCCCCCC(=O)NCCc1ccc(CCNC(=O)CCCCCCCCCCS*)cc1,P080117,0.296,nd_md,train
*CCc1ccc(Cc2ccc(CCS*)cc2)cc1,P080122,0.224,nd_md,train
*CCCCCCCCCCSSCCCCCCSS*,P080147,0.2295,nd_md,train
*CC1CCC(COC(=O)NCCSCCCCCCSCCNC(=O)O*)CC1,P080148,0.24,nd_md,train
*CCCCCCCCCCOC(=O)CCCCSCCCCC(=O)O*,P080149,0.27,nd_md,train
*CCCCCCCCCCCCCCCCCCCCOC(=O)CCCCSCCCCC(=O)O*,P080150,0.322,nd_md,train
*CCCCCCOC(=O)CCCCSCCCCC(=O)O*,P080158,0.224,nd_md,train
*CCS/C(=N\c1ccccc1)S*,P080161,0.191,nd_md,train
*CCCCCCCCSSCCCCSS*,P080165,0.192,nd_md,train
*CCCCCOC(=O)CCCCSCCCCC(=O)O*,P080166,0.202,nd_md,test
*CCCCSSCCCSS*,P080169,0.161,nd_md,train
*CCCCOC(=O)SSSSC(=O)O*,P080170,0.153,nd_md,train
*CCCC1CCN(C(=O)SSCCCCSSC(=O)N2CCC(*)CC2)CC1,P080174,0.223,nd_md,train
*CCOC(=O)CCCCSCCCCC(=O)O*,P080178,0.212,nd_md,train
*OC(C)COC(=O)CCCCSCCCCC(*)=O,P080179,0.214,nd_md,train
*Sc1c(C)cc(*)cc1C,P084366,0.145,nd_md,train
*CCc1ccc(*)s1,P084418,0.288,nd_md,train
*c1ccc2c(c1)SC1=Nc3cc(-c4ccc5c(c4)N=C4Sc6cc(*)ccc6N=C4N5)ccc3NC1=N2,P089044,0.506,nd_md,test
*CCCCCCCCCCOC(=O)CCC(=O)O*,P090006,0.285,nd_md,train
*CCCCCCCCCCOC(=O)CCCC(=O)O*,P090008,0.263,nd_md,train
*CCCCCCCCCCOC(=O)CCCCCCC(=O)O*,P090015,0.3445,nd_md,train
*CCCCCCCCCOC(=O)CCCCCCCC(=O)O*,P090018,0.294,nd_md,test
*CCCCCCCCCCOC(=O)CCCCCCCC(=O)O*,P090019,0.3325,nd_md,train
*CCCCCCCCCCOC(=O)CCCCCCCCC(=O)O*,P090025,0.281,nd_md,test
*Oc1c(Cl)cc(C(C)(C)c2cc(Cl)c(OC(=O)CCCCC(*)=O)c(Cl)c2)cc1Cl,P090037,0.153,nd_md,test
*CCCCCC(=O)O*,P090089,0.235,nd_md,train
*CCCCCCCCCCCCCCC(=O)O*,P090092,0.3595,nd_md,train
*CCCCCCCCCCCCCCCC(=O)O*,P090099,0.3954,nd_md,test
*CCCCCCCCCCOC(=O)CCCCCCCCCCCCCCCCC(=O)O*,P090105,0.3415,nd_md,train
*CCCCCCCCCCCCOC(=O)CCCCC(=O)O*,P090106,0.292,nd_md,train
*CCCCCCCCCCCCOC(=O)CCCCCCC(=O)O*,P090107,0.284,nd_md,test
*CCCCCCCCCCCCCCOC(=O)CCCCC(=O)O*,P090108,0.3555,nd_md,train
*CCCCCCCCCCCCCCOC(=O)CCCCCCC(=O)O*,P090109,0.3165,nd_md,train
*CCCCCCCCCCCCCCCCOC(=O)CCCCCCC(=O)O*,P090111,0.308,nd_md,train
*OC(C)COC(=O)/C=C(/CC(*)=O)c1cc(C)ccc1OC,P090128,0.197,nd_md,train
*CCCCOC(=O)C/C(=C/C(=O)O*)c1ccc(OCC)cc1,P090129,0.201,nd_md,train
*CCCCCCOC(=O)C/C(=C/C(=O)O*)c1ccc(OCC)cc1,P090131,0.247,nd_md,train
*OC(C)COC(=O)/C=C(/CC(*)=O)c1ccc(OCC)cc1,P090132,0.187,nd_md,train
*CC(CCCCCCCCCCCCCCCC)C(CCCCCCCCCCCCCCCC)COC(=O)c1ccc(C(=O)O*)cc1,P090142,0.354,nd_md,train
*Oc1ccc(-c2ccc(OC(=O)CCCCCC(*)=O)cc2)cc1,P090148,0.268,nd_md,train
*Oc1ccc(-c2ccc(OC(=O)CCCCCCC(*)=O)cc2)cc1,P090149,0.389,nd_md,test
*Oc1ccc(-c2ccc(OC(=O)CCCCCCCC(*)=O)cc2)cc1,P090150,0.385,nd_md,test
*Oc1ccc(-c2ccc(OC(=O)CCCCCCCCC(*)=O)cc2)cc1,P090151,0.25,nd_md,train
*Oc1ccc(-c2ccc(OC(=O)CCCCCCCCCC(*)=O)cc2)cc1,P090152,0.312,nd_md,train
*Oc1ccc(-c2ccc(OC(=O)CCCCCCCCCCC(*)=O)cc2)cc1,P090165,0.238,nd_md,train
*Oc1ccc(-c2ccc(OC(=O)CCCCCCCCCCCC(*)=O)cc2)cc1,P090166,0.429,nd_md,train
*CCCOC(=O)CCCCCCCCCCCCCCCCC(=O)O*,P090194,0.364,nd_md,train
*OC(c1ccc(Cl)cc1)C(C)(C)C(*)=O,P090199,0.112,nd_md,train
*OC(c1ccc(OC)cc1)C(C)(C)C(*)=O,P090200,0.17,nd_md,train
*Cc1ccc(-c2ccc(C(=O)O*)cc2)cc1,P090206,0.295,nd_md,train
*CC1CCC(COC(=O)CCCCCCCC(=O)O*)CC1,P090207,0.238,nd_md,test
*CC1CCC(COC(=O)CCCCCCCCCCC(=O)O*)CC1,P090210,0.279,nd_md,train
*CC1CCC(COC(=O)CCCC(=O)O*)CC1,P090211,0.191,nd_md,train
*CC1CCC(COC(=O)c2cccc(C(=O)O*)c2)CC1,P090212,0.178,nd_md,train
*CC1CCC(COC(=O)CCCCCC(=O)O*)CC1,P090216,0.251,nd_md,test
*CC1CCC(COC(=O)CCCCCCCCC(=O)O*)CC1,P090217,0.287,nd_md,train
*CCCCCCCCCCOC(=O)CCCCCNC(=O)CCCCC(=O)NCCCCCC(=O)O*,P090224,0.2955,nd_md,test
*CCCCCCCCCCOC(=O)c1ccccc1-c1ccccc1C(=O)O*,P090225,0.227,nd_md,test
*CCCCCCCCCCOC(=O)c1ccc(NC(=O)O*)cc1,P090232,0.363,nd_md,train
*CCCCCCCCCCOC(=O)c1ccc(C(=O)NCCCCCNC(=O)c2ccc(C(=O)O*)cc2)cc1,P090236,0.307,nd_md,test
*CCCCCCCCCCOC(=O)CCCCS(=O)(=O)CCCCC(=O)O*,P090239,0.278,nd_md,test
*CCCCCCCCCCOC(=O)CCCCCNC(=O)c1ccc(C(=O)NCCCCCC(=O)O*)cc1,P090240,0.252,nd_md,train
*CCCCCCCCCCCCOC(=O)CCCCCNC(=O)CCCCC(=O)NCCCCCC(=O)O*,P090243,0.306,nd_md,train
*CCCCCCCCCCCCOC(=O)CCCCCNC(=O)c1ccc(C(=O)NCCCCCC(=O)O*)cc1,P090248,0.235,nd_md,train
*CCCCCCCCCCCCCCCCCCCCOC(=O)CCCCC(=O)O*,P090251,0.3545,nd_md,train
*CCCCCCCCCCCCCCCCCCCCOC(=O)CCC(C)CC(=O)O*,P090252,0.362,nd_md,train
*CCCCCCCCCCCCCCCCCCCCOC(=O)CCCCCCCC(=O)O*,P090253,0.507,nd_md,train
*CCCCCCCCCCCCCCCCCCCCOC(=O)c1cccc(-c2cccc(C(=O)O*)c2)c1,P090254,0.294,nd_md,test
*CCCCCCCCCCCCCCCCCCCCOC(=O)c1ccc(-c2ccc(C(=O)O*)cc2)cc1,P090255,0.33,nd_md,test
*CCCCCCCCCCCCCCCCCCCCOC(=O)CCCC(=O)O*,P090256,0.302,nd_md,train
*CCCCCCCCCCCCCCCCCCCCOC(=O)c1cccc(C(=O)O*)c1,P090258,0.348,nd_md,test
*CCCCCCCCCCCCCCCCCCCCOC(=O)CC(=O)O*,P090259,0.318,nd_md,train
*CCCCCCCCCCCCCCCCCCCCOC(=O)C(=O)O*,P090260,0.3545,nd_md,train
*CCCCCCCCCCCCCCCCCCCCOC(=O)c1ccccc1C(=O)O*,P090261,0.298,nd_md,train
*CCCCCCCCCCCCCCCCCCCCOC(=O)CCCCCC(=O)O*,P090262,0.406,nd_md,train
*CCCCCCCCCCCCCCCCCCCCOC(=O)CCCCCCCCC(=O)O*,P090263,0.276,nd_md,test
*CCCCCCCCCCCCCCCCCCCCOC(=O)CCCCCCC(=O)O*,P090264,0.3379999999999999,nd_md,train
*CCCCCCCCCCCCCCCCCCCCOC(=O)CCC(=O)O*,P090265,0.362,nd_md,train
*CCCCCCCCCCCCCCCCCCCCOC(=O)CCCCS(=O)(=O)CCCCC(=O)O*,P090266,0.322,nd_md,train
*OC(C)COC(=O)c1ccccc1-c1ccccc1C(*)=O,P090273,0.175,nd_md,train
*OC(C)COC(=O)c1cccc(-c2cccc(C(*)=O)c2)c1,P090275,0.199,nd_md,train
*OC(C)COC(=O)c1ccc(-c2ccc(C(*)=O)cc2)cc1,P090277,0.282,nd_md,train
*CCOC(=S)c1cccc(C(=S)O*)c1,P090284,0.186,nd_md,train
*CCCCCCOC(=O)c1ccccc1-c1ccccc1C(=O)O*,P090298,0.188,nd_md,train
*CCCCCCOC(=O)c1cccc(-c2cccc(C(=O)O*)c2)c1,P090299,0.196,nd_md,train
*CCCCCCOC(=O)CCCCCNC(=O)c1ccc(C(=O)NCCCCCC(=O)O*)cc1,P090328,0.255,nd_md,train
*CCCCCCOC(=O)CCCS(=O)(=O)Cc1ccc(CS(=O)(=O)CCCC(=O)O*)cc1,P090331,0.2,nd_md,train
*Oc1ccc(Cc2ccc(OC(=O)CCCCC(*)=O)cc2)cc1,P090357,0.239,nd_md,train
*CCCCCCCCCOC(=O)c1ccc(C(=O)NCCCCCCNC(=O)c2ccc(C(=O)O*)cc2)cc1,P090362,0.259,nd_md,train
*CCCCCCCCCOC(=O)c1ccc(C(=O)NCCCCCNC(=O)c2ccc(C(=O)O*)cc2)cc1,P090363,0.315,nd_md,test
*CCCCCCCCCCCCCCCCCCOC(=O)c1ccc(C(=O)O*)cc1,P090366,0.304,nd_md,test
*CCCCCCCCOC(=O)CCCCCNC(=O)CCCCC(=O)NCCCCCC(=O)O*,P090368,0.293,nd_md,train
*CCCCCCCCOC(=O)c1ccc(C(=O)NCCCCCCNC(=O)c2ccc(C(=O)O*)cc2)cc1,P090372,0.261,nd_md,train
*CCCCCCCCOC(=O)CCCCCNC(=O)c1ccc(C(=O)NCCCCCC(=O)O*)cc1,P090374,0.276,nd_md,test
*CCCCCOC(=O)c1ccccc1-c1ccccc1C(=O)O*,P090381,0.19,nd_md,train
*CCCCCOC(=O)c1cccc(-c2cccc(C(=O)O*)c2)c1,P090382,0.238,nd_md,train
*CCCCCOC(=O)c1ccccc1C(=O)O*,P090392,0.246,nd_md,train
*CCc1ccc(CCOC(=O)CCc2ccc(CCC(=O)O*)cc2)cc1,P090402,0.319,nd_md,train
*Oc1ccc(/C=N/c2ccc(/N=C/c3ccc(OC(=O)CCCCC(*)=O)c(OC)c3)cc2)cc1OC,P090403,0.283,nd_md,train
*Oc1ccc(/C=N/c2ccc(/N=C/c3ccc(OC(=O)c4cccc(C(*)=O)c4)c(OC)c3)cc2)cc1OC,P090404,0.37,nd_md,train
*Oc1ccc(/C=N/c2ccc(/N=C/c3ccc(OC(=O)CCCCCCCCC(*)=O)c(OC)c3)cc2)cc1OC,P090405,0.274,nd_md,train
*CCc1ccc(CCOC(=O)c2ccc(C(=O)O*)cc2)cc1,P090406,0.23,nd_md,train
*CCCCCc1ccc(CCCCCOC(=O)c2ccc(C(=O)O*)cc2)cc1,P090407,0.276,nd_md,train
*CCCCc1ccc(CCCCOC(=O)c2ccc(C(=O)O*)cc2)cc1,P090408,0.241,nd_md,test
*CCCc1ccc(CCCOC(=O)c2ccc(C(=O)O*)cc2)cc1,P090409,0.249,nd_md,train
*CCC(=O)Oc1ccc(OC(=O)CCN2CCN(*)CC2)cc1,P090415,0.224,nd_md,train
*CCCCCCCCCCCCCCOC(=O)c1ccc(C(=O)NCCCCCNC(=O)c2ccc(C(=O)O*)cc2)cc1,P090420,0.258,nd_md,train
*CCCCCCCCCCCCCCOC(=O)c1ccc(C(=O)NCCCCCCNC(=O)c2ccc(C(=O)O*)cc2)cc1,P090421,0.333,nd_md,test
*CCCCCCCCCCCCCCOC(=O)c1ccc(C(=O)NCCNC(=O)c2ccc(C(=O)O*)cc2)cc1,P090422,0.274,nd_md,test
*CCCCOC(=O)CCCCCNC(=O)CCCCC(=O)NCCCCCC(=O)O*,P090423,0.242,nd_md,test
*CCCCOC(=O)CCCCCCCC(=O)O*,P090424,0.241,nd_md,train
*CCCCOC(=O)c1ccccc1-c1ccccc1C(=O)O*,P090427,0.19,nd_md,test
*CCCCOC(=O)c1cccc(-c2cccc(C(=O)O*)c2)c1,P090428,0.203,nd_md,train
*CCCCOC(=O)c1ccc(-c2ccc(C(=O)O*)cc2)cc1,P090429,0.248,nd_md,train
*CCCCOC(=S)c1cccc(C(=S)O*)c1,P090435,0.163,nd_md,train
*CCCCOC(=O)CCCCCNC(=O)c1ccc(C(=O)NCCCCCC(=O)O*)cc1,P090447,0.305,nd_md,train
*CCCOC(=O)C1CCC(C(=O)O*)CC1,P090459,0.222,nd_md,test
*CCCOC(=O)c1ccccc1-c1ccccc1C(=O)O*,P090460,0.198,nd_md,train
*OC(C)CCOC(=O)c1ccccc1-c1ccccc1C(*)=O,P090461,0.193,nd_md,train
*CCCOC(=O)c1cccc(-c2cccc(C(=O)O*)c2)c1,P090462,0.228,nd_md,train
*OC(C)CCOC(=O)c1cccc(-c2cccc(C(*)=O)c2)c1,P090463,0.194,nd_md,train
*CCCOC(=O)c1ccc(-c2ccc(C(=O)O*)cc2)cc1,P090464,0.273,nd_md,test
*CCCOC(=O)Cc1ccc(CC(=O)O*)cc1,P090473,0.198,nd_md,train
*Cc1ccc(COC(=O)CCCCCCCCCCC(=O)O*)cc1,P090497,0.272,nd_md,train
*Cc1ccc(COC(=O)CCCCCCC(=O)O*)cc1,P090502,0.249,nd_md,train
*Oc1c(C)cc(C(C)(C)c2cc(C)c(OC(=O)CCCCC(*)=O)c(C)c2)cc1C,P090507,0.193,nd_md,train
*Oc1ccc(C(C)(C)c2ccc(OC(=O)CCCCC(*)=O)cc2)cc1,P090508,0.241,nd_md,train
*CCC(C)CCC(=O)O*,P090515,0.253,nd_md,train
*Oc1c(C)cc(C(C)(C)c2cc(C)c(OC(=O)CCCCCCCCC(*)=O)c(C)c2)cc1C,P090543,0.224,nd_md,train
*Oc1ccc(C(C)(C)c2ccc(OC(=O)CCCCCCCCC(*)=O)cc2)cc1,P090561,0.267,nd_md,train
*Oc1c(C)cc(C(C)(C)c2cc(C)c(OC(=O)CCCCCC(*)=O)c(C)c2)cc1C,P090568,0.243,nd_md,train
*Oc1cc(CCC)cc(OC(=O)c2cccc(C(*)=O)c2)c1,P090570,0.234,nd_md,train
*CCCCCCCCCCCCOC(=O)c1cccc(C(=O)O*)c1,P090594,0.285,nd_md,test
*CCOC(=O)CCCCCNC(=O)c1ccc(C(=O)NCCCCCC(=O)O*)cc1,P090611,0.263,nd_md,train
*CCCCOC(=O)c1ccc(C(C)(C)c2ccc(C(=O)O*)cc2)cc1,P090633,0.205,nd_md,train
*Oc1cccc(OC(=O)c2ccc(C(C)(C)c3ccc(C(*)=O)cc3)cc2)c1,P090637,0.222,nd_md,train
*Oc1ccc(C(C)(C)c2ccc(OC(=O)CN(CC(*)=O)c3ccc(/N=N/c4ccc([N+](=O)[O-])cc4)cc3)cc2)cc1,P094250,0.244,nd_md,train
*Oc1ccc(-c2ccc(-c3cc(-c4ccccc4)c(-c4ccc(-c5ccc(OC(=O)c6ccc(C(*)=O)cc6-c6ccccc6)cc5)cc4)c(-c4ccccc4)c3-c3ccccc3)cc2)cc1,P094397,0.315,nd_md,train
*CCOC(=O)Cc1ccc(-c2ccc(CC(=O)O*)cc2)cc1,P094571,0.24,nd_md,train
*Oc1ccc(OC(=O)CCCCCCCCC(*)=O)cc1,P094584,0.257,nd_md,test
*Oc1ccc(C(C)(C)c2ccc(OC(=O)C(*)=O)cc2)cc1,P094587,0.231,nd_md,train
*Oc1ccc(C(C)(C)c2ccc(OC(=O)/C=C/C(*)=O)cc2)cc1,P094599,0.274,nd_md,train
*Cc1ccc2nc(-c3cc(-c4nc5ccc(*)cc5c(=O)o4)cc(N4C(=O)c5ccccc5C4=O)c3)oc(=O)c2c1,P099018,0.227,nd_md,train
*CCCCNC(=O)CCCCC(=O)N*,P100002,0.302,nd_md,test
*CCCCCNC(=O)CCCCC(=O)N*,P100003,0.327,nd_md,train
*CCCCCC(=O)N*,P100004,0.301,nd_md,test
*CCCCCCNC(=O)CCCCCC(=O)N*,P100006,0.278,nd_md,test
*CCCCCCNC(=O)CCCCCCC(=O)N*,P100007,0.345,nd_md,train
*CCCCCCCNC(=O)CCCCC(=O)N*,P100012,0.323,nd_md,train
*CCCCCCCNC(=O)CCCCCC(=O)N*,P100013,0.334,nd_md,train
*CCCCCCCC(=O)N*,P100014,0.329,nd_md,test
*CCCCCCCCNC(=O)CCCCC(=O)N*,P100015,0.291,nd_md,test
*CCCCCCCCNC(=O)CCCCCCCCC(=O)N*,P100016,0.392,nd_md,train
*CCCCCCCCNC(=O)CCCCCCCCCCC(=O)N*,P100017,0.3463333333333334,nd_md,train
*CCCCCCCCNC(=O)CCCCCCCCCCCCCCCCCCCCC(=O)N*,P100018,0.425,nd_md,train
*CCCCCCCCCCCC(=O)N*,P100025,0.3409999999999999,nd_md,train
*CCCCCCCCCCCCC(=O)N*,P100028,0.33,nd_md,train
*CCCCCCCCCCCCCCNC(=O)CCCCCCCCCCCCCCCCC(=O)N*,P100029,0.4341428571428571,nd_md,train
*CCCCCCCCCCCCCCCCCCNC(=O)CCCCCCCCCCCCCCCCC(=O)N*,P100030,0.4533333333333333,nd_md,train
*CCCCCCCCCCNC(=O)CCCCCCCCC(=O)N*,P100041,0.408,nd_md,train
*CCc1ccc(CCNC(=O)CCCCCCCCCCCCCCCCC(=O)N*)cc1,P100063,0.368,nd_md,test
*Cc1cccc(CNC(=O)/C=C(\C)C(=O)N*)c1,P100079,0.21,nd_md,test
*CCCCCCNC(=O)c1ccc(C(C)(CC)c2ccc(C(=O)N*)cc2)cc1,P100088,0.264,nd_md,train
*CCCCNC(=O)c1ccc(C(C)(CC)c2ccc(C(=O)N*)cc2)cc1,P100089,0.261,nd_md,train
*Cc1ccc(CNC(=O)CCCCCCCCCCCCCCCCC(=O)N*)cc1,P100105,0.3299999999999999,nd_md,train
*CCCCCCCCCCCCCCCCCCNC(=O)CCc1ccc(CCC(=O)N*)cc1,P100124,0.3755,nd_md,train
*CCCCCCCCCNC(=O)CCCCCCCC(=O)N*,P100167,0.361,nd_md,train
*CC(=O)N*,P100169,0.277,nd_md,train
*CCCCNC(=O)CC/C=C/CCC(=O)N*,P100171,0.258,nd_md,train
*CCCCCNC(=O)CCCCCCCC(=O)N*,P100174,0.301,nd_md,test
*CCCCCCNC(=O)CC/C=C/CCC(=O)N*,P100175,0.278,nd_md,train
*CCCCCCCCCCCCNC(=O)C(=O)N*,P100176,0.309,nd_md,train
*CCCCCCCCCCNC(=O)CC/C=C/CCC(=O)N*,P100177,0.3125,nd_md,train
*CCCCC(C)CC(=O)N*,P100182,0.254,nd_md,train
*CCCCCCCCCCC(=O)NCCCCCC(=O)N*,P100185,0.296,nd_md,train
*CCCCCCCCCCCCCCCCC(=O)N*,P100190,0.379,nd_md,train
*CCNC(=O)CCCCCCCCC(=O)N*,P100194,0.302,nd_md,train
*CCCCNC(=O)CCCCCCC(=O)N*,P100198,0.2915,nd_md,train
*CCCCNC(=O)CCCCCCCCC(=O)N*,P100200,0.355,nd_md,train
*CCCCNC(=O)CCCCCCCCCC(=O)N*,P100201,0.3229999999999999,nd_md,train
*CCCCNC(=O)CCCCCCCCCCC(=O)N*,P100202,0.332,nd_md,test
*CCCCCNC(=O)CCCCCCCCCCCCC(=O)N*,P100209,0.3415,nd_md,train
*CCCCCCNC(=O)CCCCCCCCCCCCC(=O)N*,P100211,0.355,nd_md,test
*CCCCCCNC(=O)CCCCCCCCCCCCCCCCC(=O)N*,P100212,0.3955,nd_md,train
*CCCCCCCNC(=O)CCCCCCCCC(=O)N*,P100214,0.3235,nd_md,train
*CCCCCCCNC(=O)CCCCCCCCCC(=O)N*,P100215,0.4065,nd_md,train
*CCCCCCCCNC(=O)CCCCCCCC(=O)N*,P100216,0.308,nd_md,train
*CCCCCCCCNC(=O)CCCCCCCCCCCCC(=O)N*,P100217,0.381,nd_md,train
*CCCCCCCCNC(=O)CCCCCCCCCCCCCCCCC(=O)N*,P100218,0.3725,nd_md,train
*CCCCCCCCCNC(=O)CCCCCCCCC(=O)N*,P100221,0.3485,nd_md,train
*CCCCCCCCCNC(=O)CCCCCCCCCC(=O)N*,P100222,0.312,nd_md,train
*CCCCCCCCCNC(=O)CCCCCCCCCCCC(=O)N*,P100223,0.348,nd_md,train
*CCCCCCCCCCNC(=O)CCCCCCC(=O)N*,P100224,0.422,nd_md,train
*CCCCCCCCCCNC(=O)CCCCCCCCCCCC(=O)N*,P100225,0.3685,nd_md,test
*CCCCCCCCCCNC(=O)CCCCCCCCCCCCC(=O)N*,P100226,0.342,nd_md,test
*CCCCCCCCCCNC(=O)CCCCCCCCCCCCCCCCC(=O)N*,P100227,0.381,nd_md,train
*CCCCCCCCCCNC(=O)CCCCCCCCCCCCCCCCCCC(=O)N*,P100228,0.3873333333333333,nd_md,test
*CCCCCCCCCCNC(=O)CCCCCCCCCCCCCCCCCCCCC(=O)N*,P100229,0.38825,nd_md,train
*CCCCCCCCCCCNC(=O)CCCCC(=O)N*,P100230,0.3295,nd_md,train
*CCCCCCCCCCCNC(=O)CCCCCCCCC(=O)N*,P100231,0.314,nd_md,train
*CCCCCCCCCCCCNC(=O)CCCCC(=O)N*,P100232,0.3745,nd_md,train
*CCCCCCCCCCCCNC(=O)CCCCCCCCC(=O)N*,P100233,0.374,nd_md,train
*CCCCCCCCCCCCNC(=O)CCCCCCCCCCCCCCCCCCCCC(=O)N*,P100235,0.3944285714285714,nd_md,train
*CCCCCCCCCCCCCCNC(=O)CCCCCCCCC(=O)N*,P100236,0.3944999999999999,nd_md,test
*CCCCCCCCCCCCCCNC(=O)CCCCCCCCCCC(=O)N*,P100237,0.346,nd_md,test
*CCCCCCCCCCCCCCNC(=O)CCCCCCCCCCCCCCCCCCCCC(=O)N*,P100238,0.3915714285714285,nd_md,train
*CCCCCCCCCCCCCCCCCCNC(=O)CCCCCCCCC(=O)N*,P100239,0.369,nd_md,train
*CCCCCCCCCCCCCCCCCCNC(=O)CCCCCCCCCCC(=O)N*,P100240,0.4337499999999999,nd_md,train
*CCCCCCCCCCCCCCCCCCNC(=O)CCCCCCCCCCCCCCCCCCCCC(=O)N*,P100241,0.412,nd_md,train
*Cc1ccc(C(=O)N*)cc1,P100267,0.271,nd_md,train
*CCCCNC(=O)c1ccc(C(=O)N*)cc1,P100283,0.289,nd_md,train
*CCCCCCNC(=O)c1ccc(Cc2ccc(C(=O)N*)cc2)cc1,P100293,0.268,nd_md,test
*CCCCCCNC(=O)c1ccc(C(C)(C)c2ccc(C(=O)N*)cc2)cc1,P100295,0.271,nd_md,train
*CCCCCCNC(=O)c1ccc(C(C)c2ccc(C(=O)N*)cc2)cc1,P100296,0.256,nd_md,train
*CCCCCCCCNC(=O)CCc1ccc(CCC(=O)N*)cc1,P100300,0.3,nd_md,train
*CCCCCCCCCCNC(=O)c1cccc(C(=O)N*)c1,P100302,0.296,nd_md,train
*CCCCCCCCCCNC(=O)Cc1ccc(CC(=O)N*)cc1,P100303,0.278,nd_md,train
*CCCCCCCCCCNC(=O)CCc1ccc(CCC(=O)N*)cc1,P100304,0.263,nd_md,train
*CCCCCCCCCCNC(=O)c1ccc(Cc2ccc(C(=O)N*)cc2)cc1,P100305,0.304,nd_md,train
*CCCCCCCCCCCNC(=O)c1ccc(C(=O)N*)cc1,P100308,0.289,nd_md,test
*CCCCCCCCCCCCNC(=O)Cc1ccc(CC(=O)N*)cc1,P100309,0.278,nd_md,train
*CCCCCCCCCCCCCCNC(=O)c1ccc(C(=O)N*)cc1,P100310,0.324,nd_md,test
*CCCCCCCCCCCCCCNC(=O)Cc1ccc(CC(=O)N*)cc1,P100311,0.289,nd_md,train
*CCCCCCCCCCCCCCCCCCNC(=O)c1ccc(C(=O)N*)cc1,P100313,0.344,nd_md,train
*CC1CCC(CNC(=O)CCCCC(=O)N*)CC1,P100325,0.316,nd_md,train
*CC1CCC(CNC(=O)CCCCCCC(=O)N*)CC1,P100329,0.341,nd_md,test
*CC1CCC(CNC(=O)CCCCCCCC(=O)N*)CC1,P100331,0.282,nd_md,test
*Cc1ccc(CNC(=O)CCCCC(=O)N*)cc1,P100351,0.277,nd_md,train
*CCc1ccc(CCNC(=O)CCCCCCCC(=O)N*)cc1,P100366,0.251,nd_md,train
*CCc1ccc(CCNC(=O)CCCCCCCCCCC(=O)N*)cc1,P100376,0.297,nd_md,train
*CCc1ccc(CCNC(=O)CCCCCCCCCCCC(=O)N*)cc1,P100378,0.319,nd_md,train
*Cc1ccc(CNC(=O)CCCCCCCCCCCCC(=O)N*)cc1,P100380,0.288,nd_md,train
*CCc1ccc(CCNC(=O)CCCCCCCCCCCCCCCCCCCCC(=O)N*)cc1,P100381,0.3195,nd_md,train
*CCCCCCN(C)C(=O)CCCCCCCCCCCCCCCCC(=O)N(*)C,P100401,0.3525,nd_md,train
*CCCCCCN(C)C(=O)c1ccc(C(=O)N(*)C)cc1,P100414,0.25,nd_md,train
*CCCCCC(=O)NCc1ccc(CNC(=O)CCCO*)cc1,P100509,0.291,nd_md,train
*CCCCCCC(=O)NCc1ccc(CNC(=O)CCCCO*)cc1,P100510,0.281,nd_md,train
*CCCCCCCCC(=O)NCc1ccc(CNC(=O)CCCO*)cc1,P100511,0.269,nd_md,train
*CCCCNC(=O)Cc1ccc(CNC(=O)CCCO*)cc1,P100512,0.275,nd_md,train
*CCCCCCCCC(=O)NCc1ccc(CNC(=O)CCCCO*)cc1,P100513,0.294,nd_md,train
*CCCCCCCCCCC(=O)NCc1ccc(CNC(=O)CCCO*)cc1,P100514,0.325,nd_md,train
*CCCCCCCCCCC(=O)NCc1ccc(CNC(=O)CCCCO*)cc1,P100515,0.294,nd_md,train
*CCCCCC(=O)NCc1ccc(CNC(=O)CCCCO*)cc1,P100516,0.288,nd_md,train
*CCCCCCC(=O)NCc1ccc(CNC(=O)CCCO*)cc1,P100517,0.287,nd_md,train
*CCCCCCCCCCC(=O)NCCCCCCNC(=O)CCCCO*,P100521,0.3565,nd_md,train
*CCCCCCCCCCC(=O)NCCCCCCNC(=O)CCCO*,P100522,0.3245,nd_md,train
*CCCCCCCCC(=O)NCCCCCCNC(=O)CCCCO*,P100523,0.3185,nd_md,train
*CCCCCCCCC(=O)NCCCCCCNC(=O)CCCO*,P100525,0.286,nd_md,train
*CCCCCCCCCCCCCCCCCCCCCC(=O)N*,P100696,0.4325,nd_md,test
*CCCCCCCCCCNC(=O)C(CCCCCCCCCCCC)C(=O)N*,P100702,0.35,nd_md,train
*CCCCCCCCCCNC(=O)CCCCCCCCC(=O)NCCCCCCCCCCNC(=O)C(=O)N*,P100703,0.4125,nd_md,train
*CCCCCCCCCCNC(=O)c1ccccc1C(=O)N*,P100704,0.265,nd_md,train
*CCCCCCNC(=O)CCCCCCCCCCCCCCCCCCCCC(=O)N*,P100713,0.44,nd_md,test
*CCCCCCNC(=O)C(CCCCCCCCCCCCCCCCC)C(=O)N*,P100719,0.3505,nd_md,train
*CCCCCCNC(=O)C(CCCCCCCCCCCCCCCC)C(=O)N*,P100721,0.3235,nd_md,train
*CCCCCCNC(=O)C(CCCCCCCCCCCCCCCCCC)C(=O)N*,P100724,0.354,nd_md,train
*CCCCCCNC(=O)C(CCCCCCCCCCCCCCC)C(=O)N*,P100726,0.3369999999999999,nd_md,train
*CCCCCCNC(=O)C(CCCCCCCCCCCCCC)C(=O)N*,P100729,0.319,nd_md,test
*CCCCCCNC(=O)C(CCCCCCCCCCCCC)C(=O)N*,P100730,0.2925,nd_md,test
*CCCCCCNC(=O)c1ccccc1C(=O)N*,P100737,0.218,nd_md,test
*CCCCCCCCCNC(=O)C(CCCCCCCCCCCC)C(=O)N*,P100746,0.347,nd_md,train
*CCCCCCCCCNC(=O)CCCCCCCCC(=O)NCCCCCCCCCNC(=O)C(=O)N*,P100747,0.312,nd_md,train
*CCCCCCCCNC(=O)C(CCCCCCCCCCCC)C(=O)N*,P100752,0.331,nd_md,train
*CCCCCNC(=O)CCCCCCCCCCCCCCCCC(=O)N*,P100754,0.4165,nd_md,train
*CCCCCNC(=O)CCCCCCCCCCCC(=O)N*,P100758,0.3545,nd_md,train
*CCc1ccc(CCNC(=O)CCCCCCCCCCCCCCCC(=O)N*)cc1,P100760,0.3515,nd_md,train
*CCc1ccc(CCNC(=O)CCCCCCCCCCCCCC(=O)N*)cc1,P100761,0.369,nd_md,train
*c1ccc(NC(=O)CCCCCCCCC(=O)NS(*)(=O)=O)cc1,P100770,0.237,nd_md,train
*CCCCN(C)C(=O)c1ccc(C(=O)N(*)C)cc1,P100780,0.222,nd_md,train
*CCCN(C)C(=O)c1ccc(C(=O)N(*)C)cc1,P100787,0.211,nd_md,train
*CCCCCCCCCCCNC(=O)CCCCCCCCC(=O)NCCCCCCCCCCCNC(=O)C(=O)N*,P100788,0.3195,nd_md,train
*Cc1ccc(CNC(=O)CCCCCCCCCCCCCCCCCCCCC(=O)N*)cc1,P100789,0.359,nd_md,train
*Cc1ccc(CNC(=O)CCCCCCCCCCCCCCCC(=O)N*)cc1,P100790,0.333,nd_md,train
*Cc1ccc(CNC(=O)CCCCCCCCCCCCCCC(=O)N*)cc1,P100791,0.351,nd_md,train
*CCN(C)C(=O)c1ccc(C(=O)N(*)C)cc1,P100807,0.211,nd_md,train
*CCCCCCCNC(=O)C(CCCCCCCCCCCC)C(=O)N*,P100808,0.3455,nd_md,test
*CCCCCCCCNC(=O)c1ccccc1C(=O)N*,P100810,0.22,nd_md,train
*CCCCCNC(=O)O*,P110001,0.268,nd_md,test
*CCCCCCCCCCOC(=O)NCCCCCCCCCCNC(=O)O*,P110038,0.316,nd_md,train
*CCCCCCCCCCCCCCCCOC(=O)NCCCCCCNC(=O)O*,P110042,0.348,nd_md,train
*CCCCCCCCCCCCCCCCOC(=O)NCCCCCCCCCCNC(=O)O*,P110043,0.275,nd_md,test
*CCCCCCCCOC(=O)Nc1ccc(C)c(NC(=O)O*)c1,P110074,0.286,nd_md,train
*CCCCOC(=O)Nc1ccc(Cc2ccc(NC(=O)O*)cc2)cc1,P110087,0.248,nd_md,test
*CCCCCCOC(=O)Nc1ccc(Cc2ccc(NC(=O)O*)cc2)cc1,P110092,0.304,nd_md,train
*CCCCCCCOC(=O)Nc1ccc(Cc2ccc(NC(=O)O*)cc2)cc1,P110093,0.266,nd_md,train
*CCCCCCCCOC(=O)Nc1ccc(Cc2ccc(NC(=O)O*)cc2)cc1,P110094,0.285,nd_md,test
*CCCCCCCCCOC(=O)Nc1ccc(Cc2ccc(NC(=O)O*)cc2)cc1,P110095,0.298,nd_md,test
*CCCCCCCCCCOC(=O)Nc1ccc(Cc2ccc(NC(=O)O*)cc2)cc1,P110096,0.325,nd_md,train
*CCCCCCCCCCCCOC(=O)Nc1ccc(Cc2ccc(NC(=O)O*)cc2)cc1,P110097,0.314,nd_md,train
*CCCCCCCCCCCCCCCCOC(=O)Nc1ccc(Cc2ccc(NC(=O)O*)cc2)cc1,P110098,0.326,nd_md,train
*CCOC(=O)Nc1ccc(-c2ccc(NC(=O)O*)c(C)c2)cc1C,P110160,0.431,nd_md,train
*CCOC(=O)Nc1ccc(Cc2ccc(NC(=O)O*)c(C)c2)cc1C,P110163,0.254,nd_md,train
*CCOC(=O)Nc1ccc(C(C)(C)c2ccc(NC(=O)O*)cc2)cc1,P110164,0.347,nd_md,train
*CC(C)(C)COC(=O)Nc1ccc(Cc2ccc(NC(=O)O*)c(C)c2)cc1C,P110168,0.217,nd_md,train
*CCN(CCOC(=O)NCCCCCCNC(=O)O*)CC(=O)Nc1ccc(/N=N/c2ccccc2)cc1,P110192,0.253,nd_md,test
*CCN(CCOC(=O)NCCCCCCNC(=O)O*)CCC(=O)Nc1ccc(/N=N/c2ccccc2)cc1,P110193,0.296,nd_md,train
*CCN(CCCC(=O)Nc1ccc(/N=N/c2ccccc2)cc1)CCOC(=O)NCCCCCCNC(=O)O*,P110194,0.281,nd_md,train
*Cc1ccc(CSC(=O)NCCCCCCNC(=O)S*)cc1,P110197,0.251,nd_md,train
*CC(C)(C)COC(=O)NC1CCC(CC2CCC(NC(=O)O*)CC2)CC1,P110209,0.316,nd_md,test
*CCCCCCCCCCCCCNC(=O)CCCCCCCCCCCC(=O)N*,P110210,0.3835,nd_md,train
*CC(C)(C)CS(=O)(=O)CC(C)(C)COC(=O)Nc1ccc(Cc2ccc(NC(=O)O*)cc2)cc1,P114563,0.215,nd_md,train
*CCCCCCNC(=O)N*,P120004,0.328,nd_md,train
*CCCCCCCCCCCCNC(=O)NCCCCCCNC(=O)N*,P120023,0.3545,nd_md,train
*CCCCCCCCCCCCCCNC(=O)NCCCCCCNC(=O)N*,P120024,0.4,nd_md,train
*CCCCCCCCCCCCCCCCCCNC(=O)NCCCCCCNC(=O)N*,P120026,0.383,nd_md,train
*CCCCCCCCCCCCCCNC(=O)NCCCCCCCCCCNC(=O)N*,P120027,0.344,nd_md,train
*CCCCCCCCCCCCCCCCCCNC(=O)NCCCCCCCCCCNC(=O)N*,P120028,0.39,nd_md,test
*CCCCCCCCCCCCNC(=O)NCc1ccc(CNC(=O)N*)cc1,P120034,0.342,nd_md,train
*CCCCCCCCCCCCCCCCCCNC(=O)NCc1ccc(CNC(=O)N*)cc1,P120036,0.358,nd_md,train
*CCCCCCCCCCNC(=O)NCCCCCCCCNC(=O)N*,P120048,0.366,nd_md,train
*c1ccc(NC(=O)Nc2ccc(NC(=O)Nc3ccc(-c4nc(-c5ccc([N+](=O)[O-])cc5)[nH]c4*)cc3)cc2)cc1,P124411,0.269,nd_md,train
*CCCC1CC(=O)N(*)C(=O)C1,P130001,0.23,nd_md,train
*c1ccc(Sc2ccc(N3C(=O)c4ccc(-c5ccc6c(c5)C(=O)N(*)C6=O)cc4C3=O)cc2)cc1,P130081,0.252,nd_md,train
*c1ccc2c(c1)C(=O)N(c1ccc(Oc3ccc(N4C(=O)c5ccc(C(*)(C(F)(F)F)C(F)(F)F)cc5C4=O)cc3)cc1)C2=O,P130119,0.165,nd_md,train
*C(=O)c1ccc2c(c1)C(=O)N(c1ccc(Oc3ccc(C(=O)c4cccc(C(=O)c5ccc(Oc6ccc(N7C(=O)c8ccc(*)cc8C7=O)cc6)cc5)c4)cc3)cc1)C2=O,P130134,0.328,nd_md,train
*c1ccc(Oc2cccc(Oc3ccc(N4C(=O)c5cccc(Oc6cccc(Oc7cccc8c7C(=O)N(*)C8=O)c6)c5C4=O)cc3)c2)cc1,P130214,0.165,nd_md,train
*c1ccc(N2C(=O)c3ccc(C(=O)c4ccc5c(c4)C(=O)N(c4ccc(-c6nc7cc(-c8ccc9nc(-c%10ccccc%10)c(*)nc9c8)ccc7nc6-c6ccccc6)cc4)C5=O)cc3C2=O)cc1,P130327,0.224,nd_md,train
*c1ccc2c(c1)C(=O)N(c1ccc(C(c3ccc(N4C(=O)c5ccc(C(*)(C(F)(F)F)C(F)(F)F)cc5C4=O)cc3)(C(F)(F)F)C(F)(F)F)cc1)C2=O,P130364,0.151,nd_md,train
*c1ccc2c(c1)C(=O)N(c1cc(OCCN(CC)c3ccc(/N=N/c4ccc([N+](=O)[O-])cc4)cc3)cc(N3C(=O)c4ccc(C(*)(C(F)(F)F)C(F)(F)F)cc4C3=O)c1)C2=O,P134255,0.154,nd_md,train
*c1ccc(N2C(=O)c3ccc(-c4cccc5c4C(=O)N(*)C5=O)cc3C2=O)cc1,P134352,0.233,nd_md,train
*C1C(=O)N(c2ccccc2C(=O)OC)C(=O)C1*,P134429,0.143,nd_md,test
*OC(=O)c1ccc(C(C)(C)c2ccc(C(*)=O)cc2)cc1,P140011,0.218,nd_md,train
*OC(=O)c1ccc(Cc2ccc(C(*)=O)cc2)cc1,P140012,0.233,nd_md,train
*OC(=O)CCc1ccc(CCC(*)=O)cc1,P140016,0.232,nd_md,train
*OC(=O)CCCCCC(*)=O,P140017,0.237,nd_md,train
*OC(=O)CCS(=O)(=O)Cc1ccc(CS(=O)(=O)CCC(*)=O)cc1,P140030,0.191,nd_md,test
*Oc1ccc(Cc2ccc(OC(*)=O)cc2)cc1,P150004,0.269,nd_md,test
*Oc1ccc(Cc2ccc(OC(*)=O)c(C)c2)cc1C,P150006,0.218,nd_md,test
*Oc1ccc(C(C)c2ccc(OC(*)=O)cc2)cc1,P150007,0.313,nd_md,train
*Oc1ccc(C(CCC)c2ccc(OC(*)=O)cc2)cc1,P150008,0.261,nd_md,train
*Oc1ccc(C(c2ccc(OC(*)=O)cc2)C(C)C)cc1,P150009,0.247,nd_md,train
*Oc1ccc(C(C)(C)c2ccc(OC(*)=O)cc2)cc1,P150011,0.2385,nd_md,train
*Oc1ccc(C(C)(CC)c2ccc(OC(*)=O)cc2)cc1,P150015,0.231,nd_md,test
*Oc1ccc(C(C)(CCC)c2ccc(OC(*)=O)cc2)cc1,P150017,0.253,nd_md,train
*Oc1ccc(C(C)(CC(C)C)c2ccc(OC(*)=O)cc2)cc1,P150018,0.245,nd_md,train
*Oc1ccc(C(C)(C)c2ccc(OC(*)=O)c(C)c2)cc1C,P150022,0.205,nd_md,train
*Oc1ccc(C(C)(C)c2ccc(OC(*)=O)c(Cl)c2)cc1Cl,P150025,0.166,nd_md,train
*Oc1ccc(C(C)(c2ccccc2)c2ccc(OC(*)=O)cc2)cc1,P150030,0.206,nd_md,train
*Oc1ccc(C(CCC)(CCC)c2ccc(OC(*)=O)cc2)cc1,P150034,0.219,nd_md,train
*Oc1ccc(C2(c3ccc(OC(*)=O)cc3)CCCC2)cc1,P150036,0.241,nd_md,train
*Oc1ccc(C2(c3ccc(OC(*)=O)cc3)CCCCC2)cc1,P150037,0.185,nd_md,train
*Oc1ccc(C2(c3ccc(OC(*)=O)c(C)c3)CCCCC2)cc1C,P150038,0.183,nd_md,train
*Oc1c(Cl)cc(C2(c3cc(Cl)c(OC(*)=O)c(Cl)c3)CCCCC2)cc1Cl,P150039,0.109,nd_md,train
*Oc1ccc(C2(c3ccc(OC(*)=O)c(Cl)c3)CCCCC2)cc1Cl,P150040,0.165,nd_md,test
*Oc1ccc(C2(c3ccc(OC(*)=O)cc3)c3ccccc3-c3ccccc32)cc1,P150043,0.235,nd_md,train
*Oc1ccc(Cc2ccc(OC(*)=S)cc2)cc1,P150073,0.28,nd_md,train
*Oc1ccc(C(C)c2ccc(OC(*)=S)cc2)cc1,P150074,0.247,nd_md,train
*Oc1ccc(C(CC)c2ccc(OC(*)=S)cc2)cc1,P150075,0.29,nd_md,train
*Oc1ccc(C(CCC)c2ccc(OC(*)=S)cc2)cc1,P150076,0.225,nd_md,test
*Oc1ccc(C(c2ccc(OC(*)=S)cc2)C(C)C)cc1,P150077,0.224,nd_md,train
*Oc1ccc(C(c2ccc(OC(*)=S)cc2)C(CC)CC)cc1,P150078,0.22,nd_md,train
*Oc1ccc(C(C)(C)c2ccc(OC(*)=S)cc2)cc1,P150084,0.199,nd_md,train
*Oc1ccc(C(C)(CC)c2ccc(OC(*)=S)cc2)cc1,P150085,0.183,nd_md,train
*Oc1ccc(C(C)(CC(C)C)c2ccc(OC(*)=S)cc2)cc1,P150086,0.202,nd_md,test
*Oc1ccc(C(CC)(CC)c2ccc(OC(*)=S)cc2)cc1,P150087,0.204,nd_md,train
*Oc1ccc(C(C)(CCCC)c2ccc(OC(*)=O)cc2)cc1,P150107,0.265,nd_md,train
*Oc1ccc(C(C)(C)c2ccc(OC(*)=O)c(C(C)C)c2)cc1C(C)C,P150109,0.217,nd_md,train
*Oc1cc(Cl)c(C(C)(C)c2c(Cl)cc(OC(*)=O)cc2Cl)c(Cl)c1,P150111,0.169,nd_md,train
*Oc1ccc(C(C)(CCCCCCC)c2ccc(OC(*)=O)cc2)cc1,P150112,0.247,nd_md,train
*CC(C)(C)CS(=O)(=O)CC(C)(C)COC(=O)O*,P154565,0.186,nd_md,train
*Oc1ccc(C(C)c2ccc(OC(*)=O)c(C)c2)cc1C,P154569,0.298,nd_md,train
*Oc1c(C)cc(C(C)(C)c2cc(C)c(OC(*)=O)c(Cl)c2)cc1Cl,P154570,0.131,nd_md,train
*CCN*,P160001,0.351,nd_md,train
*CCN(*)C(=O)CCCCCCCCCCCCCCCCC,P160014,0.4005,nd_md,train
*CCN(*)C(=O)c1ccc(Cl)cc1,P160023,0.162,nd_md,test
*CCCN*,P160079,0.354,nd_md,train
*c1nc(-c2ccccc2)nc(N(c2ccccc2)c2ncnc(N(*)c3ccccc3)n2)n1,P160106,0.185,nd_md,train
*\N=C\c1ccc(C=Nc2c(cc(cc2-c2ccccc2)-c2ccc(cc2)-c2cc(-c3ccccc3)c(*)c(c2)-c2ccccc2)-c2ccccc2)cc1,P164345,0.219,nd_md,train
*c1nc(C)nc(N(CCCCCCN(*)c2ccccc2)c2ccccc2)n1,P164494,0.21,nd_md,train
*c1ccc(-c2nnc(-c3cccc(-c4nnc(*)n4-c4ccccc4)c3)n2-c2ccccc2)cc1,P169043,0.389,nd_md,train
*CCC(*)=O,P190001,0.268,nd_md,test
*C(=O)C(*)(C)C,P190002,0.261,nd_md,train
*Oc1ccc(C(=O)c2ccc(*)cc2)cc1,P190003,0.287,nd_md,train
*OS(=O)(=O)c1cccc(C(=O)c2cccc(S(=O)(=O)Oc3ccc(C(C)(C)c4ccc(*)cc4)cc3)c2)c1,P190004,0.155,nd_md,train
*OS(=O)(=O)c1cccc(S(=O)(=O)Oc2ccc(C(C)(C)c3ccc(*)cc3)cc2)c1,P200001,0.158,nd_md,train
*CCCCCCS(*)(=O)=O,P200002,0.281,nd_md,train
*CCCCCCS(=O)(=O)CCCCCS(*)(=O)=O,P200003,0.264,nd_md,train
*CCCNS(*)(=O)=O,P200008,0.217,nd_md,test
*C1CCCCC1S(*)(=O)=O,P200009,0.155,nd_md,train
*CC(c1ccccc1)S(*)(=O)=O,P200012,0.142,nd_md,test
*CCCS(*)(=O)=O,P200014,0.193,nd_md,test
*CC(C)(C)CS(*)(=O)=O,P200016,0.162,nd_md,train
*c1ccc(Cc2ccc(S(*)(=O)=O)cc2)cc1,P200018,0.216,nd_md,train
*CC(C)S(*)(=O)=O,P200020,0.184,nd_md,train
*OS(=O)(=O)c1ccc(-c2ccc(S(=O)(=O)Oc3ccc(-c4ccc(*)cc4)cc3)cc2)cc1,P204529,0.225,nd_md,train
*Cc1ccc(*)cc1,P210002,0.267,nd_md,test
*Cc1cc(C)c(*)cc1C,P210004,0.236,nd_md,train
*CCCCCCCCCCCCCCc1ccc(-c2c(-c3ccccc3)cc(-c3ccc(-c4cc(-c5ccccc5)c(-c5ccc(*)cc5)c(-c5ccccc5)c4-c4ccccc4)cc3)c(-c3ccccc3)c2-c2ccccc2)cc1,P210018,0.261,nd_md,test
*CCc1cc(Cl)c(*)cc1Cl,P210023,0.121,nd_md,test
*CCc1ccc(*)c2ccccc12,P210024,0.247,nd_md,train
*Cc1cc(*)c(N)c(C)c1N,P210025,0.216,nd_md,train
*c1cccc(*)c1,P210026,0.341,nd_md,train
*/C=C/c1ccc(*)cc1,P210027,0.54,nd_md,train
*CCc1ccc(Cc2ccc(*)cc2)cc1,P210029,0.318,nd_md,train
*c1ccc(C2C(C(=O)OCC)C(*)C2C(=O)OCC)cc1,P210030,0.234,nd_md,train
*C(Cn1c2ccccc2c2ccccc12)=C=C=C(*)Cn1c2ccccc2c2ccccc12,P210031,0.188,nd_md,train
*CCc1ccc(-c2ccc(*)cc2)cc1,P210040,0.444,nd_md,train
*c1ccc(C(F)(F)C(*)(F)F)cc1,P210042,0.101,nd_md,train
*c1ccc(C(Cl)(Cl)C(*)Cl)cc1,P210044,0.115,nd_md,train
*CC(c1ccccc1)c1ccc(*)cc1,P210046,0.25,nd_md,train
*CCCCCCCCCCc1ccc(-c2c(-c3ccccc3)cc(-c3cccc(-c4cc(-c5ccccc5)c(-c5ccc(*)cc5)c(-c5ccccc5)c4-c4ccccc4)c3)c(-c3ccccc3)c2-c2ccccc2)cc1,P210047,0.21,nd_md,train
*c1ccc(C2C(C(=O)Oc3ccccc3)C(*)C2C(=O)Oc2ccccc2)cc1,P210050,0.225,nd_md,train
*c1ccc(C2C(C#N)(C(=O)OCCC)C(*)C2(C#N)C(=O)OCCC)cc1,P210051,0.258,nd_md,train
Cc1ccc(cc1)S(=O)(=O)OCCCCC(*)=C=C=C(*)CCCCOS(=O)(=O)c1ccc(C)cc1,P210052,0.21,nd_md,test
CCNC(=O)OCCCCC(*)=C=C=C(*)CCCCOC(=O)NCC,P210053,0.26,nd_md,train
*C(CCCCOC(=O)Nc1ccccc1)=C=C=C(*)CCCCOC(=O)Nc1ccccc1,P210054,0.327,nd_md,train
*CCc1c(Cl)c(Cl)c(*)c(Cl)c1Cl,P214530,0.125,nd_md,train
*CCc1c(C)c(C)c(*)c(C)c1C,P214531,0.301,nd_md,train
*/C(=C(\c1ccccc1)c1ccc(*)cc1)c1ccccc1,P214532,0.338,nd_md,train
*CCc1cc(*)c(C)cc1C,P214561,0.194,nd_md,train
*CCc1ccc(*)c(C(C)=O)c1,P214592,0.217,nd_md,train
*CCc1ccc(*)c(C(=O)OC)c1,P214593,0.245,nd_md,train
*C1CC2C3CCC(C3)C2C1*,P310009,0.148,nd_md,test
*CCCCCC(*)CCCCCC,P312008,0.301,nd_md,test
*CCCCCC(*)CCCCCCCC,P312009,0.382,nd_md,train
*CCCCCC(*)CCCCCCCCCC,P312010,0.406,nd_md,train
*CCCCCC(*)CCCCCCCCCCCC,P312011,0.381,nd_md,train
*CCCCCC(*)CCCCCCCCCCCCCC,P312012,0.403,nd_md,test
*CC(*)CCCCCCCCCCCCCCCCCC,P312014,0.381,nd_md,test
*C1CCC(*)C1,P312022,0.413,nd_md,train
*C1C2CCC(C2)C1*,P312024,0.166,nd_md,train
*CCC([2H])C(*)([2H])C,P312030,0.333,nd_md,train
*C1CC2CC1C(*)C2CCCC,P312034,0.156,nd_md,train
*C1CC2CC1C(*)C2CCCCCC,P312035,0.21,nd_md,train
*C1CC2CC1C(*)C2CCCCCCCCCC,P312036,0.31,nd_md,train
*CCC1CCC(*)C1,P312041,0.38,nd_md,train
*CCC1CC(*)C2C3CCC(C3)C12,P312042,0.257,nd_md,train
*CC(*)c1ccc(C=C)cc1,P320007,0.248,nd_md,test
*CC(*)c1cc(OC(C)CC)ccc1OC(C)CC,P320009,0.211,nd_md,test
*CC(*)c1cc(OC)ccc1OC,P320011,0.217,nd_md,train
*CC(*)c1ccc(C=O)cc1,P320014,0.171,nd_md,train
*CC(*)c1ccc(C(=O)OOC(C)(C)C)cc1,P320015,0.201,nd_md,train
*CC(*)c1cccc(OC(C)=O)c1,P320018,0.192,nd_md,train
*CC(*)c1cccc(NC(C)=O)c1,P320019,0.189,nd_md,train
*CC(*)c1ccc(S(=O)(=O)O)cc1,P320022,0.198,nd_md,train
*CC(*)c1c([2H])c([2H])c([2H])c([2H])c1[2H],P320026,0.185,nd_md,train
*CC(*)c1ccc(OC)c(OC)c1,P320028,0.227,nd_md,train
*CC(*)c1ccc(C#C)cc1,P320034,0.222,nd_md,test
*CC(*)c1ccc(CCC#C)cc1,P320035,0.255,nd_md,train
*C(c1ccccc1)C(*)(C#N)C#N,P320041,0.11,nd_md,test
*C(c1ccccc1)C(*)(C#N)C(=O)OCC,P320042,0.139,nd_md,train
*CC(NC=O)C(c1ccccc1)C(*)(C#N)C(=O)OC,P320048,0.134,nd_md,train
*CC(*)(OC(C)=O)c1ccc(OC(=O)OC)cc1,P320050,0.176,nd_md,train
*CC(*)(OC(C)=O)c1ccc(OC(=O)CCC)cc1,P320052,0.176,nd_md,train
*CC(CC(*)(C#N)C#N)(OC(C)=O)c1ccc(OC(C)=O)cc1,P320053,0.151,nd_md,train
*CC(CC(*)(C#N)C#N)(OC(C)=O)c1ccc(OC(=O)OC)cc1,P320054,0.153,nd_md,train
*CC(CC(*)(C#N)C#N)(OC(C)=O)c1ccc(OC(=O)CC)cc1,P320055,0.197,nd_md,train
*CC(CC(*)(C#N)C#N)(OC(C)=O)c1ccc(OC(=O)CCC)cc1,P320056,0.172,nd_md,train
*CC(*)c1ccc(COc2ccc(-c3ccc(C#N)cc3)cc2)cc1,P322009,0.253,nd_md,test
*CCCCCCCCCCC(c1ccc(O)cc1)C(*)c1ccc(O)cc1C,P322020,0.24,nd_md,train
*CCCCCCCCCCCC(c1ccc(O)cc1)C(*)c1ccc(O)cc1C,P322021,0.305,nd_md,train
*CCCCCCCCCCCCC(c1ccc(O)cc1)C(*)c1ccc(O)cc1C,P322022,0.308,nd_md,train
*CC(*)c1ccc(O)c(OC)c1,P322027,0.185,nd_md,test
*CC(*)(C)c1ccc(F)cc1,P322048,0.128,nd_md,train
*CC(*)(C)c1ccc(Br)cc1,P322049,0.107,nd_md,train
*CC(c1ccccc1)C(C(=O)O)C(*)C(=O)OCCCCCCCC,P322134,0.197,nd_md,train
*CC(c1ccccc1)C(C(=O)O)C(*)C(=O)OCCCCCCCCCCCCCC,P322135,0.263,nd_md,train
*CC(c1ccccc1)C(C(=O)O)C(*)C(=O)OCCCCCCCCCCCCCCCCCC,P322136,0.265,nd_md,train
*CC(*)c1ccc(-c2ccc3c(c2)C(CCCCCC)(CCCCCC)c2ccccc2-3)cc1,P322140,0.213,nd_md,train
*CC(*)c1ccc(-c2ccc3c(c2)C(CCCCCC)(CCCCCC)c2cc(-c4ccc5c(c4)C(CCCCCC)(CCCCCC)c4ccccc4-5)ccc2-3)cc1,P322141,0.231,nd_md,train
*CC(*)c1cc(-c2ccc(C(=O)OC(C)CCCCCC)cc2)ccc1-c1ccc(C(=O)OC(C)CCCCCC)cc1,P322147,0.262,nd_md,train
*CC(*)c1cccc(N(c2ccc(C)cc2)c2ccc(C)cc2)c1,P322154,0.175,nd_md,train
*CC(*)c1c(F)c(F)c(C(F)(F)F)c(F)c1F,P322169,0.101,nd_md,train
*CC(*)c1ccccc1,P322231,0.228,nd_md,test
*/C=C/C(C(=O)OCCCC)C(*)c1ccccc1,P330019,0.194,nd_md,train
*/C=C/C(C(=O)OC)C(*)c1ccccc1,P330020,0.19,nd_md,test
*/C=C(/*)c1ccc(N)cc1,P330033,0.223,nd_md,test
*/C=C(/*)c1ccc(NC=O)cc1,P330035,0.215,nd_md,train
*/C=C(/*)c1ccc(OC)cc1,P330036,0.187,nd_md,train
*/C=C(/*)c1ccc(Cl)cc1,P330037,0.121,nd_md,train
*/C(C#N)=C(/*)c1ccccc1,P330038,0.109,nd_md,test
*/C(CC)=C(/*)c1ccccc1,P330044,0.112,nd_md,train
*/C(CCCCCC)=C(/*)c1ccccc1,P330045,0.15,nd_md,train
*/C(Cl)=C(/*)c1ccccc1,P330046,0.093,nd_md,train
*/C=C/CC(C*)c1ccccc1,P330077,0.215,nd_md,train
*/C=C/CC(C*)(c1ccccc1)c1ccccc1,P330078,0.171,nd_md,test
*/C=C(/*)CNCc1ccccc1,P330090,0.199,nd_md,train
*/C=C(/*)c1ccc(C#C)cc1,P330092,0.199,nd_md,train
*/C=C(/*)c1cccc(C#C)c1,P330093,0.158,nd_md,train
*/C=C(/*)c1cccc(Br)c1,P330096,0.099,nd_md,train
*/C=C(/*)c1cccc(Cl)c1,P330097,0.126,nd_md,train
*CC(*)S(=O)c1ccc(F)cc1,P330141,0.131,nd_md,train
*CC(*)S(=O)c1ccc(Cl)cc1,P330142,0.125,nd_md,test
*CC(*)S(=O)c1ccc(OC)cc1,P330143,0.185,nd_md,train
*/C(Br)=C(/*)c1ccccc1,P330176,0.109,nd_md,train
*/C(I)=C(/*)c1ccccc1,P330177,0.064,nd_md,train
*/C=C(/*)c1ccccc1C(F)(F)F,P332004,0.077,nd_md,test
*/C=C(/*)c1c(C)cc(C(C)(C)C)cc1C,P332007,0.258,nd_md,train
*/C=C(/*)CCCOc1ccc(-c2ccc(CCCCC)cc2)cc1,P332008,0.352,nd_md,train
*/C=C(/*)c1c(F)c(F)c(CCCC)c(F)c1F,P332012,0.137,nd_md,test
*/C=C(/*)c1ccccc1C,P332025,0.156,nd_md,train
*CC(*)OC(=O)/C=C/c1ccccc1,P332027,0.2,nd_md,train
*/C=C(/*)c1ccccc1C(C)C,P332058,0.139,nd_md,train
*/C=C(/*)CCCCCCCCCCCCCCCCCCCCC(=O)O,P332076,0.403,nd_md,train
*/C=C/C(C)C(*)C(=O)OCCN(C)c1ccc(N(C)C)cc1,P332077,0.24,nd_md,train
*/C=C/C(C)C(*)C(=O)OCCCN(C)c1ccc(N(C)C)cc1,P332078,0.223,nd_md,train
*/C=C/C(C)C(*)C(=O)OCCCCCCN(C)c1ccc(N(C)C)cc1,P332079,0.258,nd_md,test
*/C=C(/*)C#CCCCCCCCCCCCCCCCCCCCCC(=O)O,P332081,0.4105,nd_md,test
*/C=C(/*)c1ccccc1,P332082,0.154,nd_md,train
*CC(*)OCCOc1ccc(/N=N/c2ccc(C#N)cc2)cc1,P332087,0.213,nd_md,train
*CC(*)OCCOc1ccc(/C=C(\C#N)C(=O)OC)cc1,P332090,0.228,nd_md,test
*/C=C(/*)CCCCCCCCCCOc1ccc(-c2ccc(OCCCCCCCC)cc2)cc1,P332114,0.312,nd_md,train
*/C=C(/*)CCCCCCCCCCOc1ccc(-c2ccc(OCC(F)CCCCCC)cc2)cc1,P332115,0.371,nd_md,train
*CC(*)C(=O)c1ccc(OCC)cc1,P332132,0.197,nd_md,train
*CC(*)n1cncn1,P332184,0.193,nd_md,train
*/C=C(/*)CCCOc1ccc(-c2ccc(C(=O)OC(C)CCCCCC)cc2)cc1,P332205,0.327,nd_md,train
*/C=C(/*)CCCCCCCCCCOc1ccc(-c2ccc(C(=O)OC(C)CCCCCC)cc2)cc1,P332206,0.267,nd_md,train
*/C=C(/*)CCCOc1ccc(-c2ccc(C(=O)OCC(F)CCCCCC)cc2)cc1,P332207,0.275,nd_md,test
*/C=C/CCCCCCC(Cl)CCCCCC*,P332293,0.3405,nd_md,train
*/C=C/CCCCCCCCCC(Cl)CCCCCCCCC*,P332294,0.3419999999999999,nd_md,train
*/C=C/CCCCCCCCCC(CCCCCCCCC*)COCCOCCOCCOCCOCCCCCC,P332303,0.31,nd_md,train
*CCCCCCCCCCCCCCCCCCCCC(*)COCCOCCOCCOCCOCCCCCC,P332304,0.39925,nd_md,train
*/C=C/CCCCCCCCCC(CCCCCCCCC*)COCCOCCOCCOCCOCCCCCCCCCCCCCC,P332305,0.332,nd_md,train
*CCCCCCCCCCCCCCCCCCCCC(*)COCCOCCOCCOCCOCCCCCCCCCCCCCC,P332306,0.38425,nd_md,train
*/C=C/C(*)(C)c1ccccc1,P332308,0.205,nd_md,test
*/C=C(/*)CNS(=O)(=O)Cc1ccccc1,P332348,0.212,nd_md,train
*/C=C(/*)CNS(=O)(=O)c1ccccc1,P332349,0.239,nd_md,train
*/C=C(/*)CNS(=O)(=O)c1ccc(C)cc1,P332350,0.193,nd_md,train
*/C=C(/*)CNS(=O)(=O)c1ccc(CCC)cc1,P332352,0.173,nd_md,train
*CC(*)C(=O)Oc1ccc(Cl)c(C)c1,P340041,0.163,nd_md,train
*CC(*)C(=O)Oc1ccccc1-c1ccccc1,P340042,0.179,nd_md,train
*CC(*)(C)C(=O)OCCc1ccc(/N=N/c2ccccc2)cc1,P340131,0.182,nd_md,train
*CC(*)C(=O)N(CC=C)c1c(C)cccc1C,P340132,0.166,nd_md,test
*CC(*)C(=O)OCc1ccc(OC(=O)OC(C)(C)C)cc1,P340151,0.208,nd_md,train
*CC(*)(C)C(=O)OCCCCCCN(C)c1ccc(/N=N/c2ccc(S(C)(=O)=O)cc2)cc1,P340169,0.265,nd_md,train
*CC(*)C(=O)N(O)c1ccc(C)cc1,P342013,0.189,nd_md,train
*CC(*)C(=O)N(O)c1cccc(C)c1,P342014,0.18,nd_md,train
*CC(*)C(=O)N(O)c1ccccc1C,P342015,0.181,nd_md,train
*CC(*)(C)C(=O)OCCOCCOc1ccc(/N=N/c2ccc(C#N)cc2)cc1,P342021,0.216,nd_md,test
*CC(*)(C)C(=O)OCCCc1ccc(/N=N/c2ccc(OC(F)(F)F)cc2)cc1,P342042,0.182,nd_md,test
*CC(*)(C)C(=O)OCCCCc1ccc(/N=N/c2ccc(OC(F)(F)F)cc2)cc1,P342043,0.175,nd_md,test
*CC(*)(C)C(=O)OCCCCCc1ccc(/N=N/c2ccc(OC(F)(F)F)cc2)cc1,P342044,0.187,nd_md,train
*CC(*)(C)C(=O)OCCCCCCc1ccc(/N=N/c2ccc(OC(F)(F)F)cc2)cc1,P342045,0.208,nd_md,train
*CC(*)C(=O)OCCOc1ccc(C(C)(C)c2ccc(OCCO)cc2)cc1,P342048,0.252,nd_md,train
*CC(*)(C)C(=O)OCCCN1CCCC1=O,P342071,0.192,nd_md,train
*CC(*)(C)C(=O)OCCCCCCOc1ccc(/N=N/c2ccc(OC)cc2)cc1,P342114,0.191,nd_md,test
*CC(*)(C)C(=O)Oc1ccc(/N=N/c2ccc(C#N)cc2)cc1,P342115,0.208,nd_md,train
*CC(*)(C)C(=O)OCCOc1ccc(/N=N/c2ccc(C#N)cc2)cc1,P342116,0.188,nd_md,train
*CC(*)(C)C(=O)OCCCCCCOc1ccc(/N=N/c2ccc(C#N)cc2)cc1,P342117,0.186,nd_md,train
*CC(*)(C)C(=O)OCCCCCCCCOc1ccc(-c2ccc(C#N)cc2)cc1,P342121,0.278,nd_md,train
*CC(*)(C)C(=O)OCCCCOc1ccc(/N=N/c2ccc(C#N)cc2)cc1,P342149,0.212,nd_md,test
*CC(*)(C)C(=O)OCCCCCCCCOc1ccc(/N=N/c2ccc(C#N)cc2)cc1,P342150,0.245,nd_md,train
*CC(*)(C)C(=O)OCCN(C)c1ccc(/N=N/c2cc(Cl)ccc2Cl)cc1,P342182,0.19,nd_md,test
*CC(*)(C)C(=O)OC(C)OCCOc1ccccc1,P342247,0.188,nd_md,train
*CC(*)(C)C(=O)OC(C)Oc1ccc(OC)cc1,P342249,0.202,nd_md,train
*CC(*)(C)C(=O)OCCOCCOCCOc1ccc(/N=N/c2ccc(C#N)cc2)cc1,P342257,0.217,nd_md,train
*CC(*)(C)C(=O)OCCOCCOCCOCCOc1ccc(/N=N/c2ccc(C#N)cc2)cc1,P342258,0.188,nd_md,train
*CC(C(=O)Oc1ccccc1)C(C(=O)O)C(*)(C)C,P342290,0.154,nd_md,test
*CC(*)C(=O)Oc1ccc(C(=O)OCc2ccccc2)cc1,P342351,0.217,nd_md,train
*CC(*)(C)C(=O)OCCN(CC)c1ccc(/N=N/c2ccc(S(C)(=O)=O)cc2)cc1,P342437,0.217,nd_md,train
*CC(*)(C)C(=O)OCCS(=O)(=O)c1ccc(/N=N/c2ccc(N(CC)CC)cc2)cc1,P342438,0.198,nd_md,test
*CC(*)C(=O)Oc1ccc(/N=N/c2ccc(OC)cc2)cc1,P342476,0.217,nd_md,train
*CC(*)(C)C(=O)OCCCCCCOc1ccc(/N=N/c2ccc(OCCCC)cc2)cc1,P342500,0.221,nd_md,test
*CC(*)(C)C(=O)Oc1ccc(/N=N/c2ccc(OC)cc2)cc1,P342510,0.263,nd_md,train
*CC(*)(C)C(=O)OCCOc1ccc(/N=N/c2ccc(OC)cc2)cc1,P342511,0.215,nd_md,train
*CC(*)C(=O)OCCCCCCCCCCOc1ccc(C(=O)O)cc1,P342531,0.259,nd_md,test
*CC(*)C(=O)OCCCCCCCCCCOc1cccc(C(=O)O)c1,P342532,0.276,nd_md,test
*CC(*)C(=O)OCCCCCCCCCCOc1ccccc1C(=O)O,P342533,0.232,nd_md,train
*CC(*)(C)C(=O)OCCN(CC)c1ccc(/N=N/c2ccc(OC)cc2)c(C)c1,P342563,0.203,nd_md,train
*CC(*)(C)C(=O)OCCN(CC)c1ccc(/N=N/c2ccc(C#N)cc2)cc1,P342583,0.219,nd_md,train
*CC(*)(C)C(=O)OCCCCCCCCCCOc1ccc(/N=N/c2ccc(C#N)cc2)cc1,P342590,0.289,nd_md,train
*CC(*)(C)C(=O)OCCCCCCCCCCOc1ccc(/N=N/c2ccc(F)cc2)cc1,P342591,0.311,nd_md,train
*CC(*)(C)C(=O)OCCCCCCCCCCOc1ccc(/N=N/c2ccc(Cl)cc2)cc1,P342592,0.247,nd_md,train
*CC(*)(C)C(=O)OCCCCCCCCCCOc1ccc(/N=N/c2ccccc2)cc1,P342593,0.219,nd_md,train
*CC(*)(C)C(=O)OCCCCCCCCCCOc1ccc(/N=N/c2ccc(OC)cc2)cc1,P342594,0.232,nd_md,test
*CCCCCCCCCCCCCCC(*)Cl,P352010,0.3735,nd_md,train
*CCCCCCCCCCCCCCCCCCCCC(*)Cl,P352011,0.468,nd_md,train
*/C=C/CCCCCCCC*,P360004,0.3804999999999999,nd_md,train
*CC(O)COc1c(C)cc(C(C)(C)c2cc(C)c(O*)c(C)c2)cc1C,P370044,0.205,nd_md,train
*c1ccc(Oc2ccc(-c3c(-c4ccccc4)c(-c4ccc(-c5nc6ccccc6c(*)c5-c5ccccc5)cc4)nc4ccccc34)cc2)cc1,P370116,0.225,nd_md,train
*Oc1ccc(C2(c3ccc(Oc4ccc5c(=O)n6c7cc(Oc8ccc9c(c8)nc8c%10ccc(*)c%11cccc(c(=O)n98)c%11%10)ccc7nc6c6cccc4c56)cc3)c3ccccc3-c3ccccc32)cc1,P370203,0.223,nd_md,test
*c1nc2cc(-c3ccc4[nH]c(-c5ccc(*)o5)nc4c3)ccc2[nH]1,P370217,0.446,nd_md,test
*CCCCCCCCCCCCCCCCCCCCc1nnc(*)o1,P370263,0.398,nd_md,train
*Oc1c(C)cc(CC(*)C=C)cc1C,P370276,0.196,nd_md,train
*Oc1cc(C)c(CC(*)C=C)cc1C,P370277,0.197,nd_md,train
*CC(O)COC(C/C=C/C(OCC(O)COC(c1cccc(C(O*)(C(F)(F)F)C(F)(F)F)c1)(C(F)(F)F)C(F)(F)F)(C(F)(F)F)C(F)(F)F)(C(F)(F)F)C(F)(F)F,P370315,0.087,nd_md,train
*COc1ccc(C(C)(C)c2ccc(O*)cc2)cc1,P370322,0.224,nd_md,train
*CC#CC#CCOc1ccc(C(C)(C)c2ccc(O*)cc2)cc1,P370525,0.274,nd_md,train
*CC#CC#CCOc1ccc(-c2ccc(O*)cc2)cc1,P370526,0.36,nd_md,train
*Oc1cc(C)c(*)cc1C,P372015,0.331,nd_md,train
*Oc1ccc(/N=N/c2ccc(*)cc2)cc1,P372183,0.362,nd_md,train
*CC(O)COC(=O)CCCCCCCCC(=O)OCC(O)COc1ccc(C(C)(C)c2ccc(O*)cc2)cc1,P372206,0.249,nd_md,train
*CC(O)COC(=O)CCCCCCCCCCC(=O)OCC(O)COc1ccc(C(C)(C)c2ccc(O*)cc2)cc1,P372207,0.245,nd_md,train
*Oc1c(C)cc(*)cc1C(C)CCCCCCCCCCCC,P372264,0.274,nd_md,test
*CCOCCOCCOCCOCc1cc(CO*)cc(OCCCCCCCCCCCCCCCC)c1,P372455,0.307,nd_md,train
*CCOCCOCCOCCOCCOCc1cc(CO*)cc(OCCCCCCCCCCCCCCCC)c1,P372456,0.271,nd_md,train
*OC(=O)C(Cc1ccccc1)NC(=O)CCCCCCCCCCC(=O)NC(Cc1ccccc1)C(=O)OC1COC2C(*)COC12,P372626,0.222,nd_md,train
*CCOCCOCCOCCOCc1cc(CO*)cc(OCCCCCCCCCCCCCCCCCC)c1,P372661,0.315,nd_md,train
*Oc1ccc(C2(c3ccc(OC(=O)c4ccc(Oc5ccc(C6(c7ccc(Oc8ccc(C(*)=O)cc8)cc7)CCC(C(C)(C)C)CC6)cc5)cc4)cc3)CC3CC2C2CCCC32)cc1,P372696,0.235,nd_md,test
*C(F)(F)C(F)(F)C1(F)C(*)(F)OC(F)(F)C1(F)F,P372825,0.1265,nd_md,train
*CCCCCCCCOc1ccc(C(C)(C)c2ccc(O*)cc2)cc1,P372877,0.239,nd_md,train
*CCCCCCCCOc1ccc(C(c2ccc(O*)cc2)(C(F)(F)F)C(F)(F)F)cc1,P372878,0.227,nd_md,train
*Oc1c(CCC)cc(*)cc1-c1ccccc1,P373129,0.212,nd_md,train
*Oc1c(CC(C)C)cc(*)cc1-c1ccccc1,P373130,0.214,nd_md,train
*Oc1c(CCCCC)cc(*)cc1-c1ccccc1,P373131,0.25,nd_md,test
*Oc1c(CCCCCCC)cc(*)cc1-c1ccccc1,P373132,0.229,nd_md,train
*Oc1c(CCCCCCCCC)cc(*)cc1-c1ccccc1,P373133,0.257,nd_md,test
*Oc1ccc(CNC(=O)CCCCC(=O)NCc2ccc(OC3COC4C(*)COC34)cc2)cc1,P373359,0.3,nd_md,train
*c1ccc(Oc2ccc(-c3csc(/N=C/c4ccc(OCCOc5ccc(/C=N/c6nc(*)cs6)cc5OC)c(OC)c4)n3)cc2)cc1,P373520,0.243,nd_md,train
*c1ccc(Oc2ccc(-c3csc(/N=C/c4ccc(OCCCCOc5ccc(/C=N/c6nc(*)cs6)cc5OC)c(OC)c4)n3)cc2)cc1,P373521,0.218,nd_md,train
*c1ccc(Oc2ccc(-c3csc(/N=C/c4ccc(OCCCCCCOc5ccc(/C=N/c6nc(*)cs6)cc5OC)c(OC)c4)n3)cc2)cc1,P373522,0.253,nd_md,train
*c1ccc(Oc2ccc(-c3csc(/N=C/c4ccc(OCCCCCCCCOc5ccc(/C=N/c6nc(*)cs6)cc5OC)c(OC)c4)n3)cc2)cc1,P373523,0.228,nd_md,train
*c1ccc(Oc2ccc(-c3csc(/N=C/c4ccc(OCCCCCCCCCCOc5ccc(/C=N/c6nc(*)cs6)cc5OC)c(OC)c4)n3)cc2)cc1,P373524,0.383,nd_md,train
*CC(=O)c1ccc(Oc2ccc(C(=O)COc3ccc(/C=C4\CC/C(=C\c5ccc(O*)cc5)C4=O)cc3)cc2)cc1,P373533,0.259,nd_md,test
*CC(=O)c1ccc(Oc2ccc(C(=O)COc3ccc(/C=C4\CC/C(=C\c5ccc(O*)c(OC)c5)C4=O)cc3OC)cc2)cc1,P373534,0.228,nd_md,train
*CC(=O)c1ccc(Oc2ccc(C(=O)COc3ccc(/C=C4\CCC/C(=C\c5ccc(O*)cc5)C4=O)cc3)cc2)cc1,P373535,0.282,nd_md,train
*CCCCCCOc1ccc(C(C)(C)c2ccc(O*)cc2)cc1,P373539,0.275,nd_md,train
*Oc1cccc(Oc2ccc(C(=O)Nc3ccc(Oc4ccc(NC(=O)c5ccc(*)cc5)cc4)cc3)cc2)c1C#N,P373666,0.296,nd_md,test
*c1sc(*)c2c1OCC(CCCCCCCCCCCCCCCC)O2,P373742,0.44475,nd_md,train
*c1sc(*)c2c1OCC(CCCCCCCCCCCCCCCC)O2,P373742,0.44475,nd_md,train
*Oc1ccc(C(C)(c2ccc(*)cc2)C(F)(F)F)cc1,P373747,0.186,nd_md,train
*CCCCCCCCCCCSCCCCCCCCCCS*,P380014,0.352,nd_md,test
*Cc1ccc(COC(=O)CCCCSCCCCC(=O)O*)cc1,P380024,0.228,nd_md,train
*CC(C)S/C(=N\c1ccccc1)S*,P380028,0.171,nd_md,test
*CCCCCCCCCCCCCCS*,P380064,0.34125,nd_md,train
*c1cc(CCCCCCCCCCCCCC)c(*)s1,P380068,0.4182499999999999,nd_md,test
*c1cc(CCCCCCCCCCCCCCCC)c(*)s1,P380069,0.381,nd_md,train
*c1sc(-c2cc(CCCCCCCCCC)c(*)s2)cc1CCCCCCCCCC,P380071,0.307,nd_md,train
*CCCCCCCCCCSCCCCS*,P380078,0.282,nd_md,train
*c1nc2cc3sc(-c4cc(OCCCCCCCCCCCC)c(*)cc4OCCCCCCCCCCCC)nc3cc2s1,P380123,0.3647499999999999,nd_md,train
*c1cc(CCCCCCCCCCCCC)c(*)s1,P382002,0.40475,nd_md,train
*c1cc(CCCCCCCCCCCCCCC)c(*)s1,P382003,0.3742499999999999,nd_md,train
*c1cc(CCCCCCCCCCCCCCCCC)c(*)s1,P382004,0.396,nd_md,train
*c1cc(CCCCCCCCCCCCCCCCCCC)c(*)s1,P382005,0.34,nd_md,train
*/C=C/c1sc(*)c(OCCCCCCCCCCCC)c1OCCCCCCCCCCCC,P382013,0.365,nd_md,train
*c1cc(CCCCCCCCCCCCCCCCCCCCCC)c(*)s1,P382020,0.39725,nd_md,train
*c1ccc(-c2sc(-c3cc(CCCCCCCCCCCC)c(*)s3)cc2CCCCCCCCCCCC)cc1,P382079,0.413,nd_md,test
*c1cc(CCCCCCCCCCCCCCCCCC)c(*)s1,P382158,0.36525,nd_md,train
*/C=C/c1cc(CCCCCCCCCCCC)c(*)s1,P382160,0.368,nd_md,train
*/C=C/c1sc(/C=C/c2cc(CCCCCCCCCCCC)c(*)s2)cc1CCCCCCCCCCCC,P382161,0.291,nd_md,train
*c1ccc(-c2ccc(-c3sc(*)c(CCCCCCCCCCCC)c3CCCCCCCCCCCC)s2)s1,P382187,0.299,nd_md,test
*c1ccc(-c2sc(-c3cc(CCCCCCCCCCCC)c(*)s3)cc2CCCCCCCCCCCC)s1,P382188,0.34,nd_md,train
*c1ccc(-c2sc(-c3cc(SCCCCCCCCCCCC)c(*)s3)cc2SCCCCCCCCCCCC)cc1,P382258,0.349,nd_md,train
*c1sc(*)c2sc(CCCCCCCCC)nc12,P382268,0.482,nd_md,train
*c1sc(*)c(OCCCCCCCCCCCC)c1C,P382279,0.37875,nd_md,train
*c1sc(*)c(OCCCCCCCCCCCCCC)c1C,P382280,0.43675,nd_md,train
*c1sc(*)c(OCCCCCCCCCCCCCCCC)c1C,P382281,0.388,nd_md,test
*c1sc(*)c(OCCCCCCCCCCCCCCCCCCCC)c1C,P382282,0.3747499999999999,nd_md,test
*c1cc(-c2sc(-c3cc(CCCCCCCCCCCCCC)c(*)s3)cc2CCCCCCCCCCCCCC)c2cccccc1-2,P382306,0.316,nd_md,train
*CCCOC(=O)c1ccc(C(C)(CC)c2ccc(C(=O)O*)cc2)cc1,P390001,0.187,nd_md,train
*CCCCOC(=O)c1ccc(C(C)(CC)c2ccc(C(=O)O*)cc2)cc1,P390002,0.207,nd_md,train
*CCCCCOC(=O)c1ccc(C(C)(CC)c2ccc(C(=O)O*)cc2)cc1,P390003,0.206,nd_md,train
*Oc1ccc(C(C)(CC)c2ccc(OC(=O)/C=C/C(*)=O)cc2)cc1,P390048,0.209,nd_md,train
*CCCCCCCCCCCCCCCCCCCCOC(=O)c1ccccc1-c1ccccc1C(=O)O*,P390063,0.242,nd_md,train
*Cc1cc(C)c(C(=O)O*)cc1C,P390066,0.217,nd_md,train
*CCCCCC(=O)NCCCCCCNC(=O)CCCCCOC(=O)c1ccc(C(=O)O*)cc1,P390093,0.292,nd_md,test
*CCCCCC(=O)Nc1ccc(NC(=O)CCCCCOC(=O)CCCCC(=O)O*)cc1,P390095,0.313,nd_md,train
*CCCCCOC(=O)CCCCCNC(=O)O*,P390107,0.317,nd_md,train
*CCCCCOC(=O)Cc1ccc(CC(=O)O*)cc1,P390111,0.222,nd_md,train
*CCCCCCOC(=O)Cc1ccc(CC(=O)O*)cc1,P390112,0.232,nd_md,train
*CCCCCCCCCCOC(=O)Cc1ccc(CC(=O)O*)cc1,P390113,0.232,nd_md,test
*CCCCCCCCCCCCCCCCCCCCOC(=O)Cc1ccc(CC(=O)O*)cc1,P390114,0.384,nd_md,test
*CCCCCCCCCCCCCCCCCCCCOC(=O)Cc1ccc(CC(=O)O*)cc1,P390114,0.384,nd_md,train
*Cc1ccc(COC(=O)CCCCCCCCCCCCCCCCCCC(=O)O*)cc1,P390120,0.286,nd_md,train
*Cc1ccc(COC(=O)CCCCS(=O)(=O)CCCCC(=O)O*)cc1,P390121,0.228,nd_md,train
*CCCCCCCCCCCCCCCCOC(=O)CCCCCCCCC(=O)O*,P390132,0.442,nd_md,train
*CC(CCl)(CCl)COC(=O)c1ccccc1C(=O)O*,P390141,0.122,nd_md,test
*OC1CCC(OC(=O)CCC(*)=O)CC1,P390148,0.194,nd_md,train
*CC(CC)(C(=O)O*)c1ccccc1,P390170,0.157,nd_md,train
*Oc1c(C(C)C)cc(C(*)=O)cc1C(C)C,P390174,0.227,nd_md,train
*Oc1ccc(OC(=O)c2ccc(C(*)=O)cc2Sc2ccc(C)cc2)cc1,P390223,0.364,nd_md,train
*Oc1ccc(OC(=O)c2ccc(C(*)=O)cc2Sc2ccccc2)cc1C,P390227,0.335,nd_md,train
*Oc1ccc(-c2ccc(C(*)=O)cc2)cc1,P390256,0.34,nd_md,train
*Oc1ccc(C(*)=O)cc1CCCCCC,P390313,0.421,nd_md,train
*Oc1ccc(C(*)=O)cc1CCCCCCCCCC,P390314,0.316,nd_md,train
*Oc1ccc(C(*)=O)cc1CCCCCCCCCCCC,P390315,0.369,nd_md,train
*Oc1ccc(C(*)=O)cc1CCCCCCCCCCCCCC,P390316,0.376,nd_md,train
*Oc1ccc(C(*)=O)cc1CCCCCCCCCCCCCCCC,P390317,0.389,nd_md,train
*Oc1ccc(C(*)=O)cc1CCCCCCCCCCCCCCCCCC,P390318,0.346,nd_md,test
*Cc1c(C)c(C)c(CSC(=O)C(=O)S*)c(C)c1C,P390368,0.178,nd_md,test
*Cc1c(C)c(C)c(CSC(=O)CCC(=O)S*)c(C)c1C,P390369,0.199,nd_md,train
*Cc1c(C)c(C)c(CSC(=O)CCCCCCC(=O)S*)c(C)c1C,P390370,0.19,nd_md,train
*CCCCCCCCCC#CC#CCCCCCCCCCOC(=O)CCCCCCCCC(=O)O*,P390392,0.307,nd_md,train
*Oc1ccc(C(C)(C)c2ccc(OC(=O)CCC(*)=O)cc2)cc1,P390422,0.241,nd_md,test
*CCCCCCCCCCCCCCCCOC(=O)CC/C=C/CCC(=O)O*,P392014,0.304,nd_md,train
*CCCCCCCCCCCCCCCCOC(=O)C/C=C/CC(=O)O*,P392015,0.315,nd_md,train
*CCCCCCCCCCCCOC(=O)CC/C=C/CCC(=O)O*,P392031,0.274,nd_md,train
*CCCCCCCCCCCCCCOC(=O)CC/C=C/CCC(=O)O*,P392032,0.318,nd_md,train
*CC(CCCCCCOc1ccc(/N=N/c2ccc(C#N)cc2)cc1)COC(=O)CCCCCCCCCCCCC(=O)O*,P392033,0.292,nd_md,test
*CC(CCCCCCCCOc1ccc(/N=N/c2ccc(C#N)cc2)cc1)COC(=O)CCCCCCCCCCCCC(=O)O*,P392034,0.31,nd_md,train
*CC(CCCCCCCCCCOc1ccc(/N=N/c2ccc(C#N)cc2)cc1)COC(=O)CCCCCCCCCCCCC(=O)O*,P392035,0.313,nd_md,train
*CCc1ccc(C(=O)O*)cc1,P392161,0.241,nd_md,train
*CCCCCCCCCCOC(=O)CCCCCCCCCCC(=O)O*,P392395,0.319,nd_md,train
*CCCCCCCCCCCCOC(=O)CCCCCCCCCCC(=O)O*,P392396,0.297,nd_md,test
*CCCCCCCCCCCCOC(=O)CCCCCCCCCCCCC(=O)O*,P392397,0.294,nd_md,train
*CCCCCCCCCCCCCCCCOC(=O)CCCCCCCCCCCCC(=O)O*,P392398,0.297,nd_md,test
*CCCCOC(=O)CCCCCCCCCCCCCCCCCCCCCCCCCCCCCCCCCCC(=O)O*,P392423,0.49475,nd_md,train
*CCCCOC(=O)CCCCC(=O)OCCCCOC(=O)c1ccc(C(=O)O*)cc1,P392436,0.237,nd_md,train
*CCCCOC(=O)CCCCCCC(=O)OCCCCOC(=O)c1ccc(C(=O)O*)cc1,P392437,0.228,nd_md,test
*CCCCOC(=O)CCCCCCCCC(=O)OCCCCOC(=O)c1ccc(C(=O)O*)cc1,P392438,0.245,nd_md,train
*CCCCOC(=O)CCCCCCCCCCC(=O)OCCCCOC(=O)c1ccc(C(=O)O*)cc1,P392439,0.27,nd_md,train
*Oc1ccc(/N=N/c2ccc(OC(=O)CC(C)CCC(*)=O)cc2C)c(C)c1,P392520,0.269,nd_md,train
*CCCCCCCCCCCCCCCCCCCCCCOC(=O)CCC(=O)O*,P392523,0.387,nd_md,train
*CCCCCCCCCCCCCCCCCCCCCCOC(=O)CCCCC(=O)O*,P392524,0.376,nd_md,train
*CCCCCCCCCCCCCCCCCCCCCCOC(=O)Cc1ccccc1CC(=O)O*,P392525,0.367,nd_md,train
*CCCCCCCCCCCCCCCCCCCCCCOC(=O)CC(CC(=O)O*)c1ccccc1,P392526,0.354,nd_md,train
*CC(CCCCCCOc1ccc(/N=N/c2ccc(OC)cc2)cc1)COC(=O)CCCCC(=O)O*,P392543,0.233,nd_md,train
*CC(CCCCCCOc1ccc(/N=N/c2ccc(C(F)(F)F)cc2)cc1)COC(=O)CCCCC(=O)O*,P392544,0.234,nd_md,train
*CC(CCCCCCOc1ccc(/N=N/c2ccc(C)cc2)cc1)COC(=O)CCCCC(=O)O*,P392545,0.283,nd_md,train
*CC(CCCCCCOc1ccc(/N=N/c2ccc(Cl)cc2)cc1)COC(=O)CCCCC(=O)O*,P392546,0.235,nd_md,train
*Oc1ccc(/N=N/c2ccc(C(*)=O)cc2)cc1,P392596,0.255,nd_md,train
*Oc1ccc(/N=N/c2ccc(C(*)=O)cc2)c(CCCCCCCCCCCCCCC)c1,P392597,0.261,nd_md,train
*Oc1ccc(/N=N/c2ccc(C(*)=O)cc2)cc1C,P392598,0.44,nd_md,train
*Oc1c(C)cc(/N=N/c2ccc(C(*)=O)cc2)cc1C,P392599,0.432,nd_md,train
*CCCC(=O)NCCCCCCNC(=O)CCCOC(=O)c1cccc(C(=O)O*)c1,P392603,0.243,nd_md,train
*CCCC(=O)NCCCCCCNC(=O)CCCOC(=O)c1ccc(-c2ccc(C(=O)O*)cc2)cc1,P392609,0.323,nd_md,train
*CCNC(=O)c1ccc(C(C)(CC)c2ccc(C(=O)N*)cc2)cc1,P400003,0.24,nd_md,train
*CCCNC(=O)c1ccc(C(C)(CC)c2ccc(C(=O)N*)cc2)cc1,P400004,0.217,nd_md,train
*CCC(C)CC(CC)CNC(=O)c1ccc(C(=O)N*)cc1,P400010,0.241,nd_md,train
*Cc1cccc(CN(C)C(=O)CCCCC(=O)N(*)C)c1,P400012,0.216,nd_md,train
*CCCCCCCCCCCCCCC(=O)N*,P400018,0.389,nd_md,test
*CCCCCCCCNC(=O)CCCCCCCCC(=O)NCCCCCCCCNC(=O)C(=O)N*,P400027,0.3315,nd_md,train
*CCN(CC)C(=O)c1ccc(C(=O)N(*)CC)cc1,P400047,0.214,nd_md,train
*CCN(CCCC)C(=O)c1ccc(C(=O)N(*)CCCC)cc1,P400048,0.226,nd_md,test
*CCCN(CC)C(=O)c1ccc(C(=O)N(*)CC)cc1,P400049,0.221,nd_md,train
*CCCCCCN(CC)C(=O)c1ccc(C(=O)N(*)CC)cc1,P400050,0.224,nd_md,train
*Cc1c(C)c(C)c(CNC(=O)CCCCC(=O)N*)c(C)c1C,P400055,0.21,nd_md,test
*Cc1ccc(CN(C)C(=O)CCCCC(=O)N(*)C)cc1,P400059,0.249,nd_md,test
*Cc1ccc(CN(C)C(=O)CCCCCCC(=O)N(*)C)cc1,P400060,0.256,nd_md,train
*Cc1ccc(CN(C)C(=O)CCCCCCCCC(=O)N(*)C)cc1,P400061,0.248,nd_md,train
*Cc1ccc(CN(C)C(=O)CCCCCCCCCCC(=O)N(*)C)cc1,P400062,0.315,nd_md,train
*Cc1ccc(CN(C)C(=O)CCCCCCCCCCCCC(=O)N(*)C)cc1,P400063,0.288,nd_md,train
*Cc1ccc(CN(CC)C(=O)CCCCC(=O)N(*)CC)cc1,P400064,0.266,nd_md,train
*Cc1ccc(CN(CC)C(=O)CCCCCCC(=O)N(*)CC)cc1,P400065,0.279,nd_md,train
*Cc1ccc(CN(CC)C(=O)CCCCCCCCC(=O)N(*)CC)cc1,P400066,0.272,nd_md,train
*Cc1ccc(CN(CC)C(=O)CCCCCCCCCCC(=O)N(*)CC)cc1,P400067,0.315,nd_md,test
*Cc1ccc(CN(CC)C(=O)CCCCCCCCCCCCC(=O)N(*)CC)cc1,P400068,0.296,nd_md,train
*Cc1ccc(CN(CC)C(=O)CCCCCCCCCCCCCCC(=O)N(*)CC)cc1,P400069,0.256,nd_md,train
*CCCCCCN(C)C(=O)CCCCCCCCCCCCCCC(=O)N(*)C,P400072,0.33,nd_md,train
*CCCCCCN(CC)C(=O)CCCCCCCCCCCCCCCCC(=O)N(*)CC,P400074,0.333,nd_md,train
*C(=O)N(*)CCCCCCCCCCCCCCCCCC,P400203,0.408,nd_md,train
*C(=O)N(*)Cc1ccccc1,P400206,0.139,nd_md,train
*C(=O)N(*)c1cccc(C)c1,P400207,0.15,nd_md,train
*C(=O)N(*)c1ccc(OC)cc1,P400208,0.13,nd_md,train
*CCCCCCCCOC(=O)NNC(=O)CCCCCCCCC(=O)NNC(=O)O*,P400236,0.279,nd_md,test
*CCCCCNC(=O)c1cccc(C(=O)N*)c1,P400382,0.269,nd_md,train
*CCCCCCCNC(=O)c1cccc(C(=O)N*)c1,P400383,0.288,nd_md,train
*CCCCCCCCCNC(=O)c1cccc(C(=O)N*)c1,P400384,0.297,nd_md,train
*CCCCCCCCCCCCNC(=O)c1cccc(C(=O)N*)c1,P400385,0.376,nd_md,train
*CCCCCCCCCCCCNC(=O)c1ccc(-c2ccc(C(=O)N*)cc2)cc1,P402053,0.429,nd_md,test
*CCCCCCCCCCCCNC(=O)CCCCCCCCCCCCCCCCCCC(=O)N*,P402128,0.44,nd_md,train
*CCNC(=O)CCCCCCCCCCCCCCC(=O)N*,P402215,0.412,nd_md,test
*CCCCNC(=O)CCCCCCCCCCCCCCC(=O)N*,P402216,0.3735,nd_md,train
*CCCCCCNC(=O)CCCCCCCCCCCCCCC(=O)N*,P402217,0.367,nd_md,train
*CCCCCCCCNC(=O)CCCCCCCCCCCCCCC(=O)N*,P402218,0.355,nd_md,train
*CCCCCCCCCCNC(=O)CCCCCCCCCCCCCCC(=O)N*,P402219,0.368,nd_md,train
*CCCCCCCCCCCCNC(=O)CCCCCCCCCCCCCCC(=O)N*,P402220,0.396,nd_md,train
*CCCCCCCCCCCCNC(=O)CCCCCCCCCCCCC(=O)N*,P402222,0.3994999999999999,nd_md,train
*CCCCCCCCCCCNC(=O)CCCCCCCCCCCCCCCCCCC(=O)N*,P402250,0.37175,nd_md,test
*CCCCCCCNC(=O)CCCCCCCCCCCCCCCCCCC(=O)N*,P402252,0.4137499999999999,nd_md,train
*CCCCCNC(=O)CCCCCCCCCCCCCCCCCCC(=O)N*,P402253,0.3495,nd_md,train
*CCCNC(=O)CCCCCCCCCCCCCCCCCCC(=O)N*,P402254,0.407,nd_md,test
*CCCCCCCCCCCNC(=O)CCCCCCCCCCC(=O)N*,P402294,0.389,nd_md,train
*CCNC(=O)CCCCCCCCCCCCCCCCC(=O)N*,P402317,0.359,nd_md,test
*CCOC(=O)N(Cc1ccccc1)c1ccc(C)c(N(Cc2ccccc2)C(=O)O*)c1,P410001,0.186,nd_md,train
*CCCOC(=O)N1CCC(*)CC1,P410002,0.251,nd_md,train
*CCN(CCOC(=O)Nc1ccc(C)c(NC(=O)O*)c1)c1ccc(/N=N/c2ccc([N+](=O)[O-])cc2)cc1,P410009,0.187,nd_md,train
*CCCCOC(=O)NC1CCC(CC2CCC(NC(=O)O*)CC2)CC1,P410016,0.256,nd_md,train
*CC(C)(COC(=O)NCCCCCCNC(=O)O*)CN(C)C,P410024,0.286,nd_md,test
*COC(=O)NCCCCCCNC(=O)OCc1cccc(*)n1,P410025,0.254,nd_md,train
*CC(C)(COC(=O)Nc1ccc(Cc2ccc(NC(=O)O*)cc2)cc1)CN(C)C,P410027,0.239,nd_md,train
*CCN(CCOC(=O)NCCCCCCNC(=O)O*)c1ccc(/N=N/c2ccc([N+](=O)[O-])cc2)c(C)c1,P410034,0.264,nd_md,train
*CCN(CCOC(=O)Nc1ccc(Cc2ccc(NC(=O)O*)cc2)cc1)c1ccc(/N=N/c2ccc([N+](=O)[O-])cc2)c(C)c1,P410035,0.243,nd_md,train
*CCCCNC(=O)Nc1ccc(Cc2ccc(NC(=O)O*)cc2)cc1,P412080,0.267,nd_md,train
*Oc1ccc(NC(=O)NCCCCCCNC(*)=O)cc1C,P412089,0.342,nd_md,train
*Oc1ccc(NC(=O)NCCCCCCNC(*)=O)c(C)c1,P412094,0.326,nd_md,train
*Oc1ccccc1CNC(=O)NCCCCCCNC(*)=O,P412112,0.263,nd_md,test
*CCN(CCOC(=O)NCCCCCCNC(=O)O*)c1ccc(/N=N/c2ccccc2)cc1,P412188,0.275,nd_md,train
*CCN(CCOC(=O)NCCCCCCNC(=O)O*)c1ccc(/N=N/c2ccc(Cl)cc2)cc1,P412190,0.262,nd_md,train
*CCN(CCOC(=O)NCCCCCCNC(=O)O*)c1ccc(/N=N/c2ccc(Br)cc2)cc1,P412191,0.232,nd_md,train
*CCN(CCOC(=O)NCCCCCCNC(=O)O*)c1ccc(/N=N/c2ccc(F)cc2)cc1,P412192,0.259,nd_md,train
*CCN(CCOC(=O)NCCCCCCNC(=O)O*)c1ccc(/N=N/c2ccc(C)cc2)cc1,P412193,0.286,nd_md,train
*CCN(CCOC(=O)NCCCCCCNC(=O)O*)c1ccc(/N=N/c2ccc(OC)cc2)cc1,P412194,0.277,nd_md,train
*CCN(CCOC(=O)NCCCCCCNC(=O)O*)c1ccc(/N=N/c2ccc(C(C)=O)cc2)cc1,P412195,0.29,nd_md,test
*CCN(CCOC(=O)NCCCCCCNC(=O)O*)c1ccc(/N=N/c2ccc(C(C)C)cc2)cc1,P412196,0.276,nd_md,train
*CCN(CCOC(=O)NCCCCCCNC(=O)O*)c1ccc(/N=N/c2ccc(C)cc2C)cc1,P412197,0.295,nd_md,train
*Oc1ccc(/N=C/C=N/c2ccc(OC(=O)Nc3ccc(Cc4ccc(NC(*)=O)cc4)cc3)cc2)cc1,P412230,0.417,nd_md,train
*Oc1ccc(/N=C/C=N/c2ccc(OC(=O)Nc3cc(NC(*)=O)ccc3C)cc2)cc1,P412231,0.297,nd_md,train
*Oc1ccc(/N=C/C=N/c2ccc(OC(=O)NC3CC(C)(C)CC(C)(CNC(*)=O)C3)cc2)cc1,P412232,0.349,nd_md,train
*Oc1ccc(/N=C/C=N/c2ccc(OC(=O)NCCCCCCNC(*)=O)cc2)cc1,P412233,0.325,nd_md,train
*Oc1ccc(/N=C/CCC/C=N/c2ccc(OC(=O)Nc3ccc(Cc4ccc(NC(*)=O)cc4)cc3)cc2)cc1,P412234,0.326,nd_md,train
*Oc1ccc(/N=C/CCC/C=N/c2ccc(OC(=O)Nc3cc(NC(*)=O)ccc3C)cc2)cc1,P412235,0.252,nd_md,test
*Oc1ccc(/N=C/CCC/C=N/c2ccc(OC(=O)NC3CC(C)(C)CC(C)(CNC(*)=O)C3)cc2)cc1,P412236,0.207,nd_md,train
*Oc1ccc(/N=C/CCC/C=N/c2ccc(OC(=O)NCCCCCCNC(*)=O)cc2)cc1,P412237,0.294,nd_md,train
*c1ccc(NC(=O)Nc2ccc(NC(=O)Nc3ccc(-c4nc(C#N)c(C#N)nc4*)cc3)cc2)cc1,P422040,0.301,nd_md,train
*NC(=O)NCCCCCCNC(=O)Nc1cccc(*)n1,P422048,0.319,nd_md,train
*NC(=O)Nc1ccc(Cc2ccc(NC(=O)Nc3cccc(*)n3)cc2)cc1,P422049,0.313,nd_md,train
*C(=O)Nc1ccc(Oc2ccc(N3C(=O)c4ccc(*)cc4C3=O)cc2)cc1,P430045,0.297,nd_md,train
*c1cccc(C(=O)Nc2ccc(Oc3ccc(Oc4ccc(NC(=O)c5cccc(N6C(=O)c7ccc(-c8cccc9c8C(=O)N(*)C9=O)cc7C6=O)c5)cc4)cc3)cc2)c1,P430119,0.236,nd_md,train
*CC(C)(C)C1C(=O)N(C)C(=O)C1*,P430125,0.176,nd_md,test
*CC(C)(C)C1C(=O)N(C2CCCCC2)C(=O)C1*,P430128,0.186,nd_md,train
*c1ccc2c(c1)C(=O)N(c1cccc(C(c3cccc(N4C(=O)c5ccc(C(*)(C(F)(F)F)C(F)(F)F)cc5C4=O)c3)(C(F)(F)F)C(F)(F)F)c1)C2=O,P430299,0.111,nd_md,test
*c1ccc(N2C(=O)c3ccc(C(c4ccc5c(c4)C(=O)N(c4ccc(N6C(=O)c7ccc(-c8ccc9c(c8)C(=O)N(*)C9=O)cc7C6=O)cc4)C5=O)(C(F)(F)F)C(F)(F)F)cc3C2=O)cc1,P430401,0.247,nd_md,train
*c1ccc(Oc2ccc(Oc3ccc(N4C(=O)C(c5ccccc5)=C(c5ccc(C6=C(c7ccccc7)C(=O)N(*)C6=O)cc5)C4=O)cc3)cc2)cc1,P432068,0.27,nd_md,train
*c1ccc(Oc2ccc(C(c3ccc(Oc4ccc(-n5c(=O)c6cc7c(=O)n(*)c(=O)c7cc6c5=O)cc4C(F)(F)F)cc3)(C(F)(F)F)C(F)(F)F)cc2)c(C(F)(F)F)c1,P432278,0.213,nd_md,train
*c1ccc2c(c1)C(=O)N(c1ccc(Oc3ccc(C(c4ccc(Oc5ccc(N6C(=O)c7ccc(C(*)(C(F)(F)F)C(F)(F)F)cc7C6=O)cc5C(F)(F)F)cc4)(C(F)(F)F)C(F)(F)F)cc3)c(C(F)(F)F)c1)C2=O,P432283,0.152,nd_md,test
*c1ccc2c(c1)C(=O)N(C1CCC(N3C(=O)c4ccc(C(*)(C(F)(F)F)C(F)(F)F)cc4C3=O)CC1)C2=O,P432450,0.151,nd_md,train
*C1C(=O)N(CCCOc2ccc(-c3ccc(C#N)cc3)cc2)C(=O)C1*,P432527,0.224,nd_md,train
*CC(CCCCCCCCCCCCCCCC)C1C(=O)N(CCCCCCCCCCCC)C(=O)C1*,P433084,0.335,nd_md,train
*C(=O)Nc1ccc(NC(=O)c2ccc3c(c2)C(=O)N(c2ccc(Oc4cccc5c(N6C(=O)c7ccc(*)cc7C6=O)cccc45)cc2)C3=O)cc1,P433362,0.404,nd_md,train
*C(=O)Nc1ccc(C2(c3ccc(NC(=O)c4ccc5c(c4)C(=O)N(c4ccc(C6(c7ccc(N8C(=O)c9ccc(*)cc9C8=O)cc7)c7ccccc7-c7ccccc76)cc4)C5=O)cc3)c3ccccc3-c3ccccc32)cc1,P433376,0.282,nd_md,train
*c1ccc(-c2cc(C(C)(C)C)c(Oc3ccc(N4C(=O)c5ccc(S(=O)(=O)c6ccc7c(c6)C(=O)N(*)C7=O)cc5C4=O)cc3)c(C(C)(C)C)c2)cc1,P433488,0.19,nd_md,train
*c1ccc(-c2cc(C(C)(C)C)c(Oc3ccc(N4C(=O)c5ccc(S(=O)(=O)c6ccc7c(c6)C(=O)N(*)C7=O)cc5C4=O)cc3C(F)(F)F)c(C(C)(C)C)c2)cc1,P433494,0.178,nd_md,train
*c1ccc(Sc2ccc(Oc3ccc(Sc4ccc(N5C(=O)c6ccc(Oc7ccc(C(C)(C)c8ccc(Oc9ccc%10c(c9)C(=O)N(*)C%10=O)cc8)cc7)cc6C5=O)cc4)cc3)cc2)cc1,P433668,0.259,nd_md,train
*c1ccc(Cc2ccc(N3C(=O)c4ccc(S(=O)(=O)c5ccc6c(c5)C(=O)N(*)C6=O)cc4C3=O)c(C(C)(C)C)c2)cc1C(C)(C)C,P433672,0.153,nd_md,train
*Oc1ccc(C(=O)CCCCC(=O)c2ccc(OC(*)=O)cc2)cc1,P450002,0.243,nd_md,train
*Oc1ccc(C2(c3ccc(OC(*)=O)c(C)c3)CC3CCC2C3)cc1C,P450003,0.206,nd_md,train
*Oc1ccc(C2(c3ccc(OC(*)=O)c(Cl)c3)CC3CCC2C3)cc1Cl,P450004,0.152,nd_md,train
*Oc1ccc(C(c2ccc(OC(*)=O)cc2)C2C3CCC(C3)C2c2ccccc2)cc1,P450010,0.21,nd_md,train
*Oc1ccc(C(C)(C)c2ccc(OC(=O)OCCN(CCOC(*)=O)c3ccccc3)cc2)cc1,P450012,0.202,nd_md,test
*Oc1ccc(C(C)(C)c2ccc(OC(=O)OCCN(CCOC(*)=O)c3ccc(OC)cc3)cc2)cc1,P450013,0.219,nd_md,train
*Oc1ccc(C(C)(C)c2ccc(OC(=O)OCCN(CCOC(*)=O)c3ccc4[nH]c5ccccc5c4c3)cc2)cc1,P450014,0.23,nd_md,train
*Oc1ccc(C2(c3ccc(OC(*)=O)cc3)CC3CC2C2CCCC32)cc1,P450017,0.199,nd_md,test
*Oc1ccc(C2(c3ccc(OC(*)=O)cc3)CC(C)CC(C)(C)C2)cc1,P450038,0.227,nd_md,train
*Oc1ccc(C2(c3ccc(OC(*)=O)cc3)CC(C)CC(C)(C)C2)cc1,P450038,0.227,nd_md,train
*Oc1ccc(C(C)(CCC#N)c2ccc(OC(*)=O)cc2)cc1,P450045,0.219,nd_md,train
*Oc1ccc(C(C)(CCC#N)c2ccc(OC(*)=O)c(C)c2)cc1C,P450046,0.23,nd_md,train
*Oc1ccc(C(CC)c2ccc(OC(*)=O)cc2)cc1,P450078,0.251,nd_md,train
*Oc1ccc(C(C)(CC)c2ccc(OC(*)=O)c(C)c2)cc1C,P450079,0.19,nd_md,train
*Oc1ccc(C(C)(CC)c2ccc(OC(*)=O)c(Cl)c2)cc1Cl,P450080,0.177,nd_md,test
*Oc1ccc(C(C)(C)c2ccc(OC(*)=O)c(Cl)c2)cc1,P450081,0.225,nd_md,test
*Oc1ccc(C(C)(C)c2cc(Cl)c(OC(*)=O)c(Cl)c2)cc1,P450082,0.162,nd_md,train
*Oc1ccc(C(C)(C)c2ccc(OC(*)=O)c(Cl)c2)cc1C,P450083,0.19,nd_md,train
*Oc1ccc(C(CCCC)(CCCC)c2ccc(OC(*)=O)cc2)cc1,P450084,0.241,nd_md,train
*Oc1ccc(C(C)(CC)c2ccc(OC(=O)OC3C(C)(C)C(OC(*)=O)C3(C)C)cc2)cc1,P452002,0.265,nd_md,train
*Oc1ccc(C2(c3ccc(OC(=O)OC4C(C)(C)C(OC(*)=O)C4(C)C)cc3)CC3CCC2C3)cc1,P452004,0.196,nd_md,train
*Oc1ccc(C2(c3ccc(OC(=O)OC4C(C)(C)C(OC(*)=O)C4(C)C)cc3)CCC(C(C)(C)C)CC2)cc1,P452005,0.204,nd_md,train
*Oc1ccc(C(C)(c2ccccc2)c2ccc(OC(=O)OC3C(C)(C)C(OC(*)=O)C3(C)C)cc2)cc1,P452006,0.179,nd_md,train
*Oc1ccc(C(c2ccccc2)(c2ccccc2)c2ccc(OC(=O)OC3C(C)(C)C(OC(*)=O)C3(C)C)cc2)cc1,P452007,0.165,nd_md,train
*CCCCCCCCOC(=O)O*,P452011,0.303,nd_md,train
*CCCCCCCCCSC(=O)S*,P452012,0.243,nd_md,train
*CCCCCCCCCCCCSC(=O)S*,P452013,0.324,nd_md,test
*Oc1c([2H])c([2H])c(C(c2c([2H])c([2H])c(OC(*)=O)c([2H])c2[2H])(C([2H])([2H])[2H])C([2H])([2H])[2H])c([2H])c1[2H],P452015,0.202,nd_md,test
*Oc1ccc(C(CCCCC)(CCCCC)c2ccc(OC(*)=O)cc2)cc1,P452020,0.282,nd_md,train
*Oc1ccc(C(C)(C)c2ccc(OC(=O)SCCCSC(*)=O)cc2)cc1,P452029,0.223,nd_md,train
*Oc1c(Cl)cc(C(c2cc(Cl)c(OC(*)=O)c(Cl)c2)C(Cl)(Cl)Cl)cc1Cl,P452035,0.105,nd_md,train
*CC1CCC(COC(=O)O*)CC1,P452038,0.212,nd_md,train
*CCN(*)C(=O)CCCOc1ccc(SC)cc1,P460035,0.227,nd_md,train
*Nc1ccc(*)cc1C,P460065,0.408,nd_md,train
*Nc1ccc(*)cc1Cl,P460066,0.272,nd_md,train
*CCCCc1nc2cc3nc(*)[nH]c3cc2[nH]1,P460074,0.413,nd_md,train
*/N=N/c1ccc(*)cc1,P460135,0.954,nd_md,train
*/N=N/c1cc(*)ccc1C,P460136,0.287,nd_md,train
*Nc1ccc(*)cc1-c1ccccc1,P460197,0.298,nd_md,train
*c1ccc(N(*)CC)cc1,P460244,0.327,nd_md,train
*Nc1cc(*)ccc1C,P460266,0.212,nd_md,test
*Nc1cc(*)ccc1CC,P460267,0.231,nd_md,train
*Nc1cc(*)ccc1OCCCCCC,P460269,0.255,nd_md,train
*Nc1cc(*)ccc1CCCCCCCCCCCC,P460270,0.313,nd_md,train
*Nc1ccc(*)cc1CCCCCCCCCCCCCCC,P460277,0.314,nd_md,train
*CCN(*)C(=O)CCCCCCCCCCCC,P460284,0.351,nd_md,train
*CCN(*)C(=O)CCCCCCCCCCCCCC,P460286,0.309,nd_md,train
*CCN(*)C(=O)CCCCCCCCCCCCCCC,P460287,0.3359999999999999,nd_md,train
*CCN(*)C(=O)CCC(F)(F)C(F)(F)C(F)(F)C(F)(F)C(F)(F)C(F)(F)C(F)(F)C(F)(F)F,P460290,0.122,nd_md,train
*CCN(*)C(=O)c1ccsc1,P460294,0.188,nd_md,train
*Nc1ccc(-c2ccc(*)cc2)cc1,P460307,0.578,nd_md,train
*Nc1cc(OCC)c(*)cc1OCC,P462019,0.336,nd_md,train
*Nc1ccc(*)cc1OCCCC,P462020,0.304,nd_md,train
*Nc1cc(OCCCC)c(*)cc1OCCCC,P462021,0.376,nd_md,train
*Nc1ccc(*)cc1OCCCCCC,P462022,0.335,nd_md,test
*Nc1cc(OCCCCCC)c(*)cc1OCCCCCC,P462023,0.248,nd_md,test
*Nc1cc(C)c(*)cc1C,P462026,0.438,nd_md,train
*CCN(*)C(=O)c1ccc(OCC=C)cc1,P462031,0.205,nd_md,train
*CCN(*)C(=O)c1ccc(OC)cc1,P462032,0.191,nd_md,train
*Nc1ccc(*)cc1CCC,P462037,0.303,nd_md,train
*Nc1cc(C)c(*)cc1OC,P462045,0.287,nd_md,train
*/N=N/c1ccc(-c2ccc(*)c(C)c2)cc1C,P462063,0.678,nd_md,train
*c1ccc(N(*)C)cc1,P462065,0.383,nd_md,test
*N=C1C=CC(=NC2=CC(=O)C(*)=CC2=O)C=C1,P462106,0.375,nd_md,train
*Nc1ccc(*)c(Cl)c1Cl,P462139,0.205,nd_md,train
*Nc1ccc(*)cc1F,P462181,0.391,nd_md,train
*Nc1ccc(-c2ccc(*)cc2)c(C)c1,P462206,0.58,nd_md,train
*Nc1ccc(-c2ccc(*)cc2)c(OC)c1,P462207,0.492,nd_md,test
*Nc1cc(*)ccc1N,P462212,0.232,nd_md,train
*c1cc(CCCCCCCCCCCCCCCC)c(*)[nH]1,P462231,0.4075,nd_md,test
*CCCCCCCCCCN/C(C)=N/*,P462243,0.298,nd_md,train
*Cc1ccc(CN/C(C)=N/*)cc1,P462244,0.246,nd_md,train
*Nc1ccc(*)cc1N,P462261,0.484,nd_md,train
*c1ccc(N(*)CCCCCCCC)cc1,P462349,0.401,nd_md,train
*c1ccc(N(*)CCCCCCCCCC)cc1,P462350,0.371,nd_md,train
*c1ccc(N(*)CCCCCCCCCCCC)cc1,P462351,0.363,nd_md,train
*c1[nH]c(*)c(CC(=O)OCCCCCCCCCCCC)c1CC(=O)OCCCCCCCCCCCC,P462356,0.2794999999999999,nd_md,train
*Nc1ccc(*)cc1C(C)C,P462365,0.26,nd_md,test
*Nc1ccc(*)cc1C(C)CC,P462366,0.315,nd_md,train
*Nc1ccc(*)cc1OCCCCCCCCCCCC,P462406,0.292,nd_md,train
*Nc1ccc(*)cc1OCCCCCCCCCCCCCCCC,P462407,0.3604285714285714,nd_md,train
*CCCCCCCCCCCCCCCC[N+](C)(C)CCCCCC[N+](*)(C)C,P462521,0.408,nd_md,train
*CC(O)CN(*)c1ccc(/N=N/c2ccc(Cl)cc2)cc1,P462544,0.205,nd_md,train
*CC(O)CN(*)c1ccc(/N=N/c2ccc(C#N)cc2)cc1,P462545,0.177,nd_md,train
*CC(O)CN(*)c1cc(C)c(/N=N/c2ccc(Cl)cc2)c(C)c1,P462547,0.185,nd_md,test
*CC(O)CN(*)c1cc(C)c(/N=N/c2ccc(C#N)cc2)c(C)c1,P462548,0.198,nd_md,train
*CC(=O)C(*)c1ccc(F)cc1,P490005,0.175,nd_md,train
*CC(=O)C(*)c1cccc(C)c1,P490006,0.207,nd_md,test
*C(=O)c1ccc(-c2ccc(*)cc2)cc1,P490016,0.446,nd_md,train
*OS(=O)(=O)c1ccc(S(=O)(=O)c2ccc(S(=O)(=O)Oc3ccc(S(=O)(=O)c4ccc(*)cc4)cc3)cc2)cc1,P500008,0.175,nd_md,test
*c1ccc(-c2ccc(S(=O)(=O)NCCCCCCNS(*)(=O)=O)cc2)cc1,P500019,0.221,nd_md,train
*OS(=O)(=O)c1cccc(S(=O)(=O)Oc2ccc(C3(c4ccc(*)cc4)CCCCC3)cc2)c1,P500024,0.151,nd_md,train
*c1cc(-c2ccc(OCCCCCCCCCCS(=O)(=O)O)c(S(*)(=O)=O)c2)ccc1OCCCCCCCCCCS(=O)(=O)O,P502016,0.363,nd_md,train
*CCCCc1ccc(*)cc1,P510004,0.33,nd_md,train
*c1ccc(-c2ccc(*)c(Cl)c2)cc1Cl,P510006,0.527,nd_md,train
*c1ccc(-c2ccc(*)c(C)c2)cc1C,P510007,0.522,nd_md,train
*CCc1cc(OC)c(*)cc1OC,P510009,0.249,nd_md,train
*CCc1ccc(*)c(F)c1,P510014,0.226,nd_md,train
*c1ccc(C(C#N)(C#N)C(*)(C#N)C#N)cc1,P510019,0.133,nd_md,train
*/C=C/c1cc(OC)c(*)cc1OC,P510020,0.382,nd_md,train
*/C=C/c1cc(OCC)c(*)cc1OCC,P510021,0.38,nd_md,train
*/C=C/c1cc(C)c(*)cc1C,P510022,0.38,nd_md,train
*/C=C/c1cc(Cl)c(*)cc1Cl,P510023,0.309,nd_md,train
*/C=C/c1cc(OCCCCCC)c(*)cc1OCCCCCC,P510024,0.378,nd_md,train
*c1cccc(*)c1N,P510025,0.35,nd_md,train
*/C=C/C=C/C=C/c1cc(CCCCCCC)c(*)cc1CCCCCCC,P510030,0.269,nd_md,train
*/C=C/c1cc(CCCCCCC)c(*)cc1CCCCCCC,P510031,0.262,nd_md,train
*c1cc(CCCCCCCCCCCC)c(*)cc1CCCCCCCCCCCC,P510041,0.356,nd_md,train
*c1ccc(*)c(OCCCCCCCCCC)c1,P510042,0.292,nd_md,train
*c1ccc(*)c(N(C)C)c1,P510046,0.758,nd_md,test
*c1ccc(*)c(OC)c1N,P510050,0.503,nd_md,train
*c1cc(OCCCCCCCCCC)c(*)cc1OCCCCCCCCCC,P510066,0.256,nd_md,train
*/C=C/c1ccc(*)c(C(=O)OC(C)(C)C)c1C(=O)OC(C)(C)C,P510070,0.196,nd_md,train
*c1cccc(-c2cc(CCCCCCCCCCCCCC)cc(*)c2O)c1O,P510075,0.323,nd_md,train
*c1cccc(-c2cc(CCCCCCCCCCCCCCCC)cc(*)c2N)c1N,P510076,0.345,nd_md,train
*c1cc(OCC)c(*)cc1OC,P510077,0.313,nd_md,train
*c1cc(OCCCCCC)c(*)cc1OC,P510078,0.468,nd_md,train
*/C(OC)=C(\OC)c1ccc(*)cc1,P510080,0.233,nd_md,train
*/C=C/c1cccc(*)c1,P512001,0.29,nd_md,train
*c1c(F)c(F)c(*)c(F)c1F,P512002,0.892,nd_md,train
*/C=C/c1cc(OC(C)C)c(*)cc1OC,P512004,0.449,nd_md,train
*/C=C/c1cc(OCC)c(-c2cc(OCC)c(*)cc2OCC)cc1OCC,P512005,0.251,nd_md,train
*c1cc(OCC)c(*)cc1OCC,P512007,0.357,nd_md,train
*/C=C/c1cc(OCC(CC)CCCC)c(*)cc1OC,P512008,0.514,nd_md,train
*c1cc(CCCCCC)c(*)cc1CCCCCC,P512013,0.327,nd_md,train
*CCc1ccc(*)c(Cl)c1Cl,P512020,0.156,nd_md,train
*/C=C/c1cc(OCCCCCCCCCCCCCCCC)c(/C=C/c2ccc(*)cc2)cc1OCCCCCCCCCCCCCCCC,P512025,0.3329999999999999,nd_md,train
*/C=C/c1cc(OCCCC)c(*)cc1OC,P512028,0.407,nd_md,test
*/C=C/c1cc(CC(CC)CCCC)c(*)cc1CCCC,P512033,0.383,nd_md,train
*/C=C/c1cc(OC)c(*)cc1Br,P512049,0.353,nd_md,train
*Oc1cccc(*)c1C#N,P512051,0.2,nd_md,train
*/C=C/c1ccc(*)c(F)c1,P512053,0.254,nd_md,train
*c1ccc(*)c(CCCCCC)c1,P512054,0.537,nd_md,test
*/C=C/c1ccc(*)c(OC)c1,P512079,0.673,nd_md,train
*c1cc(/N=N/c2ccc(OC)cc2)cc(*)c1O,P512083,0.248,nd_md,train
*c1cc(/N=N/c2ccc(C#N)cc2)cc(*)c1O,P512086,0.22,nd_md,train
*/C=C/c1cc(OCCC(C)CCCC(C)C)c(*)cc1OC,P512088,0.296,nd_md,train
*/C=C/c1cc(OC)c(*)cc1C,P512092,0.365,nd_md,test
*/C=C/c1cc(CCCCCCCCCCC)c(/C=C/c2ccc(*)cc2)cc1CCCCCCCCCCC,P512101,0.368,nd_md,train
*/C=C/c1cc(CCCCCCCCCCCC)c(/C=C/c2ccc(*)cc2)cc1CCCCCCCCCCCC,P512102,0.315,nd_md,train
*/C=C/c1ccc(*)c(-c2cc(OCC(CC)CCCC)c(OCC(CC)CCCC)cc2-c2ccccc2)c1,P512103,0.196,nd_md,test
*/C=C/c1ccc(*)c(-c2cc(-c3ccccc3)c(OCC(CC)CCCC)cc2OCC(CC)CCCC)c1,P512104,0.256,nd_md,train
*/C=C/c1ccc(*)c(-c2cc(OCC(CC)CCCC)c(-c3ccccc3)cc2OCC(CC)CCCC)c1,P512105,0.237,nd_md,train
*c1ccc(-c2cc(-c3ccc(OCCCCCC)cc3)cc(-c3ccc(-c4ccc5c(c4)C(CCCCCC)(CCCCCC)c4cc(*)ccc4-5)cc3)c2-c2ccc(OCCCCCC)cc2)cc1,P512117,0.29,nd_md,test
*/C=C/c1ccc(*)c(-c2ccc(OCC(CC)CCCC)c3ccccc23)c1,P512120,0.219,nd_md,train
*/C=C/c1ccc(*)c(-c2c(OCC(CC)CCCC)ccc3ccccc23)c1,P512121,0.257,nd_md,train
*/C=C/c1ccc(*)c(-c2c(OCC(CC)CCCC)ccc3cc(-c4ccccc4)ccc23)c1,P512122,0.212,nd_md,test
*/C=C/c1ccc(*)c(OCc2cc(OCCC(C)CCCC(C)C)cc(OCC(CC)CCCC)c2)c1,P512127,0.229,nd_md,train
*c1ccc(-c2ccc3c(c2)C(CCCCCCBr)(CCCCCCBr)c2cc(*)ccc2-3)cc1,P512129,0.236,nd_md,train
*c1ccc(-c2ccc3c(c2)C(CCCCCCC#N)(CCCCCCC#N)c2cc(*)ccc2-3)cc1,P512130,0.487,nd_md,train
*/C=C/c1ccc(*)c(-c2cc(OCCC(C)C)c(OCCC(C)C)cc2-c2ccc(OC)cc2)c1,P512132,0.308,nd_md,train
*/C=C/c1ccc(*)c(-c2cc(OCCC(C)C)c(OCCC(C)C)cc2-c2ccc(C(F)(F)F)cc2)c1,P512133,0.184,nd_md,train
*/C=C/c1ccc(*)c(-c2cc(OCCC(C)C)c(OCCC(C)C)cc2-c2ccc(F)cc2)c1,P512134,0.334,nd_md,train
*/C=C/c1ccc(*)c(-c2cc(OCCC(C)C)c(OCCC(C)C)cc2-c2ccccc2)c1,P512135,0.307,nd_md,train
*c1ccc(-c2ccc(C3(*)CCCCC3)cc2)cc1,P512136,0.252,nd_md,train
*c1ccc(-c2ccc(C(*)(C)C)cc2)cc1,P512137,0.247,nd_md,train
*c1ccc(-c2ccc(C3(*)c4ccccc4-c4ccccc43)cc2)cc1,P512138,0.203,nd_md,train
*c1cc(*)c(O)c(/C=N/c2ccc(Cl)cc2)c1,P512139,0.141,nd_md,train
*/C=C/c1cc(OCC2CC3CC2C2CCCC32)c(*)cc1OC,P512140,0.258,nd_md,test
*/C=C/c1cc(OCC2CC3CC2C2CCCC32)c(*)cc1OCC1CC2CC1C1CCCC21,P512141,0.24,nd_md,test
*c1cc(/C=N/c2ccc(C)cc2)c(*)c(OC)c1,P512142,0.215,nd_md,train
*c1cc(O)c(O)cc1*,P512143,0.183,nd_md,train
*c1cc(*)c(O)c(/C=N/c2ccc(N3CCOCC3)cc2)c1,P512144,0.266,nd_md,train
*c1ccc(-c2ccc3c(c2)C(CCCCCC)(CCCCCC)c2cc(*)ccc2-3)cc1,P512145,0.376,nd_md,train
*c1ccc2c(c1)C(CCCCCC)(CCCCCC)c1cc(-c3cc(CCCCCC)c(*)cc3CCCCCC)ccc1-2,P512146,0.46,nd_md,train
*c1ccc2c(c1)C(CCCCCC)(CCCCCC)c1cc(-c3cc(CCCCCCCC)c(*)cc3CCCCCCCC)ccc1-2,P512147,0.349,nd_md,train
*c1ccc2c(c1)C(CCCCCC)(CCCCCC)c1cc(-c3cc(CCCCCCCCCC)c(*)cc3CCCCCCCCCC)ccc1-2,P512148,0.216,nd_md,test
*/C=C/c1cc(OCCCCCCCC)c(*)cc1OC,P512149,0.31,nd_md,train
*/C=C/c1cc(OCCCCCCCCCCCC)c(*)cc1OC,P512150,0.251,nd_md,train
*c1cc(/C=N/c2cccc(C)c2)cc(*)c1O,P512151,0.192,nd_md,train
*/C=C/c1cc(OCCCCCC)c(*)cc1OC,P512152,0.524,nd_md,train
*c1cc(OCCCCCCCCCCCC)c(*)cc1O,P512154,0.309,nd_md,test
*c1ccc2c(c1)C(CCCCCC)(CCCCCC)c1cc(-c3cc(OCCCCCCCC)c(*)cc3OCCCCCCCC)ccc1-2,P512157,0.291,nd_md,train
*c1ccc2c(c1)C(CCCCCC)(CCCCCC)c1cc(-c3cc(OCc4ccccc4)c(*)cc3OCc3ccccc3)ccc1-2,P512158,0.184,nd_md,train
*/C=C/c1cc(OCC(CC)CCCC)c(*)cc1-c1ccc(N(c2ccc(OC)cc2)c2ccc(OC)cc2)cc1,P512159,0.242,nd_md,train
*/C=C/c1cc(-c2ccc3c(c2)C(CCCCCCCC)(CCCCCCCC)c2ccccc2-3)c(*)cc1-c1ccc(F)cc1F,P512163,0.198,nd_md,train
*/C=C/c1cc(OCC(CC)CCCC)c(*)cc1-c1ccc(F)c(C(F)(F)F)c1,P512165,0.185,nd_md,train
*c1ccc(-c2ccc(-c3ccc(C(*)(CC)C(F)(F)F)cc3)cc2)cc1,P512177,0.236,nd_md,train
*c1ccc(-c2ccc(C(*)(c3ccccc3)C(F)(F)F)cc2)cc1,P512179,0.233,nd_md,train
*c1ccc(-c2ccc(-c3ccc(C(*)(c4ccccc4)C(F)(F)F)cc3)cc2)cc1,P512180,0.278,nd_md,test
*c1ccc(-c2ccc(C(*)(c3ccc(F)cc3)C(F)(F)F)cc2)cc1,P512181,0.185,nd_md,train
*c1ccc(-c2ccc(-c3ccc(C(*)(c4ccc(F)cc4)C(F)(F)F)cc3)cc2)cc1,P512182,0.22,nd_md,train
*c1ccc(-c2ccc(-c3ccc(C(*)(c4c(F)c(F)c(F)c(F)c4F)C(F)(F)F)cc3)cc2)cc1,P512183,0.172,nd_md,train
*c1ccc(-c2ccc(-c3ccc(C(*)(c4ccc(N(C)C)cc4)C(F)(F)F)cc3)cc2)cc1,P512186,0.276,nd_md,test
*c1ccc(-c2ccc(-c3ccc(C(*)c4c(F)c(F)c(F)c(F)c4F)cc3)cc2)cc1,P512188,0.291,nd_md,train
*/C=C/c1cc(OCCc2ccccc2)c(*)cc1OC,P512194,0.285,nd_md,train
*c1ccc(-c2ccc(C(*)(C)C(F)(F)F)cc2)cc1,P512247,0.194,nd_md,train
*c1ccc2cc(*)ccc2c1,P520004,1.59,nd_md,train
*c1ccc2ccc(*)cc2c1,P520005,0.221,nd_md,train
*c1ccc(*)c2ccccc12,P520006,0.571,nd_md,train
*c1cccc2c(*)cccc12,P520007,0.685,nd_md,train
*CCc1c2ccccc2c(*)c2ccccc12,P520010,0.166,nd_md,train
*c1cc2cccccc-2c1*,P520021,0.163,nd_md,train
*CC(*)(F)C#N,P520029,0.154,nd_md,train
*/C=C/c1ccc(*)c2ccc(CCCCCC)cc12,P520034,0.339,nd_md,train
*/C=C/c1ccc(*)c2ccc(CCCCCCCCCCC)cc12,P520035,0.27,nd_md,train
*c1c(-c2ccccc2)c(-c2ccccc2)c(*)c2cc(C(c3ccc(C#Cc4ccccc4)c(C#Cc4ccccc4)c3)(C(F)(F)F)C(F)(F)F)ccc12,P522003,0.103,nd_md,train
*c1c(-c2ccccc2)c(-c2ccccc2)c(*)c2cc(Oc3ccc(C#Cc4ccccc4)c(C#Cc4ccccc4)c3)ccc12,P522004,0.16,nd_md,train
*c1c(-c2ccccc2)c(-c2ccccc2)c(*)c2cc(-c3ccc(C#Cc4ccccc4)c(C#Cc4ccccc4)c3)ccc12,P522005,0.224,nd_md,train
*c1c(-c2ccccc2)c(-c2ccccc2)c(*)c2cc(C3(c4ccc(C#Cc5ccccc5)c(C#Cc5ccccc5)c4)c4ccccc4-c4ccccc43)ccc12,P522006,0.157,nd_md,train
*CC(*)(F)C(=O)OCC(F)(F)C(F)(F)C(F)(F)F,P522008,0.097,nd_md,train
*CC(*)(F)C(=O)OCC(F)(F)C(F)(F)C(F)(F)C(F)(F)F,P522009,0.101,nd_md,train
*CC(*)(F)C(=O)OCC(F)(F)C(F)(F)C(F)(F)C(F)(F)C(F)(F)C(F)(F)C(F)(F)F,P522010,0.102,nd_md,train
*CC(*)(F)C(=O)OCC(F)(F)C(F)(F)C(F)(F)C(F)(F)C(F)(F)C(F)(F)C(F)(F)C(F)(F)F,P522011,0.089,nd_md,test
*CC(*)(F)C(=O)OCC(F)(F)C(F)(F)C(F)(F)C(F)(F)C(F)(F)C(F)(F)C(F)(F)C(F)(F)C(F)(F)F,P522012,0.101,nd_md,train
*CC(*)(F)C(=O)OCC(F)(F)C(F)(F)C(F)(F)C(F)(F)C(F)(F)C(F)(F)C(F)(F)C(F)(F)C(F)(F)C(F)(F)C(F)(F)F,P522013,0.095,nd_md,test
*CC(*)(F)C(=O)OCC(F)(F)C(F)(F)C(F)(F)C(F)(F)C(F)(F)C(F)F,P522014,0.106,nd_md,train
*CC(*)(F)C(=O)OCC(F)(F)C(F)(F)C(F)(F)C(F)(F)C(F)(F)C(F)(F)C(F)(F)C(F)F,P522015,0.108,nd_md,test
*CC(*)(F)C(=O)OCCC(F)(F)C(F)(F)C(F)(F)C(F)(F)F,P522016,0.096,nd_md,train
*CC(*)(F)C(=O)OCCC(F)(F)C(F)(F)C(F)(F)C(F)(F)C(F)(F)C(F)(F)C(F)(F)C(F)(F)C(F)(F)C(F)(F)F,P522018,0.121,nd_md,train
*CC(F)(F)C1(F)CC(C(O)(C(F)(F)F)C(F)(F)F)CC1*,P522048,0.109,nd_md,train
*c1c(*)c2ccccc2c2ccccc12,P522051,0.091,nd_md,train
*c1ccc2ccc3c(*)cc(C#C)c4ccc1c2c34,P522052,0.582,nd_md,train
*c1ccc2ccc3c(*)cc(C#CC=C)c4ccc1c2c34,P522053,0.429,nd_md,train
