PID,Polymer Class,split
P010001,Polyolefins,train
P010002,Polyolefins,train
P010003,Polyolefins,train
P010004,Polyolefins,train
P010006,Polyolefins,train
P010007,Polyolefins,train
P010008,Polyolefins,train
P010009,Polyolefins,train
P010012,Polyolefins,test
P010013,Polyolefins,train
P010014,Polyolefins,train
P010015,Polyolefins,train
P010016,Polyolefins,train
P010017,Polyolefins,train
P010018,Polyolefins,test
P010019,Polyolefins,train
P010020,Polyolefins,train
P010023,Polyolefins,test
P010024,Polyolefins,train
P010025,Polyolefins,test
P010026,Polyolefins,train
P010027,Polyvinyls,train
P010028,Polyvinyls,train
P010040,Polyolefins,test
P010042,Polyolefins,train
P010043,Polyolefins,train
P010044,Polyolefins,train
P010055,Polyolefins,train
P010060,Polyolefins,train
P010065,Polyolefins,train
P010068,Polydienes,train
P010070,Polydienes,test
P010071,Polydienes,train
P010072,Polydienes,train
P010075,Polyolefins,train
P010080,Polyolefins,train
P010081,Polydienes,train
P010082,Polydienes,test
P010091,Polyolefins,train
P010092,Polyolefins,train
P010096,Polydienes,train
P010097,Polydienes,test
P010098,Polydienes,train
P010103,Polydienes,train
P010106,Polydienes,train
P014362,Polydienes,test
P014500,Polyolefins,train
P014525,Polydienes,train
P020001,"Polystyrenes, Polyvinyls",train
P020002,"Polystyrenes, Polyvinyls",train
P020005,"Polystyrenes, Polyvinyls",test
P020006,"Polystyrenes, Polyvinyls",test
P020007,"Polystyrenes, Polyvinyls",train
P020008,"Polystyrenes, Polyvinyls",train
P020009,"Polystyrenes, Polyvinyls",train
P020010,"Polystyrenes, Polyvinyls",train
P020011,"Polystyrenes, Polyvinyls",train
P020012,"Polystyrenes, Polyvinyls",test
P020013,"Polystyrenes, Polyvinyls",train
P020014,"Polystyrenes, Polyvinyls",train
P020015,"Polystyrenes, Polyvinyls",train
P020016,"Polystyrenes, Polyvinyls",test
P020017,"Polystyrenes, Polyvinyls",train
P020018,"Polystyrenes, Polyvinyls",train
P020019,"Polystyrenes, Polyvinyls",train
P020020,"Polystyrenes, Polyvinyls",test
P020021,"Polystyrenes, Polyvinyls",train
P020022,"Polystyrenes, Polyvinyls",train
P020023,"Polystyrenes, Polyvinyls",train
P020024,"Polystyrenes, Polyvinyls",test
P020025,"Polystyrenes, Polyvinyls",train
P020026,"Polystyrenes, Polyvinyls",train
P020027,"Polystyrenes, Polyvinyls",train
P020028,"Polystyrenes, Polyvinyls",test
P020029,"Polystyrenes, Polyvinyls",train
P020032,"Polystyrenes, Polyvinyls",train
P020033,"Polystyrenes, Polyvinyls",train
P020035,"Polystyrenes, Polyvinyls",train
P020039,"Polystyrenes, Polyvinyls",train
P020040,"Polystyrenes, Polyvinyls",test
P020041,"Polystyrenes, Polyvinyls",test
P020042,"Polystyrenes, Polyvinyls",train
P020043,"Polystyrenes, Polyvinyls",train
P020045,"Polystyrenes, Polyvinyls",train
P020046,"Polystyrenes, Polyvinyls",test
P020049,"Polystyrenes, Polyvinyls",train
P020050,"Polystyrenes, Polyvinyls",train
P020051,"Polystyrenes, Polyvinyls",test
P020052,"Polystyrenes, Polyvinyls",test
P020053,"Polystyrenes, Polyvinyls",train
P020054,"Polystyrenes, Polyvinyls",train
P020055,"Polystyrenes, Polyvinyls",test
P020056,"Polystyrenes, Polyvinyls",train
P020058,"Polystyrenes, Polyvinyls",test
P020059,"Polystyrenes, Polyvinyls",train
P020060,"Polystyrenes, Polyvinyls",test
P020061,"Polystyrenes, Polyvinyls",test
P020062,"Polystyrenes, Polyvinyls",train
P020063,"Polystyrenes, Polyvinyls",train
P020064,"Polystyrenes, Polyvinyls",train
P020065,"Polystyrenes, Polyvinyls",test
P020066,"Polystyrenes, Polyvinyls",test
P020067,"Polystyrenes, Polyvinyls",train
P020068,"Polystyrenes, Polyvinyls",train
P020069,"Polystyrenes, Polyvinyls",train
P020070,"Polystyrenes, Polyvinyls",train
P020071,"Polystyrenes, Polyvinyls",test
P020072,"Polystyrenes, Polyvinyls",train
P020074,"Polystyrenes, Polyvinyls",train
P020075,"Polystyrenes, Polyvinyls",train
P020076,"Polystyrenes, Polyvinyls",train
P020077,"Polystyrenes, Polyvinyls",train
P020078,"Polystyrenes, Polyvinyls",train
P020079,"Polystyrenes, Polyvinyls",train
P020080,"Polystyrenes, Polyvinyls",train
P020083,"Polystyrenes, Polyvinyls",train
P020084,"Polystyrenes, Polyvinyls",train
P020085,"Polystyrenes, Polyvinyls",train
P020086,"Polystyrenes, Polyvinyls",train
P020087,"Polystyrenes, Polyvinyls",train
P020088,"Polystyrenes, Polyvinyls",train
P020090,"Polystyrenes, Polyvinyls",train
P020091,"Polystyrenes, Polyvinyls",train
P020092,"Polystyrenes, Polyvinyls",train
P020093,"Polystyrenes, Polyvinyls",train
P020094,"Polystyrenes, Polyvinyls",train
P020095,"Polystyrenes, Polyvinyls",train
P020096,"Polystyrenes, Polyvinyls",train
P020098,"Polystyrenes, Polyvinyls",train
P020099,"Polystyrenes, Polyvinyls",train
P020100,"Polystyrenes, Polyvinyls",train
P020101,"Polystyrenes, Polyvinyls",test
P020102,"Polystyrenes, Polyvinyls",test
P020103,"Polystyrenes, Polyvinyls",train
P020104,"Polystyrenes, Polyvinyls",train
P020105,"Polystyrenes, Polyvinyls",train
P020108,"Polystyrenes, Polyvinyls",train
P020110,"Polystyrenes, Polyvinyls",train
P020112,"Polystyrenes, Polyvinyls",train
P020113,"Polystyrenes, Polyvinyls",train
P020114,"Polystyrenes, Polyvinyls",train
P020115,"Polystyrenes, Polyvinyls",train
P020116,"Polystyrenes, Polyvinyls",train
P020117,"Polystyrenes, Polyvinyls",train
P020119,"Polystyrenes, Polyvinyls",train
P020120,"Polystyrenes, Polyvinyls",train
P020121,"Polystyrenes, Polyvinyls",train
P020122,"Polystyrenes, Polyvinyls",train
P020125,"Polystyrenes, Polyvinyls",train
P020126,"Polystyrenes, Polyvinyls",train
P020130,"Polystyrenes, Polyvinyls",train
P020131,"Polystyrenes, Polyvinyls",train
P020133,"Polystyrenes, Polyvinyls",train
P020136,"Polystyrenes, Polyvinyls",train
P020137,"Polystyrenes, Polyvinyls",train
P020138,"Polystyrenes, Polyvinyls",train
P020139,"Polystyrenes, Polyvinyls",test
P020140,"Polystyrenes, Polyvinyls",test
P020141,"Polystyrenes, Polyvinyls",train
P020142,"Polystyrenes, Polyvinyls",train
P020143,"Polystyrenes, Polyvinyls",train
P020144,"Polystyrenes, Polyvinyls",train
P020145,"Polystyrenes, Polyvinyls",train
P020146,"Polystyrenes, Polyvinyls",train
P020147,"Polystyrenes, Polyvinyls",train
P020148,"Polystyrenes, Polyvinyls",train
P020149,"Polystyrenes, Polyvinyls",train
P020151,"Polystyrenes, Polyvinyls",test
P020152,"Polystyrenes, Polyvinyls",test
P020153,Other polymers,test
P020154,Other polymers,train
P020156,"Polystyrenes, Polyvinyls",train
P020157,"Polystyrenes, Polyvinyls",train
P020158,"Polystyrenes, Polyvinyls",train
P020177,"Polystyrenes, Polyacrylics, Polyvinyls",train
P020181,"Polystyrenes, Polyvinyls",train
P020185,"Polystyrenes, Polyvinyls",test
P020186,"Polystyrenes, Polyvinyls",test
P020187,"Polystyrenes, Polyvinyls",train
P020188,"Polystyrenes, Polyvinyls",test
P020189,"Polystyrenes, Polyvinyls",train
P020190,"Polystyrenes, Polyvinyls",train
P020191,"Polystyrenes, Polyvinyls",train
P020192,"Polystyrenes, Polyvinyls",train
P020193,Polyvinyls,train
P020194,"Polystyrenes, Polyvinyls",test
P020195,"Polystyrenes, Polyvinyls",train
P020198,"Polystyrenes, Polyvinyls",train
P024305,"Polystyrenes, Polyvinyls",test
P024504,"Polystyrenes, Polyvinyls",train
P024505,"Polystyrenes, Polyvinyls",train
P029029,"Polystyrenes, Polyvinyls",train
P030001,Polyvinyls,train
P030006,Polyvinyls,train
P030010,Polyvinyls,train
P030011,Polyvinyls,train
P030014,"Polystyrenes, Polyvinyls",test
P030015,Polyvinyls,train
P030017,Polyvinyls,test
P030018,Polyvinyls,test
P030019,Polyvinyls,train
P030020,Polyvinyls,train
P030021,Polyvinyls,train
P030022,Polyvinyls,train
P030023,Polyvinyls,train
P030024,Polyvinyls,train
P030025,Polyvinyls,train
P030026,Polyvinyls,train
P030027,Polyvinyls,test
P030035,Polyvinyls,train
P030036,Polyvinyls,test
P030037,Polyvinyls,train
P030038,Polyvinyls,train
P030040,Polyvinyls,train
P030045,Polyvinyls,train
P030046,Polyvinyls,train
P030048,Polyvinyls,test
P030049,Polyvinyls,test
P030062,Polyvinyls,train
P030067,Polyvinyls,train
P030068,Polyvinyls,train
P030069,Polyvinyls,test
P030071,Polyvinyls,train
P030077,Polyvinyls,train
P030078,Polyvinyls,train
P030079,Polyvinyls,train
P030080,Polyvinyls,train
P030081,Polyvinyls,train
P030083,Polyvinyls,test
P030084,Other polymers,train
P030085,Other polymers,test
P030086,Other polymers,test
P030087,Other polymers,train
P030088,Other polymers,test
P030089,Other polymers,train
P030091,Polyvinyls,train
P030092,Polyvinyls,train
P030093,Polyvinyls,train
P030095,Other polymers,train
P030096,Polyvinyls,test
P030097,Polyvinyls,train
P030098,Polyvinyls,train
P030099,Polyvinyls,train
P030100,Polyvinyls,train
P030101,Polyvinyls,train
P030102,Polyvinyls,test
P030103,Polyvinyls,train
P030104,Polyvinyls,test
P030105,Polyvinyls,test
P030107,Polyvinyls,train
P030108,Polyvinyls,train
P030109,Polyvinyls,test
P030110,Polyvinyls,train
P030111,Polyvinyls,train
P030112,Polyvinyls,test
P030113,Polyvinyls,train
P030114,Polyvinyls,train
P030115,Polyvinyls,train
P030116,Polyvinyls,train
P030117,Polyvinyls,test
P030118,Polyvinyls,train
P030120,Polyvinyls,train
P030121,Polyvinyls,train
P030122,Polyvinyls,test
P030123,Polyvinyls,train
P030124,Polyvinyls,test
P030125,Polyvinyls,train
P030126,Polyvinyls,train
P030127,Polyvinyls,train
P030128,Polyvinyls,train
P030129,Polyvinyls,train
P030130,Polyvinyls,train
P030131,Polyvinyls,train
P030132,Polyvinyls,train
P030133,Polyvinyls,train
P030134,Polyvinyls,train
P030135,Polyvinyls,train
P030136,Polyvinyls,train
P030137,Polyvinyls,train
P030138,Polyvinyls,train
P030139,Polyvinyls,train
P030140,Polyvinyls,train
P030141,Polyvinyls,train
P030142,Polyvinyls,train
P030143,Polyvinyls,train
P030144,Polyvinyls,train
P030145,Polyvinyls,test
P030146,Polyvinyls,train
P030147,Polyvinyls,train
P030148,Polyvinyls,train
P030163,Polyvinyls,test
P030166,Polyvinyls,test
P030168,"Polystyrenes, Polyvinyls",train
P030177,"Polyacrylics, Polyvinyls",train
P030178,Polyvinyls,train
P030179,Polyvinyls,train
P030180,Polyvinyls,test
P030181,Polyvinyls,train
P030182,Polyvinyls,train
P030183,"Polystyrenes, Polyvinyls",train
P030187,Polydienes,train
P030191,Polyanhydrides/thioanhydrides,train
P030192,Polyvinyls,train
P030195,Polyvinyls,train
P030196,Polyvinyls,train
P030197,Polyvinyls,train
P030198,Polyvinyls,train
P030205,Polyvinyls,train
P034237,Polyvinyls,test
P034238,Polyvinyls,train
P034239,Polyvinyls,train
P034240,Polyvinyls,train
P034241,Polyvinyls,train
P034359,Polyvinyls,train
P034360,Polyvinyls,train
P034361,Polyvinyls,train
P034424,Polyvinyls,train
P034524,Polyvinyls,train
P034596,Other polymers,test
P034597,Polyvinyls,test
P034603,Polyvinyls,train
P039005,Polyvinyls,test
P039028,Polyvinyls,test
P040001,"Polyacrylics, Polyvinyls",test
P040002,"Polyacrylics, Polyvinyls",test
P040003,"Polyacrylics, Polyvinyls",test
P040004,"Polyacrylics, Polyvinyls",train
P040005,"Polyacrylics, Polyvinyls",train
P040006,"Polyacrylics, Polyvinyls",train
P040007,"Polyacrylics, Polyvinyls",train
P040008,"Polyacrylics, Polyvinyls",train
P040010,"Polyacrylics, Polyvinyls",train
P040011,"Polyacrylics, Polyvinyls",test
P040012,"Polyacrylics, Polyvinyls",test
P040013,"Polyacrylics, Polyvinyls",test
P040017,"Polyacrylics, Polyvinyls",train
P040020,"Polyacrylics, Polyvinyls",train
P040021,"Polyacrylics, Polyvinyls",train
P040022,"Polyacrylics, Polyvinyls",train
P040023,"Polyacrylics, Polyvinyls",test
P040024,"Polyacrylics, Polyvinyls",train
P040027,"Polyacrylics, Polyvinyls",train
P040028,"Polyacrylics, Polyvinyls",train
P040030,"Polyacrylics, Polyvinyls",train
P040031,"Polyacrylics, Polyvinyls",train
P040032,"Polyacrylics, Polyvinyls",train
P040034,"Polyacrylics, Polyvinyls",test
P040035,"Polyacrylics, Polyvinyls",test
P040036,"Polyacrylics, Polyvinyls",train
P040037,"Polyacrylics, Polyvinyls",train
P040038,"Polyacrylics, Polyvinyls",train
P040039,"Polyacrylics, Polyvinyls",test
P040040,"Polyacrylics, Polyvinyls",train
P040041,"Polyacrylics, Polyvinyls",train
P040042,"Polyacrylics, Polyvinyls",train
P040043,"Polyacrylics, Polyvinyls",train
P040047,"Polyacrylics, Polyvinyls",train
P040048,"Polyacrylics, Polyvinyls",train
P040049,"Polyacrylics, Polyvinyls",train
P040050,"Polyacrylics, Polyvinyls",train
P040051,"Polyacrylics, Polyvinyls",train
P040052,"Polyacrylics, Polyvinyls",train
P040053,"Polyacrylics, Polyvinyls",train
P040055,"Polyacrylics, Polyvinyls",train
P040056,"Polyacrylics, Polyvinyls",train
P040059,"Polyacrylics, Polyvinyls",train
P040060,"Polyacrylics, Polyvinyls",train
P040061,"Polyacrylics, Polyvinyls",train
P040063,"Polyacrylics, Polyvinyls",train
P040064,"Polyacrylics, Polyvinyls",train
P040066,"Polyacrylics, Polyvinyls",train
P040067,"Polyacrylics, Polyvinyls",test
P040068,"Polyacrylics, Polyvinyls",train
P040069,"Polyacrylics, Polyvinyls",test
P040071,"Polyacrylics, Polyvinyls",train
P040073,"Polyacrylics, Polyvinyls",train
P040074,"Polyacrylics, Polyvinyls",test
P040081,"Polyacrylics, Polyvinyls",train
P040082,"Polyacrylics, Polyvinyls",test
P040083,"Polyacrylics, Polyvinyls",train
P040084,"Polyacrylics, Polyvinyls",train
P040085,"Polyacrylics, Polyvinyls",test
P040088,"Polyacrylics, Polyvinyls",train
P040097,"Polyacrylics, Polyvinyls",train
P040099,"Polyacrylics, Polyvinyls",train
P040102,"Polyacrylics, Polyvinyls",train
P040103,"Polyacrylics, Polyvinyls",train
P040106,"Polyacrylics, Polyvinyls",train
P040107,"Polyacrylics, Polyvinyls",train
P040112,"Polyacrylics, Polyvinyls",train
P040114,"Polyacrylics, Polyvinyls",train
P040116,"Polyacrylics, Polyvinyls",train
P040117,"Polyacrylics, Polyvinyls",train
P040127,"Polyacrylics, Polyvinyls",test
P040128,"Polyacrylics, Polyvinyls",train
P040141,"Polyacrylics, Polyvinyls",train
P040145,"Polyacrylics, Polyvinyls",train
P040147,"Polyacrylics, Polyvinyls",train
P040148,"Polyacrylics, Polyvinyls",train
P040149,"Polyacrylics, Polyvinyls",train
P040150,"Polyacrylics, Polyvinyls",train
P040152,"Polyacrylics, Polyvinyls",test
P040155,"Polyacrylics, Polyvinyls",train
P040156,"Polyacrylics, Polyvinyls",train
P040157,"Polyacrylics, Polyvinyls",train
P040159,"Polyacrylics, Polyvinyls",train
P040160,"Polyacrylics, Polyvinyls",train
P040164,"Polyacrylics, Polyvinyls",train
P040168,"Polyacrylics, Polyvinyls",test
P040172,"Polyacrylics, Polyvinyls",train
P040175,"Polyacrylics, Polyvinyls",test
P040177,"Polyacrylics, Polyvinyls",train
P040178,"Polyacrylics, Polyvinyls",train
P040179,"Polyacrylics, Polyvinyls",train
P040180,"Polyacrylics, Polyvinyls",train
P040181,"Polyacrylics, Polyvinyls",train
P040182,"Polyacrylics, Polyvinyls",train
P040183,"Polyacrylics, Polyvinyls",train
P040184,"Polyacrylics, Polyvinyls",train
P040185,"Polyacrylics, Polyvinyls",train
P040186,"Polyacrylics, Polyvinyls",train
P040187,"Polyacrylics, Polyvinyls",test
P040188,"Polyacrylics, Polyvinyls",train
P040189,"Polyacrylics, Polyvinyls",train
P040191,"Polyacrylics, Polyvinyls",train
P040192,"Polyacrylics, Polyvinyls",test
P040193,"Polyacrylics, Polyvinyls",test
P040194,"Polyacrylics, Polyvinyls",train
P040195,"Polyacrylics, Polyvinyls",train
P040196,"Polyacrylics, Polyvinyls",test
P040197,"Polyacrylics, Polyvinyls",train
P040198,"Polyacrylics, Polyvinyls",train
P040199,"Polyacrylics, Polyvinyls",test
P040200,"Polyacrylics, Polyvinyls",train
P040201,"Polyacrylics, Polyvinyls",test
P040202,"Polyacrylics, Polyvinyls",test
P040203,"Polyacrylics, Polyvinyls",train
P040204,"Polyacrylics, Polyvinyls",test
P040205,"Polyacrylics, Polyvinyls",test
P040206,"Polyacrylics, Polyvinyls",train
P040207,"Polyacrylics, Polyvinyls",train
P040208,"Polyacrylics, Polyvinyls",train
P040210,"Polyacrylics, Polyvinyls",train
P040211,"Polyacrylics, Polyvinyls",train
P040212,"Polyacrylics, Polyvinyls",train
P040213,"Polyacrylics, Polyvinyls",test
P040214,"Polyacrylics, Polyvinyls",train
P040215,"Polyacrylics, Polyvinyls",test
P040217,"Polyacrylics, Polyvinyls",train
P040220,"Polyacrylics, Polyvinyls",train
P040228,"Polyacrylics, Polyvinyls",train
P040229,"Polyacrylics, Polyvinyls",train
P040230,"Polyacrylics, Polyvinyls",train
P040231,"Polyacrylics, Polyvinyls",train
P040232,"Polyacrylics, Polyvinyls",train
P040233,"Polyacrylics, Polyvinyls",train
P040234,"Polyacrylics, Polyvinyls",train
P040235,"Polyacrylics, Polyvinyls",test
P040236,"Polyacrylics, Polyvinyls",train
P040237,"Polyacrylics, Polyvinyls",train
P040239,"Polyacrylics, Polyvinyls",train
P040241,"Polyacrylics, Polyvinyls",train
P040244,"Polyacrylics, Polyvinyls",train
P040245,"Polyacrylics, Polyvinyls",train
P040246,"Polyacrylics, Polyvinyls",train
P040247,"Polyacrylics, Polyvinyls",test
P040248,"Polyacrylics, Polyvinyls",train
P040250,"Polyacrylics, Polyvinyls",train
P040251,"Polyacrylics, Polyvinyls",test
P040252,"Polyacrylics, Polyvinyls",test
P040253,"Polyacrylics, Polyvinyls",train
P040254,"Polyacrylics, Polyvinyls",train
P040255,"Polyacrylics, Polyvinyls",test
P040256,"Polyacrylics, Polyvinyls",test
P040261,"Polyacrylics, Polyvinyls",train
P040262,"Polyacrylics, Polyvinyls",train
P040263,"Polyacrylics, Polyvinyls",test
P040264,"Polyacrylics, Polyvinyls",train
P040265,"Polyacrylics, Polyvinyls",test
P040267,"Polyacrylics, Polyvinyls",train
P040269,"Polyacrylics, Polyvinyls",train
P040270,"Polyacrylics, Polyvinyls",train
P040271,"Polyacrylics, Polyvinyls",train
P040272,"Polyacrylics, Polyvinyls",train
P040273,"Polyacrylics, Polyvinyls",train
P040274,"Polyacrylics, Polyvinyls",train
P040275,"Polyacrylics, Polyvinyls",test
P040276,"Polyacrylics, Polyvinyls",test
P040278,"Polyacrylics, Polyvinyls",train
P040279,"Polyacrylics, Polyvinyls",train
P040283,"Polyacrylics, Polyvinyls",train
P040288,"Polyacrylics, Polyvinyls",test
P040289,"Polyacrylics, Polyvinyls",train
P040290,"Polyacrylics, Polyvinyls",train
P040291,"Polyacrylics, Polyvinyls",train
P040292,"Polyacrylics, Polyvinyls",train
P040294,"Polyacrylics, Polyvinyls",test
P040295,"Polyacrylics, Polyvinyls",train
P040296,"Polyacrylics, Polyvinyls",train
P040297,"Polyacrylics, Polyvinyls",train
P040299,"Polyacrylics, Polyvinyls",test
P040300,"Polyacrylics, Polyvinyls",test
P040307,Polyimides/thioimides,train
P040308,"Polyacrylics, Polyvinyls",test
P040310,"Polyacrylics, Polyvinyls",train
P040314,"Polyacrylics, Polyvinyls",test
P040320,"Polyacrylics, Polyvinyls",test
P040325,"Polyacrylics, Polyvinyls",train
P040332,"Polyacrylics, Polyvinyls",train
P040333,"Polyacrylics, Polyvinyls",test
P040338,"Polyacrylics, Polyvinyls",train
P040339,"Polyacrylics, Polyvinyls",test
P044251,"Polyacrylics, Polyvinyls",train
P044252,"Polyacrylics, Polyvinyls",train
P044290,"Polyacrylics, Polyvinyls",train
P044304,Polyvinyls,train
P044346,"Polyacrylics, Polyvinyls",train
P044347,"Polyacrylics, Polyvinyls",train
P044348,"Polyacrylics, Polyvinyls",test
P044349,"Polyacrylics, Polyvinyls",train
P044350,"Polyacrylics, Polyvinyls",train
P044351,"Polyacrylics, Polyvinyls",train
P044368,"Polyacrylics, Polyvinyls",train
P044370,"Polyacrylics, Polyvinyls",train
P044380,"Polyacrylics, Polyvinyls",train
P044383,"Polyacrylics, Polyvinyls",train
P044384,"Polyacrylics, Polyvinyls",train
P044385,"Polyacrylics, Polyvinyls",test
P044463,"Polyacrylics, Polyvinyls",train
P044464,"Polyacrylics, Polyvinyls",train
P044506,"Polyacrylics, Polyvinyls",train
P044508,"Polyacrylics, Polyvinyls",train
P044512,"Polyacrylics, Polyvinyls",train
P044514,"Polyacrylics, Polyvinyls",train
P044520,"Polyacrylics, Polyvinyls",test
P044521,"Polyacrylics, Polyvinyls",test
P044522,"Polyacrylics, Polyvinyls",train
P049038,"Polyacrylics, Polyvinyls",train
P050001,"Polyvinyls, Polyhalo-olefins",test
P050002,"Polyvinyls, Polyhalo-olefins",train
P050003,Polyhalo-olefins,train
P050004,Polyhalo-olefins,train
P050005,Polyhalo-olefins,train
P050006,Polyhalo-olefins,test
P050007,Polyhalo-olefins,test
P050013,"Polyvinyls, Polydienes",train
P050014,Polyhalo-olefins,train
P050015,Polyhalo-olefins,test
P050016,Polyhalo-olefins,train
P050017,Polyhalo-olefins,test
P050018,Polyhalo-olefins,test
P050019,Polyhalo-olefins,train
P050023,Polyhalo-olefins,train
P050026,Polyhalo-olefins,train
P050029,Polyhalo-olefins,test
P050030,Polyhalo-olefins,train
P050031,Polyhalo-olefins,train
P050034,Polydienes,train
P050035,Polydienes,train
P050036,Polydienes,train
P050038,Polyhalo-olefins,train
P050039,Polyhalo-olefins,test
P050040,Polyvinyls,train
P050041,Polyvinyls,train
P050042,Polyvinyls,train
P050043,Polyhalo-olefins,test
P050044,Polyhalo-olefins,train
P050045,Polyhalo-olefins,train
P050046,Polyhalo-olefins,train
P050049,Polyhalo-olefins,train
P054499,Polyhalo-olefins,train
P060001,Polydienes,train
P060002,Polydienes,train
P060003,Polydienes,train
P060004,Polydienes,train
P060006,Polydienes,train
P060007,Polydienes,test
P060013,Polydienes,train
P060015,"Polyvinyls, Polydienes",train
P060017,Polydienes,train
P060022,Polydienes,train
P060023,Polydienes,train
P060025,Polydienes,train
P070001,Polyoxides/ethers/acetals,train
P070002,Polyoxides/ethers/acetals,train
P070007,Polyoxides/ethers/acetals,test
P070013,Polyoxides/ethers/acetals,test
P070014,Polyoxides/ethers/acetals,train
P070015,Polyoxides/ethers/acetals,train
P070017,Polyoxides/ethers/acetals,train
P070019,Polyoxides/ethers/acetals,train
P070021,Polyoxides/ethers/acetals,train
P070022,Polyoxides/ethers/acetals,test
P070024,Polyoxides/ethers/acetals,train
P070025,Polyoxides/ethers/acetals,train
P070026,Polyoxides/ethers/acetals,train
P070027,Polyoxides/ethers/acetals,train
P070029,Polyoxides/ethers/acetals,train
P070030,Polyoxides/ethers/acetals,train
P070031,Polyoxides/ethers/acetals,test
P070032,Polyoxides/ethers/acetals,train
P070033,Polyoxides/ethers/acetals,train
P070055,Polyoxides/ethers/acetals,train
P070056,Polyoxides/ethers/acetals,train
P070057,Polyoxides/ethers/acetals,test
P070058,Polyoxides/ethers/acetals,train
P070060,Polyoxides/ethers/acetals,train
P070064,Polyoxides/ethers/acetals,train
P070066,Polyoxides/ethers/acetals,train
P070074,Polyoxides/ethers/acetals,train
P070075,Polyoxides/ethers/acetals,train
P070076,Polyoxides/ethers/acetals,test
P070077,Polyoxides/ethers/acetals,train
P070078,Polyoxides/ethers/acetals,train
P070079,Polyoxides/ethers/acetals,train
P070080,Polyoxides/ethers/acetals,train
P070089,Polyoxides/ethers/acetals,train
P070090,Polyoxides/ethers/acetals,train
P070091,Polyoxides/ethers/acetals,train
P070123,"Polyoxides/ethers/acetals, Polysulfides",train
P070124,"Polyoxides/ethers/acetals, Polysulfides",test
P070125,"Polyoxides/ethers/acetals, Polysulfides",train
P070126,"Polyoxides/ethers/acetals, Polysulfides",test
P070127,"Polyoxides/ethers/acetals, Polysulfides",train
P070136,"Polyoxides/ethers/acetals, Polyesters/thioesters",test
P070137,"Polyoxides/ethers/acetals, Polyesters/thioesters",test
P070140,"Polyoxides/ethers/acetals, Polyesters/thioesters",test
P070141,"Polyoxides/ethers/acetals, Polyesters/thioesters",train
P070142,"Polyoxides/ethers/acetals, Polyesters/thioesters",train
P070143,"Polyoxides/ethers/acetals, Polyesters/thioesters",train
P070158,"Polyoxides/ethers/acetals, Polyesters/thioesters",train
P070163,"Polyoxides/ethers/acetals, Polyesters/thioesters",train
P070167,"Polyoxides/ethers/acetals, Polyesters/thioesters",train
P070168,"Polyoxides/ethers/acetals, Polyesters/thioesters",train
P070170,"Polyoxides/ethers/acetals, Polyamides/thioamides",train
P070181,"Polyoxides/ethers/acetals, Polyamides/thioamides",train
P070208,"Polyoxides/ethers/acetals, Polyamides/thioamides",train
P070209,"Polyoxides/ethers/acetals, Polyamides/thioamides",train
P070210,"Polyoxides/ethers/acetals, Polyamides/thioamides",train
P070211,"Polyoxides/ethers/acetals, Polyamides/thioamides",train
P070214,"Polyoxides/ethers/acetals, Polyamides/thioamides",test
P070218,"Polyoxides/ethers/acetals, Polyamides/thioamides",train
P070229,"Polyoxides/ethers/acetals, Polyamides/thioamides",test
P070231,"Polyoxides/ethers/acetals, Polyamides/thioamides",train
P070232,"Polyoxides/ethers/acetals, Polyamides/thioamides",train
P070256,"Polyoxides/ethers/acetals, Polyurethanes/thiourethanes",train
P070258,"Polyoxides/ethers/acetals, Polyurethanes/thiourethanes",train
P070267,"Polyoxides/ethers/acetals, Polyanhydrides/thioanhydrides",train
P070269,"Polyoxides/ethers/acetals, Polyanhydrides/thioanhydrides",train
P070271,"Polyoxides/ethers/acetals, Polyanhydrides/thioanhydrides",train
P070273,"Polyoxides/ethers/acetals, Polyanhydrides/thioanhydrides",train
P070274,"Polyoxides/ethers/acetals, Polyanhydrides/thioanhydrides",train
P070276,"Polyoxides/ethers/acetals, Polyanhydrides/thioanhydrides",train
P070277,"Polyoxides/ethers/acetals, Polyanhydrides/thioanhydrides",train
P070279,"Polyoxides/ethers/acetals, Polyanhydrides/thioanhydrides",train
P070280,"Polyoxides/ethers/acetals, Polyanhydrides/thioanhydrides",train
P070282,"Polyoxides/ethers/acetals, Polyanhydrides/thioanhydrides",train
P070283,"Polyoxides/ethers/acetals, Polyanhydrides/thioanhydrides",train
P070284,"Polyoxides/ethers/acetals, Polyanhydrides/thioanhydrides",train
P070285,"Polyoxides/ethers/acetals, Polyanhydrides/thioanhydrides",train
P070305,"Polyoxides/ethers/acetals, Polycarbonates/thiocarbonates",train
P070306,"Polyoxides/ethers/acetals, Polyimines",train
P070307,"Polyoxides/ethers/acetals, Polyimines",train
P070308,"Polyoxides/ethers/acetals, Polyimines",train
P070309,"Polyoxides/ethers/acetals, Polyimines",train
P070310,"Polyoxides/ethers/acetals, Polyimines",train
P070313,"Polyoxides/ethers/acetals, Polysiloxanes/silanes",train
P070314,"Polyoxides/ethers/acetals, Polysiloxanes/silanes",train
P070315,"Polyoxides/ethers/acetals, Polysiloxanes/silanes",train
P070316,"Polyoxides/ethers/acetals, Polysulfones/sulfoxides/sufonates/sulfoamides",train
P070317,"Polyoxides/ethers/acetals, Polysulfones/sulfoxides/sufonates/sulfoamides",train
P070319,"Polyoxides/ethers/acetals, Polyesters/thioesters",train
P070321,Polyoxides/ethers/acetals,test
P070323,"Polyoxides/ethers/acetals, Polyesters/thioesters",train
P070324,"Polyoxides/ethers/acetals, Polyesters/thioesters",train
P070325,"Polyoxides/ethers/acetals, Polyesters/thioesters",train
P070326,"Polyoxides/ethers/acetals, Polyesters/thioesters",test
P070327,"Polyoxides/ethers/acetals, Polyesters/thioesters",train
P070328,"Polyoxides/ethers/acetals, Polyesters/thioesters",train
P070329,"Polyoxides/ethers/acetals, Polyesters/thioesters",train
P070330,"Polyoxides/ethers/acetals, Polyesters/thioesters",train
P070331,"Polyoxides/ethers/acetals, Polyesters/thioesters",test
P070332,"Polyoxides/ethers/acetals, Polyesters/thioesters",train
P070333,"Polyoxides/ethers/acetals, Polyesters/thioesters",test
P070334,"Polyoxides/ethers/acetals, Polyesters/thioesters",train
P070335,"Polyoxides/ethers/acetals, Polyesters/thioesters",train
P070337,Polyesters/thioesters,train
P070341,"Polyoxides/ethers/acetals, Polyimines",train
P070348,"Polyoxides/ethers/acetals, Polyimines",train
P070349,"Polyoxides/ethers/acetals, Polyimines",train
P070350,"Polyoxides/ethers/acetals, Polyimines",train
P070351,"Polyoxides/ethers/acetals, Polyimines",train
P070352,"Polyoxides/ethers/acetals, Polyimines",train
P070353,"Polyoxides/ethers/acetals, Polyimines",train
P070355,"Polyoxides/ethers/acetals, Polyketones/thioketones",train
P070356,"Polyoxides/ethers/acetals, Polysulfones/sulfoxides/sufonates/sulfoamides",train
P070357,"Polyoxides/ethers/acetals, Polyimines, Polyketones/thioketones",test
P070359,"Polyoxides/ethers/acetals, Polyimines, Polysulfones/sulfoxides/sufonates/sulfoamides",train
P070360,"Polyoxides/ethers/acetals, Polyimines",train
P070361,"Polyoxides/ethers/acetals, Polyimines",train
P070362,"Polyoxides/ethers/acetals, Polyimines",train
P070363,"Polyoxides/ethers/acetals, Polyimines",train
P070364,"Polyoxides/ethers/acetals, Polyimines",train
P070365,"Polyoxides/ethers/acetals, Polyimines",train
P070366,"Polyoxides/ethers/acetals, Polyimines",train
P070367,"Polyoxides/ethers/acetals, Polyimines",test
P070368,"Polyoxides/ethers/acetals, Polyimines",test
P070369,Polyoxides/ethers/acetals,train
P070370,Polyoxides/ethers/acetals,train
P070371,"Polyoxides/ethers/acetals, Polysulfones/sulfoxides/sufonates/sulfoamides",train
P070372,Polyoxides/ethers/acetals,train
P070376,Polyoxides/ethers/acetals,test
P070377,Polyoxides/ethers/acetals,test
P070378,Polyoxides/ethers/acetals,train
P070379,Polyoxides/ethers/acetals,train
P070381,Polyoxides/ethers/acetals,train
P070382,Polyoxides/ethers/acetals,train
P070383,Polyoxides/ethers/acetals,train
P070384,Polyoxides/ethers/acetals,train
P070385,Polyoxides/ethers/acetals,train
P070386,Polyoxides/ethers/acetals,train
P070387,Polyoxides/ethers/acetals,train
P070388,Polyoxides/ethers/acetals,train
P070390,Polyoxides/ethers/acetals,train
P070391,Polyoxides/ethers/acetals,train
P070394,Polyoxides/ethers/acetals,train
P070395,Polyoxides/ethers/acetals,train
P070396,Polyoxides/ethers/acetals,train
P070397,Polyoxides/ethers/acetals,train
P070398,Polyoxides/ethers/acetals,train
P070399,Polyoxides/ethers/acetals,test
P070400,Polyoxides/ethers/acetals,train
P070402,Polyoxides/ethers/acetals,train
P070403,Polyoxides/ethers/acetals,test
P070404,Polyoxides/ethers/acetals,test
P070407,Polyoxides/ethers/acetals,train
P070410,Polyoxides/ethers/acetals,test
P070411,Polyoxides/ethers/acetals,test
P070412,Polyoxides/ethers/acetals,train
P070413,Polyoxides/ethers/acetals,train
P070414,Polyoxides/ethers/acetals,train
P070416,Polyoxides/ethers/acetals,train
P070417,Polyoxides/ethers/acetals,test
P070418,Polyoxides/ethers/acetals,test
P070419,Polyoxides/ethers/acetals,train
P070420,Polyoxides/ethers/acetals,train
P070421,Polyoxides/ethers/acetals,test
P070422,Polyoxides/ethers/acetals,test
P070424,Polyoxides/ethers/acetals,test
P070425,Polyoxides/ethers/acetals,train
P070426,Polyoxides/ethers/acetals,train
P070428,Polyoxides/ethers/acetals,train
P070429,Polyoxides/ethers/acetals,test
P070430,Polyoxides/ethers/acetals,train
P070431,Polyoxides/ethers/acetals,train
P070432,Polyoxides/ethers/acetals,test
P070433,"Polyoxides/ethers/acetals, Polyesters/thioesters",test
P070434,"Polyoxides/ethers/acetals, Polyesters/thioesters",train
P070442,"Polyoxides/ethers/acetals, Polyamides/thioamides",train
P070445,"Polyoxides/ethers/acetals, Polyurethanes/thiourethanes",train
P070446,"Polyoxides/ethers/acetals, Polyurethanes/thiourethanes",train
P070453,"Polyoxides/ethers/acetals, Polycarbonates/thiocarbonates",train
P070458,"Polyoxides/ethers/acetals, Polyimines",train
P070459,"Polyoxides/ethers/acetals, Polyimines",test
P070460,"Polyoxides/ethers/acetals, Polyesters/thioesters, Polyimines",test
P070461,"Polyoxides/ethers/acetals, Polyimines",train
P070462,"Polyoxides/ethers/acetals, Polyimines",train
P070464,"Polyoxides/ethers/acetals, Polyimines",train
P070466,"Polyoxides/ethers/acetals, Polyketones/thioketones",train
P070467,"Polyoxides/ethers/acetals, Polyketones/thioketones",train
P070468,"Polyoxides/ethers/acetals, Polyketones/thioketones",train
P070469,"Polyoxides/ethers/acetals, Polyketones/thioketones",train
P070470,"Polyoxides/ethers/acetals, Polyketones/thioketones",train
P070471,"Polyoxides/ethers/acetals, Polysulfones/sulfoxides/sufonates/sulfoamides",train
P070472,"Polyoxides/ethers/acetals, Polysulfones/sulfoxides/sufonates/sulfoamides",train
P070473,"Polyoxides/ethers/acetals, Polysulfones/sulfoxides/sufonates/sulfoamides",train
P070474,"Polyoxides/ethers/acetals, Polysulfones/sulfoxides/sufonates/sulfoamides",train
P070475,"Polyoxides/ethers/acetals, Polysulfones/sulfoxides/sufonates/sulfoamides",train
P070476,Polyoxides/ethers/acetals,train
P070477,"Polyoxides/ethers/acetals, Polysulfones/sulfoxides/sufonates/sulfoamides",train
P070479,"Polyoxides/ethers/acetals, Polysulfones/sulfoxides/sufonates/sulfoamides",train
P070480,"Polyoxides/ethers/acetals, Polysulfones/sulfoxides/sufonates/sulfoamides",train
P070481,"Polyoxides/ethers/acetals, Polysulfones/sulfoxides/sufonates/sulfoamides",train
P070482,"Polyoxides/ethers/acetals, Polysulfones/sulfoxides/sufonates/sulfoamides",train
P070483,"Polyoxides/ethers/acetals, Polysulfides, Polysulfones/sulfoxides/sufonates/sulfoamides",train
P070486,"Polyoxides/ethers/acetals, Polysulfones/sulfoxides/sufonates/sulfoamides",train
P070487,"Polyoxides/ethers/acetals, Polysulfones/sulfoxides/sufonates/sulfoamides",test
P070488,"Polyoxides/ethers/acetals, Polysulfones/sulfoxides/sufonates/sulfoamides",train
P070489,"Polyoxides/ethers/acetals, Polysulfones/sulfoxides/sufonates/sulfoamides",train
P070490,"Polyoxides/ethers/acetals, Polysulfones/sulfoxides/sufonates/sulfoamides",test
P070491,"Polyoxides/ethers/acetals, Polysulfones/sulfoxides/sufonates/sulfoamides",train
P070492,"Polyoxides/ethers/acetals, Polysulfones/sulfoxides/sufonates/sulfoamides",train
P070500,"Polyoxides/ethers/acetals, Polyketones/thioketones, Polysulfones/sulfoxides/sufonates/sulfoamides",train
P070502,"Polyoxides/ethers/acetals, Polysulfones/sulfoxides/sufonates/sulfoamides",train
P070504,Polyoxides/ethers/acetals,train
P070505,Polyoxides/ethers/acetals,train
P070506,"Polyoxides/ethers/acetals, Polysulfones/sulfoxides/sufonates/sulfoamides",train
P070523,Polyoxides/ethers/acetals,train
P070524,Polyoxides/ethers/acetals,test
P070525,Polyoxides/ethers/acetals,train
P070526,Polyoxides/ethers/acetals,test
P070527,Polyoxides/ethers/acetals,train
P070529,"Polyoxides/ethers/acetals, Polyesters/thioesters",train
P070533,"Polyoxides/ethers/acetals, Polyesters/thioesters",train
P070538,"Polyoxides/ethers/acetals, Polyesters/thioesters",train
P070549,Polyoxides/ethers/acetals,test
P070561,"Polyoxides/ethers/acetals, Polyesters/thioesters",train
P070562,"Polyoxides/ethers/acetals, Polyesters/thioesters",train
P070563,"Polyoxides/ethers/acetals, Polyesters/thioesters",train
P070564,Polyoxides/ethers/acetals,train
P070565,"Polyoxides/ethers/acetals, Polyesters/thioesters",train
P070567,"Polyoxides/ethers/acetals, Polyesters/thioesters",test
P070572,"Polyoxides/ethers/acetals, Polyesters/thioesters",test
P070574,"Polyoxides/ethers/acetals, Polyamides/thioamides",train
P070575,"Polyoxides/ethers/acetals, Polyamides/thioamides",train
P070576,"Polyoxides/ethers/acetals, Polyamides/thioamides",train
P070577,"Polyoxides/ethers/acetals, Polyamides/thioamides",train
P070578,"Polyoxides/ethers/acetals, Polyamides/thioamides",train
P070579,"Polyoxides/ethers/acetals, Polyamides/thioamides",train
P070583,"Polyoxides/ethers/acetals, Polyamides/thioamides",train
P070584,"Polyoxides/ethers/acetals, Polyamides/thioamides",train
P070585,"Polyoxides/ethers/acetals, Polyamides/thioamides",train
P070586,"Polyoxides/ethers/acetals, Polyamides/thioamides",train
P070587,"Polyoxides/ethers/acetals, Polyamides/thioamides",train
P070588,"Polyoxides/ethers/acetals, Polyamides/thioamides",train
P070589,"Polyoxides/ethers/acetals, Polyamides/thioamides",train
P070590,"Polyoxides/ethers/acetals, Polyamides/thioamides",train
P070591,"Polyoxides/ethers/acetals, Polyketones/thioketones",train
P070592,"Polyoxides/ethers/acetals, Polyketones/thioketones",test
P070593,"Polyoxides/ethers/acetals, Polyketones/thioketones",train
P070594,"Polyoxides/ethers/acetals, Polyketones/thioketones",train
P070595,"Polyoxides/ethers/acetals, Polyketones/thioketones",train
P070596,"Polyoxides/ethers/acetals, Polyimines",train
P070597,"Polyoxides/ethers/acetals, Polyimines",test
P070598,"Polyoxides/ethers/acetals, Polyimines",train
P070600,"Polyoxides/ethers/acetals, Polyimines",train
P070601,"Polyoxides/ethers/acetals, Polyimines",train
P070602,"Polyoxides/ethers/acetals, Polyimines",train
P070623,"Polyoxides/ethers/acetals, Polyesters/thioesters",test
P070624,"Polyoxides/ethers/acetals, Polyesters/thioesters",train
P070625,"Polyoxides/ethers/acetals, Polyesters/thioesters",train
P070626,"Polyoxides/ethers/acetals, Polyesters/thioesters",train
P070627,"Polyoxides/ethers/acetals, Polyesters/thioesters",test
P070628,"Polyoxides/ethers/acetals, Polyesters/thioesters",train
P070629,"Polyoxides/ethers/acetals, Polyimines",train
P070631,"Polyoxides/ethers/acetals, Polyimines",train
P070634,"Polyoxides/ethers/acetals, Polysulfones/sulfoxides/sufonates/sulfoamides",train
P070635,"Polyoxides/ethers/acetals, Polyimines",train
P070636,"Polyoxides/ethers/acetals, Polyimines",train
P070637,"Polyoxides/ethers/acetals, Polyimines",train
P070638,"Polyoxides/ethers/acetals, Polyimines",train
P070639,"Polyoxides/ethers/acetals, Polyimines",train
P070640,"Polyoxides/ethers/acetals, Polyimines",test
P070641,"Polyoxides/ethers/acetals, Polyimines",train
P070642,"Polyoxides/ethers/acetals, Polyimines",train
P070643,"Polyoxides/ethers/acetals, Polyimines",train
P070644,"Polyoxides/ethers/acetals, Polyimines",train
P070645,"Polyoxides/ethers/acetals, Polyimines",train
P070646,"Polyoxides/ethers/acetals, Polyamides/thioamides",train
P070648,"Polyoxides/ethers/acetals, Polyesters/thioesters",train
P070649,"Polyoxides/ethers/acetals, Polyimines",train
P070651,"Polyoxides/ethers/acetals, Polyimines",train
P070653,"Polyoxides/ethers/acetals, Polyimines",train
P070656,Polyoxides/ethers/acetals,train
P070657,Polyoxides/ethers/acetals,test
P070661,Polyoxides/ethers/acetals,test
P070666,"Polyoxides/ethers/acetals, Polyketones/thioketones",test
P070667,"Polyoxides/ethers/acetals, Polyketones/thioketones",train
P070668,"Polyoxides/ethers/acetals, Polyketones/thioketones",train
P070669,"Polyoxides/ethers/acetals, Polyketones/thioketones",train
P070670,"Polyoxides/ethers/acetals, Polyketones/thioketones, Polysulfones/sulfoxides/sufonates/sulfoamides",train
P070671,"Polyoxides/ethers/acetals, Polysulfones/sulfoxides/sufonates/sulfoamides",train
P070672,"Polyoxides/ethers/acetals, Polysulfones/sulfoxides/sufonates/sulfoamides",train
P070673,"Polyoxides/ethers/acetals, Polysulfones/sulfoxides/sufonates/sulfoamides",train
P070674,"Polyoxides/ethers/acetals, Polysulfones/sulfoxides/sufonates/sulfoamides",train
P070675,"Polyoxides/ethers/acetals, Polysulfones/sulfoxides/sufonates/sulfoamides",train
P070676,"Polyoxides/ethers/acetals, Polysulfones/sulfoxides/sufonates/sulfoamides",train
P070677,"Polyoxides/ethers/acetals, Polyketones/thioketones",test
P070678,"Polyoxides/ethers/acetals, Polyketones/thioketones",train
P070685,"Polyoxides/ethers/acetals, Polyketones/thioketones, Polysulfones/sulfoxides/sufonates/sulfoamides",train
P070686,"Polyoxides/ethers/acetals, Polyesters/thioesters",train
P070688,"Polyoxides/ethers/acetals, Polyketones/thioketones",train
P070689,"Polyoxides/ethers/acetals, Polyketones/thioketones",train
P070690,"Polyoxides/ethers/acetals, Polyketones/thioketones",train
P070691,"Polyoxides/ethers/acetals, Polyketones/thioketones",train
P070692,Polyoxides/ethers/acetals,train
P070693,Polyoxides/ethers/acetals,train
P070694,Polyoxides/ethers/acetals,train
P070695,Polyoxides/ethers/acetals,train
P070696,"Polyoxides/ethers/acetals, Polyketones/thioketones",test
P070700,"Polyoxides/ethers/acetals, Polyketones/thioketones",train
P070701,"Polyoxides/ethers/acetals, Polyketones/thioketones",train
P070702,"Polyoxides/ethers/acetals, Polyamides/thioamides",train
P070703,"Polyoxides/ethers/acetals, Polysulfides, Polyimines",train
P070709,"Polyoxides/ethers/acetals, Polyurethanes/thiourethanes",train
P070710,"Polyoxides/ethers/acetals, Polyurethanes/thiourethanes",train
P070711,"Polyoxides/ethers/acetals, Polyurethanes/thiourethanes",train
P070712,"Polyoxides/ethers/acetals, Polyurethanes/thiourethanes",train
P070713,"Polyoxides/ethers/acetals, Polyurethanes/thiourethanes",train
P070714,"Polyoxides/ethers/acetals, Polyurethanes/thiourethanes",train
P070715,"Polyoxides/ethers/acetals, Polyurethanes/thiourethanes",train
P070716,"Polyoxides/ethers/acetals, Polyurethanes/thiourethanes",train
P070717,"Polyoxides/ethers/acetals, Polyurethanes/thiourethanes",train
P070718,"Polyoxides/ethers/acetals, Polyurethanes/thiourethanes",train
P070719,"Polyoxides/ethers/acetals, Polyurethanes/thiourethanes",test
P070720,"Polyoxides/ethers/acetals, Polysulfides, Polysulfones/sulfoxides/sufonates/sulfoamides",train
P070721,"Polyoxides/ethers/acetals, Polyamides/thioamides",train
P070722,"Polyoxides/ethers/acetals, Polyamides/thioamides",train
P070723,"Polyoxides/ethers/acetals, Polyamides/thioamides",train
P070724,"Polyoxides/ethers/acetals, Polyamides/thioamides",train
P070725,"Polyoxides/ethers/acetals, Polyamides/thioamides",train
P070726,"Polyoxides/ethers/acetals, Polyamides/thioamides",train
P070727,"Polyoxides/ethers/acetals, Polyimines, Polysulfones/sulfoxides/sufonates/sulfoamides",train
P070728,"Polyoxides/ethers/acetals, Polyimines, Polysulfones/sulfoxides/sufonates/sulfoamides",train
P070729,"Polyoxides/ethers/acetals, Polyimines, Polyketones/thioketones",train
P070730,"Polyoxides/ethers/acetals, Polyimines, Polyketones/thioketones",train
P070731,"Polyoxides/ethers/acetals, Polyimines, Polyketones/thioketones",train
P070732,"Polyoxides/ethers/acetals, Polyimines, Polyketones/thioketones",train
P070733,"Polyoxides/ethers/acetals, Polyimines, Polyketones/thioketones",train
P070734,"Polyoxides/ethers/acetals, Polyimines, Polyketones/thioketones",train
P070735,"Polyoxides/ethers/acetals, Polyimines, Polyketones/thioketones",train
P070736,"Polyoxides/ethers/acetals, Polyimines, Polyketones/thioketones",test
P070742,Polyoxides/ethers/acetals,train
P070743,Polyoxides/ethers/acetals,train
P074245,"Polyoxides/ethers/acetals, Polyamides/thioamides",train
P074246,"Polyoxides/ethers/acetals, Polyamides/thioamides",train
P074247,"Polyoxides/ethers/acetals, Polyamides/thioamides",train
P074248,"Polyoxides/ethers/acetals, Polyamides/thioamides",test
P074249,"Polyoxides/ethers/acetals, Polyamides/thioamides",train
P074253,"Polyimides/thioimides, Polyoxides/ethers/acetals",train
P074254,"Polyoxides/ethers/acetals, Polyesters/thioesters",train
P074256,"Polyimides/thioimides, Polyoxides/ethers/acetals",train
P074257,"Polyimides/thioimides, Polyoxides/ethers/acetals",test
P074258,"Polyimides/thioimides, Polyoxides/ethers/acetals",train
P074259,"Polyimides/thioimides, Polyoxides/ethers/acetals",train
P074260,"Polyimides/thioimides, Polyoxides/ethers/acetals",train
P074262,"Polyimides/thioimides, Polyoxides/ethers/acetals",train
P074263,"Polyimides/thioimides, Polyoxides/ethers/acetals",test
P074264,"Polyimides/thioimides, Polyoxides/ethers/acetals",train
P074265,"Polyimides/thioimides, Polyoxides/ethers/acetals",train
P074266,"Polyimides/thioimides, Polyoxides/ethers/acetals",train
P074267,"Polyimides/thioimides, Polyoxides/ethers/acetals",train
P074268,"Polyimides/thioimides, Polyoxides/ethers/acetals",train
P074269,"Polyimides/thioimides, Polyoxides/ethers/acetals",train
P074270,"Polyimides/thioimides, Polyoxides/ethers/acetals",train
P074271,"Polyimides/thioimides, Polyoxides/ethers/acetals",train
P074272,"Polyimides/thioimides, Polyoxides/ethers/acetals",train
P074273,"Polyimides/thioimides, Polyoxides/ethers/acetals",train
P074274,"Polyimides/thioimides, Polyoxides/ethers/acetals",train
P074275,"Polyimides/thioimides, Polyoxides/ethers/acetals",train
P074276,"Polyimides/thioimides, Polyoxides/ethers/acetals",train
P074277,"Polyimides/thioimides, Polyoxides/ethers/acetals",train
P074278,"Polyimides/thioimides, Polyoxides/ethers/acetals",train
P074279,"Polyimides/thioimides, Polyoxides/ethers/acetals",train
P074280,"Polyimides/thioimides, Polyoxides/ethers/acetals",train
P074281,"Polyimides/thioimides, Polyoxides/ethers/acetals",train
P074282,"Polyimides/thioimides, Polyoxides/ethers/acetals",train
P074283,"Polyimides/thioimides, Polyoxides/ethers/acetals",test
P074284,"Polyimides/thioimides, Polyoxides/ethers/acetals",train
P074285,"Polyimides/thioimides, Polyoxides/ethers/acetals",train
P074286,"Polyimides/thioimides, Polyoxides/ethers/acetals",test
P074287,"Polyimides/thioimides, Polyoxides/ethers/acetals",train
P074288,"Polyimides/thioimides, Polyoxides/ethers/acetals",train
P074289,"Polyimides/thioimides, Polyoxides/ethers/acetals",train
P074292,"Polyoxides/ethers/acetals, Polyamides/thioamides, Polyketones/thioketones",train
P074294,"Polyoxides/ethers/acetals, Polysulfones/sulfoxides/sufonates/sulfoamides",test
P074295,"Polyoxides/ethers/acetals, Polysulfides, Polysulfones/sulfoxides/sufonates/sulfoamides",train
P074296,"Polyoxides/ethers/acetals, Polysulfones/sulfoxides/sufonates/sulfoamides",train
P074297,"Polyoxides/ethers/acetals, Polysulfones/sulfoxides/sufonates/sulfoamides",train
P074298,"Polyoxides/ethers/acetals, Polysulfones/sulfoxides/sufonates/sulfoamides",train
P074299,"Polyoxides/ethers/acetals, Polysulfones/sulfoxides/sufonates/sulfoamides",test
P074300,"Polyoxides/ethers/acetals, Polysulfones/sulfoxides/sufonates/sulfoamides",train
P074301,"Polyoxides/ethers/acetals, Polysulfones/sulfoxides/sufonates/sulfoamides",train
P074307,"Polyoxides/ethers/acetals, Polyamides/thioamides",train
P074310,"Polyoxides/ethers/acetals, Polyamides/thioamides",train
P074311,"Polyoxides/ethers/acetals, Polyamides/thioamides",train
P074312,"Polyoxides/ethers/acetals, Polyamides/thioamides",train
P074313,"Polyoxides/ethers/acetals, Polyamides/thioamides",train
P074314,"Polyoxides/ethers/acetals, Polyamides/thioamides",train
P074315,"Polyoxides/ethers/acetals, Polyamides/thioamides",train
P074317,"Polyimides/thioimides, Polyoxides/ethers/acetals",train
P074321,"Polyimides/thioimides, Polyoxides/ethers/acetals",train
P074322,"Polyimides/thioimides, Polyoxides/ethers/acetals",test
P074323,"Polyimides/thioimides, Polyoxides/ethers/acetals",train
P074324,"Polyimides/thioimides, Polyoxides/ethers/acetals",train
P074354,"Polyoxides/ethers/acetals, Polycarbonates/thiocarbonates",train
P074369,"Polyoxides/ethers/acetals, Polyurethanes/thiourethanes",train
P074373,"Polyoxides/ethers/acetals, Polyamides/thioamides, Polyketones/thioketones, Polysulfones/sulfoxides/sufonates/sulfoamides",train
P074374,"Polyoxides/ethers/acetals, Polyamides/thioamides, Polyketones/thioketones, Polysulfones/sulfoxides/sufonates/sulfoamides",train
P074377,"Polyoxides/ethers/acetals, Polyamides/thioamides",train
P074379,"Polyoxides/ethers/acetals, Polyamides/thioamides",train
P074381,"Polyoxides/ethers/acetals, Polyesters/thioesters",train
P074398,"Polyoxides/ethers/acetals, Polyamides/thioamides",train
P074399,"Polyoxides/ethers/acetals, Polyamides/thioamides, Polysulfones/sulfoxides/sufonates/sulfoamides",train
P074400,"Polyoxides/ethers/acetals, Polyamides/thioamides",test
P074401,"Polyoxides/ethers/acetals, Polyamides/thioamides",train
P074402,"Polyoxides/ethers/acetals, Polyamides/thioamides, Polysulfones/sulfoxides/sufonates/sulfoamides",test
P074403,"Polyoxides/ethers/acetals, Polyamides/thioamides",test
P074404,"Polyoxides/ethers/acetals, Polyamides/thioamides",train
P074405,"Polyoxides/ethers/acetals, Polyamides/thioamides",train
P074406,"Polyoxides/ethers/acetals, Polyamides/thioamides",train
P074407,"Polyoxides/ethers/acetals, Polyamides/thioamides, Polysulfones/sulfoxides/sufonates/sulfoamides",train
P074408,"Polyoxides/ethers/acetals, Polysulfones/sulfoxides/sufonates/sulfoamides",test
P074409,"Polyoxides/ethers/acetals, Polysulfones/sulfoxides/sufonates/sulfoamides",train
P074419,Polyoxides/ethers/acetals,train
P074433,"Polyimides/thioimides, Polyoxides/ethers/acetals",test
P074436,"Polyoxides/ethers/acetals, Polyamides/thioamides",train
P074437,"Polyoxides/ethers/acetals, Polyamides/thioamides",train
P074438,"Polyoxides/ethers/acetals, Polyamides/thioamides",train
P074439,"Polyoxides/ethers/acetals, Polyamides/thioamides",test
P074440,"Polyoxides/ethers/acetals, Polyamides/thioamides",train
P074441,"Polyoxides/ethers/acetals, Polyamides/thioamides",train
P074442,"Polyoxides/ethers/acetals, Polyamides/thioamides",train
P074443,"Polyoxides/ethers/acetals, Polyamides/thioamides",train
P074444,"Polyoxides/ethers/acetals, Polyamides/thioamides, Polysulfones/sulfoxides/sufonates/sulfoamides",train
P074445,"Polyoxides/ethers/acetals, Polyamides/thioamides",train
P074446,"Polyoxides/ethers/acetals, Polyamides/thioamides",train
P074447,"Polyoxides/ethers/acetals, Polyamides/thioamides",train
P074448,"Polyoxides/ethers/acetals, Polyamides/thioamides",train
P074449,"Polyoxides/ethers/acetals, Polyamides/thioamides",train
P074450,"Polyoxides/ethers/acetals, Polyamides/thioamides",test
P074451,"Polyoxides/ethers/acetals, Polyamides/thioamides",train
P074452,"Polyoxides/ethers/acetals, Polyamides/thioamides",test
P074453,"Polyoxides/ethers/acetals, Polyamides/thioamides",train
P074454,"Polyoxides/ethers/acetals, Polyamides/thioamides, Polysulfones/sulfoxides/sufonates/sulfoamides",test
P074455,"Polyoxides/ethers/acetals, Polyamides/thioamides",test
P074466,"Polyoxides/ethers/acetals, Polyamides/thioamides",train
P074467,"Polyoxides/ethers/acetals, Polyamides/thioamides",train
P074468,"Polyoxides/ethers/acetals, Polyamides/thioamides, Polysulfones/sulfoxides/sufonates/sulfoamides",train
P074469,"Polyoxides/ethers/acetals, Polyamides/thioamides",train
P074470,"Polyoxides/ethers/acetals, Polyamides/thioamides",train
P074471,"Polyoxides/ethers/acetals, Polyamides/thioamides",train
P074473,"Polyoxides/ethers/acetals, Polyamides/thioamides",train
P074474,"Polyoxides/ethers/acetals, Polyamides/thioamides",test
P074475,"Polyimides/thioimides, Polyoxides/ethers/acetals",test
P074476,"Polyimides/thioimides, Polyoxides/ethers/acetals",train
P074477,"Polyimides/thioimides, Polyoxides/ethers/acetals",train
P074479,"Polyimides/thioimides, Polyoxides/ethers/acetals, Polysulfides",train
P074480,"Polyimides/thioimides, Polyoxides/ethers/acetals, Polysulfides",test
P074486,"Polyoxides/ethers/acetals, Polyketones/thioketones",test
P074487,"Polyoxides/ethers/acetals, Polyketones/thioketones",train
P074488,"Polyoxides/ethers/acetals, Polyketones/thioketones",test
P074489,"Polyoxides/ethers/acetals, Polyketones/thioketones",test
P074542,Polyoxides/ethers/acetals,train
P074566,"Polyoxides/ethers/acetals, Polysulfones/sulfoxides/sufonates/sulfoamides",train
P074567,Polyoxides/ethers/acetals,train
P079027,Polyoxides/ethers/acetals,test
P079048,"Polyoxides/ethers/acetals, Polyesters/thioesters",test
P080002,Polysulfides,train
P080004,Polysulfides,test
P080005,Polysulfides,train
P080006,Polysulfides,train
P080007,Polysulfides,train
P080010,Polysulfides,train
P080011,Polysulfides,train
P080012,Polysulfides,test
P080014,Polysulfides,test
P080015,Polysulfides,test
P080016,Polysulfides,train
P080017,Polysulfides,train
P080021,Polysulfides,train
P080024,Polysulfides,test
P080034,Polysulfides,train
P080035,Polysulfides,train
P080036,Polysulfides,train
P080055,"Polysulfides, Polyamides/thioamides",train
P080085,Polysulfides,train
P080086,Polysulfides,train
P080097,Polysulfides,train
P080099,Polysulfides,train
P080100,Polysulfides,train
P080101,Polysulfides,train
P080108,"Polysulfides, Polyamides/thioamides",train
P080110,"Polysulfides, Polyamides/thioamides",train
P080117,"Polysulfides, Polyamides/thioamides",test
P080119,"Polysulfides, Polycarbonates/thiocarbonates",test
P080124,"Polysulfides, Polyanhydrides/thioanhydrides",train
P080133,"Polysulfides, Polyesters/thioesters, Polyimines",train
P080135,"Polysulfides, Polyimines",test
P080136,"Polysulfides, Polyimines",test
P080140,"Polysulfides, Polyimines",train
P080144,"Polysulfides, Polyimines",train
P080152,"Polysulfides, Polyimines",train
P080176,Polysulfides,train
P080181,"Polysulfides, Polyphosphazenes, Polyimines",test
P084366,Polysulfides,train
P084367,Polysulfides,train
P084372,Polysulfides,test
P084392,"Polysulfides, Polyesters/thioesters",train
P084393,"Polysulfides, Polyesters/thioesters",train
P084394,"Polysulfides, Polyesters/thioesters",test
P084418,Polysulfides,train
P084478,"Polyimides/thioimides, Polysulfides",train
P084485,Polysulfides,train
P090003,Polyesters/thioesters,train
P090004,Polyesters/thioesters,train
P090005,Polyesters/thioesters,train
P090007,Polyesters/thioesters,test
P090009,Polyesters/thioesters,train
P090010,Polyesters/thioesters,train
P090011,Polyesters/thioesters,train
P090014,Polyesters/thioesters,train
P090015,Polyesters/thioesters,train
P090016,Polyesters/thioesters,test
P090020,Polyesters/thioesters,train
P090022,Polyesters/thioesters,train
P090023,Polyesters/thioesters,train
P090025,Polyesters/thioesters,train
P090027,Polyesters/thioesters,test
P090028,Polyesters/thioesters,test
P090029,Polyesters/thioesters,train
P090030,Polyesters/thioesters,train
P090031,Polyesters/thioesters,train
P090032,Polyesters/thioesters,train
P090033,Polyesters/thioesters,train
P090034,Polyesters/thioesters,test
P090037,Polyesters/thioesters,train
P090038,Polyesters/thioesters,train
P090039,Polyesters/thioesters,train
P090040,Polyesters/thioesters,train
P090041,Polyesters/thioesters,train
P090042,Polyesters/thioesters,train
P090043,Polyesters/thioesters,train
P090044,"Polyesters/thioesters, Polysiloxanes/silanes",train
P090046,Polyesters/thioesters,train
P090049,Polyesters/thioesters,train
P090051,Polyesters/thioesters,train
P090052,Polyesters/thioesters,train
P090053,Polyesters/thioesters,test
P090055,Polyesters/thioesters,train
P090060,Polyesters/thioesters,train
P090061,Polyesters/thioesters,train
P090062,Polyesters/thioesters,train
P090064,Polyesters/thioesters,train
P090065,Polyesters/thioesters,train
P090066,Polyesters/thioesters,train
P090075,Polyesters/thioesters,train
P090076,Polyesters/thioesters,train
P090085,Polyesters/thioesters,train
P090087,Polyesters/thioesters,train
P090088,Polyesters/thioesters,train
P090089,Polyesters/thioesters,train
P090090,Polyesters/thioesters,test
P090091,Polyesters/thioesters,train
P090092,Polyesters/thioesters,test
P090093,Polyesters/thioesters,train
P090101,Polyesters/thioesters,train
P090105,Polyesters/thioesters,train
P090111,Polyesters/thioesters,train
P090113,Polyesters/thioesters,test
P090134,Polyesters/thioesters,train
P090135,Polyesters/thioesters,train
P090136,Polyesters/thioesters,train
P090137,Polyesters/thioesters,test
P090138,Polyesters/thioesters,train
P090139,Polyesters/thioesters,train
P090140,Polyesters/thioesters,train
P090141,Polyesters/thioesters,train
P090142,Polyesters/thioesters,test
P090143,Polyesters/thioesters,train
P090144,Polyesters/thioesters,train
P090146,Polyesters/thioesters,train
P090147,Polyesters/thioesters,train
P090163,Polyesters/thioesters,test
P090164,Polyesters/thioesters,train
P090167,Polyesters/thioesters,train
P090170,Polyesters/thioesters,train
P090171,Polyesters/thioesters,train
P090172,Polyesters/thioesters,test
P090173,Polyesters/thioesters,train
P090174,Polyesters/thioesters,train
P090175,Polyesters/thioesters,train
P090176,Polyesters/thioesters,test
P090177,Polyesters/thioesters,train
P090182,Polyesters/thioesters,test
P090183,Polyesters/thioesters,test
P090184,Polyesters/thioesters,test
P090185,Polyesters/thioesters,train
P090187,Polyesters/thioesters,train
P090188,Polyesters/thioesters,train
P090189,Polyesters/thioesters,train
P090190,Polyesters/thioesters,test
P090191,Polyesters/thioesters,train
P090192,Polyesters/thioesters,train
P090208,Polyesters/thioesters,train
P090212,Polyesters/thioesters,train
P090224,"Polyesters/thioesters, Polyamides/thioamides",train
P090227,Polyesters/thioesters,train
P090259,Polyesters/thioesters,test
P090271,Polyesters/thioesters,train
P090276,Polyesters/thioesters,train
P090288,Polyesters/thioesters,train
P090296,"Polyesters/thioesters, Polyamides/thioamides",test
P090300,Polyesters/thioesters,test
P090336,Polyesters/thioesters,train
P090339,Polyesters/thioesters,test
P090342,Polyesters/thioesters,train
P090353,Polyesters/thioesters,test
P090354,Polyesters/thioesters,train
P090357,Polyesters/thioesters,test
P090367,Polyesters/thioesters,train
P090377,Polyesters/thioesters,test
P090383,Polyesters/thioesters,train
P090411,Polyesters/thioesters,train
P090413,Polyesters/thioesters,train
P090423,"Polyesters/thioesters, Polyamides/thioamides",train
P090424,Polyesters/thioesters,train
P090429,Polyesters/thioesters,train
P090437,Polyesters/thioesters,train
P090441,"Polyoxides/ethers/acetals, Polyesters/thioesters",train
P090457,Polyesters/thioesters,test
P090459,Polyesters/thioesters,train
P090465,Polyesters/thioesters,train
P090466,Polyesters/thioesters,train
P090469,Polyesters/thioesters,train
P090479,Polyesters/thioesters,test
P090498,Polyesters/thioesters,train
P090506,Polyesters/thioesters,train
P090507,Polyesters/thioesters,train
P090508,Polyesters/thioesters,test
P090509,Polyesters/thioesters,train
P090510,Polyesters/thioesters,test
P090511,Polyesters/thioesters,train
P090512,Polyesters/thioesters,test
P090514,Polyesters/thioesters,train
P090515,Polyesters/thioesters,train
P090516,Polyesters/thioesters,test
P090517,Polyesters/thioesters,train
P090518,Polyesters/thioesters,train
P090519,Polyesters/thioesters,train
P090520,Polyesters/thioesters,train
P090521,Polyesters/thioesters,train
P090526,Polyesters/thioesters,train
P090527,Polyesters/thioesters,train
P090528,Polyesters/thioesters,train
P090529,Polyesters/thioesters,train
P090530,Polyesters/thioesters,train
P090534,Polyesters/thioesters,train
P090535,Polyesters/thioesters,train
P090536,Polyesters/thioesters,train
P090537,Polyesters/thioesters,train
P090538,Polyesters/thioesters,train
P090539,Polyesters/thioesters,test
P090540,Polyesters/thioesters,train
P090541,Polyesters/thioesters,test
P090542,Polyesters/thioesters,train
P090543,Polyesters/thioesters,train
P090544,Polyesters/thioesters,train
P090546,Polyesters/thioesters,train
P090549,Polyesters/thioesters,train
P090550,Polyesters/thioesters,train
P090551,Polyesters/thioesters,train
P090552,Polyesters/thioesters,train
P090553,Polyesters/thioesters,train
P090554,Polyesters/thioesters,train
P090555,Polyesters/thioesters,train
P090556,Polyesters/thioesters,train
P090557,Polyesters/thioesters,train
P090558,Polyesters/thioesters,train
P090559,Polyesters/thioesters,train
P090560,Polyesters/thioesters,train
P090561,Polyesters/thioesters,test
P090566,Polyesters/thioesters,train
P090567,Polyesters/thioesters,test
P090568,Polyesters/thioesters,train
P090569,Polyesters/thioesters,train
P090570,Polyesters/thioesters,train
P090571,Polyesters/thioesters,train
P090572,Polyesters/thioesters,train
P090573,Polyesters/thioesters,train
P090574,Polyesters/thioesters,train
P090575,Polyesters/thioesters,train
P090577,Polyesters/thioesters,train
P090580,Polyesters/thioesters,train
P090582,Polyesters/thioesters,train
P090583,Polyesters/thioesters,train
P090587,"Polyesters/thioesters, Polysulfones/sulfoxides/sufonates/sulfoamides",train
P090590,"Polyesters/thioesters, Polyamides/thioamides",test
P090591,"Polyesters/thioesters, Polyamides/thioamides",train
P090592,Polyesters/thioesters,train
P090593,Polyesters/thioesters,train
P090595,Polyesters/thioesters,test
P090598,Polyesters/thioesters,train
P090610,Polyesters/thioesters,train
P090625,Polyesters/thioesters,train
P090627,Polyesters/thioesters,train
P090631,Polyesters/thioesters,train
P090632,"Polyesters/thioesters, Polysiloxanes/silanes",test
P090633,Polyesters/thioesters,train
P090634,"Polyesters/thioesters, Polysiloxanes/silanes",train
P090635,Polyesters/thioesters,train
P090636,"Polyesters/thioesters, Polysiloxanes/silanes",train
P090637,Polyesters/thioesters,train
P094250,"Polyesters/thioesters, Polyimines",train
P094308,Polyesters/thioesters,train
P094309,Polyesters/thioesters,test
P094316,"Polyimides/thioimides, Polyesters/thioesters",train
P094334,"Polyimides/thioimides, Polyesters/thioesters, Polyamides/thioamides",test
P094335,"Polyimides/thioimides, Polyesters/thioesters, Polyamides/thioamides",test
P094336,"Polyimides/thioimides, Polyesters/thioesters, Polyamides/thioamides",train
P094337,"Polyimides/thioimides, Polyesters/thioesters, Polyamides/thioamides",train
P094338,"Polyimides/thioimides, Polyesters/thioesters, Polyamides/thioamides",train
P094339,"Polyimides/thioimides, Polyesters/thioesters, Polyamides/thioamides",test
P094340,"Polyimides/thioimides, Polyesters/thioesters, Polyamides/thioamides",train
P094341,"Polyimides/thioimides, Polyesters/thioesters, Polyamides/thioamides",train
P094356,"Polyesters/thioesters, Polyurethanes/thiourethanes, Polyimines",train
P094357,"Polyesters/thioesters, Polyurethanes/thiourethanes, Polyimines",train
P094358,"Polyesters/thioesters, Polyurethanes/thiourethanes, Polyimines",train
P094396,Polyesters/thioesters,train
P094397,Polyesters/thioesters,train
P094550,Polyesters/thioesters,train
P094574,Polyesters/thioesters,train
P094575,Polyesters/thioesters,train
P094584,Polyesters/thioesters,train
P094585,"Polyesters/thioesters, Polysulfones/sulfoxides/sufonates/sulfoamides",train
P094589,"Polyesters/thioesters, Polysulfones/sulfoxides/sufonates/sulfoamides",test
P094598,Polyesters/thioesters,train
P094604,"Polyesters/thioesters, Polyamides/thioamides",test
P094605,"Polyesters/thioesters, Polyamides/thioamides",train
P099018,"Polyesters/thioesters, Polyimines",train
P099049,"Polyesters/thioesters, Polyamides/thioamides",test
P099050,"Polyesters/thioesters, Polyamides/thioamides",test
P100001,Polyamides/thioamides,test
P100002,Polyamides/thioamides,train
P100003,Polyamides/thioamides,train
P100004,Polyamides/thioamides,train
P100005,Polyamides/thioamides,train
P100006,Polyamides/thioamides,train
P100007,Polyamides/thioamides,test
P100008,Polyamides/thioamides,train
P100009,Polyamides/thioamides,test
P100010,Polyamides/thioamides,train
P100011,Polyamides/thioamides,train
P100012,Polyamides/thioamides,train
P100013,Polyamides/thioamides,train
P100014,Polyamides/thioamides,test
P100015,Polyamides/thioamides,train
P100016,Polyamides/thioamides,train
P100017,Polyamides/thioamides,train
P100018,Polyamides/thioamides,train
P100019,Polyamides/thioamides,train
P100021,Polyamides/thioamides,train
P100022,Polyamides/thioamides,train
P100023,Polyamides/thioamides,train
P100024,Polyamides/thioamides,train
P100025,Polyamides/thioamides,train
P100027,Polyamides/thioamides,train
P100028,Polyamides/thioamides,train
P100029,Polyamides/thioamides,train
P100030,Polyamides/thioamides,train
P100036,Polyamides/thioamides,train
P100037,Polyamides/thioamides,train
P100038,Polyamides/thioamides,test
P100040,Polyamides/thioamides,train
P100041,Polyamides/thioamides,train
P100042,"Polyamides/thioamides, Polyimines",train
P100043,Polyamides/thioamides,train
P100044,Polyamides/thioamides,train
P100045,Polyamides/thioamides,train
P100047,Polyamides/thioamides,train
P100048,Polyamides/thioamides,train
P100049,Polyamides/thioamides,train
P100050,Polyamides/thioamides,train
P100051,Polyamides/thioamides,train
P100052,Polyamides/thioamides,train
P100053,Polyamides/thioamides,train
P100054,Polyamides/thioamides,train
P100056,Polyamides/thioamides,train
P100058,Polyamides/thioamides,train
P100059,Polyamides/thioamides,train
P100060,Polyamides/thioamides,test
P100063,Polyamides/thioamides,train
P100064,Polyamides/thioamides,test
P100065,Polyamides/thioamides,test
P100066,Polyamides/thioamides,test
P100067,Polyamides/thioamides,test
P100068,Polyamides/thioamides,train
P100069,Polyamides/thioamides,train
P100070,Polyamides/thioamides,train
P100071,Polyamides/thioamides,train
P100072,Polyamides/thioamides,train
P100073,Polyamides/thioamides,train
P100074,Polyamides/thioamides,train
P100075,Polyamides/thioamides,test
P100076,Polyamides/thioamides,train
P100077,Polyamides/thioamides,test
P100078,Polyamides/thioamides,train
P100079,Polyamides/thioamides,train
P100080,Polyamides/thioamides,train
P100081,Polyamides/thioamides,train
P100082,Polyamides/thioamides,train
P100083,Polyamides/thioamides,train
P100084,Polyamides/thioamides,train
P100085,Polyamides/thioamides,test
P100086,Polyamides/thioamides,train
P100087,Polyamides/thioamides,train
P100088,Polyamides/thioamides,train
P100089,Polyamides/thioamides,train
P100090,Polyamides/thioamides,train
P100091,Polyamides/thioamides,train
P100092,Polyamides/thioamides,test
P100094,Polyamides/thioamides,train
P100095,Polyamides/thioamides,train
P100096,Polyamides/thioamides,train
P100097,Polyamides/thioamides,train
P100098,Polyamides/thioamides,train
P100099,Polyamides/thioamides,test
P100101,Polyamides/thioamides,test
P100102,Polyamides/thioamides,train
P100103,Polyamides/thioamides,train
P100104,Polyamides/thioamides,test
P100105,Polyamides/thioamides,train
P100106,Polyamides/thioamides,test
P100107,Polyamides/thioamides,train
P100108,Polyamides/thioamides,test
P100109,Polyamides/thioamides,train
P100110,Polyamides/thioamides,train
P100113,Polyamides/thioamides,train
P100114,Polyamides/thioamides,train
P100115,Polyamides/thioamides,test
P100116,Polyamides/thioamides,test
P100117,Polyamides/thioamides,test
P100118,Polyamides/thioamides,train
P100119,Polyamides/thioamides,train
P100120,Polyamides/thioamides,train
P100121,Polyamides/thioamides,test
P100122,Polyamides/thioamides,test
P100123,Polyamides/thioamides,train
P100124,Polyamides/thioamides,train
P100126,Polyamides/thioamides,test
P100127,Polyamides/thioamides,test
P100129,Polyamides/thioamides,train
P100130,Polyamides/thioamides,train
P100131,Polyamides/thioamides,train
P100132,Polyamides/thioamides,train
P100133,Polyamides/thioamides,train
P100134,Polyamides/thioamides,test
P100135,Polyamides/thioamides,train
P100136,Polyamides/thioamides,test
P100137,Polyamides/thioamides,train
P100138,Polyamides/thioamides,train
P100139,Polyamides/thioamides,train
P100140,Polyamides/thioamides,train
P100141,Polyamides/thioamides,train
P100142,Polyamides/thioamides,train
P100143,Polyamides/thioamides,train
P100144,Polyamides/thioamides,test
P100147,Polyamides/thioamides,train
P100150,"Polyamides/thioamides, Polysulfones/sulfoxides/sufonates/sulfoamides",train
P100151,"Polyamides/thioamides, Polysulfones/sulfoxides/sufonates/sulfoamides",train
P100152,"Polyamides/thioamides, Polysulfones/sulfoxides/sufonates/sulfoamides",train
P100153,"Polyamides/thioamides, Polysulfones/sulfoxides/sufonates/sulfoamides",test
P100157,"Polyamides/thioamides, Polysulfones/sulfoxides/sufonates/sulfoamides",test
P100158,"Polyamides/thioamides, Polysulfones/sulfoxides/sufonates/sulfoamides",train
P100161,"Polyamides/thioamides, Polysulfones/sulfoxides/sufonates/sulfoamides",train
P100162,"Polyamides/thioamides, Polysulfones/sulfoxides/sufonates/sulfoamides",train
P100163,"Polyamides/thioamides, Polysulfones/sulfoxides/sufonates/sulfoamides",train
P100164,"Polyamides/thioamides, Polysulfones/sulfoxides/sufonates/sulfoamides",train
P100170,Polyamides/thioamides,train
P100172,Polyamides/thioamides,train
P100185,Polyamides/thioamides,train
P100186,Polyamides/thioamides,train
P100187,Polyamides/thioamides,train
P100193,Polyamides/thioamides,train
P100203,Polyamides/thioamides,train
P100212,Polyamides/thioamides,test
P100218,Polyamides/thioamides,train
P100227,Polyamides/thioamides,test
P100231,Polyamides/thioamides,train
P100282,Polyamides/thioamides,train
P100288,Polyamides/thioamides,train
P100289,Polyamides/thioamides,train
P100299,Polyamides/thioamides,train
P100305,Polyamides/thioamides,train
P100312,Polyamides/thioamides,train
P100325,Polyamides/thioamides,train
P100333,Polyamides/thioamides,train
P100335,Polyamides/thioamides,test
P100337,Polyamides/thioamides,train
P100338,Polyamides/thioamides,train
P100348,Polyamides/thioamides,test
P100349,Polyamides/thioamides,train
P100358,Polyamides/thioamides,train
P100359,Polyamides/thioamides,test
P100367,Polyamides/thioamides,train
P100369,Polyamides/thioamides,train
P100373,Polyamides/thioamides,train
P100394,Polyamides/thioamides,test
P100397,Polyamides/thioamides,test
P100439,Polyamides/thioamides,train
P100463,"Polyamides/thioamides, Polyimines",train
P100496,Polyamides/thioamides,train
P100532,Polyamides/thioamides,train
P100548,Polyamides/thioamides,train
P100556,Polyamides/thioamides,train
P100621,Polyamides/thioamides,train
P100622,Polyamides/thioamides,train
P100624,Polyamides/thioamides,train
P100627,Polyamides/thioamides,test
P100643,Polyamides/thioamides,test
P100665,"Polyoxides/ethers/acetals, Polyamides/thioamides",train
P100666,Polyamides/thioamides,test
P100673,Polyamides/thioamides,train
P100681,Polyamides/thioamides,train
P100682,Polyamides/thioamides,train
P100686,Polyamides/thioamides,train
P100688,Polyamides/thioamides,train
P100690,Polyamides/thioamides,test
P100691,Polyamides/thioamides,train
P100693,Polyamides/thioamides,test
P100694,Polyamides/thioamides,train
P100735,Polyamides/thioamides,test
P100738,Polyamides/thioamides,test
P100739,Polyamides/thioamides,train
P100743,Polyamides/thioamides,train
P100759,Polyamides/thioamides,test
P100766,Polyamides/thioamides,train
P100775,Polyamides/thioamides,train
P100793,Polyamides/thioamides,train
P100794,"Polyoxides/ethers/acetals, Polyamides/thioamides, Polyimines",train
P100795,"Polyoxides/ethers/acetals, Polyamides/thioamides, Polyimines",train
P100796,"Polyoxides/ethers/acetals, Polyamides/thioamides, Polyimines",train
P100797,"Polyoxides/ethers/acetals, Polyamides/thioamides, Polyimines",train
P100800,Polyamides/thioamides,train
P100814,Polyamides/thioamides,train
P100815,Polyamides/thioamides,train
P100816,Polyamides/thioamides,train
P100817,Polyamides/thioamides,train
P100818,"Polyoxides/ethers/acetals, Polyamides/thioamides",train
P100819,Polyamides/thioamides,train
P100820,Polyamides/thioamides,train
P100821,"Polyamides/thioamides, Polysulfones/sulfoxides/sufonates/sulfoamides",train
P100822,Polyamides/thioamides,train
P104291,"Polyamides/thioamides, Polyketones/thioketones",test
P104293,"Polyamides/thioamides, Polyketones/thioketones",train
P104306,Polyamides/thioamides,test
P104342,Polyamides/thioamides,test
P104376,"Polyamides/thioamides, Polyketones/thioketones",train
P104378,"Polyamides/thioamides, Polyketones/thioketones",train
P104388,Polyamides/thioamides,train
P104420,Polyamides/thioamides,train
P104434,Polyamides/thioamides,train
P104435,Polyamides/thioamides,train
P104465,Polyamides/thioamides,test
P104472,Polyamides/thioamides,test
P104576,Polyamides/thioamides,test
P109023,Polyamides/thioamides,train
P110004,Polyurethanes/thiourethanes,train
P110006,Polyurethanes/thiourethanes,train
P110007,Polyurethanes/thiourethanes,train
P110008,Polyurethanes/thiourethanes,train
P110013,Polyurethanes/thiourethanes,train
P110017,Polyurethanes/thiourethanes,train
P110020,Polyurethanes/thiourethanes,train
P110023,Polyurethanes/thiourethanes,test
P110026,Polyurethanes/thiourethanes,train
P110027,Polyurethanes/thiourethanes,train
P110029,Polyurethanes/thiourethanes,train
P110030,Polyurethanes/thiourethanes,test
P110033,Polyurethanes/thiourethanes,test
P110036,Polyurethanes/thiourethanes,train
P110039,Polyurethanes/thiourethanes,test
P110040,Polyurethanes/thiourethanes,test
P110042,Polyurethanes/thiourethanes,train
P110043,Polyurethanes/thiourethanes,train
P110052,Polyurethanes/thiourethanes,test
P110053,Polyurethanes/thiourethanes,test
P110054,Polyurethanes/thiourethanes,train
P110055,Polyurethanes/thiourethanes,train
P110056,Polyurethanes/thiourethanes,test
P110057,Polyurethanes/thiourethanes,train
P110058,Polyurethanes/thiourethanes,train
P110064,Polyurethanes/thiourethanes,train
P110065,Polyurethanes/thiourethanes,train
P110066,Polyurethanes/thiourethanes,train
P110068,Polyurethanes/thiourethanes,train
P110071,Polyurethanes/thiourethanes,train
P110072,Polyurethanes/thiourethanes,train
P110073,Polyurethanes/thiourethanes,train
P110074,Polyurethanes/thiourethanes,train
P110075,Polyurethanes/thiourethanes,train
P110076,Polyurethanes/thiourethanes,train
P110078,Polyurethanes/thiourethanes,test
P110080,Polyurethanes/thiourethanes,train
P110081,Polyurethanes/thiourethanes,train
P110082,Polyurethanes/thiourethanes,train
P110085,Polyurethanes/thiourethanes,test
P110086,Polyurethanes/thiourethanes,train
P110087,Polyurethanes/thiourethanes,train
P110088,Polyurethanes/thiourethanes,train
P110089,Polyurethanes/thiourethanes,train
P110092,Polyurethanes/thiourethanes,train
P110093,Polyurethanes/thiourethanes,train
P110094,Polyurethanes/thiourethanes,test
P110095,Polyurethanes/thiourethanes,train
P110096,Polyurethanes/thiourethanes,test
P110097,Polyurethanes/thiourethanes,train
P110098,Polyurethanes/thiourethanes,train
P110100,Polyurethanes/thiourethanes,train
P110101,Polyurethanes/thiourethanes,train
P110102,Polyurethanes/thiourethanes,test
P110103,Polyurethanes/thiourethanes,train
P110104,Polyurethanes/thiourethanes,train
P110123,Polyurethanes/thiourethanes,train
P110124,Polyurethanes/thiourethanes,train
P110136,Polyurethanes/thiourethanes,train
P110143,Polyurethanes/thiourethanes,test
P110147,Polyurethanes/thiourethanes,train
P110185,Polyurethanes/thiourethanes,test
P110206,Polyurethanes/thiourethanes,train
P110210,Polyamides/thioamides,train
P110232,"Polyurethanes/thiourethanes, Polysulfones/sulfoxides/sufonates/sulfoamides",train
P110233,"Polyurethanes/thiourethanes, Polysulfones/sulfoxides/sufonates/sulfoamides",train
P110236,Polyurethanes/thiourethanes,train
P110237,Polyurethanes/thiourethanes,train
P110238,"Polyoxides/ethers/acetals, Polyurethanes/thiourethanes",test
P110239,Polyurethanes/thiourethanes,test
P114382,Polyurethanes/thiourethanes,test
P114563,"Polyurethanes/thiourethanes, Polysulfones/sulfoxides/sufonates/sulfoamides",test
P120006,Polyureas/thioureas,train
P120008,Polyureas/thioureas,train
P120023,Polyureas/thioureas,train
P120024,Polyureas/thioureas,train
P120027,Polyureas/thioureas,test
P120031,Polyureas/thioureas,train
P120032,Polyureas/thioureas,train
P120033,Polyureas/thioureas,train
P120035,Polyureas/thioureas,train
P120036,Polyureas/thioureas,train
P120037,Polyureas/thioureas,train
P120038,Polyureas/thioureas,train
P120039,Polyureas/thioureas,train
P120040,Polyureas/thioureas,test
P120042,Polyureas/thioureas,train
P124411,"Polyureas/thioureas, Polyimines",test
P130001,Polyimides/thioimides,train
P130002,"Polyimides/thioimides, Polyoxides/ethers/acetals",train
P130003,"Polyimides/thioimides, Polyoxides/ethers/acetals",train
P130006,"Polyimides/thioimides, Polyoxides/ethers/acetals, Polyesters/thioesters",train
P130007,"Polyimides/thioimides, Polyoxides/ethers/acetals, Polyesters/thioesters",train
P130008,"Polyimides/thioimides, Polysulfides",train
P130009,Polyimides/thioimides,train
P130010,Polyimides/thioimides,train
P130011,Polyimides/thioimides,test
P130012,Polyimides/thioimides,train
P130013,"Polyimides/thioimides, Polyimines, Polyketones/thioketones",train
P130014,"Polyimides/thioimides, Polyoxides/ethers/acetals, Polyimines",train
P130015,"Polyimides/thioimides, Polyimines",train
P130016,"Polyimides/thioimides, Polyimines, Polysulfones/sulfoxides/sufonates/sulfoamides",train
P130017,"Polyimides/thioimides, Polyoxides/ethers/acetals, Polyimines",test
P130019,"Polyimides/thioimides, Polyoxides/ethers/acetals, Polyimines, Polyketones/thioketones",test
P130020,"Polyimides/thioimides, Polyoxides/ethers/acetals",train
P130022,"Polyimides/thioimides, Polyoxides/ethers/acetals",train
P130024,"Polyimides/thioimides, Polyamides/thioamides, Polysulfones/sulfoxides/sufonates/sulfoamides",train
P130025,Polyimides/thioimides,train
P130026,Polyimides/thioimides,train
P130027,Polyimides/thioimides,test
P130028,Polyimides/thioimides,train
P130029,Polyimides/thioimides,train
P130030,Polyimides/thioimides,train
P130031,Polyimides/thioimides,train
P130032,"Polyimides/thioimides, Polyoxides/ethers/acetals",train
P130033,"Polyimides/thioimides, Polyoxides/ethers/acetals",test
P130034,"Polyimides/thioimides, Polyoxides/ethers/acetals",train
P130035,"Polyimides/thioimides, Polyoxides/ethers/acetals",train
P130036,"Polyimides/thioimides, Polyoxides/ethers/acetals",test
P130037,"Polyimides/thioimides, Polyoxides/ethers/acetals",train
P130038,"Polyimides/thioimides, Polysulfones/sulfoxides/sufonates/sulfoamides",train
P130039,"Polyimides/thioimides, Polyoxides/ethers/acetals",train
P130040,"Polyimides/thioimides, Polyoxides/ethers/acetals",test
P130045,"Polyimides/thioimides, Polyoxides/ethers/acetals",test
P130047,"Polyimides/thioimides, Polyamides/thioamides, Polysulfones/sulfoxides/sufonates/sulfoamides",test
P130048,"Polyimides/thioimides, Polyamides/thioamides, Polysulfones/sulfoxides/sufonates/sulfoamides",test
P130049,"Polyimides/thioimides, Polyamides/thioamides, Polysulfones/sulfoxides/sufonates/sulfoamides",train
P130050,"Polyimides/thioimides, Polyoxides/ethers/acetals, Polyamides/thioamides, Polysulfones/sulfoxides/sufonates/sulfoamides",train
P130051,"Polyimides/thioimides, Polyamides/thioamides, Polysulfones/sulfoxides/sufonates/sulfoamides",train
P130053,Polyimides/thioimides,train
P130060,"Polyimides/thioimides, Polyketones/thioketones",test
P130063,Polyimides/thioimides,train
P130067,Polyimides/thioimides,train
P130071,"Polyimides/thioimides, Polyoxides/ethers/acetals, Polyketones/thioketones",train
P130073,"Polyimides/thioimides, Polyoxides/ethers/acetals",train
P130074,"Polyimides/thioimides, Polyoxides/ethers/acetals",train
P130075,"Polyimides/thioimides, Polyoxides/ethers/acetals",test
P130076,"Polyimides/thioimides, Polyoxides/ethers/acetals, Polysulfones/sulfoxides/sufonates/sulfoamides",train
P130077,"Polyimides/thioimides, Polyoxides/ethers/acetals",train
P130079,"Polyimides/thioimides, Polyoxides/ethers/acetals",train
P130080,"Polyimides/thioimides, Polyoxides/ethers/acetals",train
P130082,Polyimides/thioimides,train
P130085,Polyimides/thioimides,train
P130086,Polyimides/thioimides,train
P130087,Polyimides/thioimides,train
P130090,Polyimides/thioimides,train
P130097,"Polyimides/thioimides, Polyoxides/ethers/acetals",train
P130098,"Polyimides/thioimides, Polyoxides/ethers/acetals",train
P130100,"Polyimides/thioimides, Polyoxides/ethers/acetals, Polyketones/thioketones",train
P130101,"Polyimides/thioimides, Polyoxides/ethers/acetals, Polyketones/thioketones",train
P130103,"Polyimides/thioimides, Polyoxides/ethers/acetals",train
P130104,"Polyimides/thioimides, Polyoxides/ethers/acetals",train
P130105,"Polyimides/thioimides, Polyoxides/ethers/acetals",test
P130106,"Polyimides/thioimides, Polyoxides/ethers/acetals",train
P130108,"Polyimides/thioimides, Polyoxides/ethers/acetals, Polyketones/thioketones",train
P130109,"Polyimides/thioimides, Polyoxides/ethers/acetals",train
P130110,"Polyimides/thioimides, Polyoxides/ethers/acetals",train
P130111,"Polyimides/thioimides, Polyoxides/ethers/acetals",train
P130112,"Polyimides/thioimides, Polyoxides/ethers/acetals",train
P130113,"Polyimides/thioimides, Polyoxides/ethers/acetals",test
P130114,"Polyimides/thioimides, Polyoxides/ethers/acetals",train
P130115,"Polyimides/thioimides, Polyoxides/ethers/acetals, Polyketones/thioketones",train
P130116,"Polyimides/thioimides, Polyoxides/ethers/acetals",train
P130117,"Polyimides/thioimides, Polyoxides/ethers/acetals",train
P130118,"Polyimides/thioimides, Polyoxides/ethers/acetals",train
P130119,"Polyimides/thioimides, Polyoxides/ethers/acetals",train
P130120,"Polyimides/thioimides, Polyoxides/ethers/acetals",train
P130121,"Polyimides/thioimides, Polyoxides/ethers/acetals",train
P130122,"Polyimides/thioimides, Polyoxides/ethers/acetals",train
P130123,"Polyimides/thioimides, Polyoxides/ethers/acetals",train
P130124,"Polyimides/thioimides, Polyketones/thioketones",train
P130126,"Polyimides/thioimides, Polyamides/thioamides, Polyketones/thioketones",test
P130127,"Polyimides/thioimides, Polyamides/thioamides, Polyketones/thioketones",train
P130128,"Polyimides/thioimides, Polyamides/thioamides, Polyketones/thioketones",test
P130129,"Polyimides/thioimides, Polyamides/thioamides, Polyketones/thioketones",test
P130130,"Polyimides/thioimides, Polyketones/thioketones",train
P130131,"Polyimides/thioimides, Polyketones/thioketones",train
P130132,"Polyimides/thioimides, Polyketones/thioketones",train
P130133,"Polyimides/thioimides, Polyketones/thioketones",train
P130134,"Polyimides/thioimides, Polyoxides/ethers/acetals, Polyketones/thioketones",test
P130135,"Polyimides/thioimides, Polyoxides/ethers/acetals, Polyketones/thioketones",train
P130136,"Polyimides/thioimides, Polyoxides/ethers/acetals, Polyketones/thioketones",test
P130137,"Polyimides/thioimides, Polyoxides/ethers/acetals, Polyketones/thioketones",test
P130138,"Polyimides/thioimides, Polyketones/thioketones",test
P130139,"Polyimides/thioimides, Polyketones/thioketones",train
P130140,"Polyimides/thioimides, Polyketones/thioketones",train
P130147,"Polyimides/thioimides, Polyketones/thioketones",train
P130148,"Polyimides/thioimides, Polyketones/thioketones",train
P130149,"Polyimides/thioimides, Polyketones/thioketones",train
P130150,"Polyimides/thioimides, Polyketones/thioketones",train
P130151,"Polyimides/thioimides, Polyketones/thioketones",test
P130152,"Polyimides/thioimides, Polyketones/thioketones",train
P130153,"Polyimides/thioimides, Polyketones/thioketones",train
P130154,"Polyimides/thioimides, Polyketones/thioketones",test
P130155,"Polyimides/thioimides, Polyketones/thioketones",test
P130156,"Polyimides/thioimides, Polyketones/thioketones",train
P130160,"Polyimides/thioimides, Polyketones/thioketones",train
P130163,"Polyimides/thioimides, Polyketones/thioketones",test
P130164,"Polyimides/thioimides, Polyoxides/ethers/acetals, Polyketones/thioketones",train
P130165,"Polyimides/thioimides, Polysulfides, Polyketones/thioketones",train
P130166,"Polyimides/thioimides, Polyketones/thioketones",train
P130168,"Polyimides/thioimides, Polyketones/thioketones",train
P130170,"Polyimides/thioimides, Polyketones/thioketones",train
P130171,"Polyimides/thioimides, Polyketones/thioketones",train
P130172,"Polyimides/thioimides, Polyoxides/ethers/acetals, Polyketones/thioketones",train
P130173,"Polyimides/thioimides, Polyoxides/ethers/acetals, Polyketones/thioketones",train
P130174,"Polyimides/thioimides, Polyoxides/ethers/acetals, Polyketones/thioketones",train
P130175,"Polyimides/thioimides, Polyoxides/ethers/acetals, Polyketones/thioketones",train
P130176,"Polyimides/thioimides, Polyoxides/ethers/acetals, Polyketones/thioketones",test
P130177,"Polyimides/thioimides, Polyoxides/ethers/acetals, Polyketones/thioketones",train
P130179,"Polyimides/thioimides, Polyoxides/ethers/acetals, Polyketones/thioketones",train
P130180,"Polyimides/thioimides, Polyoxides/ethers/acetals, Polyketones/thioketones",train
P130182,"Polyimides/thioimides, Polyoxides/ethers/acetals, Polysulfides, Polysulfones/sulfoxides/sufonates/sulfoamides",train
P130183,"Polyimides/thioimides, Polyoxides/ethers/acetals, Polysulfones/sulfoxides/sufonates/sulfoamides",train
P130184,"Polyimides/thioimides, Polyoxides/ethers/acetals",train
P130185,"Polyimides/thioimides, Polyoxides/ethers/acetals",train
P130186,"Polyimides/thioimides, Polyoxides/ethers/acetals",train
P130187,"Polyimides/thioimides, Polyoxides/ethers/acetals",train
P130188,"Polyimides/thioimides, Polyoxides/ethers/acetals",test
P130189,"Polyimides/thioimides, Polyoxides/ethers/acetals",train
P130190,"Polyimides/thioimides, Polyoxides/ethers/acetals, Polyketones/thioketones",train
P130191,"Polyimides/thioimides, Polyoxides/ethers/acetals, Polyketones/thioketones",train
P130192,"Polyimides/thioimides, Polyoxides/ethers/acetals, Polyketones/thioketones",train
P130193,"Polyimides/thioimides, Polyoxides/ethers/acetals, Polyketones/thioketones",train
P130194,"Polyimides/thioimides, Polyoxides/ethers/acetals, Polyketones/thioketones",train
P130195,"Polyimides/thioimides, Polyoxides/ethers/acetals, Polyketones/thioketones",train
P130196,"Polyimides/thioimides, Polyoxides/ethers/acetals",train
P130197,"Polyimides/thioimides, Polyoxides/ethers/acetals",train
P130198,"Polyimides/thioimides, Polyoxides/ethers/acetals",test
P130199,"Polyimides/thioimides, Polyoxides/ethers/acetals",train
P130200,"Polyimides/thioimides, Polyoxides/ethers/acetals, Polysulfides",train
P130201,"Polyimides/thioimides, Polyoxides/ethers/acetals, Polysulfides",train
P130202,"Polyimides/thioimides, Polyoxides/ethers/acetals, Polysulfides",train
P130203,"Polyimides/thioimides, Polyoxides/ethers/acetals, Polysulfides",train
P130204,"Polyimides/thioimides, Polyoxides/ethers/acetals, Polysulfides",train
P130205,"Polyimides/thioimides, Polyoxides/ethers/acetals, Polysulfides",test
P130206,"Polyimides/thioimides, Polyoxides/ethers/acetals, Polysulfones/sulfoxides/sufonates/sulfoamides",test
P130207,"Polyimides/thioimides, Polyoxides/ethers/acetals, Polysulfones/sulfoxides/sufonates/sulfoamides",train
P130208,"Polyimides/thioimides, Polyoxides/ethers/acetals, Polysulfones/sulfoxides/sufonates/sulfoamides",train
P130209,"Polyimides/thioimides, Polyoxides/ethers/acetals, Polysulfones/sulfoxides/sufonates/sulfoamides",test
P130210,"Polyimides/thioimides, Polyoxides/ethers/acetals, Polysulfones/sulfoxides/sufonates/sulfoamides",train
P130211,"Polyimides/thioimides, Polyoxides/ethers/acetals, Polysulfones/sulfoxides/sufonates/sulfoamides",train
P130212,"Polyimides/thioimides, Polyoxides/ethers/acetals",test
P130213,"Polyimides/thioimides, Polyoxides/ethers/acetals",test
P130214,"Polyimides/thioimides, Polyoxides/ethers/acetals",train
P130215,"Polyimides/thioimides, Polyoxides/ethers/acetals",train
P130216,"Polyimides/thioimides, Polyoxides/ethers/acetals",train
P130217,"Polyimides/thioimides, Polyoxides/ethers/acetals",train
P130218,"Polyimides/thioimides, Polyoxides/ethers/acetals",test
P130219,"Polyimides/thioimides, Polyoxides/ethers/acetals",train
P130220,"Polyimides/thioimides, Polyoxides/ethers/acetals",train
P130221,"Polyimides/thioimides, Polyoxides/ethers/acetals",train
P130222,"Polyimides/thioimides, Polyoxides/ethers/acetals",train
P130223,"Polyimides/thioimides, Polyoxides/ethers/acetals",train
P130224,"Polyimides/thioimides, Polyoxides/ethers/acetals",test
P130225,"Polyimides/thioimides, Polyoxides/ethers/acetals",train
P130226,"Polyimides/thioimides, Polyoxides/ethers/acetals",train
P130229,Polyimides/thioimides,train
P130230,Polyimides/thioimides,test
P130231,"Polyimides/thioimides, Polyoxides/ethers/acetals",train
P130249,"Polyimides/thioimides, Polyamides/thioamides",train
P130250,"Polyimides/thioimides, Polyamides/thioamides",train
P130251,"Polyimides/thioimides, Polyamides/thioamides",train
P130252,"Polyimides/thioimides, Polyamides/thioamides",train
P130254,Polyimides/thioimides,test
P130261,"Polyimides/thioimides, Polyoxides/ethers/acetals",train
P130262,"Polyimides/thioimides, Polyoxides/ethers/acetals",train
P130266,"Polyimides/thioimides, Polyoxides/ethers/acetals",train
P130274,"Polyimides/thioimides, Polyoxides/ethers/acetals",train
P130276,"Polyimides/thioimides, Polyimines",train
P130281,"Polyimides/thioimides, Polyketones/thioketones",test
P130282,"Polyimides/thioimides, Polyoxides/ethers/acetals, Polysulfides",train
P130312,"Polyimides/thioimides, Polyamides/thioamides",train
P130313,"Polyimides/thioimides, Polyoxides/ethers/acetals",train
P130318,"Polyimides/thioimides, Polyoxides/ethers/acetals, Polysulfides",train
P130325,"Polyimides/thioimides, Polyimines, Polyketones/thioketones",train
P130326,"Polyimides/thioimides, Polyoxides/ethers/acetals, Polyimines, Polyketones/thioketones",train
P130327,"Polyimides/thioimides, Polyimines, Polyketones/thioketones",train
P130328,"Polyimides/thioimides, Polyimines, Polyketones/thioketones, Polysulfones/sulfoxides/sufonates/sulfoamides",train
P130332,"Polyimides/thioimides, Polyamides/thioamides",train
P130333,"Polyimides/thioimides, Polyamides/thioamides, Polysulfones/sulfoxides/sufonates/sulfoamides",train
P130334,"Polyimides/thioimides, Polyamides/thioamides",train
P130346,"Polyimides/thioimides, Polyoxides/ethers/acetals, Polyamides/thioamides",train
P130350,"Polyimides/thioimides, Polyoxides/ethers/acetals, Polyamides/thioamides",train
P130352,"Polyimides/thioimides, Polyoxides/ethers/acetals, Polyamides/thioamides",train
P130353,"Polyimides/thioimides, Polyoxides/ethers/acetals, Polyamides/thioamides",test
P130354,"Polyimides/thioimides, Polyoxides/ethers/acetals, Polyamides/thioamides",train
P130355,"Polyimides/thioimides, Polyoxides/ethers/acetals, Polyamides/thioamides",train
P130356,"Polyimides/thioimides, Polyoxides/ethers/acetals, Polyamides/thioamides, Polysulfones/sulfoxides/sufonates/sulfoamides",test
P130357,"Polyimides/thioimides, Polyoxides/ethers/acetals, Polysulfides, Polyamides/thioamides",train
P130360,"Polyimides/thioimides, Polyoxides/ethers/acetals",train
P130361,"Polyimides/thioimides, Polyketones/thioketones",train
P130362,Polyimides/thioimides,test
P130363,Polyimides/thioimides,train
P130364,Polyimides/thioimides,train
P130365,Polyimides/thioimides,train
P130366,"Polyimides/thioimides, Polyketones/thioketones",train
P130367,Polyimides/thioimides,train
P130368,Polyimides/thioimides,train
P130369,"Polyimides/thioimides, Polysulfones/sulfoxides/sufonates/sulfoamides",train
P130370,"Polyimides/thioimides, Polyoxides/ethers/acetals",train
P130371,"Polyimides/thioimides, Polyoxides/ethers/acetals",train
P130372,"Polyimides/thioimides, Polyoxides/ethers/acetals",train
P130373,"Polyimides/thioimides, Polyoxides/ethers/acetals, Polyketones/thioketones",train
P130374,"Polyimides/thioimides, Polyoxides/ethers/acetals, Polysulfones/sulfoxides/sufonates/sulfoamides",train
P134255,Polyimides/thioimides,train
P134302,Polyimides/thioimides,train
P134318,Polyimides/thioimides,train
P134319,Polyimides/thioimides,train
P134320,Polyimides/thioimides,train
P134344,"Polyimides/thioimides, Polyketones/thioketones",train
P134352,Polyimides/thioimides,test
P134363,"Polyimides/thioimides, Polycarbonates/thiocarbonates, Polyketones/thioketones",train
P134364,"Polyimides/thioimides, Polycarbonates/thiocarbonates, Polyketones/thioketones",test
P134365,"Polyimides/thioimides, Polycarbonates/thiocarbonates, Polyketones/thioketones",train
P134413,Polyimides/thioimides,test
P134415,Polyimides/thioimides,train
P134416,Polyimides/thioimides,train
P134421,Polyimides/thioimides,train
P134422,"Polyimides/thioimides, Polyketones/thioketones",train
P134425,"Polyimides/thioimides, Polyketones/thioketones",test
P134429,Polyimides/thioimides,train
P134430,Polyimides/thioimides,test
P134431,Polyimides/thioimides,test
P134462,Polyimides/thioimides,test
P139024,Polyimides/thioimides,train
P139025,"Polyimides/thioimides, Polyketones/thioketones",train
P140010,Polyanhydrides/thioanhydrides,train
P140011,Polyanhydrides/thioanhydrides,train
P140012,Polyanhydrides/thioanhydrides,test
P140014,Polyanhydrides/thioanhydrides,train
P140015,Polyanhydrides/thioanhydrides,train
P140019,Polyanhydrides/thioanhydrides,train
P140025,Polyanhydrides/thioanhydrides,train
P140031,Polyanhydrides/thioanhydrides,train
P140032,Polyanhydrides/thioanhydrides,test
P140033,Polyanhydrides/thioanhydrides,test
P144509,Polyanhydrides/thioanhydrides,train
P150001,Polycarbonates/thiocarbonates,train
P150002,Polycarbonates/thiocarbonates,test
P150003,Polycarbonates/thiocarbonates,train
P150004,Polycarbonates/thiocarbonates,test
P150006,Polycarbonates/thiocarbonates,train
P150007,Polycarbonates/thiocarbonates,train
P150008,Polycarbonates/thiocarbonates,train
P150009,Polycarbonates/thiocarbonates,train
P150010,Polycarbonates/thiocarbonates,test
P150011,Polycarbonates/thiocarbonates,test
P150014,Polycarbonates/thiocarbonates,train
P150015,Polycarbonates/thiocarbonates,train
P150017,Polycarbonates/thiocarbonates,test
P150022,Polycarbonates/thiocarbonates,train
P150025,Polycarbonates/thiocarbonates,train
P150028,Polycarbonates/thiocarbonates,train
P150029,Polycarbonates/thiocarbonates,train
P150030,Polycarbonates/thiocarbonates,train
P150034,Polycarbonates/thiocarbonates,train
P150036,Polycarbonates/thiocarbonates,train
P150037,Polycarbonates/thiocarbonates,test
P150038,Polycarbonates/thiocarbonates,train
P150039,Polycarbonates/thiocarbonates,train
P150040,Polycarbonates/thiocarbonates,train
P150043,Polycarbonates/thiocarbonates,train
P150044,Polycarbonates/thiocarbonates,train
P150045,Polycarbonates/thiocarbonates,train
P150046,Polycarbonates/thiocarbonates,test
P150047,Polycarbonates/thiocarbonates,train
P150051,Polycarbonates/thiocarbonates,train
P150054,Polycarbonates/thiocarbonates,train
P150062,Polycarbonates/thiocarbonates,test
P150073,Polycarbonates/thiocarbonates,train
P150074,Polycarbonates/thiocarbonates,test
P150075,Polycarbonates/thiocarbonates,test
P150076,Polycarbonates/thiocarbonates,train
P150077,Polycarbonates/thiocarbonates,test
P150078,Polycarbonates/thiocarbonates,test
P150079,Polycarbonates/thiocarbonates,train
P150080,Polycarbonates/thiocarbonates,train
P150081,Polycarbonates/thiocarbonates,train
P150082,Polycarbonates/thiocarbonates,train
P150083,Polycarbonates/thiocarbonates,train
P150084,Polycarbonates/thiocarbonates,test
P150085,Polycarbonates/thiocarbonates,train
P150086,Polycarbonates/thiocarbonates,train
P150087,Polycarbonates/thiocarbonates,train
P150088,Polycarbonates/thiocarbonates,train
P150089,Polycarbonates/thiocarbonates,train
P150101,Polycarbonates/thiocarbonates,test
P150102,Polycarbonates/thiocarbonates,train
P150109,Polycarbonates/thiocarbonates,train
P150110,Polycarbonates/thiocarbonates,train
P150111,Polycarbonates/thiocarbonates,train
P150114,Polycarbonates/thiocarbonates,train
P150123,"Polyesters/thioesters, Polycarbonates/thiocarbonates",test
P150124,Polycarbonates/thiocarbonates,test
P150142,Polycarbonates/thiocarbonates,train
P150143,Polycarbonates/thiocarbonates,train
P154565,"Polycarbonates/thiocarbonates, Polysulfones/sulfoxides/sufonates/sulfoamides",train
P154570,Polycarbonates/thiocarbonates,train
P160001,Polyimines,train
P160002,Polyimines,train
P160003,Polyimines,train
P160004,Polyimines,train
P160005,Polyimines,train
P160006,Polyimines,train
P160007,Polyimines,train
P160009,Polyimines,train
P160010,Polyimines,train
P160011,Polyimines,train
P160012,Polyimines,test
P160013,Polyimines,train
P160014,Polyimines,train
P160016,Polyimines,train
P160017,Polyimines,train
P160019,Polyimines,train
P160029,Polyimines,train
P160031,Polyimines,train
P160032,Polyimines,train
P160044,Polyimines,test
P160052,Polyimines,train
P160053,Polyimines,train
P160054,Polyimines,train
P160056,"Polyimines, Polyketones/thioketones",train
P160057,"Polyimines, Polyketones/thioketones",train
P160058,"Polyimines, Polysulfones/sulfoxides/sufonates/sulfoamides",test
P160059,"Polyimines, Polysulfones/sulfoxides/sufonates/sulfoamides",train
P160060,Polyimines,train
P160061,Polyimines,train
P160062,Polyimines,train
P160065,Polyimines,train
P160069,"Polyimines, Polyketones/thioketones",train
P160070,"Polyimines, Polysulfones/sulfoxides/sufonates/sulfoamides",test
P160071,Polyimines,test
P160072,Polyimines,train
P160074,"Polyimines, Polysulfones/sulfoxides/sufonates/sulfoamides",train
P160075,Polyimines,train
P160076,Polyimines,train
P160078,Polyimines,train
P160082,"Polyimines, Polyketones/thioketones",train
P160083,Polyimines,train
P160085,"Polyimines, Polysulfones/sulfoxides/sufonates/sulfoamides",train
P160086,Polyimines,train
P160087,Polyimines,train
P160089,Polyamides/thioamides,train
P160090,Polyamides/thioamides,train
P160091,Polyamides/thioamides,train
P160092,Polyimines,train
P160093,Polyimines,train
P160094,Polyimines,train
P160095,Polyimines,train
P160096,Polyimides/thioimides,train
P160105,"Polyimines, Polysulfones/sulfoxides/sufonates/sulfoamides",train
P160106,Polyimines,train
P160107,Polyimines,train
P164345,Polyimines,train
P164412,Polyimines,test
P164417,Polyimines,train
P164426,Polyimines,train
P164427,Polyimines,train
P164428,Polyimines,train
P164456,Polyimines,train
P164457,Polyimines,train
P164458,Polyimines,train
P164459,Polyimines,train
P164490,Polyimines,train
P164491,Polyimines,train
P164492,Polyimines,train
P164493,Polyimines,train
P164494,Polyimines,train
P164495,Polyimines,train
P164496,Polyimines,train
P164497,Polyimines,train
P169043,Polyimines,train
P170001,"Polyoxides/ethers/acetals, Polysiloxanes/silanes",test
P170002,Polysiloxanes/silanes,train
P170003,Polysiloxanes/silanes,test
P170004,Polysiloxanes/silanes,train
P170005,Polysiloxanes/silanes,train
P170006,Polysiloxanes/silanes,train
P170007,Polysiloxanes/silanes,train
P170008,Polysiloxanes/silanes,train
P170009,Polysiloxanes/silanes,train
P170020,Polysiloxanes/silanes,test
P170021,Polysiloxanes/silanes,train
P170023,Polysiloxanes/silanes,test
P170024,Polysiloxanes/silanes,train
P170025,Polysiloxanes/silanes,train
P170026,Polysiloxanes/silanes,test
P170027,Polysiloxanes/silanes,train
P170028,Polysiloxanes/silanes,train
P170029,Polysiloxanes/silanes,train
P170030,Polysiloxanes/silanes,train
P170031,Polysiloxanes/silanes,train
P170032,Polysiloxanes/silanes,train
P170033,Polysiloxanes/silanes,train
P170035,"Polyoxides/ethers/acetals, Polysiloxanes/silanes",train
P170036,"Polyoxides/ethers/acetals, Polysiloxanes/silanes",train
P170037,"Polyoxides/ethers/acetals, Polysiloxanes/silanes",train
P170038,Polysiloxanes/silanes,train
P170042,Polysiloxanes/silanes,train
P170043,Polysiloxanes/silanes,train
P170044,Polysiloxanes/silanes,train
P170045,Polysiloxanes/silanes,train
P170046,Polysiloxanes/silanes,train
P170047,Polysiloxanes/silanes,train
P170048,Polysiloxanes/silanes,train
P170049,Polysiloxanes/silanes,train
P170050,Polysiloxanes/silanes,train
P170051,Polysiloxanes/silanes,train
P170064,Polysiloxanes/silanes,train
P170071,Polysiloxanes/silanes,test
P170072,Polysiloxanes/silanes,train
P170073,Polysiloxanes/silanes,train
P170074,Polysiloxanes/silanes,train
P170077,Polysiloxanes/silanes,train
P170078,Polysiloxanes/silanes,train
P170080,Polysiloxanes/silanes,test
P170081,Polysiloxanes/silanes,train
P170082,Polysiloxanes/silanes,train
P170083,Polysiloxanes/silanes,train
P174325,Polysiloxanes/silanes,train
P174326,Polysiloxanes/silanes,train
P174327,Polysiloxanes/silanes,train
P174328,Polysiloxanes/silanes,train
P174329,Polysiloxanes/silanes,train
P174330,Polysiloxanes/silanes,train
P174331,Polysiloxanes/silanes,train
P174332,Polysiloxanes/silanes,train
P174333,Polysiloxanes/silanes,train
P174481,Polysiloxanes/silanes,train
P174482,Polysiloxanes/silanes,test
P174483,Polysiloxanes/silanes,train
P174484,Polysiloxanes/silanes,train
P180001,"Polyphosphazenes, Polyimines",test
P180002,"Polyphosphazenes, Polyimines",train
P180003,"Polyphosphazenes, Polyimines",train
P180004,"Polyphosphazenes, Polyimines",train
P180005,"Polyphosphazenes, Polyimines",train
P180006,"Polyphosphazenes, Polyimines",train
P180007,"Polyphosphazenes, Polyimines",train
P180008,"Polyphosphazenes, Polyimines",train
P180009,"Polyphosphazenes, Polyimines",train
P180010,"Polyphosphazenes, Polyimines",train
P180011,"Polyphosphazenes, Polyimines",train
P180012,"Polyphosphazenes, Polyimines",test
P180013,"Polyphosphazenes, Polyimines",train
P180014,"Polyphosphazenes, Polyimines",train
P180015,"Polyphosphazenes, Polyimines",test
P180016,"Polyphosphazenes, Polyimines",train
P180017,"Polyphosphazenes, Polyimines",train
P180019,"Polyphosphazenes, Polyimines",train
P180020,"Polyphosphazenes, Polyimines",test
P180021,"Polyphosphazenes, Polyimines",train
P180022,"Polyphosphazenes, Polyimines",train
P180023,"Polyphosphazenes, Polyimines",train
P180024,"Polyphosphazenes, Polyimines",train
P180025,"Polyphosphazenes, Polyimines",train
P180026,"Polyphosphazenes, Polyimines",train
P180027,"Polyphosphazenes, Polyimines",train
P180028,"Polyphosphazenes, Polyimines",train
P180029,"Polyphosphazenes, Polyimines",train
P180030,"Polyphosphazenes, Polyimines",train
P180031,"Polyphosphazenes, Polyimines",train
P180032,"Polyphosphazenes, Polyimines",test
P180033,"Polyphosphazenes, Polyimines",train
P180034,"Polyphosphazenes, Polyimines",test
P180035,"Polyphosphazenes, Polyimines",train
P180036,"Polyphosphazenes, Polyimines",test
P180037,"Polyphosphazenes, Polyimines",train
P180038,"Polyphosphazenes, Polyimines",train
P180040,"Polyphosphazenes, Polyimines",train
P180041,"Polyphosphazenes, Polyimines",test
P180042,"Polyphosphazenes, Polyimines",train
P180043,"Polyphosphazenes, Polyimines",train
P189026,"Polyoxides/ethers/acetals, Polyphosphazenes, Polyimines",train
P190001,Polyketones/thioketones,train
P190003,"Polyoxides/ethers/acetals, Polyketones/thioketones",train
P190004,"Polyketones/thioketones, Polysulfones/sulfoxides/sufonates/sulfoamides",train
P200001,Polysulfones/sulfoxides/sufonates/sulfoamides,train
P200009,Polysulfones/sulfoxides/sufonates/sulfoamides,test
P200010,Polysulfones/sulfoxides/sufonates/sulfoamides,test
P200011,Polysulfones/sulfoxides/sufonates/sulfoamides,train
P200016,Polysulfones/sulfoxides/sufonates/sulfoamides,train
P200018,Polysulfones/sulfoxides/sufonates/sulfoamides,train
P210001,Polyphenylenes,train
P210003,Polyphenylenes,test
P210006,Polyphenylenes,test
P210007,Polyphenylenes,train
P210008,Polyphenylenes,train
P210009,Polyphenylenes,train
P210010,Polyphenylenes,train
P210011,Polyphenylenes,test
P210012,Polyphenylenes,train
P210013,Polyphenylenes,train
P210014,Polyphenylenes,train
P210015,Polyphenylenes,test
P210016,Polyphenylenes,train
P210017,Polyphenylenes,train
P210018,Polyphenylenes,train
P210019,Polyphenylenes,train
P210020,Polyphenylenes,train
P210021,Polyphenylenes,train
P210022,Polyphenylenes,test
P210024,Other polymers,train
P210026,Polyphenylenes,train
P210027,Polyphenylenes,train
P210042,Other polymers,train
P210043,Other polymers,train
P210044,Polyphenylenes,test
P210045,Other polymers,train
P210047,Polyphenylenes,train
P210060,Polyphenylenes,train
P219039,Polydienes,train
P310005,Polyolefins,train
P310010,Polyolefins,train
P310012,Polyolefins,train
P310015,Polyolefins,train
P312001,Polyolefins,test
P312002,Polyolefins,train
P312004,Polyolefins,test
P312005,Polyolefins,train
P312006,Polyolefins,test
P312007,Polyolefins,train
P312008,Polyolefins,train
P312009,Polyolefins,train
P312010,Polyolefins,train
P312014,Polyolefins,train
P312022,Polyolefins,train
P312024,Polyolefins,train
P312030,Polyolefins,train
P312031,Polyolefins,test
P312034,Polyolefins,test
P312035,Polyolefins,train
P312038,Polyolefins,train
P312042,Polyolefins,test
P320001,"Polystyrenes, Polyvinyls",test
P320002,"Polystyrenes, Polyvinyls",test
P320003,"Polystyrenes, Polyvinyls",test
P320006,"Polystyrenes, Polyvinyls",train
P320016,"Polystyrenes, Polyvinyls",train
P320017,"Polystyrenes, Polyvinyls",train
P320018,"Polystyrenes, Polyvinyls",train
P320019,"Polystyrenes, Polyvinyls",test
P320020,"Polystyrenes, Polyvinyls",train
P320023,"Polystyrenes, Polyvinyls",train
P320024,"Polystyrenes, Polyvinyls",train
P320025,"Polystyrenes, Polyvinyls",train
P320026,"Polystyrenes, Polyvinyls",train
P320057,"Polystyrenes, Polyvinyls",train
P320058,"Polystyrenes, Polyvinyls",train
P320059,"Polystyrenes, Polyvinyls",test
P320060,"Polystyrenes, Polyvinyls",train
P320063,"Polystyrenes, Polyvinyls",test
P320064,"Polystyrenes, Polyvinyls",train
P322001,"Polystyrenes, Polyvinyls",train
P322002,"Polystyrenes, Polyvinyls",train
P322003,"Polystyrenes, Polyvinyls",train
P322004,"Polystyrenes, Polyvinyls",train
P322005,"Polystyrenes, Polyvinyls",train
P322009,"Polystyrenes, Polyvinyls",train
P322010,"Polystyrenes, Polyvinyls",train
P322011,"Polystyrenes, Polyvinyls",test
P322012,"Polystyrenes, Polyvinyls",train
P322014,"Polystyrenes, Polyvinyls",train
P322015,"Polystyrenes, Polyvinyls",train
P322016,"Polystyrenes, Polyvinyls",train
P322017,"Polystyrenes, Polyvinyls",train
P322018,"Polystyrenes, Polyvinyls",train
P322019,"Polystyrenes, Polyvinyls",test
P322020,"Polystyrenes, Polyvinyls",train
P322021,"Polystyrenes, Polyvinyls",train
P322022,"Polystyrenes, Polyvinyls",train
P322025,"Polystyrenes, Polyvinyls",train
P322026,"Polystyrenes, Polyvinyls",train
P322027,"Polystyrenes, Polyvinyls",train
P322031,"Polystyrenes, Polyvinyls",train
P322032,"Polystyrenes, Polyvinyls",test
P322033,"Polystyrenes, Polyvinyls",train
P322034,"Polystyrenes, Polyvinyls",train
P322039,"Polystyrenes, Polyvinyls",test
P322043,"Polystyrenes, Polyvinyls",test
P322044,"Polystyrenes, Polyvinyls",train
P322051,"Polystyrenes, Polyvinyls",test
P322056,"Polystyrenes, Polyvinyls",train
P322057,"Polystyrenes, Polyvinyls",train
P322058,"Polystyrenes, Polyvinyls",train
P322082,"Polystyrenes, Polyvinyls",test
P322090,"Polystyrenes, Polyvinyls",train
P322093,"Polystyrenes, Polyvinyls",train
P322094,"Polystyrenes, Polyvinyls",train
P322095,"Polystyrenes, Polyvinyls",train
P322110,"Polystyrenes, Polyvinyls",train
P322111,"Polystyrenes, Polyvinyls",train
P322112,"Polystyrenes, Polyvinyls",train
P322114,"Polystyrenes, Polyvinyls",train
P322121,"Polystyrenes, Polyvinyls",train
P322122,"Polystyrenes, Polyvinyls",train
P322123,"Polystyrenes, Polyvinyls",train
P322124,"Polystyrenes, Polyvinyls",train
P322125,"Polystyrenes, Polyvinyls",train
P322126,"Polystyrenes, Polyvinyls",train
P322128,"Polystyrenes, Polyvinyls",train
P322137,"Polystyrenes, Polyvinyls",train
P322140,"Polystyrenes, Polyvinyls",train
P322141,"Polystyrenes, Polyvinyls",train
P322144,"Polystyrenes, Polyvinyls",train
P322146,"Polystyrenes, Polyvinyls",train
P322147,"Polystyrenes, Polyvinyls",train
P322148,"Polystyrenes, Polyvinyls",train
P322152,"Polystyrenes, Polyvinyls",train
P322153,"Polystyrenes, Polyvinyls",train
P322154,"Polystyrenes, Polyvinyls",train
P322155,"Polystyrenes, Polyvinyls",train
P322156,"Polystyrenes, Polyvinyls",test
P322157,"Polystyrenes, Polyvinyls",train
P322158,"Polystyrenes, Polyvinyls",train
P322161,"Polystyrenes, Polyvinyls",test
P322162,"Polystyrenes, Polyvinyls",train
P322163,"Polystyrenes, Polyvinyls",train
P322164,"Polystyrenes, Polyvinyls",test
P322165,"Polystyrenes, Polyvinyls",train
P322166,"Polystyrenes, Polyvinyls",train
P322167,"Polystyrenes, Polyvinyls",train
P322168,"Polystyrenes, Polyvinyls",train
P322169,"Polystyrenes, Polyvinyls",test
P322170,"Polystyrenes, Polyvinyls",test
P322172,"Polystyrenes, Polyvinyls",test
P322231,"Polystyrenes, Polyvinyls",train
P322232,"Polystyrenes, Polyvinyls",train
P330001,Polyvinyls,train
P330002,Polyvinyls,train
P330005,Polyvinyls,train
P330016,Polyvinyls,train
P330040,Polyvinyls,test
P330041,Polyvinyls,train
P330042,Polyvinyls,train
P330043,Polyvinyls,train
P330044,Polyvinyls,train
P330045,Polyvinyls,train
P330046,Polyvinyls,train
P330047,"Polyvinyls, Polydienes",train
P330048,"Polyvinyls, Polydienes",train
P330049,"Polyvinyls, Polydienes",train
P330050,Polyvinyls,train
P330051,Polyvinyls,test
P330052,Polyvinyls,train
P330053,Polyvinyls,train
P330054,Polyvinyls,train
P330057,Polyvinyls,train
P330058,Polyvinyls,train
P330072,Polyvinyls,train
P330076,Polyvinyls,test
P330077,Polyvinyls,test
P330085,Polyvinyls,train
P330100,Polyvinyls,test
P330104,Polyvinyls,train
P330105,Polyvinyls,test
P330111,Polyvinyls,train
P330114,Polyvinyls,train
P330115,Polyvinyls,train
P330116,Polyvinyls,train
P330120,Polyvinyls,train
P330121,Polyvinyls,train
P330122,Polyvinyls,test
P330138,Polyvinyls,train
P330139,Polyvinyls,test
P330140,Polyvinyls,train
P330165,Polyvinyls,train
P330166,Polyvinyls,train
P330167,Polyvinyls,test
P332002,Polyvinyls,test
P332004,Polyvinyls,test
P332005,Polyvinyls,train
P332007,Polyvinyls,train
P332010,Polyvinyls,train
P332011,Polyvinyls,train
P332012,Polyvinyls,train
P332013,Polyvinyls,train
P332014,Polyvinyls,train
P332015,Polyvinyls,train
P332016,Polyvinyls,train
P332017,Polyvinyls,test
P332018,Polyvinyls,train
P332019,Polyvinyls,train
P332020,Polyvinyls,train
P332021,Polyvinyls,train
P332022,Polyvinyls,test
P332023,Polyvinyls,train
P332024,Polyvinyls,train
P332026,Polyvinyls,train
P332027,Polyvinyls,test
P332033,Polyvinyls,test
P332034,Polyvinyls,train
P332035,Polyvinyls,train
P332036,Polyvinyls,train
P332048,Polyvinyls,train
P332051,Polyvinyls,train
P332052,Polyvinyls,train
P332053,Polyvinyls,test
P332054,Polyvinyls,train
P332077,Polyvinyls,train
P332078,Polyvinyls,train
P332079,Polyvinyls,train
P332087,Polyvinyls,train
P332088,Polyvinyls,test
P332089,Polyvinyls,train
P332090,Polyvinyls,train
P332113,Polyvinyls,test
P332127,Polyvinyls,train
P332130,Polyvinyls,train
P332131,Polyvinyls,train
P332133,Polyvinyls,train
P332150,Polyvinyls,train
P332160,Polyvinyls,train
P332168,Polyvinyls,train
P332169,Polyvinyls,train
P332170,Polyvinyls,train
P332171,Polyvinyls,train
P332172,Polyvinyls,train
P332173,Polyvinyls,train
P332174,Polyvinyls,train
P332175,Polyvinyls,train
P332176,Polyvinyls,train
P332177,Polyvinyls,train
P332182,Polyvinyls,train
P332184,Polyvinyls,train
P332186,Polyvinyls,train
P332187,Polyvinyls,train
P332188,Polyvinyls,test
P332199,Polyvinyls,train
P332222,Polyvinyls,train
P332265,Polyvinyls,train
P332273,Polyvinyls,train
P332276,Polyvinyls,train
P332282,Polyvinyls,train
P332287,Polyvinyls,train
P332288,Polyvinyls,train
P332292,"Polyvinyls, Polydienes",train
P332293,"Polyvinyls, Polydienes",train
P332294,"Polyvinyls, Polydienes",train
P332296,Polyvinyls,train
P332301,Polyvinyls,train
P332302,Polyvinyls,test
P332303,Polyvinyls,train
P332308,Polyvinyls,train
P332309,Polyvinyls,test
P332317,Polyvinyls,train
P332321,Polyvinyls,train
P332328,Polyvinyls,train
P332336,Polyvinyls,train
P332364,Polyvinyls,train
P332366,Polyvinyls,test
P332380,"Polystyrenes, Polyvinyls",train
P340005,"Polyacrylics, Polyvinyls",train
P340007,"Polyacrylics, Polyvinyls",train
P340009,"Polyacrylics, Polyvinyls",test
P340011,"Polyacrylics, Polyvinyls",train
P340012,"Polyacrylics, Polyvinyls",test
P340014,"Polyacrylics, Polyvinyls",test
P340015,"Polyacrylics, Polyvinyls",test
P340016,"Polyacrylics, Polyvinyls",test
P340017,"Polyacrylics, Polyvinyls",train
P340018,"Polyacrylics, Polyvinyls",train
P340019,"Polyacrylics, Polyvinyls",train
P340020,"Polyacrylics, Polyvinyls",train
P340021,"Polyacrylics, Polyvinyls",test
P340022,"Polyacrylics, Polyvinyls",test
P340023,"Polyacrylics, Polyvinyls",train
P340024,"Polyacrylics, Polyvinyls",test
P340025,"Polyacrylics, Polyvinyls",train
P340026,"Polyacrylics, Polyvinyls",train
P340027,"Polyacrylics, Polyvinyls",train
P340032,"Polyacrylics, Polyvinyls",train
P340034,"Polyacrylics, Polyvinyls",train
P340035,"Polyacrylics, Polyvinyls",train
P340037,"Polyacrylics, Polyvinyls",train
P340043,"Polyacrylics, Polyvinyls",test
P340044,"Polyacrylics, Polyvinyls",train
P340047,"Polyacrylics, Polyvinyls",train
P340064,"Polyacrylics, Polyvinyls",train
P340065,"Polyacrylics, Polyvinyls",train
P340067,"Polyacrylics, Polyvinyls",train
P340068,"Polyacrylics, Polyvinyls",train
P340069,"Polyacrylics, Polyvinyls",train
P340070,"Polyacrylics, Polyvinyls",test
P340071,"Polyacrylics, Polyvinyls",train
P340072,"Polyacrylics, Polyvinyls",train
P340077,"Polyacrylics, Polyvinyls",train
P340078,"Polyacrylics, Polyvinyls",train
P340079,"Polyacrylics, Polyvinyls",test
P340080,"Polyacrylics, Polyvinyls",train
P340081,"Polyacrylics, Polyvinyls",train
P340082,"Polyacrylics, Polyvinyls",test
P340083,"Polyacrylics, Polyvinyls",train
P340084,"Polyacrylics, Polyvinyls",train
P340085,"Polyacrylics, Polyvinyls",train
P340086,"Polyacrylics, Polyvinyls",train
P340087,"Polyacrylics, Polyvinyls",train
P340088,"Polyacrylics, Polyvinyls",test
P340089,"Polyacrylics, Polyvinyls",train
P340090,"Polyacrylics, Polyvinyls",test
P340091,"Polyacrylics, Polyvinyls",train
P340092,"Polyacrylics, Polyvinyls",train
P340093,"Polyacrylics, Polyvinyls",train
P340094,"Polyacrylics, Polyvinyls",train
P340095,"Polyacrylics, Polyvinyls",train
P340096,"Polyacrylics, Polyvinyls",test
P340097,"Polyacrylics, Polyvinyls",train
P340098,"Polyacrylics, Polyvinyls",train
P340101,"Polyacrylics, Polyvinyls",train
P340102,"Polyacrylics, Polyvinyls",train
P340103,"Polyacrylics, Polyvinyls",test
P340104,"Polyacrylics, Polyvinyls",train
P340107,"Polyacrylics, Polyvinyls",train
P340108,"Polyacrylics, Polyvinyls",train
P340115,"Polyacrylics, Polyvinyls",test
P340116,"Polyacrylics, Polyvinyls",train
P340117,"Polyacrylics, Polyvinyls",train
P340118,"Polyacrylics, Polyvinyls",train
P340119,"Polyacrylics, Polyvinyls",train
P340123,"Polyacrylics, Polyvinyls",train
P340124,"Polyacrylics, Polyvinyls",train
P340125,"Polyacrylics, Polyvinyls",train
P340126,"Polyacrylics, Polyvinyls",test
P340127,"Polyacrylics, Polyvinyls",train
P340129,"Polyacrylics, Polyvinyls",train
P340130,"Polyacrylics, Polyvinyls",test
P340131,"Polyacrylics, Polyvinyls",train
P340149,"Polyacrylics, Polyvinyls",train
P340150,"Polyacrylics, Polyvinyls",test
P340159,"Polyacrylics, Polyvinyls",test
P340169,"Polyacrylics, Polyvinyls",train
P340170,"Polyacrylics, Polyvinyls",train
P340171,"Polyacrylics, Polyvinyls",train
P340180,"Polyacrylics, Polyvinyls",train
P342001,"Polyacrylics, Polyvinyls",train
P342002,"Polyacrylics, Polyvinyls",train
P342003,"Polyacrylics, Polyvinyls",train
P342004,"Polyacrylics, Polyvinyls",train
P342005,"Polyacrylics, Polyvinyls",train
P342006,"Polyacrylics, Polyvinyls",train
P342007,"Polyacrylics, Polyvinyls",train
P342009,"Polyacrylics, Polyvinyls",train
P342011,"Polyacrylics, Polyvinyls",train
P342021,"Polyacrylics, Polyvinyls",train
P342022,"Polyacrylics, Polyvinyls",train
P342026,"Polyacrylics, Polyvinyls",train
P342027,"Polyacrylics, Polyvinyls",train
P342028,"Polyacrylics, Polyvinyls",train
P342029,"Polyacrylics, Polyvinyls",train
P342030,"Polyacrylics, Polyvinyls",train
P342031,"Polyacrylics, Polyvinyls",test
P342032,"Polyacrylics, Polyvinyls",train
P342033,"Polyacrylics, Polyvinyls",train
P342035,"Polyacrylics, Polyvinyls",train
P342036,"Polyacrylics, Polyvinyls",train
P342037,"Polyacrylics, Polyvinyls",train
P342039,"Polyacrylics, Polyvinyls",train
P342041,"Polyacrylics, Polyvinyls",train
P342042,"Polyacrylics, Polyvinyls",train
P342043,"Polyacrylics, Polyvinyls",train
P342044,"Polyacrylics, Polyvinyls",train
P342045,"Polyacrylics, Polyvinyls",train
P342048,"Polyacrylics, Polyvinyls",test
P342049,"Polyacrylics, Polyvinyls",train
P342051,"Polyacrylics, Polyvinyls",train
P342053,"Polyacrylics, Polyvinyls",test
P342055,"Polyacrylics, Polyvinyls",train
P342060,"Polyacrylics, Polyvinyls",test
P342067,"Polyacrylics, Polyvinyls",test
P342077,"Polyacrylics, Polyvinyls",train
P342078,"Polyacrylics, Polyvinyls",train
P342079,"Polyacrylics, Polyvinyls",train
P342080,"Polyacrylics, Polyvinyls",train
P342081,"Polyacrylics, Polyvinyls",train
P342082,"Polyacrylics, Polyvinyls",train
P342083,"Polyacrylics, Polyvinyls",test
P342084,"Polyacrylics, Polyvinyls",train
P342085,"Polyacrylics, Polyvinyls",train
P342086,"Polyacrylics, Polyvinyls",train
P342094,"Polyacrylics, Polyvinyls",train
P342095,"Polyacrylics, Polyvinyls",train
P342096,"Polyacrylics, Polyvinyls",train
P342097,"Polyacrylics, Polyvinyls",train
P342098,"Polyacrylics, Polyvinyls",train
P342099,"Polyacrylics, Polyvinyls",train
P342100,"Polyacrylics, Polyvinyls",train
P342101,"Polyacrylics, Polyvinyls",test
P342102,"Polyacrylics, Polyvinyls",train
P342103,"Polyacrylics, Polyvinyls",train
P342104,"Polyacrylics, Polyvinyls",train
P342105,"Polyacrylics, Polyvinyls",train
P342106,"Polyacrylics, Polyvinyls",train
P342107,"Polyacrylics, Polyvinyls",test
P342108,"Polyacrylics, Polyvinyls",train
P342109,"Polyacrylics, Polyvinyls",train
P342110,"Polyacrylics, Polyvinyls",test
P342111,"Polyacrylics, Polyvinyls",train
P342112,"Polyacrylics, Polyvinyls",train
P342114,"Polyacrylics, Polyvinyls",train
P342115,"Polyacrylics, Polyvinyls",train
P342116,"Polyacrylics, Polyvinyls",test
P342117,"Polyacrylics, Polyvinyls",test
P342122,"Polyacrylics, Polyvinyls",train
P342123,"Polyacrylics, Polyvinyls",train
P342124,"Polyacrylics, Polyvinyls",train
P342125,"Polyacrylics, Polyvinyls",train
P342126,"Polyacrylics, Polyvinyls",train
P342127,"Polyacrylics, Polyvinyls",train
P342128,"Polyacrylics, Polyvinyls",train
P342129,"Polyacrylics, Polyvinyls",train
P342130,"Polyacrylics, Polyvinyls",train
P342131,"Polyacrylics, Polyvinyls",train
P342132,"Polyacrylics, Polyvinyls",train
P342133,"Polyacrylics, Polyvinyls",train
P342134,"Polyacrylics, Polyvinyls",train
P342135,"Polyacrylics, Polyvinyls",train
P342136,"Polyacrylics, Polyvinyls",train
P342138,"Polyacrylics, Polyvinyls",train
P342139,"Polyacrylics, Polyvinyls",train
P342140,"Polyacrylics, Polyvinyls",train
P342141,"Polyacrylics, Polyvinyls",train
P342142,"Polyacrylics, Polyvinyls",test
P342149,"Polyacrylics, Polyvinyls",test
P342150,"Polyacrylics, Polyvinyls",train
P342151,"Polyacrylics, Polyvinyls",train
P342152,"Polyacrylics, Polyvinyls",train
P342153,"Polyacrylics, Polyvinyls",test
P342154,"Polyacrylics, Polyvinyls",test
P342157,"Polyacrylics, Polyvinyls",test
P342158,"Polyacrylics, Polyvinyls",test
P342159,"Polyacrylics, Polyvinyls",train
P342160,"Polyacrylics, Polyvinyls",test
P342168,"Polyacrylics, Polyvinyls",train
P342169,"Polyacrylics, Polyvinyls",train
P342170,"Polyacrylics, Polyvinyls",test
P342171,"Polyacrylics, Polyvinyls",train
P342172,"Polyacrylics, Polyvinyls",train
P342173,"Polyacrylics, Polyvinyls",test
P342174,"Polyacrylics, Polyvinyls",train
P342175,"Polyacrylics, Polyvinyls",train
P342176,"Polyacrylics, Polyvinyls",train
P342186,"Polyacrylics, Polyvinyls",test
P342190,"Polyacrylics, Polyvinyls",train
P342193,"Polyacrylics, Polyvinyls",train
P342194,"Polyacrylics, Polyvinyls",train
P342195,"Polyacrylics, Polyvinyls",train
P342196,"Polyacrylics, Polyvinyls",train
P342197,"Polyacrylics, Polyvinyls",train
P342198,"Polyacrylics, Polyvinyls",train
P342205,"Polyacrylics, Polyvinyls",train
P342206,"Polyacrylics, Polyvinyls",test
P342207,"Polyacrylics, Polyvinyls",train
P342208,"Polyacrylics, Polyvinyls",train
P342209,"Polyacrylics, Polyvinyls",train
P342211,"Polyacrylics, Polyvinyls",train
P342214,"Polyacrylics, Polyvinyls",train
P342215,"Polyacrylics, Polyvinyls",train
P342223,"Polyacrylics, Polyvinyls",test
P342224,"Polyacrylics, Polyvinyls",train
P342226,"Polyacrylics, Polyvinyls",train
P342227,"Polyacrylics, Polyvinyls",train
P342228,"Polyacrylics, Polyvinyls",train
P342230,"Polyacrylics, Polyvinyls",train
P342236,"Polyacrylics, Polyvinyls",train
P342237,"Polyacrylics, Polyvinyls",train
P342239,"Polyacrylics, Polyvinyls",train
P342241,"Polyacrylics, Polyvinyls",test
P342242,"Polyacrylics, Polyvinyls",test
P342257,"Polyacrylics, Polyvinyls",train
P342258,"Polyacrylics, Polyvinyls",test
P342262,"Polyacrylics, Polyvinyls",test
P342263,"Polyacrylics, Polyvinyls",train
P342264,"Polyacrylics, Polyvinyls",train
P342265,"Polyacrylics, Polyvinyls",train
P342268,"Polyacrylics, Polyvinyls",test
P342279,"Polyacrylics, Polyvinyls",train
P342280,"Polyacrylics, Polyvinyls",train
P342281,"Polyacrylics, Polyvinyls",train
P342282,"Polyacrylics, Polyvinyls",train
P342284,"Polyacrylics, Polyvinyls",test
P342285,"Polyacrylics, Polyvinyls",test
P342286,"Polyacrylics, Polyvinyls",train
P342289,"Polyacrylics, Polyvinyls",train
P342295,"Polyacrylics, Polyvinyls",train
P342296,"Polyacrylics, Polyvinyls",train
P342299,"Polyacrylics, Polyvinyls",train
P342306,"Polyacrylics, Polyvinyls",train
P342307,"Polyacrylics, Polyvinyls",train
P342326,"Polyacrylics, Polyvinyls",train
P342342,"Polyacrylics, Polyvinyls",train
P342343,"Polyacrylics, Polyvinyls",train
P342344,"Polyacrylics, Polyvinyls",train
P342345,"Polyacrylics, Polyvinyls",train
P342346,"Polyacrylics, Polyvinyls",test
P342347,"Polyacrylics, Polyvinyls",train
P342348,"Polyacrylics, Polyvinyls",train
P342349,"Polyacrylics, Polyvinyls",test
P342350,"Polyacrylics, Polyvinyls",train
P342351,"Polyacrylics, Polyvinyls",test
P342352,"Polyacrylics, Polyvinyls",train
P342353,"Polyacrylics, Polyvinyls",test
P342363,"Polyacrylics, Polyvinyls",train
P342364,"Polyacrylics, Polyvinyls",test
P342365,"Polyacrylics, Polyvinyls",train
P342370,"Polyacrylics, Polyvinyls",train
P342375,"Polyacrylics, Polyvinyls",test
P342388,"Polyacrylics, Polyvinyls",train
P342390,"Polyacrylics, Polyvinyls",train
P342394,"Polyacrylics, Polyvinyls",train
P342396,"Polyacrylics, Polyvinyls",train
P342398,"Polyacrylics, Polyvinyls",train
P342399,"Polyacrylics, Polyvinyls",train
P342400,"Polyacrylics, Polyvinyls",train
P342401,"Polyacrylics, Polyvinyls",train
P342402,"Polyacrylics, Polyvinyls",train
P342403,"Polyacrylics, Polyvinyls",test
P342404,"Polyacrylics, Polyvinyls",test
P342405,"Polyacrylics, Polyvinyls",train
P342406,"Polyacrylics, Polyvinyls",test
P342413,"Polyacrylics, Polyvinyls",train
P342414,"Polyacrylics, Polyvinyls",train
P342417,"Polyacrylics, Polyvinyls",train
P342418,"Polyacrylics, Polyvinyls",train
P342419,"Polyacrylics, Polyvinyls",train
P342420,"Polyacrylics, Polyvinyls",train
P342423,"Polyacrylics, Polyvinyls",train
P342424,"Polyacrylics, Polyvinyls",train
P342425,"Polyacrylics, Polyvinyls",train
P342426,"Polyacrylics, Polyvinyls",train
P342427,"Polyacrylics, Polyvinyls",train
P342428,"Polyacrylics, Polyvinyls",train
P342429,"Polyacrylics, Polyvinyls",train
P342436,"Polyacrylics, Polyvinyls",test
P342437,"Polyacrylics, Polyvinyls",train
P342438,"Polyacrylics, Polyvinyls",train
P342439,"Polyacrylics, Polyvinyls",train
P342441,"Polyacrylics, Polyvinyls",test
P342445,"Polyacrylics, Polyvinyls",train
P342450,"Polyacrylics, Polyvinyls",train
P342451,"Polyacrylics, Polyvinyls",train
P342452,"Polyacrylics, Polyvinyls",test
P342453,"Polyacrylics, Polyvinyls",test
P342455,"Polyacrylics, Polyvinyls",train
P342456,"Polyacrylics, Polyvinyls",train
P342457,"Polyacrylics, Polyvinyls",train
P342458,"Polyacrylics, Polyvinyls",train
P342461,"Polyacrylics, Polyvinyls",train
P342462,"Polyacrylics, Polyvinyls",train
P342463,"Polyacrylics, Polyvinyls",train
P342467,"Polyacrylics, Polyvinyls",train
P342470,"Polyacrylics, Polyvinyls",train
P342472,"Polyacrylics, Polyvinyls",test
P342474,"Polyacrylics, Polyvinyls",test
P342475,"Polyacrylics, Polyvinyls",train
P342476,"Polyacrylics, Polyvinyls",train
P342483,"Polyacrylics, Polyvinyls",train
P342484,"Polyacrylics, Polyvinyls",train
P342486,"Polyacrylics, Polyvinyls",test
P342487,"Polyacrylics, Polyvinyls",test
P342488,"Polyacrylics, Polyvinyls",test
P342489,"Polyacrylics, Polyvinyls",train
P342490,"Polyacrylics, Polyvinyls",train
P342491,"Polyacrylics, Polyvinyls",train
P342492,"Polyacrylics, Polyvinyls",train
P342493,"Polyacrylics, Polyvinyls",train
P342494,"Polyacrylics, Polyvinyls",train
P342495,"Polyacrylics, Polyvinyls",train
P342496,"Polyacrylics, Polyvinyls",train
P342498,"Polyacrylics, Polyvinyls",train
P342499,"Polyacrylics, Polyvinyls",train
P342500,"Polyacrylics, Polyvinyls",test
P342506,"Polyacrylics, Polyvinyls",train
P342507,"Polyacrylics, Polyvinyls",train
P342508,"Polyacrylics, Polyvinyls",train
P342509,"Polyacrylics, Polyvinyls",test
P342510,"Polyacrylics, Polyvinyls",train
P342511,"Polyacrylics, Polyvinyls",train
P342514,"Polyacrylics, Polyvinyls",train
P342515,"Polyacrylics, Polyvinyls",test
P342516,"Polyacrylics, Polyvinyls",train
P342517,"Polyacrylics, Polyvinyls",test
P342518,"Polyacrylics, Polyvinyls",train
P342521,"Polyacrylics, Polyvinyls",train
P342522,"Polyacrylics, Polyvinyls",train
P342526,"Polyacrylics, Polyvinyls",train
P342527,"Polyacrylics, Polyvinyls",train
P342529,"Polyacrylics, Polyvinyls",train
P342530,"Polyacrylics, Polyvinyls",train
P342541,"Polyacrylics, Polyvinyls",train
P342543,"Polyacrylics, Polyvinyls",train
P342544,"Polyacrylics, Polyvinyls",train
P342545,"Polyacrylics, Polyvinyls",train
P342546,"Polyacrylics, Polyvinyls",train
P342547,"Polyacrylics, Polyvinyls",train
P342548,"Polyacrylics, Polyvinyls",test
P342559,"Polyacrylics, Polyvinyls",train
P342563,"Polyacrylics, Polyvinyls",train
P342569,"Polyacrylics, Polyvinyls",train
P342570,"Polyacrylics, Polyvinyls",test
P342571,"Polyacrylics, Polyvinyls",train
P342572,"Polyacrylics, Polyvinyls",test
P342573,"Polyacrylics, Polyvinyls",train
P342574,"Polyacrylics, Polyvinyls",train
P342575,"Polyacrylics, Polyvinyls",test
P342576,"Polyacrylics, Polyvinyls",train
P342580,"Polyacrylics, Polyvinyls",test
P342582,"Polyacrylics, Polyvinyls",train
P342583,"Polyacrylics, Polyvinyls",test
P342584,"Polyacrylics, Polyvinyls",train
P342585,"Polyacrylics, Polyvinyls",train
P342586,"Polyacrylics, Polyvinyls",train
P342589,"Polyacrylics, Polyvinyls",train
P342590,"Polyacrylics, Polyvinyls",train
P342591,"Polyacrylics, Polyvinyls",train
P342592,"Polyacrylics, Polyvinyls",train
P342593,"Polyacrylics, Polyvinyls",train
P342594,"Polyacrylics, Polyvinyls",train
P342597,"Polyacrylics, Polyvinyls",train
P342598,"Polyacrylics, Polyvinyls",train
P342599,"Polyacrylics, Polyvinyls",train
P342604,"Polyacrylics, Polyvinyls",train
P342613,"Polyacrylics, Polyvinyls",train
P342614,"Polyacrylics, Polyvinyls",test
P342616,"Polyacrylics, Polyvinyls",test
P342617,"Polyacrylics, Polyvinyls",train
P342618,"Polyacrylics, Polyvinyls",train
P342619,"Polyacrylics, Polyvinyls",train
P342620,"Polyacrylics, Polyvinyls",train
P342621,"Polyacrylics, Polyvinyls",train
P342622,"Polyacrylics, Polyvinyls",train
P342623,"Polyacrylics, Polyvinyls",train
P342624,"Polyacrylics, Polyvinyls",train
P342625,"Polyacrylics, Polyvinyls",train
P342626,"Polyacrylics, Polyvinyls",train
P342634,"Polyacrylics, Polyvinyls",train
P342639,"Polyacrylics, Polyvinyls",train
P342642,"Polyacrylics, Polyvinyls",train
P342646,"Polyacrylics, Polyvinyls",train
P350004,Polyhalo-olefins,train
P350009,Polyhalo-olefins,train
P350011,Polyhalo-olefins,train
P352007,Polyhalo-olefins,train
P352009,Polyhalo-olefins,train
P360011,Polydienes,train
P360012,Polydienes,train
P360013,Polydienes,train
P360014,Polydienes,test
P360023,Polydienes,train
P360025,Polydienes,test
P360026,Polydienes,train
P360028,Polydienes,train
P360033,Polydienes,test
P360038,Polydienes,train
P360040,Polydienes,train
P362005,Polydienes,train
P362006,Polydienes,train
P362019,Polydienes,train
P362021,Polydienes,test
P362028,Polydienes,train
P362030,Polydienes,test
P362031,Polydienes,train
P362032,Polydienes,train
P362034,Polydienes,train
P362038,Polydienes,train
P370001,"Polyoxides/ethers/acetals, Polyesters/thioesters",test
P370008,"Polyoxides/ethers/acetals, Polyimines",train
P370009,"Polyoxides/ethers/acetals, Polyimines",train
P370010,"Polyoxides/ethers/acetals, Polyimines",test
P370012,"Polyoxides/ethers/acetals, Polycarbonates/thiocarbonates",train
P370014,"Polyoxides/ethers/acetals, Polycarbonates/thiocarbonates, Polysulfones/sulfoxides/sufonates/sulfoamides",train
P370016,"Polyoxides/ethers/acetals, Polycarbonates/thiocarbonates",test
P370017,"Polyoxides/ethers/acetals, Polyurethanes/thiourethanes",train
P370018,"Polyoxides/ethers/acetals, Polyurethanes/thiourethanes",train
P370019,"Polyoxides/ethers/acetals, Polyurethanes/thiourethanes",test
P370021,"Polyoxides/ethers/acetals, Polyesters/thioesters",train
P370022,"Polyoxides/ethers/acetals, Polyesters/thioesters",train
P370024,"Polyoxides/ethers/acetals, Polyesters/thioesters",train
P370026,"Polyoxides/ethers/acetals, Polyesters/thioesters",train
P370027,"Polyoxides/ethers/acetals, Polycarbonates/thiocarbonates",train
P370029,"Polyoxides/ethers/acetals, Polyesters/thioesters",test
P370030,"Polyoxides/ethers/acetals, Polysulfones/sulfoxides/sufonates/sulfoamides",train
P370031,"Polyoxides/ethers/acetals, Polysulfones/sulfoxides/sufonates/sulfoamides",test
P370032,"Polyoxides/ethers/acetals, Polysulfones/sulfoxides/sufonates/sulfoamides",train
P370033,"Polyoxides/ethers/acetals, Polysulfones/sulfoxides/sufonates/sulfoamides",train
P370034,"Polyoxides/ethers/acetals, Polysulfones/sulfoxides/sufonates/sulfoamides",train
P370035,"Polyoxides/ethers/acetals, Polysulfones/sulfoxides/sufonates/sulfoamides",train
P370036,"Polyoxides/ethers/acetals, Polysulfones/sulfoxides/sufonates/sulfoamides",train
P370037,"Polyoxides/ethers/acetals, Polyketones/thioketones",train
P370038,"Polyoxides/ethers/acetals, Polyketones/thioketones",test
P370039,Polyoxides/ethers/acetals,train
P370040,Polyoxides/ethers/acetals,train
P370041,Polyoxides/ethers/acetals,train
P370042,"Polyoxides/ethers/acetals, Polysulfones/sulfoxides/sufonates/sulfoamides",test
P370043,"Polyoxides/ethers/acetals, Polysulfones/sulfoxides/sufonates/sulfoamides",train
P370044,Polyoxides/ethers/acetals,test
P370045,"Polyoxides/ethers/acetals, Polyesters/thioesters",test
P370051,"Polyoxides/ethers/acetals, Polyesters/thioesters",train
P370067,Polyoxides/ethers/acetals,train
P370072,"Polyoxides/ethers/acetals, Polyketones/thioketones",test
P370073,"Polyoxides/ethers/acetals, Polyketones/thioketones",test
P370074,"Polyoxides/ethers/acetals, Polyketones/thioketones",train
P370078,"Polyoxides/ethers/acetals, Polyamides/thioamides",train
P370090,"Polyoxides/ethers/acetals, Polyesters/thioesters",train
P370105,"Polyoxides/ethers/acetals, Polyesters/thioesters",train
P370106,"Polyoxides/ethers/acetals, Polyesters/thioesters",train
P370109,Polyoxides/ethers/acetals,train
P370111,"Polyoxides/ethers/acetals, Polyamides/thioamides",train
P370112,"Polyoxides/ethers/acetals, Polyamides/thioamides",test
P370113,"Polyoxides/ethers/acetals, Polyamides/thioamides",train
P370115,"Polyoxides/ethers/acetals, Polyimines",train
P370116,"Polyoxides/ethers/acetals, Polyimines",test
P370117,"Polyoxides/ethers/acetals, Polyimines",train
P370119,Polyoxides/ethers/acetals,train
P370120,Polyoxides/ethers/acetals,train
P370129,"Polyoxides/ethers/acetals, Polyimines",test
P370130,"Polyoxides/ethers/acetals, Polyimines",train
P370131,"Polyoxides/ethers/acetals, Polyimines",train
P370132,"Polyoxides/ethers/acetals, Polyimines",train
P370137,Polyoxides/ethers/acetals,train
P370139,Polyoxides/ethers/acetals,train
P370146,Polyoxides/ethers/acetals,train
P370149,Polyoxides/ethers/acetals,train
P370150,"Polyoxides/ethers/acetals, Polyesters/thioesters",train
P370151,"Polyoxides/ethers/acetals, Polyesters/thioesters",train
P370158,"Polyoxides/ethers/acetals, Polyesters/thioesters",train
P370165,"Polyoxides/ethers/acetals, Polyesters/thioesters",train
P370167,"Polyoxides/ethers/acetals, Polyesters/thioesters",test
P370169,"Polyoxides/ethers/acetals, Polyesters/thioesters",train
P370170,"Polyoxides/ethers/acetals, Polyesters/thioesters",train
P370171,"Polyoxides/ethers/acetals, Polyesters/thioesters",train
P370172,"Polyoxides/ethers/acetals, Polyesters/thioesters",train
P370174,"Polyoxides/ethers/acetals, Polyesters/thioesters",test
P370176,Polyoxides/ethers/acetals,train
P370177,Polyoxides/ethers/acetals,test
P370178,Polyoxides/ethers/acetals,test
P370179,Polyoxides/ethers/acetals,train
P370180,Polyoxides/ethers/acetals,train
P370181,Polyoxides/ethers/acetals,train
P370182,Polyoxides/ethers/acetals,train
P370183,Polyoxides/ethers/acetals,train
P370184,Polyoxides/ethers/acetals,train
P370185,Polyoxides/ethers/acetals,train
P370186,"Polyoxides/ethers/acetals, Polyamides/thioamides",test
P370187,"Polyoxides/ethers/acetals, Polyimines",train
P370188,"Polyoxides/ethers/acetals, Polyimines",test
P370190,"Polyoxides/ethers/acetals, Polyamides/thioamides, Polyimines",train
P370191,"Polyoxides/ethers/acetals, Polyamides/thioamides, Polyimines",train
P370192,"Polyoxides/ethers/acetals, Polyamides/thioamides, Polyimines",train
P370193,"Polyoxides/ethers/acetals, Polyamides/thioamides, Polyimines",train
P370194,"Polyoxides/ethers/acetals, Polysulfides, Polyamides/thioamides, Polyimines",train
P370195,"Polyoxides/ethers/acetals, Polysulfides, Polyamides/thioamides, Polyimines",train
P370196,"Polyoxides/ethers/acetals, Polyamides/thioamides, Polyimines, Polysulfones/sulfoxides/sufonates/sulfoamides",test
P370197,"Polyoxides/ethers/acetals, Polyamides/thioamides, Polyimines, Polysulfones/sulfoxides/sufonates/sulfoamides",test
P370198,"Polyoxides/ethers/acetals, Polyamides/thioamides, Polyimines, Polyketones/thioketones",train
P370199,"Polyoxides/ethers/acetals, Polyamides/thioamides, Polyimines",test
P370200,"Polyoxides/ethers/acetals, Polyamides/thioamides, Polyimines",train
P370201,"Polyoxides/ethers/acetals, Polyamides/thioamides, Polyimines",train
P370202,"Polyoxides/ethers/acetals, Polyamides/thioamides, Polyimines",train
P370203,"Polyoxides/ethers/acetals, Polyamides/thioamides, Polyimines",train
P370204,"Polyoxides/ethers/acetals, Polyamides/thioamides, Polyimines, Polyketones/thioketones",test
P370206,"Polyoxides/ethers/acetals, Polyimines",test
P370256,"Polyoxides/ethers/acetals, Polyimines",train
P370286,Polyoxides/ethers/acetals,train
P370303,Polyoxides/ethers/acetals,train
P370304,Polyoxides/ethers/acetals,train
P370305,"Polyoxides/ethers/acetals, Polyimines",train
P370306,"Polyoxides/ethers/acetals, Polyimines",train
P370307,"Polyoxides/ethers/acetals, Polyimines",train
P370308,"Polyoxides/ethers/acetals, Polyimines",train
P370309,"Polyoxides/ethers/acetals, Polyesters/thioesters",test
P370310,Polyoxides/ethers/acetals,train
P370312,Polyoxides/ethers/acetals,train
P370313,"Polyoxides/ethers/acetals, Polyesters/thioesters",train
P370320,"Polyoxides/ethers/acetals, Polyimines",test
P370321,Polyoxides/ethers/acetals,train
P370322,Polyoxides/ethers/acetals,train
P370323,"Polyoxides/ethers/acetals, Polysiloxanes/silanes",train
P370324,"Polyoxides/ethers/acetals, Polysiloxanes/silanes",test
P370325,"Polyoxides/ethers/acetals, Polysiloxanes/silanes",test
P370326,"Polyoxides/ethers/acetals, Polysiloxanes/silanes",train
P370327,Polyoxides/ethers/acetals,train
P370328,"Polyoxides/ethers/acetals, Polyimines",test
P370329,"Polyoxides/ethers/acetals, Polyimines",train
P370330,"Polyoxides/ethers/acetals, Polyimines",train
P370331,"Polyoxides/ethers/acetals, Polyimines",test
P370332,"Polyoxides/ethers/acetals, Polyimines",train
P370333,"Polyoxides/ethers/acetals, Polyketones/thioketones",train
P370334,"Polyoxides/ethers/acetals, Polyketones/thioketones",train
P370335,"Polyoxides/ethers/acetals, Polyketones/thioketones",train
P370336,"Polyoxides/ethers/acetals, Polyketones/thioketones",test
P370338,"Polyoxides/ethers/acetals, Polyamides/thioamides",train
P370341,"Polyoxides/ethers/acetals, Polyamides/thioamides",train
P370342,"Polyoxides/ethers/acetals, Polyamides/thioamides",train
P370343,"Polyoxides/ethers/acetals, Polyamides/thioamides",test
P370344,"Polyoxides/ethers/acetals, Polyamides/thioamides",test
P370345,"Polyoxides/ethers/acetals, Polyamides/thioamides, Polysulfones/sulfoxides/sufonates/sulfoamides",train
P370346,"Polyoxides/ethers/acetals, Polyamides/thioamides",train
P370347,"Polyoxides/ethers/acetals, Polyamides/thioamides",train
P370348,"Polyoxides/ethers/acetals, Polyamides/thioamides",train
P370349,"Polyoxides/ethers/acetals, Polyketones/thioketones",train
P370350,"Polyoxides/ethers/acetals, Polyketones/thioketones",train
P370351,"Polyoxides/ethers/acetals, Polyesters/thioesters, Polyketones/thioketones",test
P370352,"Polyoxides/ethers/acetals, Polyketones/thioketones",train
P370353,Polyoxides/ethers/acetals,train
P370354,"Polyoxides/ethers/acetals, Polyamides/thioamides, Polyimines",test
P370355,"Polyoxides/ethers/acetals, Polyamides/thioamides, Polyimines",train
P370356,"Polyoxides/ethers/acetals, Polyamides/thioamides, Polyimines",train
P370357,"Polyoxides/ethers/acetals, Polyamides/thioamides, Polyimines",test
P370358,"Polyoxides/ethers/acetals, Polyimines, Polyketones/thioketones",train
P370359,"Polyoxides/ethers/acetals, Polyimines, Polyketones/thioketones",test
P370360,"Polyoxides/ethers/acetals, Polyimines, Polyketones/thioketones",train
P370361,"Polyoxides/ethers/acetals, Polyimines, Polyketones/thioketones",train
P370362,"Polyoxides/ethers/acetals, Polyimines, Polysulfones/sulfoxides/sufonates/sulfoamides",train
P370363,"Polyoxides/ethers/acetals, Polyimines",train
P370364,"Polyoxides/ethers/acetals, Polyimines, Polyketones/thioketones",train
P370365,"Polyoxides/ethers/acetals, Polyimines, Polyketones/thioketones",train
P370366,"Polyoxides/ethers/acetals, Polyimines, Polyketones/thioketones",train
P370367,"Polyoxides/ethers/acetals, Polyimines, Polysulfones/sulfoxides/sufonates/sulfoamides",train
P370368,"Polyoxides/ethers/acetals, Polyimines",test
P370369,"Polyoxides/ethers/acetals, Polyesters/thioesters",train
P370371,"Polyoxides/ethers/acetals, Polyketones/thioketones",train
P370372,"Polyoxides/ethers/acetals, Polyesters/thioesters, Polyketones/thioketones",train
P370379,Polyoxides/ethers/acetals,train
P370380,"Polyoxides/ethers/acetals, Polyamides/thioamides, Polyimines",train
P370381,"Polyoxides/ethers/acetals, Polyamides/thioamides, Polyimines",train
P370382,"Polyoxides/ethers/acetals, Polyamides/thioamides, Polyimines",train
P370385,"Polyoxides/ethers/acetals, Polyamides/thioamides, Polyimines",train
P370386,"Polyoxides/ethers/acetals, Polyamides/thioamides, Polyimines",train
P370388,"Polyoxides/ethers/acetals, Polyamides/thioamides",train
P370389,"Polyoxides/ethers/acetals, Polyamides/thioamides",train
P370390,"Polyoxides/ethers/acetals, Polyamides/thioamides",train
P370391,"Polyoxides/ethers/acetals, Polyamides/thioamides",train
P370392,"Polyoxides/ethers/acetals, Polyamides/thioamides",train
P370393,"Polyoxides/ethers/acetals, Polyamides/thioamides",train
P370394,"Polyoxides/ethers/acetals, Polyamides/thioamides",train
P370395,"Polyoxides/ethers/acetals, Polyamides/thioamides",train
P370396,"Polyoxides/ethers/acetals, Polyamides/thioamides",train
P370397,"Polyoxides/ethers/acetals, Polyamides/thioamides",train
P370398,"Polyoxides/ethers/acetals, Polyamides/thioamides",test
P370399,"Polyoxides/ethers/acetals, Polyamides/thioamides",train
P370400,"Polyoxides/ethers/acetals, Polyamides/thioamides",train
P370401,"Polyoxides/ethers/acetals, Polyamides/thioamides",train
P370402,"Polyoxides/ethers/acetals, Polysulfides",train
P370403,"Polyoxides/ethers/acetals, Polyketones/thioketones",train
P370404,"Polyoxides/ethers/acetals, Polyesters/thioesters, Polysulfones/sulfoxides/sufonates/sulfoamides",test
P370406,"Polyoxides/ethers/acetals, Polyamides/thioamides",train
P370407,"Polyoxides/ethers/acetals, Polyamides/thioamides",train
P370410,"Polyoxides/ethers/acetals, Polyamides/thioamides",train
P370411,"Polyoxides/ethers/acetals, Polyamides/thioamides, Polysulfones/sulfoxides/sufonates/sulfoamides",test
P370412,"Polyoxides/ethers/acetals, Polyamides/thioamides",train
P370413,"Polyoxides/ethers/acetals, Polyamides/thioamides",train
P370414,"Polyoxides/ethers/acetals, Polyamides/thioamides",train
P370415,"Polyoxides/ethers/acetals, Polyamides/thioamides",train
P370416,"Polyoxides/ethers/acetals, Polyamides/thioamides, Polysulfones/sulfoxides/sufonates/sulfoamides",test
P370417,"Polyoxides/ethers/acetals, Polyamides/thioamides",train
P370421,"Polyoxides/ethers/acetals, Polyamides/thioamides",test
P370422,"Polyoxides/ethers/acetals, Polyamides/thioamides",train
P370423,"Polyoxides/ethers/acetals, Polyamides/thioamides",train
P370424,"Polyoxides/ethers/acetals, Polyketones/thioketones",test
P370425,"Polyoxides/ethers/acetals, Polyketones/thioketones",train
P370426,"Polyoxides/ethers/acetals, Polyketones/thioketones",train
P370427,"Polyoxides/ethers/acetals, Polyketones/thioketones",train
P370428,"Polyoxides/ethers/acetals, Polyketones/thioketones",train
P370429,"Polyoxides/ethers/acetals, Polyketones/thioketones",train
P370430,"Polyoxides/ethers/acetals, Polyketones/thioketones",train
P370431,"Polyoxides/ethers/acetals, Polyketones/thioketones",train
P370432,"Polyoxides/ethers/acetals, Polyketones/thioketones, Polysulfones/sulfoxides/sufonates/sulfoamides",test
P370433,"Polyoxides/ethers/acetals, Polyketones/thioketones, Polysulfones/sulfoxides/sufonates/sulfoamides",train
P370434,"Polyoxides/ethers/acetals, Polyketones/thioketones, Polysulfones/sulfoxides/sufonates/sulfoamides",train
P370435,"Polyoxides/ethers/acetals, Polyketones/thioketones, Polysulfones/sulfoxides/sufonates/sulfoamides",train
P370436,"Polyoxides/ethers/acetals, Polyketones/thioketones, Polysulfones/sulfoxides/sufonates/sulfoamides",test
P370437,Polyoxides/ethers/acetals,train
P370438,Polyoxides/ethers/acetals,train
P370439,Polyoxides/ethers/acetals,train
P370440,Polyoxides/ethers/acetals,train
P370441,"Polyoxides/ethers/acetals, Polysulfones/sulfoxides/sufonates/sulfoamides",train
P370442,"Polyoxides/ethers/acetals, Polysulfones/sulfoxides/sufonates/sulfoamides",test
P370443,"Polyoxides/ethers/acetals, Polysulfones/sulfoxides/sufonates/sulfoamides",test
P370444,"Polyoxides/ethers/acetals, Polyimines",train
P370445,"Polyoxides/ethers/acetals, Polyimines",train
P370446,"Polyoxides/ethers/acetals, Polyimines",train
P370447,"Polyoxides/ethers/acetals, Polyimines",train
P370448,"Polyoxides/ethers/acetals, Polyimines",train
P370449,"Polyoxides/ethers/acetals, Polyimines",train
P370450,"Polyoxides/ethers/acetals, Polyimines",test
P370451,"Polyoxides/ethers/acetals, Polyimines",train
P370452,"Polyoxides/ethers/acetals, Polyimines",train
P370453,"Polyoxides/ethers/acetals, Polyimines",test
P370454,"Polyoxides/ethers/acetals, Polyketones/thioketones",train
P370455,"Polyoxides/ethers/acetals, Polyketones/thioketones",train
P370456,"Polyoxides/ethers/acetals, Polyketones/thioketones",test
P370457,"Polyoxides/ethers/acetals, Polyketones/thioketones",test
P370458,"Polyoxides/ethers/acetals, Polyketones/thioketones",train
P370459,"Polyoxides/ethers/acetals, Polyketones/thioketones",train
P370460,"Polyoxides/ethers/acetals, Polyketones/thioketones",train
P370461,"Polyoxides/ethers/acetals, Polyketones/thioketones",train
P370462,"Polyoxides/ethers/acetals, Polyketones/thioketones",train
P370463,"Polyoxides/ethers/acetals, Polyketones/thioketones",train
P370464,"Polyoxides/ethers/acetals, Polyketones/thioketones",train
P370465,"Polyoxides/ethers/acetals, Polyketones/thioketones",train
P370466,"Polyoxides/ethers/acetals, Polyimines",train
P370467,"Polyoxides/ethers/acetals, Polyimines",test
P370468,"Polyoxides/ethers/acetals, Polyimines, Polyketones/thioketones",test
P370469,"Polyoxides/ethers/acetals, Polyimines",train
P370470,"Polyoxides/ethers/acetals, Polyimines",train
P370471,"Polyoxides/ethers/acetals, Polyimines",test
P370472,"Polyoxides/ethers/acetals, Polyimines",train
P370473,"Polyoxides/ethers/acetals, Polyimines",train
P370474,"Polyoxides/ethers/acetals, Polyimines, Polyketones/thioketones",train
P370475,"Polyoxides/ethers/acetals, Polyimines",train
P370476,"Polyoxides/ethers/acetals, Polyesters/thioesters",train
P370477,"Polyoxides/ethers/acetals, Polyamides/thioamides, Polysiloxanes/silanes",train
P370478,"Polyoxides/ethers/acetals, Polyimines, Polysiloxanes/silanes",train
P370479,"Polyoxides/ethers/acetals, Polyimines, Polysiloxanes/silanes",train
P370480,"Polyoxides/ethers/acetals, Polyimines, Polysiloxanes/silanes",train
P370481,"Polyoxides/ethers/acetals, Polyimines, Polysiloxanes/silanes",train
P370490,"Polyoxides/ethers/acetals, Polyimines, Polysiloxanes/silanes",train
P370491,"Polyoxides/ethers/acetals, Polyimines, Polysiloxanes/silanes",train
P370492,"Polyoxides/ethers/acetals, Polyimines, Polysiloxanes/silanes",train
P370493,"Polyoxides/ethers/acetals, Polyimines, Polysiloxanes/silanes",train
P370494,"Polyoxides/ethers/acetals, Polyimines",train
P370495,Polyoxides/ethers/acetals,train
P370496,"Polyoxides/ethers/acetals, Polyesters/thioesters",train
P370501,Polyoxides/ethers/acetals,test
P370502,Polyoxides/ethers/acetals,train
P370503,Polyoxides/ethers/acetals,train
P370504,Polyoxides/ethers/acetals,train
P370514,Polyoxides/ethers/acetals,train
P370516,"Polyoxides/ethers/acetals, Polyesters/thioesters",test
P370517,"Polyoxides/ethers/acetals, Polyesters/thioesters",test
P370518,"Polyoxides/ethers/acetals, Polyesters/thioesters",train
P370519,Polyoxides/ethers/acetals,train
P370520,Polyoxides/ethers/acetals,train
P370521,Polyoxides/ethers/acetals,train
P370522,Polyoxides/ethers/acetals,train
P370523,Polyoxides/ethers/acetals,train
P370530,"Polyoxides/ethers/acetals, Polyketones/thioketones",train
P370531,"Polyoxides/ethers/acetals, Polyurethanes/thiourethanes",train
P370551,"Polyoxides/ethers/acetals, Polyamides/thioamides, Polyimines",train
P370552,"Polyoxides/ethers/acetals, Polyamides/thioamides, Polyimines",train
P370553,"Polyoxides/ethers/acetals, Polyamides/thioamides, Polyimines",train
P370558,"Polyoxides/ethers/acetals, Polyesters/thioesters",train
P370591,Polyoxides/ethers/acetals,train
P370595,"Polyoxides/ethers/acetals, Polyesters/thioesters, Polycarbonates/thiocarbonates",train
P370596,"Polyoxides/ethers/acetals, Polyketones/thioketones",train
P370597,"Polyoxides/ethers/acetals, Polyketones/thioketones",train
P370598,"Polyoxides/ethers/acetals, Polyketones/thioketones",train
P370599,"Polyoxides/ethers/acetals, Polyketones/thioketones",test
P370600,"Polyoxides/ethers/acetals, Polyketones/thioketones",train
P370601,"Polyoxides/ethers/acetals, Polyketones/thioketones",train
P370602,"Polyoxides/ethers/acetals, Polyketones/thioketones",test
P370603,"Polyoxides/ethers/acetals, Polyketones/thioketones",train
P370604,"Polyoxides/ethers/acetals, Polyketones/thioketones",test
P370605,"Polyoxides/ethers/acetals, Polyketones/thioketones",test
P370607,Polyoxides/ethers/acetals,test
P370608,Polyoxides/ethers/acetals,test
P370609,Polyoxides/ethers/acetals,train
P370610,Polyoxides/ethers/acetals,train
P370611,Polyoxides/ethers/acetals,train
P370612,Polyoxides/ethers/acetals,test
P370613,Polyoxides/ethers/acetals,train
P370614,Polyoxides/ethers/acetals,train
P370615,Polyoxides/ethers/acetals,train
P370616,Polyoxides/ethers/acetals,train
P370617,Polyoxides/ethers/acetals,train
P370618,Polyoxides/ethers/acetals,train
P370619,"Polyoxides/ethers/acetals, Polyesters/thioesters",train
P370620,"Polyoxides/ethers/acetals, Polyketones/thioketones",train
P370621,"Polyoxides/ethers/acetals, Polyketones/thioketones",train
P370622,"Polyoxides/ethers/acetals, Polyketones/thioketones",train
P370623,"Polyoxides/ethers/acetals, Polyketones/thioketones",train
P370624,"Polyoxides/ethers/acetals, Polyimines",train
P370625,"Polyoxides/ethers/acetals, Polyimines",train
P370627,"Polyoxides/ethers/acetals, Polyimines",test
P370628,"Polyoxides/ethers/acetals, Polyimines",train
P370629,"Polyoxides/ethers/acetals, Polyimines",train
P370630,"Polyoxides/ethers/acetals, Polyimines",train
P370631,"Polyoxides/ethers/acetals, Polyimines",train
P370632,"Polyoxides/ethers/acetals, Polyimines",test
P370633,"Polyoxides/ethers/acetals, Polyimines, Polyketones/thioketones",test
P370634,"Polyoxides/ethers/acetals, Polyimines",train
P370635,"Polyoxides/ethers/acetals, Polyimines, Polyketones/thioketones",train
P370636,"Polyoxides/ethers/acetals, Polyimines",train
P370637,"Polyoxides/ethers/acetals, Polyimines",train
P370638,"Polyoxides/ethers/acetals, Polyimines",train
P370639,"Polyoxides/ethers/acetals, Polyimines",test
P370640,Polyoxides/ethers/acetals,train
P370641,Polyoxides/ethers/acetals,train
P370642,Polyoxides/ethers/acetals,train
P370645,Polyoxides/ethers/acetals,train
P370646,Polyoxides/ethers/acetals,train
P370647,Polyoxides/ethers/acetals,train
P370648,Polyoxides/ethers/acetals,train
P370649,Polyoxides/ethers/acetals,train
P370650,Polyoxides/ethers/acetals,test
P370651,Polyoxides/ethers/acetals,test
P370652,"Polyoxides/ethers/acetals, Polycarbonates/thiocarbonates",train
P370653,"Polyoxides/ethers/acetals, Polycarbonates/thiocarbonates",train
P370654,"Polyoxides/ethers/acetals, Polycarbonates/thiocarbonates",train
P370656,Polyoxides/ethers/acetals,train
P370657,"Polyoxides/ethers/acetals, Polyesters/thioesters",test
P370659,Polyoxides/ethers/acetals,test
P370662,"Polyoxides/ethers/acetals, Polyketones/thioketones",train
P370676,"Polyoxides/ethers/acetals, Polyimines, Polyketones/thioketones",test
P370677,"Polyoxides/ethers/acetals, Polyimines",train
P370678,"Polyoxides/ethers/acetals, Polyimines, Polysulfones/sulfoxides/sufonates/sulfoamides",train
P370679,"Polyoxides/ethers/acetals, Polyimines, Polysulfones/sulfoxides/sufonates/sulfoamides",train
P370680,"Polyoxides/ethers/acetals, Polyimines",train
P370683,"Polyoxides/ethers/acetals, Polysulfones/sulfoxides/sufonates/sulfoamides",train
P370684,"Polyoxides/ethers/acetals, Polysulfones/sulfoxides/sufonates/sulfoamides",train
P370685,"Polyoxides/ethers/acetals, Polysulfones/sulfoxides/sufonates/sulfoamides",train
P370686,"Polyoxides/ethers/acetals, Polysulfones/sulfoxides/sufonates/sulfoamides",train
P370687,"Polyoxides/ethers/acetals, Polysulfones/sulfoxides/sufonates/sulfoamides",train
P370688,Polyoxides/ethers/acetals,train
P370689,"Polyoxides/ethers/acetals, Polyesters/thioesters",train
P370690,Polyoxides/ethers/acetals,train
P370691,Polyoxides/ethers/acetals,train
P370704,Polyoxides/ethers/acetals,train
P370705,"Polyoxides/ethers/acetals, Polysulfones/sulfoxides/sufonates/sulfoamides",train
P370706,"Polyoxides/ethers/acetals, Polysulfones/sulfoxides/sufonates/sulfoamides",train
P370707,"Polyoxides/ethers/acetals, Polyimines",train
P370708,"Polyoxides/ethers/acetals, Polyimines",test
P370709,"Polyoxides/ethers/acetals, Polyimines",train
P370710,"Polyoxides/ethers/acetals, Polyimines",train
P370711,"Polyoxides/ethers/acetals, Polyimines, Polyketones/thioketones",train
P370712,"Polyoxides/ethers/acetals, Polyimines, Polysulfones/sulfoxides/sufonates/sulfoamides",train
P370715,Polyoxides/ethers/acetals,train
P370719,"Polyoxides/ethers/acetals, Polyimines",train
P370720,"Polyoxides/ethers/acetals, Polyimines",test
P370722,"Polyoxides/ethers/acetals, Polyimines",train
P370726,"Polyoxides/ethers/acetals, Polyesters/thioesters, Polyimines, Polysulfones/sulfoxides/sufonates/sulfoamides",train
P370728,"Polyoxides/ethers/acetals, Polyimines",train
P370729,"Polyoxides/ethers/acetals, Polyimines",train
P370730,"Polyoxides/ethers/acetals, Polyimines",test
P370731,"Polyoxides/ethers/acetals, Polyimines",train
P370732,"Polyoxides/ethers/acetals, Polyimines",train
P370733,"Polyoxides/ethers/acetals, Polyimines",test
P370734,"Polyoxides/ethers/acetals, Polyimines",test
P370735,"Polyoxides/ethers/acetals, Polyketones/thioketones",train
P370736,"Polyoxides/ethers/acetals, Polyimines",train
P370737,"Polyoxides/ethers/acetals, Polyimines",train
P370738,"Polyoxides/ethers/acetals, Polyimines",train
P370739,"Polyoxides/ethers/acetals, Polyimines",train
P370740,"Polyoxides/ethers/acetals, Polyketones/thioketones",train
P370741,"Polyoxides/ethers/acetals, Polyimines",train
P370742,"Polyoxides/ethers/acetals, Polyimines",test
P370743,"Polyoxides/ethers/acetals, Polyketones/thioketones",train
P370744,"Polyoxides/ethers/acetals, Polyketones/thioketones",train
P370745,"Polyoxides/ethers/acetals, Polyimines",train
P370746,"Polyoxides/ethers/acetals, Polyimines",test
P370747,"Polyoxides/ethers/acetals, Polyimines, Polyketones/thioketones",train
P370748,"Polyoxides/ethers/acetals, Polyimines, Polysulfones/sulfoxides/sufonates/sulfoamides",train
P370749,"Polyoxides/ethers/acetals, Polyimines, Polyketones/thioketones",train
P370752,Polyoxides/ethers/acetals,train
P370753,"Polyoxides/ethers/acetals, Polysulfones/sulfoxides/sufonates/sulfoamides",train
P370754,Polyoxides/ethers/acetals,train
P370755,Polyoxides/ethers/acetals,train
P370756,"Polyoxides/ethers/acetals, Polyesters/thioesters",train
P370757,"Polyoxides/ethers/acetals, Polyimines",train
P370758,"Polyoxides/ethers/acetals, Polyimines",test
P370759,"Polyoxides/ethers/acetals, Polysulfides, Polyketones/thioketones",train
P370760,"Polyoxides/ethers/acetals, Polysulfides, Polyketones/thioketones",train
P370761,"Polyoxides/ethers/acetals, Polysulfides, Polyketones/thioketones",train
P370763,"Polyoxides/ethers/acetals, Polysulfides, Polyketones/thioketones",train
P370765,"Polyoxides/ethers/acetals, Polysulfones/sulfoxides/sufonates/sulfoamides",train
P370766,"Polyoxides/ethers/acetals, Polysulfones/sulfoxides/sufonates/sulfoamides",train
P370767,"Polyoxides/ethers/acetals, Polysulfones/sulfoxides/sufonates/sulfoamides",train
P370768,"Polyoxides/ethers/acetals, Polysulfones/sulfoxides/sufonates/sulfoamides",train
P370769,"Polyoxides/ethers/acetals, Polysulfones/sulfoxides/sufonates/sulfoamides",train
P370770,Polyoxides/ethers/acetals,train
P370771,"Polyoxides/ethers/acetals, Polyesters/thioesters",train
P370772,"Polyoxides/ethers/acetals, Polysulfones/sulfoxides/sufonates/sulfoamides",train
P370773,"Polyoxides/ethers/acetals, Polysulfones/sulfoxides/sufonates/sulfoamides",train
P370780,"Polyoxides/ethers/acetals, Polyimines",test
P370782,"Polyoxides/ethers/acetals, Polyimines",train
P370791,"Polyoxides/ethers/acetals, Polyketones/thioketones",train
P370792,"Polyoxides/ethers/acetals, Polyketones/thioketones",train
P370793,"Polyoxides/ethers/acetals, Polyketones/thioketones",train
P370794,"Polyoxides/ethers/acetals, Polyketones/thioketones",test
P370795,"Polyoxides/ethers/acetals, Polyimines, Polysulfones/sulfoxides/sufonates/sulfoamides",train
P370796,"Polyoxides/ethers/acetals, Polyimines, Polyketones/thioketones",train
P370797,"Polyoxides/ethers/acetals, Polyimines, Polyketones/thioketones",train
P370798,"Polyoxides/ethers/acetals, Polyimines, Polyketones/thioketones",train
P370799,"Polyoxides/ethers/acetals, Polyimines, Polyketones/thioketones",test
P370800,"Polyoxides/ethers/acetals, Polyimines, Polyketones/thioketones",train
P370801,"Polyoxides/ethers/acetals, Polyimines, Polyketones/thioketones",train
P370802,"Polyoxides/ethers/acetals, Polyimines, Polysulfones/sulfoxides/sufonates/sulfoamides",train
P370803,"Polyoxides/ethers/acetals, Polyimines, Polyketones/thioketones",test
P370804,"Polyoxides/ethers/acetals, Polyimines, Polyketones/thioketones",train
P370805,"Polyoxides/ethers/acetals, Polyimines, Polyketones/thioketones",train
P370806,"Polyoxides/ethers/acetals, Polyimines, Polyketones/thioketones",test
P370807,"Polyoxides/ethers/acetals, Polyimines",train
P370808,"Polyoxides/ethers/acetals, Polyimines",test
P370809,"Polyoxides/ethers/acetals, Polyimines",train
P370810,"Polyoxides/ethers/acetals, Polyimines",train
P370811,"Polyoxides/ethers/acetals, Polyimines",train
P370812,"Polyoxides/ethers/acetals, Polyimines",test
P370824,Polyoxides/ethers/acetals,test
P370825,"Polyoxides/ethers/acetals, Polycarbonates/thiocarbonates",train
P370827,"Polyoxides/ethers/acetals, Polyesters/thioesters",train
P370828,Polyoxides/ethers/acetals,train
P370829,Polyoxides/ethers/acetals,train
P370830,Polyoxides/ethers/acetals,train
P370831,Polyoxides/ethers/acetals,train
P370832,"Polyoxides/ethers/acetals, Polyimines, Polyketones/thioketones",test
P370834,"Polyoxides/ethers/acetals, Polyimines",train
P370835,"Polyoxides/ethers/acetals, Polyimines, Polysulfones/sulfoxides/sufonates/sulfoamides",train
P370836,"Polyoxides/ethers/acetals, Polyimines, Polyketones/thioketones",train
P370837,"Polyoxides/ethers/acetals, Polyimines, Polyketones/thioketones",train
P370838,"Polyoxides/ethers/acetals, Polyimines, Polyketones/thioketones",train
P370839,"Polyoxides/ethers/acetals, Polyimines, Polyketones/thioketones",train
P370840,"Polyoxides/ethers/acetals, Polyimines, Polyketones/thioketones",train
P370841,"Polyoxides/ethers/acetals, Polyimines, Polyketones/thioketones",test
P370842,"Polyoxides/ethers/acetals, Polyimines, Polyketones/thioketones",train
P370843,"Polyoxides/ethers/acetals, Polyimines, Polyketones/thioketones",test
P370846,"Polyoxides/ethers/acetals, Polyimines",test
P370847,"Polyoxides/ethers/acetals, Polyimines",train
P370848,"Polyoxides/ethers/acetals, Polyimines",train
P370853,"Polyoxides/ethers/acetals, Polyimines",train
P372002,Polyoxides/ethers/acetals,train
P372003,Polyoxides/ethers/acetals,train
P372004,Polyoxides/ethers/acetals,test
P372005,Polyoxides/ethers/acetals,train
P372006,Polyoxides/ethers/acetals,train
P372013,Polyoxides/ethers/acetals,train
P372016,Polyoxides/ethers/acetals,train
P372017,Polyoxides/ethers/acetals,test
P372018,Polyoxides/ethers/acetals,train
P372019,Polyoxides/ethers/acetals,train
P372020,Polyoxides/ethers/acetals,test
P372021,Polyoxides/ethers/acetals,train
P372022,Polyoxides/ethers/acetals,train
P372023,Polyoxides/ethers/acetals,train
P372025,"Polyoxides/ethers/acetals, Polyimines",train
P372026,"Polyoxides/ethers/acetals, Polysulfones/sulfoxides/sufonates/sulfoamides",train
P372027,"Polyoxides/ethers/acetals, Polysulfones/sulfoxides/sufonates/sulfoamides",train
P372028,"Polyoxides/ethers/acetals, Polyimines, Polysulfones/sulfoxides/sufonates/sulfoamides",train
P372029,"Polyoxides/ethers/acetals, Polyimines",train
P372030,"Polyoxides/ethers/acetals, Polyimines",test
P372031,"Polyoxides/ethers/acetals, Polyimines",train
P372032,"Polyoxides/ethers/acetals, Polyimines",train
P372033,"Polyoxides/ethers/acetals, Polyimines",train
P372034,"Polyoxides/ethers/acetals, Polyimines",test
P372035,"Polyoxides/ethers/acetals, Polyimines",train
P372036,"Polyoxides/ethers/acetals, Polyimines",train
P372037,"Polyoxides/ethers/acetals, Polyimines",train
P372038,"Polyoxides/ethers/acetals, Polyimines",train
P372039,"Polyoxides/ethers/acetals, Polyimines",train
P372040,"Polyoxides/ethers/acetals, Polyimines",train
P372041,"Polyoxides/ethers/acetals, Polyimines",train
P372042,"Polyoxides/ethers/acetals, Polyimines",test
P372043,"Polyoxides/ethers/acetals, Polyimines",train
P372044,"Polyoxides/ethers/acetals, Polyimines",train
P372045,"Polyoxides/ethers/acetals, Polysulfides, Polyesters/thioesters",train
P372046,"Polyoxides/ethers/acetals, Polysulfides, Polyesters/thioesters",train
P372047,"Polyoxides/ethers/acetals, Polysulfides, Polyesters/thioesters",train
P372048,"Polyoxides/ethers/acetals, Polysulfides, Polyesters/thioesters",train
P372054,"Polyoxides/ethers/acetals, Polycarbonates/thiocarbonates",test
P372055,"Polyoxides/ethers/acetals, Polycarbonates/thiocarbonates",test
P372056,"Polyoxides/ethers/acetals, Polycarbonates/thiocarbonates",test
P372057,"Polyoxides/ethers/acetals, Polycarbonates/thiocarbonates",test
P372058,"Polyoxides/ethers/acetals, Polycarbonates/thiocarbonates",test
P372059,"Polyoxides/ethers/acetals, Polycarbonates/thiocarbonates",train
P372060,"Polyoxides/ethers/acetals, Polycarbonates/thiocarbonates",train
P372061,"Polyoxides/ethers/acetals, Polycarbonates/thiocarbonates",train
P372062,"Polyoxides/ethers/acetals, Polycarbonates/thiocarbonates",test
P372063,"Polyoxides/ethers/acetals, Polycarbonates/thiocarbonates, Polyketones/thioketones",train
P372064,"Polyoxides/ethers/acetals, Polycarbonates/thiocarbonates, Polyketones/thioketones",train
P372065,"Polyoxides/ethers/acetals, Polycarbonates/thiocarbonates, Polyketones/thioketones",train
P372066,"Polyoxides/ethers/acetals, Polycarbonates/thiocarbonates, Polyketones/thioketones",train
P372067,"Polyoxides/ethers/acetals, Polycarbonates/thiocarbonates, Polyketones/thioketones",train
P372068,"Polyoxides/ethers/acetals, Polycarbonates/thiocarbonates, Polyketones/thioketones",test
P372069,"Polyoxides/ethers/acetals, Polycarbonates/thiocarbonates, Polyketones/thioketones",test
P372070,"Polyoxides/ethers/acetals, Polycarbonates/thiocarbonates, Polyketones/thioketones",train
P372071,"Polyoxides/ethers/acetals, Polycarbonates/thiocarbonates, Polyketones/thioketones",test
P372072,"Polyoxides/ethers/acetals, Polysulfones/sulfoxides/sufonates/sulfoamides",train
P372073,"Polyoxides/ethers/acetals, Polysulfones/sulfoxides/sufonates/sulfoamides",train
P372074,"Polyoxides/ethers/acetals, Polysulfones/sulfoxides/sufonates/sulfoamides",train
P372075,"Polyoxides/ethers/acetals, Polyesters/thioesters",train
P372076,"Polyoxides/ethers/acetals, Polyesters/thioesters",train
P372084,"Polyoxides/ethers/acetals, Polysulfones/sulfoxides/sufonates/sulfoamides",train
P372085,"Polyoxides/ethers/acetals, Polysulfones/sulfoxides/sufonates/sulfoamides",train
P372087,"Polyoxides/ethers/acetals, Polysulfones/sulfoxides/sufonates/sulfoamides",train
P372088,"Polyoxides/ethers/acetals, Polysulfones/sulfoxides/sufonates/sulfoamides",train
P372089,"Polyoxides/ethers/acetals, Polysulfones/sulfoxides/sufonates/sulfoamides",test
P372090,"Polyoxides/ethers/acetals, Polyesters/thioesters, Polyimines, Polyketones/thioketones",train
P372091,"Polyoxides/ethers/acetals, Polyesters/thioesters, Polyimines, Polyketones/thioketones",train
P372093,"Polyoxides/ethers/acetals, Polyesters/thioesters, Polyimines, Polyketones/thioketones",train
P372097,"Polyoxides/ethers/acetals, Polyimines",train
P372098,"Polyoxides/ethers/acetals, Polyimines",test
P372099,"Polyoxides/ethers/acetals, Polyketones/thioketones",train
P372100,"Polyoxides/ethers/acetals, Polyketones/thioketones",train
P372102,"Polyoxides/ethers/acetals, Polyimines, Polyketones/thioketones",test
P372103,"Polyoxides/ethers/acetals, Polyimines, Polyketones/thioketones",train
P372104,"Polyoxides/ethers/acetals, Polyimines, Polyketones/thioketones",train
P372108,"Polyoxides/ethers/acetals, Polyimines",train
P372109,"Polyoxides/ethers/acetals, Polyesters/thioesters, Polyimines",train
P372111,"Polyoxides/ethers/acetals, Polycarbonates/thiocarbonates",train
P372112,"Polyoxides/ethers/acetals, Polycarbonates/thiocarbonates",train
P372113,"Polyoxides/ethers/acetals, Polysulfones/sulfoxides/sufonates/sulfoamides",train
P372114,"Polyoxides/ethers/acetals, Polysulfones/sulfoxides/sufonates/sulfoamides",train
P372115,"Polyoxides/ethers/acetals, Polysulfones/sulfoxides/sufonates/sulfoamides",test
P372116,"Polyoxides/ethers/acetals, Polysulfones/sulfoxides/sufonates/sulfoamides",train
P372117,"Polyoxides/ethers/acetals, Polyamides/thioamides, Polyketones/thioketones",train
P372118,"Polyoxides/ethers/acetals, Polyamides/thioamides, Polyketones/thioketones",test
P372119,"Polyoxides/ethers/acetals, Polyamides/thioamides, Polyimines, Polyketones/thioketones",test
P372120,"Polyoxides/ethers/acetals, Polyamides/thioamides, Polyketones/thioketones",train
P372121,"Polyoxides/ethers/acetals, Polyamides/thioamides, Polyketones/thioketones",train
P372122,"Polyoxides/ethers/acetals, Polyamides/thioamides, Polyimines, Polyketones/thioketones",train
P372123,"Polyoxides/ethers/acetals, Polyimines",train
P372124,"Polyoxides/ethers/acetals, Polyimines",test
P372125,"Polyoxides/ethers/acetals, Polyimines",train
P372126,"Polyoxides/ethers/acetals, Polyimines",train
P372127,"Polyoxides/ethers/acetals, Polysulfides, Polyimines",train
P372128,"Polyoxides/ethers/acetals, Polyimines",test
P372129,"Polyoxides/ethers/acetals, Polyimines",train
P372130,"Polyoxides/ethers/acetals, Polyesters/thioesters",train
P372131,"Polyoxides/ethers/acetals, Polyamides/thioamides, Polysulfones/sulfoxides/sufonates/sulfoamides",train
P372132,"Polyoxides/ethers/acetals, Polyamides/thioamides, Polysulfones/sulfoxides/sufonates/sulfoamides",train
P372133,"Polyoxides/ethers/acetals, Polyamides/thioamides",train
P372134,"Polyoxides/ethers/acetals, Polyamides/thioamides, Polyketones/thioketones",train
P372136,"Polyoxides/ethers/acetals, Polyamides/thioamides, Polyketones/thioketones",train
P372137,"Polyoxides/ethers/acetals, Polyamides/thioamides, Polyketones/thioketones",train
P372138,"Polyoxides/ethers/acetals, Polyamides/thioamides, Polyketones/thioketones",train
P372139,"Polyoxides/ethers/acetals, Polyamides/thioamides, Polyketones/thioketones",train
P372140,"Polyoxides/ethers/acetals, Polyamides/thioamides, Polyketones/thioketones",train
P372141,"Polyoxides/ethers/acetals, Polyamides/thioamides, Polyketones/thioketones",train
P372142,"Polyoxides/ethers/acetals, Polyamides/thioamides, Polyketones/thioketones",train
P372143,"Polyoxides/ethers/acetals, Polyamides/thioamides, Polyketones/thioketones",train
P372144,"Polyoxides/ethers/acetals, Polyamides/thioamides, Polyketones/thioketones",test
P372145,"Polyoxides/ethers/acetals, Polyamides/thioamides, Polyketones/thioketones",train
P372147,"Polyoxides/ethers/acetals, Polyamides/thioamides, Polyketones/thioketones",test
P372148,"Polyoxides/ethers/acetals, Polyamides/thioamides, Polyketones/thioketones",train
P372149,"Polyoxides/ethers/acetals, Polyamides/thioamides, Polyketones/thioketones",test
P372150,"Polyoxides/ethers/acetals, Polyamides/thioamides, Polyketones/thioketones",train
P372151,"Polyoxides/ethers/acetals, Polyamides/thioamides, Polyketones/thioketones",test
P372152,"Polyoxides/ethers/acetals, Polyketones/thioketones",train
P372153,"Polyoxides/ethers/acetals, Polyamides/thioamides",train
P372154,"Polyoxides/ethers/acetals, Polysulfones/sulfoxides/sufonates/sulfoamides",train
P372155,"Polyoxides/ethers/acetals, Polysulfones/sulfoxides/sufonates/sulfoamides",train
P372156,"Polyoxides/ethers/acetals, Polysulfones/sulfoxides/sufonates/sulfoamides",train
P372157,"Polyoxides/ethers/acetals, Polysulfones/sulfoxides/sufonates/sulfoamides",train
P372158,"Polyoxides/ethers/acetals, Polysulfones/sulfoxides/sufonates/sulfoamides",train
P372159,"Polyoxides/ethers/acetals, Polysulfones/sulfoxides/sufonates/sulfoamides",train
P372160,"Polyoxides/ethers/acetals, Polysulfones/sulfoxides/sufonates/sulfoamides",test
P372161,"Polyoxides/ethers/acetals, Polysulfones/sulfoxides/sufonates/sulfoamides",test
P372162,"Polyoxides/ethers/acetals, Polysulfones/sulfoxides/sufonates/sulfoamides",train
P372163,"Polyoxides/ethers/acetals, Polysulfones/sulfoxides/sufonates/sulfoamides",test
P372164,"Polyoxides/ethers/acetals, Polysulfones/sulfoxides/sufonates/sulfoamides",test
P372165,"Polyoxides/ethers/acetals, Polysulfones/sulfoxides/sufonates/sulfoamides",train
P372166,"Polyoxides/ethers/acetals, Polysulfones/sulfoxides/sufonates/sulfoamides",train
P372167,"Polyoxides/ethers/acetals, Polysulfones/sulfoxides/sufonates/sulfoamides",train
P372168,"Polyoxides/ethers/acetals, Polysulfones/sulfoxides/sufonates/sulfoamides",train
P372169,"Polyoxides/ethers/acetals, Polyamides/thioamides",train
P372170,"Polyoxides/ethers/acetals, Polycarbonates/thiocarbonates",test
P372172,"Polyoxides/ethers/acetals, Polyesters/thioesters",train
P372173,"Polyoxides/ethers/acetals, Polyesters/thioesters",train
P372182,"Polyoxides/ethers/acetals, Polyimines",test
P372194,"Polyoxides/ethers/acetals, Polyesters/thioesters",train
P372195,"Polyoxides/ethers/acetals, Polyesters/thioesters",test
P372196,"Polyoxides/ethers/acetals, Polyimines",train
P372197,"Polyoxides/ethers/acetals, Polyimines",train
P372198,"Polyoxides/ethers/acetals, Polyimines",test
P372199,"Polyoxides/ethers/acetals, Polyimines",train
P372200,"Polyoxides/ethers/acetals, Polyamides/thioamides",test
P372201,"Polyoxides/ethers/acetals, Polyamides/thioamides",train
P372202,"Polyoxides/ethers/acetals, Polyamides/thioamides",train
P372204,"Polyoxides/ethers/acetals, Polyesters/thioesters",train
P372205,"Polyoxides/ethers/acetals, Polyesters/thioesters",train
P372206,"Polyoxides/ethers/acetals, Polyesters/thioesters",train
P372207,"Polyoxides/ethers/acetals, Polyesters/thioesters",train
P372208,"Polyoxides/ethers/acetals, Polyesters/thioesters",train
P372209,"Polyoxides/ethers/acetals, Polyesters/thioesters",train
P372210,"Polyoxides/ethers/acetals, Polyesters/thioesters",train
P372211,"Polyoxides/ethers/acetals, Polyesters/thioesters",train
P372212,"Polyoxides/ethers/acetals, Polyesters/thioesters",train
P372213,"Polyoxides/ethers/acetals, Polyesters/thioesters, Polycarbonates/thiocarbonates",train
P372214,"Polyoxides/ethers/acetals, Polysulfones/sulfoxides/sufonates/sulfoamides",test
P372215,"Polyoxides/ethers/acetals, Polysulfones/sulfoxides/sufonates/sulfoamides",train
P372216,"Polyoxides/ethers/acetals, Polyurethanes/thiourethanes",train
P372217,"Polyoxides/ethers/acetals, Polyurethanes/thiourethanes",train
P372218,"Polyoxides/ethers/acetals, Polyurethanes/thiourethanes",train
P372223,"Polyoxides/ethers/acetals, Polyamides/thioamides",train
P372224,"Polyoxides/ethers/acetals, Polyimines",train
P372225,"Polyoxides/ethers/acetals, Polyimines",train
P372226,Polyoxides/ethers/acetals,train
P372240,"Polyoxides/ethers/acetals, Polyamides/thioamides",train
P372241,"Polyoxides/ethers/acetals, Polyimines",train
P372242,"Polyoxides/ethers/acetals, Polyimines",train
P372243,"Polyoxides/ethers/acetals, Polyimines, Polyketones/thioketones",train
P372244,"Polyoxides/ethers/acetals, Polyimines",test
P372245,"Polyoxides/ethers/acetals, Polyimines",test
P372246,"Polyoxides/ethers/acetals, Polyimines, Polyketones/thioketones",train
P372247,"Polyoxides/ethers/acetals, Polyimines",train
P372248,"Polyoxides/ethers/acetals, Polyimines",test
P372249,"Polyoxides/ethers/acetals, Polyimines, Polyketones/thioketones",train
P372250,"Polyoxides/ethers/acetals, Polyimines",train
P372251,"Polyoxides/ethers/acetals, Polyimines",train
P372252,"Polyoxides/ethers/acetals, Polyimines, Polyketones/thioketones",train
P372253,"Polyoxides/ethers/acetals, Polyimines",train
P372254,"Polyoxides/ethers/acetals, Polyimines",train
P372255,"Polyoxides/ethers/acetals, Polyimines, Polyketones/thioketones",train
P372256,"Polyoxides/ethers/acetals, Polyesters/thioesters",test
P372257,"Polyoxides/ethers/acetals, Polyesters/thioesters",train
P372261,Polyoxides/ethers/acetals,train
P372262,Polyoxides/ethers/acetals,train
P372263,Polyoxides/ethers/acetals,test
P372264,Polyoxides/ethers/acetals,train
P372267,"Polyoxides/ethers/acetals, Polyketones/thioketones",train
P372268,"Polyoxides/ethers/acetals, Polyketones/thioketones",train
P372272,"Polyoxides/ethers/acetals, Polyamides/thioamides",train
P372274,"Polyoxides/ethers/acetals, Polyketones/thioketones",train
P372275,Polyoxides/ethers/acetals,train
P372276,"Polyoxides/ethers/acetals, Polyketones/thioketones",train
P372279,"Polyoxides/ethers/acetals, Polysulfides, Polyimines",train
P372280,"Polyoxides/ethers/acetals, Polysulfides, Polyimines",train
P372281,"Polyoxides/ethers/acetals, Polysulfides, Polyimines",test
P372288,"Polyoxides/ethers/acetals, Polyamides/thioamides, Polyimines",train
P372292,"Polyoxides/ethers/acetals, Polyamides/thioamides",train
P372293,"Polyoxides/ethers/acetals, Polyamides/thioamides",train
P372294,"Polyoxides/ethers/acetals, Polyamides/thioamides",train
P372296,"Polyoxides/ethers/acetals, Polyamides/thioamides, Polysulfones/sulfoxides/sufonates/sulfoamides",test
P372297,"Polyoxides/ethers/acetals, Polyamides/thioamides, Polysulfones/sulfoxides/sufonates/sulfoamides",train
P372298,"Polyoxides/ethers/acetals, Polyamides/thioamides",train
P372302,"Polyoxides/ethers/acetals, Polyketones/thioketones",train
P372303,"Polyoxides/ethers/acetals, Polyketones/thioketones",test
P372304,"Polyoxides/ethers/acetals, Polyketones/thioketones",train
P372305,"Polyoxides/ethers/acetals, Polysulfones/sulfoxides/sufonates/sulfoamides",train
P372306,"Polyoxides/ethers/acetals, Polysulfones/sulfoxides/sufonates/sulfoamides",train
P372309,"Polyoxides/ethers/acetals, Polyesters/thioesters",train
P372310,"Polyoxides/ethers/acetals, Polyesters/thioesters",test
P372311,"Polyoxides/ethers/acetals, Polyesters/thioesters",train
P372312,"Polyoxides/ethers/acetals, Polyesters/thioesters",test
P372313,"Polyoxides/ethers/acetals, Polyketones/thioketones",test
P372314,"Polyoxides/ethers/acetals, Polyketones/thioketones",train
P372315,"Polyoxides/ethers/acetals, Polyketones/thioketones",test
P372316,"Polyoxides/ethers/acetals, Polyketones/thioketones",test
P372317,"Polyoxides/ethers/acetals, Polyketones/thioketones",train
P372318,"Polyoxides/ethers/acetals, Polyimines",train
P372319,"Polyoxides/ethers/acetals, Polyimines",train
P372320,"Polyoxides/ethers/acetals, Polyimines",train
P372326,"Polyoxides/ethers/acetals, Polyurethanes/thiourethanes",train
P372328,"Polyoxides/ethers/acetals, Polyurethanes/thiourethanes",train
P372329,"Polyoxides/ethers/acetals, Polyurethanes/thiourethanes",test
P372331,Polyoxides/ethers/acetals,train
P372332,Polyoxides/ethers/acetals,train
P372336,Polyoxides/ethers/acetals,test
P372349,Polyoxides/ethers/acetals,train
P372351,"Polyoxides/ethers/acetals, Polyamides/thioamides",train
P372352,"Polyoxides/ethers/acetals, Polyamides/thioamides",train
P372353,"Polyoxides/ethers/acetals, Polyamides/thioamides",train
P372355,"Polyoxides/ethers/acetals, Polyamides/thioamides",test
P372356,"Polyoxides/ethers/acetals, Polyamides/thioamides",train
P372357,"Polyoxides/ethers/acetals, Polyamides/thioamides",train
P372359,"Polyoxides/ethers/acetals, Polyamides/thioamides",train
P372361,"Polyoxides/ethers/acetals, Polyamides/thioamides",train
P372362,"Polyoxides/ethers/acetals, Polyamides/thioamides",test
P372364,"Polyoxides/ethers/acetals, Polyamides/thioamides, Polyimines",train
P372365,"Polyoxides/ethers/acetals, Polyamides/thioamides",train
P372366,"Polyoxides/ethers/acetals, Polyamides/thioamides",train
P372367,"Polyoxides/ethers/acetals, Polyamides/thioamides",train
P372368,"Polyoxides/ethers/acetals, Polyamides/thioamides",train
P372369,"Polyoxides/ethers/acetals, Polyamides/thioamides, Polysulfones/sulfoxides/sufonates/sulfoamides",train
P372370,"Polyoxides/ethers/acetals, Polyamides/thioamides",train
P372371,"Polyoxides/ethers/acetals, Polyamides/thioamides",train
P372372,"Polyoxides/ethers/acetals, Polyamides/thioamides",train
P372373,"Polyoxides/ethers/acetals, Polyamides/thioamides",train
P372374,"Polyoxides/ethers/acetals, Polyamides/thioamides",train
P372375,"Polyoxides/ethers/acetals, Polyamides/thioamides",train
P372376,"Polyoxides/ethers/acetals, Polyamides/thioamides",train
P372377,Polyoxides/ethers/acetals,train
P372378,Polyoxides/ethers/acetals,train
P372379,Polyoxides/ethers/acetals,train
P372380,"Polyoxides/ethers/acetals, Polyamides/thioamides",train
P372381,"Polyoxides/ethers/acetals, Polyamides/thioamides",train
P372382,"Polyoxides/ethers/acetals, Polyamides/thioamides",train
P372383,"Polyoxides/ethers/acetals, Polyamides/thioamides",train
P372384,"Polyoxides/ethers/acetals, Polyamides/thioamides",train
P372385,"Polyoxides/ethers/acetals, Polyamides/thioamides",train
P372386,"Polyoxides/ethers/acetals, Polyamides/thioamides, Polysulfones/sulfoxides/sufonates/sulfoamides",test
P372387,"Polyoxides/ethers/acetals, Polyamides/thioamides",test
P372388,"Polyoxides/ethers/acetals, Polyamides/thioamides",train
P372389,"Polyoxides/ethers/acetals, Polyamides/thioamides",train
P372390,"Polyoxides/ethers/acetals, Polyesters/thioesters",train
P372391,"Polyoxides/ethers/acetals, Polyesters/thioesters, Polyamides/thioamides",train
P372392,"Polyoxides/ethers/acetals, Polyesters/thioesters, Polyamides/thioamides",train
P372393,"Polyoxides/ethers/acetals, Polyesters/thioesters, Polyamides/thioamides",train
P372394,"Polyoxides/ethers/acetals, Polyesters/thioesters, Polyamides/thioamides",test
P372395,"Polyoxides/ethers/acetals, Polyesters/thioesters, Polyamides/thioamides",train
P372396,"Polyoxides/ethers/acetals, Polyesters/thioesters, Polyamides/thioamides",train
P372397,"Polyoxides/ethers/acetals, Polyesters/thioesters, Polyamides/thioamides",train
P372398,"Polyoxides/ethers/acetals, Polyesters/thioesters, Polyamides/thioamides",train
P372399,"Polyoxides/ethers/acetals, Polyesters/thioesters, Polyamides/thioamides",train
P372400,"Polyoxides/ethers/acetals, Polyesters/thioesters, Polyamides/thioamides",test
P372401,"Polyoxides/ethers/acetals, Polyesters/thioesters, Polyamides/thioamides",train
P372402,"Polyoxides/ethers/acetals, Polyesters/thioesters, Polyamides/thioamides",test
P372403,"Polyoxides/ethers/acetals, Polyesters/thioesters, Polyamides/thioamides",train
P372404,"Polyoxides/ethers/acetals, Polyesters/thioesters, Polyamides/thioamides",train
P372405,"Polyoxides/ethers/acetals, Polyesters/thioesters, Polyamides/thioamides",train
P372406,"Polyoxides/ethers/acetals, Polyesters/thioesters, Polyamides/thioamides",train
P372407,"Polyoxides/ethers/acetals, Polyesters/thioesters, Polyamides/thioamides",test
P372408,"Polyoxides/ethers/acetals, Polyesters/thioesters, Polyamides/thioamides",train
P372409,"Polyoxides/ethers/acetals, Polyesters/thioesters, Polyamides/thioamides",train
P372410,"Polyoxides/ethers/acetals, Polyesters/thioesters, Polyamides/thioamides",train
P372411,"Polyoxides/ethers/acetals, Polyesters/thioesters, Polyamides/thioamides",train
P372412,"Polyoxides/ethers/acetals, Polyesters/thioesters, Polyamides/thioamides",train
P372413,"Polyoxides/ethers/acetals, Polyesters/thioesters, Polyamides/thioamides",train
P372414,"Polyoxides/ethers/acetals, Polyesters/thioesters, Polyamides/thioamides",train
P372415,"Polyoxides/ethers/acetals, Polyesters/thioesters, Polyamides/thioamides",train
P372416,"Polyoxides/ethers/acetals, Polyesters/thioesters, Polyamides/thioamides",train
P372417,"Polyoxides/ethers/acetals, Polyesters/thioesters, Polyamides/thioamides",train
P372418,"Polyoxides/ethers/acetals, Polyesters/thioesters, Polyamides/thioamides",train
P372419,Polyoxides/ethers/acetals,train
P372420,Polyoxides/ethers/acetals,train
P372421,Polyoxides/ethers/acetals,train
P372422,Polyoxides/ethers/acetals,test
P372423,"Polyoxides/ethers/acetals, Polysulfones/sulfoxides/sufonates/sulfoamides",train
P372424,"Polyoxides/ethers/acetals, Polyimines",train
P372425,"Polyoxides/ethers/acetals, Polyimines",train
P372426,"Polyoxides/ethers/acetals, Polyimines",test
P372427,"Polyoxides/ethers/acetals, Polysulfides",train
P372428,"Polyoxides/ethers/acetals, Polysulfides",train
P372429,"Polyoxides/ethers/acetals, Polysulfides",test
P372432,Polyoxides/ethers/acetals,train
P372435,"Polyoxides/ethers/acetals, Polyamides/thioamides",train
P372436,"Polyoxides/ethers/acetals, Polyamides/thioamides",train
P372437,"Polyoxides/ethers/acetals, Polyamides/thioamides",train
P372438,"Polyoxides/ethers/acetals, Polyimines",train
P372439,"Polyoxides/ethers/acetals, Polyimines",train
P372440,"Polyoxides/ethers/acetals, Polyimines",train
P372441,Polyoxides/ethers/acetals,train
P372446,"Polyoxides/ethers/acetals, Polyketones/thioketones, Polysulfones/sulfoxides/sufonates/sulfoamides",train
P372447,"Polyoxides/ethers/acetals, Polyketones/thioketones, Polysulfones/sulfoxides/sufonates/sulfoamides",train
P372448,"Polyoxides/ethers/acetals, Polyketones/thioketones, Polysulfones/sulfoxides/sufonates/sulfoamides",train
P372449,"Polyoxides/ethers/acetals, Polyketones/thioketones, Polysulfones/sulfoxides/sufonates/sulfoamides",train
P372450,"Polyoxides/ethers/acetals, Polyketones/thioketones, Polysulfones/sulfoxides/sufonates/sulfoamides",train
P372451,"Polyoxides/ethers/acetals, Polyketones/thioketones, Polysulfones/sulfoxides/sufonates/sulfoamides",train
P372452,"Polyoxides/ethers/acetals, Polyketones/thioketones, Polysulfones/sulfoxides/sufonates/sulfoamides",train
P372453,"Polyoxides/ethers/acetals, Polyketones/thioketones, Polysulfones/sulfoxides/sufonates/sulfoamides",train
P372454,"Polyoxides/ethers/acetals, Polyesters/thioesters",train
P372473,"Polyoxides/ethers/acetals, Polycarbonates/thiocarbonates",train
P372490,"Polyoxides/ethers/acetals, Polyamides/thioamides",test
P372491,"Polyoxides/ethers/acetals, Polyamides/thioamides",train
P372493,"Polyoxides/ethers/acetals, Polyamides/thioamides",train
P372494,"Polyoxides/ethers/acetals, Polyamides/thioamides, Polysulfones/sulfoxides/sufonates/sulfoamides",train
P372495,"Polyoxides/ethers/acetals, Polyamides/thioamides",train
P372496,"Polyoxides/ethers/acetals, Polyamides/thioamides",train
P372497,"Polyoxides/ethers/acetals, Polyamides/thioamides",train
P372502,"Polyoxides/ethers/acetals, Polyimines",train
P372504,"Polyoxides/ethers/acetals, Polyimines",train
P372506,"Polyoxides/ethers/acetals, Polyamides/thioamides",train
P372512,"Polyoxides/ethers/acetals, Polyamides/thioamides, Polyimines, Polysulfones/sulfoxides/sufonates/sulfoamides",test
P372513,"Polyoxides/ethers/acetals, Polyamides/thioamides, Polyimines, Polysulfones/sulfoxides/sufonates/sulfoamides",train
P372514,"Polyoxides/ethers/acetals, Polyamides/thioamides, Polyimines, Polyketones/thioketones",train
P372515,"Polyoxides/ethers/acetals, Polyamides/thioamides, Polyimines, Polyketones/thioketones",train
P372516,"Polyoxides/ethers/acetals, Polyamides/thioamides, Polyimines",train
P372517,"Polyoxides/ethers/acetals, Polyamides/thioamides, Polyimines",train
P372518,"Polyoxides/ethers/acetals, Polyamides/thioamides, Polyimines, Polysulfones/sulfoxides/sufonates/sulfoamides",test
P372519,"Polyoxides/ethers/acetals, Polyamides/thioamides, Polyimines, Polyketones/thioketones",train
P372521,"Polyoxides/ethers/acetals, Polyesters/thioesters, Polyimines",test
P372522,Polyoxides/ethers/acetals,test
P372523,"Polyoxides/ethers/acetals, Polyureas/thioureas",train
P372524,"Polyoxides/ethers/acetals, Polysulfides, Polyimines",train
P372525,"Polyoxides/ethers/acetals, Polyimines",train
P372527,"Polyoxides/ethers/acetals, Polyesters/thioesters, Polyketones/thioketones",test
P372528,"Polyoxides/ethers/acetals, Polysiloxanes/silanes",train
P372529,"Polyoxides/ethers/acetals, Polyimines",test
P372530,"Polyoxides/ethers/acetals, Polyimines",train
P372531,"Polyoxides/ethers/acetals, Polyimines",train
P372532,"Polyoxides/ethers/acetals, Polyimines, Polysulfones/sulfoxides/sufonates/sulfoamides",test
P372533,"Polyoxides/ethers/acetals, Polyimines",train
P372537,"Polyoxides/ethers/acetals, Polyamides/thioamides, Polyimines, Polyketones/thioketones",train
P372544,"Polyoxides/ethers/acetals, Polyesters/thioesters, Polyimines",train
P372545,"Polyoxides/ethers/acetals, Polyesters/thioesters, Polyimines",test
P372546,"Polyoxides/ethers/acetals, Polyesters/thioesters, Polyimines",train
P372547,"Polyoxides/ethers/acetals, Polyesters/thioesters, Polyimines",train
P372548,"Polyoxides/ethers/acetals, Polyesters/thioesters, Polyimines",test
P372549,"Polyoxides/ethers/acetals, Polyesters/thioesters, Polyimines",test
P372550,"Polyoxides/ethers/acetals, Polyesters/thioesters, Polyimines",train
P372551,"Polyoxides/ethers/acetals, Polyesters/thioesters",train
P372552,"Polyoxides/ethers/acetals, Polyesters/thioesters, Polyimines",train
P372553,Polyoxides/ethers/acetals,train
P372554,"Polyoxides/ethers/acetals, Polyesters/thioesters, Polyimines",train
P372555,"Polyoxides/ethers/acetals, Polyesters/thioesters",train
P372556,Polyoxides/ethers/acetals,train
P372557,Polyoxides/ethers/acetals,train
P372568,"Polyoxides/ethers/acetals, Polyimines",train
P372570,"Polyoxides/ethers/acetals, Polyimines",train
P372572,"Polyoxides/ethers/acetals, Polyimines",train
P372573,"Polyoxides/ethers/acetals, Polyimines",train
P372575,"Polyoxides/ethers/acetals, Polyesters/thioesters, Polysiloxanes/silanes",train
P372576,"Polyoxides/ethers/acetals, Polyesters/thioesters, Polysiloxanes/silanes",test
P372578,"Polyoxides/ethers/acetals, Polyureas/thioureas",train
P372579,"Polyoxides/ethers/acetals, Polyureas/thioureas",test
P372580,Polyoxides/ethers/acetals,train
P372581,Polyoxides/ethers/acetals,train
P372582,"Polyoxides/ethers/acetals, Polysulfides",train
P372583,Polyoxides/ethers/acetals,train
P372584,Polyoxides/ethers/acetals,train
P372585,Polyoxides/ethers/acetals,test
P372586,"Polyoxides/ethers/acetals, Polyketones/thioketones",train
P372587,Polyoxides/ethers/acetals,train
P372588,Polyoxides/ethers/acetals,train
P372589,Polyoxides/ethers/acetals,test
P372590,Polyoxides/ethers/acetals,train
P372591,"Polyoxides/ethers/acetals, Polyesters/thioesters",train
P372592,"Polyoxides/ethers/acetals, Polysulfones/sulfoxides/sufonates/sulfoamides",train
P372594,Polyoxides/ethers/acetals,test
P372595,Polyoxides/ethers/acetals,test
P372596,Polyoxides/ethers/acetals,train
P372597,Polyoxides/ethers/acetals,train
P372598,Polyoxides/ethers/acetals,train
P372599,Polyoxides/ethers/acetals,train
P372600,Polyoxides/ethers/acetals,test
P372603,"Polyoxides/ethers/acetals, Polyamides/thioamides",test
P372604,"Polyoxides/ethers/acetals, Polyamides/thioamides",train
P372608,"Polyoxides/ethers/acetals, Polyketones/thioketones",train
P372622,"Polyoxides/ethers/acetals, Polycarbonates/thiocarbonates",train
P372623,"Polyoxides/ethers/acetals, Polyesters/thioesters, Polyamides/thioamides",test
P372624,"Polyoxides/ethers/acetals, Polyesters/thioesters, Polyamides/thioamides",test
P372625,"Polyoxides/ethers/acetals, Polyesters/thioesters, Polyamides/thioamides",train
P372626,"Polyoxides/ethers/acetals, Polyesters/thioesters, Polyamides/thioamides",train
P372627,"Polyoxides/ethers/acetals, Polyesters/thioesters, Polyamides/thioamides",train
P372628,"Polyoxides/ethers/acetals, Polyesters/thioesters, Polyamides/thioamides",train
P372629,"Polyoxides/ethers/acetals, Polyesters/thioesters, Polyamides/thioamides",train
P372630,"Polyoxides/ethers/acetals, Polyesters/thioesters, Polyamides/thioamides",train
P372631,"Polyoxides/ethers/acetals, Polyesters/thioesters, Polyamides/thioamides",train
P372632,"Polyoxides/ethers/acetals, Polyesters/thioesters, Polyamides/thioamides",train
P372633,"Polyoxides/ethers/acetals, Polyimines",train
P372634,"Polyoxides/ethers/acetals, Polyimines",train
P372637,"Polyoxides/ethers/acetals, Polyimines",train
P372638,"Polyoxides/ethers/acetals, Polyimines",train
P372639,"Polyoxides/ethers/acetals, Polyimines",train
P372640,"Polyoxides/ethers/acetals, Polyimines",train
P372649,Polyoxides/ethers/acetals,test
P372652,"Polyoxides/ethers/acetals, Polyesters/thioesters",train
P372656,"Polyoxides/ethers/acetals, Polyesters/thioesters, Polysiloxanes/silanes, Polyketones/thioketones, Polysulfones/sulfoxides/sufonates/sulfoamides",train
P372657,"Polyoxides/ethers/acetals, Polyesters/thioesters, Polysiloxanes/silanes, Polyketones/thioketones, Polysulfones/sulfoxides/sufonates/sulfoamides",train
P372658,"Polyoxides/ethers/acetals, Polyesters/thioesters, Polysiloxanes/silanes, Polyketones/thioketones, Polysulfones/sulfoxides/sufonates/sulfoamides",train
P372659,"Polyoxides/ethers/acetals, Polyureas/thioureas",train
P372660,Polyoxides/ethers/acetals,train
P372662,"Polyoxides/ethers/acetals, Polysiloxanes/silanes",train
P372663,"Polyoxides/ethers/acetals, Polysiloxanes/silanes",train
P372664,"Polyoxides/ethers/acetals, Polysiloxanes/silanes",train
P372665,"Polyoxides/ethers/acetals, Polyimines",test
P372666,"Polyoxides/ethers/acetals, Polyimines",train
P372667,"Polyoxides/ethers/acetals, Polyimines",train
P372668,"Polyoxides/ethers/acetals, Polyimines",train
P372669,Polyoxides/ethers/acetals,train
P372670,Polyoxides/ethers/acetals,train
P372672,"Polyoxides/ethers/acetals, Polyesters/thioesters",train
P372673,"Polyoxides/ethers/acetals, Polyesters/thioesters",train
P372674,"Polyoxides/ethers/acetals, Polyesters/thioesters",train
P372675,"Polyoxides/ethers/acetals, Polyesters/thioesters",train
P372676,"Polyoxides/ethers/acetals, Polyesters/thioesters",train
P372677,"Polyoxides/ethers/acetals, Polyesters/thioesters",train
P372678,"Polyoxides/ethers/acetals, Polyesters/thioesters",test
P372679,"Polyoxides/ethers/acetals, Polyesters/thioesters, Polyamides/thioamides",train
P372680,"Polyoxides/ethers/acetals, Polyesters/thioesters, Polyamides/thioamides",train
P372681,"Polyoxides/ethers/acetals, Polyesters/thioesters, Polyamides/thioamides",test
P372682,"Polyoxides/ethers/acetals, Polyesters/thioesters, Polyamides/thioamides",train
P372683,"Polyoxides/ethers/acetals, Polyesters/thioesters, Polyamides/thioamides",train
P372684,"Polyoxides/ethers/acetals, Polyesters/thioesters, Polyamides/thioamides",train
P372685,"Polyoxides/ethers/acetals, Polyesters/thioesters, Polyamides/thioamides",train
P372686,"Polyoxides/ethers/acetals, Polyesters/thioesters, Polyamides/thioamides",train
P372687,Polyoxides/ethers/acetals,train
P372688,Polyoxides/ethers/acetals,train
P372689,Polyoxides/ethers/acetals,train
P372690,"Polyoxides/ethers/acetals, Polyimines",train
P372691,"Polyoxides/ethers/acetals, Polyimines",test
P372696,"Polyoxides/ethers/acetals, Polyesters/thioesters",train
P372703,"Polyoxides/ethers/acetals, Polysiloxanes/silanes",train
P372704,"Polyoxides/ethers/acetals, Polysiloxanes/silanes",test
P372705,"Polyoxides/ethers/acetals, Polysiloxanes/silanes",test
P372712,"Polyoxides/ethers/acetals, Polyamides/thioamides",test
P372724,Polyoxides/ethers/acetals,train
P372725,"Polyoxides/ethers/acetals, Polysiloxanes/silanes",train
P372726,"Polyoxides/ethers/acetals, Polysiloxanes/silanes",train
P372727,"Polyoxides/ethers/acetals, Polysiloxanes/silanes",train
P372728,"Polyoxides/ethers/acetals, Polysiloxanes/silanes",train
P372740,"Polyoxides/ethers/acetals, Polyamides/thioamides, Polysiloxanes/silanes",test
P372757,"Polyoxides/ethers/acetals, Polyamides/thioamides, Polyimines",train
P372758,"Polyoxides/ethers/acetals, Polysulfides, Polyamides/thioamides",train
P372771,"Polyoxides/ethers/acetals, Polyesters/thioesters, Polyimines",train
P372775,"Polyoxides/ethers/acetals, Polyesters/thioesters",train
P372784,"Polyoxides/ethers/acetals, Polyesters/thioesters, Polyimines",train
P372785,"Polyoxides/ethers/acetals, Polyesters/thioesters, Polyimines",train
P372786,"Polyoxides/ethers/acetals, Polyesters/thioesters, Polyimines",train
P372787,"Polyoxides/ethers/acetals, Polyesters/thioesters, Polyimines",train
P372788,"Polyoxides/ethers/acetals, Polyesters/thioesters, Polyimines",train
P372789,"Polyoxides/ethers/acetals, Polyesters/thioesters, Polyimines",train
P372790,"Polyoxides/ethers/acetals, Polyketones/thioketones, Polysulfones/sulfoxides/sufonates/sulfoamides",train
P372791,"Polyoxides/ethers/acetals, Polyketones/thioketones, Polysulfones/sulfoxides/sufonates/sulfoamides",train
P372792,"Polyoxides/ethers/acetals, Polyketones/thioketones, Polysulfones/sulfoxides/sufonates/sulfoamides",train
P372793,"Polyoxides/ethers/acetals, Polyketones/thioketones",train
P372794,"Polyoxides/ethers/acetals, Polyketones/thioketones",train
P372796,"Polyoxides/ethers/acetals, Polyimines",train
P372798,"Polyoxides/ethers/acetals, Polysiloxanes/silanes",train
P372799,"Polyoxides/ethers/acetals, Polysiloxanes/silanes",train
P372800,"Polyoxides/ethers/acetals, Polysiloxanes/silanes",train
P372801,"Polyoxides/ethers/acetals, Polysiloxanes/silanes",train
P372802,"Polyoxides/ethers/acetals, Polyimines",test
P372803,"Polyoxides/ethers/acetals, Polyimines",train
P372804,"Polyoxides/ethers/acetals, Polyimines",train
P372805,"Polyoxides/ethers/acetals, Polyimines",test
P372806,"Polyoxides/ethers/acetals, Polyamides/thioamides, Polyketones/thioketones",train
P372808,Polyoxides/ethers/acetals,train
P372809,Polyoxides/ethers/acetals,test
P372810,Polyoxides/ethers/acetals,train
P372811,"Polyoxides/ethers/acetals, Polyamides/thioamides",train
P372812,"Polyoxides/ethers/acetals, Polysiloxanes/silanes",train
P372813,"Polyoxides/ethers/acetals, Polysiloxanes/silanes",train
P372814,"Polyoxides/ethers/acetals, Polyamides/thioamides, Polysulfones/sulfoxides/sufonates/sulfoamides",train
P372826,Polyoxides/ethers/acetals,train
P372827,Polyoxides/ethers/acetals,train
P372828,"Polyoxides/ethers/acetals, Polysulfides",train
P372829,"Polyoxides/ethers/acetals, Polyesters/thioesters, Polysulfones/sulfoxides/sufonates/sulfoamides",test
P372830,"Polyoxides/ethers/acetals, Polyesters/thioesters, Polysulfones/sulfoxides/sufonates/sulfoamides",train
P372831,"Polyoxides/ethers/acetals, Polyesters/thioesters, Polysulfones/sulfoxides/sufonates/sulfoamides",train
P372832,"Polyoxides/ethers/acetals, Polysulfones/sulfoxides/sufonates/sulfoamides",test
P372833,"Polyoxides/ethers/acetals, Polysulfones/sulfoxides/sufonates/sulfoamides",train
P372836,"Polyoxides/ethers/acetals, Polycarbonates/thiocarbonates, Polyimines",train
P372837,"Polyoxides/ethers/acetals, Polycarbonates/thiocarbonates, Polyimines",test
P372842,"Polyoxides/ethers/acetals, Polyanhydrides/thioanhydrides",train
P372848,Polyoxides/ethers/acetals,train
P372852,"Polyoxides/ethers/acetals, Polyketones/thioketones",test
P372854,"Polyoxides/ethers/acetals, Polyesters/thioesters",train
P372855,"Polyoxides/ethers/acetals, Polyesters/thioesters",train
P372856,"Polyoxides/ethers/acetals, Polyesters/thioesters",train
P372857,"Polyoxides/ethers/acetals, Polyesters/thioesters",train
P372858,"Polyoxides/ethers/acetals, Polyesters/thioesters",train
P372859,"Polyoxides/ethers/acetals, Polyesters/thioesters",test
P372862,"Polyoxides/ethers/acetals, Polysulfides, Polyesters/thioesters, Polyimines",test
P372863,"Polyoxides/ethers/acetals, Polysulfides, Polyesters/thioesters, Polyimines",train
P372864,"Polyoxides/ethers/acetals, Polysulfides, Polyesters/thioesters, Polyimines",train
P372865,"Polyoxides/ethers/acetals, Polysulfides, Polyesters/thioesters, Polyimines",test
P372866,"Polyoxides/ethers/acetals, Polysulfides, Polyesters/thioesters, Polyimines",train
P372867,"Polyoxides/ethers/acetals, Polysulfides, Polyesters/thioesters, Polyimines",train
P372870,"Polyoxides/ethers/acetals, Polysulfides, Polyesters/thioesters, Polyimines",train
P372871,"Polyoxides/ethers/acetals, Polysulfides, Polyesters/thioesters, Polyimines",train
P372874,"Polyoxides/ethers/acetals, Polysulfones/sulfoxides/sufonates/sulfoamides",train
P372875,"Polyoxides/ethers/acetals, Polyketones/thioketones",train
P372876,"Polyoxides/ethers/acetals, Polyesters/thioesters",test
P372877,Polyoxides/ethers/acetals,train
P372878,Polyoxides/ethers/acetals,train
P372879,"Polyoxides/ethers/acetals, Polyamides/thioamides",train
P372928,"Polyoxides/ethers/acetals, Polyurethanes/thiourethanes",train
P372933,"Polyoxides/ethers/acetals, Polyesters/thioesters, Polyimines",test
P372934,"Polyoxides/ethers/acetals, Polyesters/thioesters, Polyimines",train
P372935,"Polyoxides/ethers/acetals, Polyesters/thioesters, Polyimines",train
P372936,"Polyoxides/ethers/acetals, Polyesters/thioesters, Polyimines",train
P372937,"Polyoxides/ethers/acetals, Polyesters/thioesters, Polyimines",train
P372938,"Polyoxides/ethers/acetals, Polyesters/thioesters, Polyimines",test
P372939,"Polyoxides/ethers/acetals, Polyesters/thioesters, Polyimines",train
P372940,"Polyoxides/ethers/acetals, Polyesters/thioesters, Polyimines",train
P372941,"Polyoxides/ethers/acetals, Polyesters/thioesters, Polyimines",train
P372942,"Polyoxides/ethers/acetals, Polyesters/thioesters, Polyimines",train
P372943,"Polyoxides/ethers/acetals, Polyesters/thioesters, Polyimines",test
P372944,"Polyoxides/ethers/acetals, Polyesters/thioesters, Polyimines",test
P372971,Polyoxides/ethers/acetals,train
P372972,Polyoxides/ethers/acetals,train
P372973,"Polyoxides/ethers/acetals, Polysiloxanes/silanes",train
P372974,"Polyoxides/ethers/acetals, Polyesters/thioesters, Polyimines, Polysiloxanes/silanes",train
P372975,"Polyoxides/ethers/acetals, Polyimines",train
P372976,"Polyoxides/ethers/acetals, Polyimines",train
P372977,"Polyoxides/ethers/acetals, Polyesters/thioesters, Polyimines, Polyurethanes/thiourethanes",train
P372978,"Polyoxides/ethers/acetals, Polyesters/thioesters, Polyimines, Polyurethanes/thiourethanes",train
P372979,"Polyoxides/ethers/acetals, Polyesters/thioesters, Polyimines",test
P372980,"Polyoxides/ethers/acetals, Polyesters/thioesters, Polyimines",test
P373017,"Polyoxides/ethers/acetals, Polyamides/thioamides",test
P373018,"Polyoxides/ethers/acetals, Polyamides/thioamides",train
P373019,"Polyoxides/ethers/acetals, Polyamides/thioamides",test
P373020,"Polyoxides/ethers/acetals, Polyamides/thioamides",train
P373021,"Polyoxides/ethers/acetals, Polysulfones/sulfoxides/sufonates/sulfoamides",train
P373022,"Polyoxides/ethers/acetals, Polysulfones/sulfoxides/sufonates/sulfoamides",test
P373026,"Polyoxides/ethers/acetals, Polyamides/thioamides",train
P373038,"Polyoxides/ethers/acetals, Polyesters/thioesters",test
P373040,"Polyoxides/ethers/acetals, Polyesters/thioesters",test
P373055,"Polyoxides/ethers/acetals, Polyketones/thioketones",train
P373062,"Polyoxides/ethers/acetals, Polyphosphazenes, Polyimines",test
P373063,Polyoxides/ethers/acetals,train
P373064,Polyoxides/ethers/acetals,train
P373065,"Polyoxides/ethers/acetals, Polysulfides",train
P373066,Polyoxides/ethers/acetals,train
P373068,"Polyoxides/ethers/acetals, Polyimines",train
P373094,"Polyoxides/ethers/acetals, Polysulfones/sulfoxides/sufonates/sulfoamides",train
P373095,"Polyoxides/ethers/acetals, Polysulfones/sulfoxides/sufonates/sulfoamides",test
P373096,"Polyoxides/ethers/acetals, Polysulfones/sulfoxides/sufonates/sulfoamides",train
P373097,"Polyoxides/ethers/acetals, Polysulfones/sulfoxides/sufonates/sulfoamides",test
P373098,"Polyoxides/ethers/acetals, Polysulfones/sulfoxides/sufonates/sulfoamides",test
P373099,"Polyoxides/ethers/acetals, Polysulfones/sulfoxides/sufonates/sulfoamides",train
P373100,"Polyoxides/ethers/acetals, Polyimines",train
P373101,"Polyoxides/ethers/acetals, Polyimines",train
P373102,"Polyoxides/ethers/acetals, Polyimines",train
P373103,"Polyoxides/ethers/acetals, Polyimines",test
P373104,"Polyoxides/ethers/acetals, Polyimines",train
P373105,"Polyoxides/ethers/acetals, Polyimines",train
P373106,"Polyoxides/ethers/acetals, Polyimines",train
P373120,Polyoxides/ethers/acetals,test
P373121,Polyoxides/ethers/acetals,train
P373122,Polyoxides/ethers/acetals,train
P373123,Polyoxides/ethers/acetals,train
P373124,"Polyoxides/ethers/acetals, Polysulfones/sulfoxides/sufonates/sulfoamides",train
P373125,Polyoxides/ethers/acetals,train
P373126,Polyoxides/ethers/acetals,train
P373127,Polyoxides/ethers/acetals,train
P373138,"Polyoxides/ethers/acetals, Polysulfides, Polyamides/thioamides, Polyimines",train
P373142,"Polyoxides/ethers/acetals, Polysulfides, Polyamides/thioamides, Polyimines",train
P373149,"Polyoxides/ethers/acetals, Polyimines",test
P373150,Polyoxides/ethers/acetals,train
P373156,"Polyoxides/ethers/acetals, Polyesters/thioesters",train
P373157,"Polyoxides/ethers/acetals, Polyesters/thioesters",train
P373158,"Polyoxides/ethers/acetals, Polyesters/thioesters",train
P373159,"Polyoxides/ethers/acetals, Polyesters/thioesters",test
P373160,Polyoxides/ethers/acetals,test
P373161,Polyoxides/ethers/acetals,train
P373162,"Polyoxides/ethers/acetals, Polysulfones/sulfoxides/sufonates/sulfoamides",train
P373173,"Polyoxides/ethers/acetals, Polyamides/thioamides, Polyimines, Polyketones/thioketones",train
P373174,"Polyoxides/ethers/acetals, Polyamides/thioamides, Polyimines, Polyketones/thioketones",train
P373175,"Polyoxides/ethers/acetals, Polyamides/thioamides, Polyimines, Polysulfones/sulfoxides/sufonates/sulfoamides",train
P373176,"Polyoxides/ethers/acetals, Polyamides/thioamides, Polyimines",train
P373184,"Polyoxides/ethers/acetals, Polyurethanes/thiourethanes",train
P373185,"Polyoxides/ethers/acetals, Polyurethanes/thiourethanes",test
P373186,"Polyoxides/ethers/acetals, Polyurethanes/thiourethanes",test
P373187,"Polyoxides/ethers/acetals, Polyurethanes/thiourethanes",train
P373188,"Polyoxides/ethers/acetals, Polyesters/thioesters",train
P373189,"Polyoxides/ethers/acetals, Polyurethanes/thiourethanes",train
P373190,"Polyoxides/ethers/acetals, Polyesters/thioesters",test
P373191,"Polyoxides/ethers/acetals, Polyamides/thioamides",train
P373192,"Polyoxides/ethers/acetals, Polycarbonates/thiocarbonates",train
P373193,"Polyoxides/ethers/acetals, Polysulfones/sulfoxides/sufonates/sulfoamides",train
P373194,"Polyoxides/ethers/acetals, Polycarbonates/thiocarbonates",train
P373195,"Polyoxides/ethers/acetals, Polycarbonates/thiocarbonates",train
P373206,"Polyoxides/ethers/acetals, Polycarbonates/thiocarbonates",train
P373220,"Polyoxides/ethers/acetals, Polyesters/thioesters, Polyimines",train
P373222,"Polyoxides/ethers/acetals, Polyamides/thioamides, Polyimines, Polysulfones/sulfoxides/sufonates/sulfoamides",train
P373224,"Polyoxides/ethers/acetals, Polyamides/thioamides, Polyimines",train
P373225,"Polyoxides/ethers/acetals, Polyamides/thioamides, Polyimines",train
P373226,"Polyoxides/ethers/acetals, Polyamides/thioamides, Polyimines, Polysulfones/sulfoxides/sufonates/sulfoamides",train
P373231,Polyoxides/ethers/acetals,train
P373235,"Polyoxides/ethers/acetals, Polyamides/thioamides",train
P373236,"Polyoxides/ethers/acetals, Polyamides/thioamides",train
P373237,"Polyoxides/ethers/acetals, Polyamides/thioamides",train
P373238,"Polyoxides/ethers/acetals, Polyamides/thioamides",train
P373239,"Polyoxides/ethers/acetals, Polyamides/thioamides",test
P373240,"Polyoxides/ethers/acetals, Polyamides/thioamides",test
P373241,"Polyoxides/ethers/acetals, Polyamides/thioamides",train
P373243,"Polyoxides/ethers/acetals, Polyketones/thioketones",train
P373244,"Polyoxides/ethers/acetals, Polyketones/thioketones",train
P373245,"Polyoxides/ethers/acetals, Polyketones/thioketones",train
P373246,"Polyoxides/ethers/acetals, Polyketones/thioketones",test
P373247,"Polyoxides/ethers/acetals, Polyketones/thioketones",train
P373248,"Polyoxides/ethers/acetals, Polysulfones/sulfoxides/sufonates/sulfoamides",train
P373250,"Polyoxides/ethers/acetals, Polyesters/thioesters",test
P373255,"Polyoxides/ethers/acetals, Polyketones/thioketones",train
P373268,"Polyoxides/ethers/acetals, Polysulfones/sulfoxides/sufonates/sulfoamides",train
P373274,"Polyoxides/ethers/acetals, Polyamides/thioamides",train
P373275,"Polyoxides/ethers/acetals, Polyamides/thioamides",test
P373276,"Polyoxides/ethers/acetals, Polyamides/thioamides",train
P373277,"Polyoxides/ethers/acetals, Polyamides/thioamides",test
P373278,"Polyoxides/ethers/acetals, Polyamides/thioamides",train
P373280,"Polyoxides/ethers/acetals, Polyimines",test
P373292,Polyoxides/ethers/acetals,train
P373294,Polyoxides/ethers/acetals,train
P373296,Polyoxides/ethers/acetals,train
P373297,Polyoxides/ethers/acetals,train
P373299,Polyoxides/ethers/acetals,test
P373300,Polyoxides/ethers/acetals,test
P373302,"Polyoxides/ethers/acetals, Polyamides/thioamides, Polyimines",train
P373303,"Polyoxides/ethers/acetals, Polyamides/thioamides, Polyimines",train
P373304,"Polyoxides/ethers/acetals, Polyamides/thioamides, Polyimines",train
P373305,"Polyoxides/ethers/acetals, Polyamides/thioamides, Polyimines",train
P373306,"Polyoxides/ethers/acetals, Polyamides/thioamides, Polyimines",train
P373307,"Polyoxides/ethers/acetals, Polyamides/thioamides, Polyimines",train
P373308,"Polyoxides/ethers/acetals, Polyamides/thioamides, Polyimines",train
P373309,"Polyoxides/ethers/acetals, Polyamides/thioamides, Polyimines",train
P373310,"Polyoxides/ethers/acetals, Polyamides/thioamides, Polyimines",train
P373311,"Polyoxides/ethers/acetals, Polyamides/thioamides, Polyimines",train
P373319,"Polyoxides/ethers/acetals, Polyesters/thioesters",train
P373321,"Polyoxides/ethers/acetals, Polyesters/thioesters",train
P373322,"Polyoxides/ethers/acetals, Polyesters/thioesters",train
P373339,"Polyoxides/ethers/acetals, Polyimines",test
P373340,"Polyoxides/ethers/acetals, Polyimines",train
P373341,"Polyoxides/ethers/acetals, Polyimines",test
P373342,"Polyoxides/ethers/acetals, Polyimines",train
P373343,"Polyoxides/ethers/acetals, Polyimines",test
P373344,"Polyoxides/ethers/acetals, Polyamides/thioamides, Polyimines, Polyketones/thioketones",train
P373350,"Polyoxides/ethers/acetals, Polyimines",train
P373351,"Polyoxides/ethers/acetals, Polyimines",train
P373352,"Polyoxides/ethers/acetals, Polyimines, Polysulfones/sulfoxides/sufonates/sulfoamides",train
P373353,"Polyoxides/ethers/acetals, Polyimines, Polysulfones/sulfoxides/sufonates/sulfoamides",train
P373355,"Polyoxides/ethers/acetals, Polyimines, Polysulfones/sulfoxides/sufonates/sulfoamides",train
P373357,"Polyoxides/ethers/acetals, Polyamides/thioamides",train
P373358,"Polyoxides/ethers/acetals, Polyamides/thioamides",train
P373359,"Polyoxides/ethers/acetals, Polyamides/thioamides",test
P373361,"Polyoxides/ethers/acetals, Polyamides/thioamides",train
P373367,Polyoxides/ethers/acetals,test
P373368,"Polyoxides/ethers/acetals, Polysulfones/sulfoxides/sufonates/sulfoamides",train
P373372,"Polyoxides/ethers/acetals, Polyketones/thioketones",train
P373373,"Polyoxides/ethers/acetals, Polyketones/thioketones",train
P373374,"Polyoxides/ethers/acetals, Polyketones/thioketones",train
P373375,"Polyoxides/ethers/acetals, Polyketones/thioketones",train
P373376,"Polyoxides/ethers/acetals, Polyketones/thioketones",train
P373377,"Polyoxides/ethers/acetals, Polyketones/thioketones",train
P373378,"Polyoxides/ethers/acetals, Polyketones/thioketones",train
P373379,"Polyoxides/ethers/acetals, Polyketones/thioketones",train
P373382,"Polyoxides/ethers/acetals, Polyketones/thioketones",train
P373383,"Polyoxides/ethers/acetals, Polyketones/thioketones",test
P373384,"Polyoxides/ethers/acetals, Polyketones/thioketones",train
P373386,Polyoxides/ethers/acetals,train
P373387,Polyoxides/ethers/acetals,train
P373398,"Polyoxides/ethers/acetals, Polysulfides, Polyamides/thioamides",train
P373399,"Polyoxides/ethers/acetals, Polysulfides, Polyamides/thioamides",test
P373400,"Polyoxides/ethers/acetals, Polysulfides, Polyamides/thioamides",train
P373401,"Polyoxides/ethers/acetals, Polysulfides, Polyamides/thioamides",train
P373402,"Polyoxides/ethers/acetals, Polysulfides, Polyamides/thioamides",train
P373414,Polyoxides/ethers/acetals,train
P373415,"Polyoxides/ethers/acetals, Polyamides/thioamides",train
P373416,"Polyoxides/ethers/acetals, Polyamides/thioamides",train
P373417,"Polyoxides/ethers/acetals, Polyamides/thioamides",train
P373418,"Polyoxides/ethers/acetals, Polyamides/thioamides",train
P373419,"Polyoxides/ethers/acetals, Polyketones/thioketones",train
P373421,"Polyoxides/ethers/acetals, Polyesters/thioesters",train
P373422,"Polyoxides/ethers/acetals, Polyesters/thioesters",train
P373423,"Polyoxides/ethers/acetals, Polycarbonates/thiocarbonates",train
P373424,"Polyoxides/ethers/acetals, Polycarbonates/thiocarbonates",test
P373425,"Polyoxides/ethers/acetals, Polycarbonates/thiocarbonates",train
P373426,"Polyoxides/ethers/acetals, Polycarbonates/thiocarbonates",train
P373427,"Polyoxides/ethers/acetals, Polycarbonates/thiocarbonates",train
P373428,"Polyoxides/ethers/acetals, Polycarbonates/thiocarbonates",test
P373430,"Polyoxides/ethers/acetals, Polyamides/thioamides",train
P373431,"Polyoxides/ethers/acetals, Polyamides/thioamides",train
P373432,"Polyoxides/ethers/acetals, Polyamides/thioamides",train
P373433,"Polyoxides/ethers/acetals, Polysulfides, Polyurethanes/thiourethanes, Polyimines",train
P373434,"Polyoxides/ethers/acetals, Polysulfides, Polyurethanes/thiourethanes, Polyimines",train
P373435,"Polyoxides/ethers/acetals, Polyurethanes/thiourethanes, Polyimines",train
P373440,"Polyoxides/ethers/acetals, Polyketones/thioketones",train
P373441,"Polyoxides/ethers/acetals, Polyketones/thioketones",test
P373442,"Polyoxides/ethers/acetals, Polyketones/thioketones",train
P373443,"Polyoxides/ethers/acetals, Polyketones/thioketones",train
P373444,"Polyoxides/ethers/acetals, Polyketones/thioketones",train
P373445,"Polyoxides/ethers/acetals, Polyketones/thioketones",test
P373446,"Polyoxides/ethers/acetals, Polyketones/thioketones",train
P373447,"Polyoxides/ethers/acetals, Polyketones/thioketones",train
P373448,"Polyoxides/ethers/acetals, Polyketones/thioketones",test
P373449,"Polyoxides/ethers/acetals, Polyketones/thioketones",train
P373455,"Polyoxides/ethers/acetals, Polyimines, Polyketones/thioketones, Polysulfones/sulfoxides/sufonates/sulfoamides",train
P373460,"Polyoxides/ethers/acetals, Polysulfides, Polyimines, Polyketones/thioketones",train
P373470,"Polyoxides/ethers/acetals, Polyesters/thioesters",train
P373479,"Polyoxides/ethers/acetals, Polyimines",train
P373480,"Polyoxides/ethers/acetals, Polyimines",train
P373482,"Polyoxides/ethers/acetals, Polysulfones/sulfoxides/sufonates/sulfoamides",train
P373483,"Polyoxides/ethers/acetals, Polysulfones/sulfoxides/sufonates/sulfoamides",train
P373484,"Polyoxides/ethers/acetals, Polysulfones/sulfoxides/sufonates/sulfoamides",train
P373485,"Polyoxides/ethers/acetals, Polysulfones/sulfoxides/sufonates/sulfoamides",test
P373486,"Polyoxides/ethers/acetals, Polysulfones/sulfoxides/sufonates/sulfoamides",train
P373487,"Polyoxides/ethers/acetals, Polysulfones/sulfoxides/sufonates/sulfoamides",train
P373490,"Polyoxides/ethers/acetals, Polyamides/thioamides, Polyimines",train
P373491,"Polyoxides/ethers/acetals, Polyamides/thioamides, Polyimines",train
P373492,"Polyoxides/ethers/acetals, Polyamides/thioamides, Polyimines",train
P373493,Polyoxides/ethers/acetals,train
P373494,Polyoxides/ethers/acetals,train
P373495,Polyoxides/ethers/acetals,test
P373500,"Polyoxides/ethers/acetals, Polyesters/thioesters, Polyimines, Polyketones/thioketones",train
P373501,"Polyoxides/ethers/acetals, Polyesters/thioesters, Polyimines, Polyketones/thioketones",train
P373504,"Polyoxides/ethers/acetals, Polyesters/thioesters, Polyimines, Polyketones/thioketones",test
P373505,"Polyoxides/ethers/acetals, Polyesters/thioesters, Polyimines, Polyketones/thioketones",train
P373517,"Polyoxides/ethers/acetals, Polysulfides, Polyimines",test
P373518,"Polyoxides/ethers/acetals, Polysulfides, Polyimines",train
P373527,"Polyoxides/ethers/acetals, Polyesters/thioesters, Polyimines",test
P373536,"Polyoxides/ethers/acetals, Polyketones/thioketones",train
P373539,Polyoxides/ethers/acetals,train
P373541,Polyoxides/ethers/acetals,test
P373546,"Polyoxides/ethers/acetals, Polysulfides",train
P373547,"Polyoxides/ethers/acetals, Polysulfides",test
P373548,"Polyoxides/ethers/acetals, Polysulfides, Polyimines",train
P373549,"Polyoxides/ethers/acetals, Polysulfides",train
P373555,"Polyoxides/ethers/acetals, Polyamides/thioamides",train
P373556,"Polyoxides/ethers/acetals, Polyamides/thioamides, Polysulfones/sulfoxides/sufonates/sulfoamides",train
P373557,"Polyoxides/ethers/acetals, Polyamides/thioamides",train
P373558,"Polyoxides/ethers/acetals, Polyamides/thioamides",test
P373575,Polyoxides/ethers/acetals,train
P373579,"Polyoxides/ethers/acetals, Polyimines",train
P373580,"Polyoxides/ethers/acetals, Polyamides/thioamides, Polyimines",train
P373581,"Polyoxides/ethers/acetals, Polyesters/thioesters",train
P373583,"Polyoxides/ethers/acetals, Polyesters/thioesters",train
P373584,"Polyoxides/ethers/acetals, Polyesters/thioesters",test
P373585,"Polyoxides/ethers/acetals, Polysiloxanes/silanes",train
P373586,"Polyoxides/ethers/acetals, Polysiloxanes/silanes",train
P373587,"Polyoxides/ethers/acetals, Polysiloxanes/silanes",train
P373596,"Polyoxides/ethers/acetals, Polysulfides",train
P373597,"Polyoxides/ethers/acetals, Polysulfides, Polyimines",train
P373598,"Polyoxides/ethers/acetals, Polysulfides",train
P373599,"Polyoxides/ethers/acetals, Polyketones/thioketones",test
P373600,"Polyoxides/ethers/acetals, Polyketones/thioketones",train
P373601,"Polyoxides/ethers/acetals, Polyketones/thioketones",train
P373602,"Polyoxides/ethers/acetals, Polyketones/thioketones",train
P373603,"Polyoxides/ethers/acetals, Polyketones/thioketones",train
P373604,"Polyoxides/ethers/acetals, Polyketones/thioketones",train
P373605,"Polyoxides/ethers/acetals, Polyketones/thioketones",train
P373606,"Polyoxides/ethers/acetals, Polyketones/thioketones",train
P373607,"Polyoxides/ethers/acetals, Polyketones/thioketones",train
P373611,"Polyoxides/ethers/acetals, Polyesters/thioesters, Polyamides/thioamides",train
P373612,"Polyoxides/ethers/acetals, Polysulfones/sulfoxides/sufonates/sulfoamides",train
P373613,"Polyoxides/ethers/acetals, Polyimines",train
P373614,"Polyoxides/ethers/acetals, Polyimines, Polysulfones/sulfoxides/sufonates/sulfoamides",train
P373636,"Polyoxides/ethers/acetals, Polyesters/thioesters, Polyamides/thioamides",test
P373637,"Polyoxides/ethers/acetals, Polyesters/thioesters, Polyamides/thioamides",train
P373638,"Polyoxides/ethers/acetals, Polyesters/thioesters, Polyamides/thioamides",train
P373646,"Polyoxides/ethers/acetals, Polyamides/thioamides, Polyimines",train
P373647,"Polyoxides/ethers/acetals, Polyamides/thioamides, Polyimines",train
P373648,"Polyoxides/ethers/acetals, Polyamides/thioamides, Polyimines",train
P373649,"Polyoxides/ethers/acetals, Polyamides/thioamides, Polyimines",test
P373650,"Polyoxides/ethers/acetals, Polyimines",train
P373651,"Polyoxides/ethers/acetals, Polyimines",train
P373652,"Polyoxides/ethers/acetals, Polyimines, Polyketones/thioketones",train
P373653,"Polyoxides/ethers/acetals, Polyamides/thioamides",train
P373654,"Polyoxides/ethers/acetals, Polyamides/thioamides",train
P373655,"Polyoxides/ethers/acetals, Polyamides/thioamides",train
P373656,"Polyoxides/ethers/acetals, Polyamides/thioamides",train
P373657,"Polyoxides/ethers/acetals, Polyurethanes/thiourethanes, Polyimines",train
P373658,"Polyoxides/ethers/acetals, Polyurethanes/thiourethanes, Polyimines",train
P373659,"Polyoxides/ethers/acetals, Polyurethanes/thiourethanes, Polyimines",train
P373661,"Polyoxides/ethers/acetals, Polyesters/thioesters",test
P373662,"Polyoxides/ethers/acetals, Polyesters/thioesters",test
P373664,"Polyoxides/ethers/acetals, Polyesters/thioesters",train
P373669,"Polyoxides/ethers/acetals, Polysulfides",train
P373670,"Polyoxides/ethers/acetals, Polysulfides",train
P373674,"Polyoxides/ethers/acetals, Polyesters/thioesters, Polyimines, Polyketones/thioketones",test
P373675,"Polyoxides/ethers/acetals, Polyesters/thioesters, Polyimines, Polyketones/thioketones",train
P373676,"Polyoxides/ethers/acetals, Polyesters/thioesters, Polyimines, Polyketones/thioketones",train
P373677,"Polyoxides/ethers/acetals, Polyesters/thioesters, Polyimines, Polyketones/thioketones",train
P373678,"Polyoxides/ethers/acetals, Polyesters/thioesters, Polyimines, Polyketones/thioketones",train
P373679,"Polyoxides/ethers/acetals, Polyesters/thioesters, Polyimines, Polyketones/thioketones",test
P373688,"Polyoxides/ethers/acetals, Polyesters/thioesters, Polyamides/thioamides",train
P373689,"Polyoxides/ethers/acetals, Polyesters/thioesters, Polyamides/thioamides",train
P373690,"Polyoxides/ethers/acetals, Polyesters/thioesters, Polyamides/thioamides",train
P373692,"Polyoxides/ethers/acetals, Polysulfides, Polyesters/thioesters, Polyimines",train
P373693,"Polyoxides/ethers/acetals, Polyesters/thioesters, Polyimines",train
P373694,"Polyoxides/ethers/acetals, Polyesters/thioesters, Polyimines",train
P373695,"Polyoxides/ethers/acetals, Polyesters/thioesters, Polyimines",train
P373696,"Polyoxides/ethers/acetals, Polyesters/thioesters, Polyimines",train
P373700,Polyoxides/ethers/acetals,train
P373701,Polyoxides/ethers/acetals,train
P373702,Polyoxides/ethers/acetals,test
P373703,Polyoxides/ethers/acetals,train
P373705,"Polyoxides/ethers/acetals, Polyureas/thioureas",train
P373706,"Polyoxides/ethers/acetals, Polyureas/thioureas",train
P373707,"Polyoxides/ethers/acetals, Polyureas/thioureas",train
P373708,"Polyoxides/ethers/acetals, Polyureas/thioureas",train
P373709,"Polyoxides/ethers/acetals, Polyimines",train
P373710,"Polyoxides/ethers/acetals, Polyimines",train
P373712,"Polyoxides/ethers/acetals, Polyamides/thioamides",train
P373713,"Polyoxides/ethers/acetals, Polyamides/thioamides",train
P373714,"Polyoxides/ethers/acetals, Polyesters/thioesters",train
P373716,"Polyoxides/ethers/acetals, Polyamides/thioamides",test
P373717,"Polyoxides/ethers/acetals, Polyamides/thioamides",test
P373718,"Polyoxides/ethers/acetals, Polyamides/thioamides",train
P373735,"Polyoxides/ethers/acetals, Polysulfones/sulfoxides/sufonates/sulfoamides",train
P373740,"Polyoxides/ethers/acetals, Polyesters/thioesters",train
P373744,"Polyoxides/ethers/acetals, Polyamides/thioamides",train
P373758,Polyoxides/ethers/acetals,train
P373763,"Polyoxides/ethers/acetals, Polyimines, Polysulfones/sulfoxides/sufonates/sulfoamides",train
P373764,"Polyoxides/ethers/acetals, Polyimines, Polysulfones/sulfoxides/sufonates/sulfoamides",train
P373765,"Polyoxides/ethers/acetals, Polyesters/thioesters",train
P373766,"Polyoxides/ethers/acetals, Polyesters/thioesters",test
P373767,"Polyoxides/ethers/acetals, Polyesters/thioesters",train
P373770,"Polyoxides/ethers/acetals, Polysiloxanes/silanes",train
P373771,"Polyoxides/ethers/acetals, Polyketones/thioketones",train
P373772,"Polyoxides/ethers/acetals, Polyketones/thioketones",train
P373773,"Polyoxides/ethers/acetals, Polyketones/thioketones",train
P373774,"Polyoxides/ethers/acetals, Polyketones/thioketones",test
P373775,"Polyoxides/ethers/acetals, Polyketones/thioketones",train
P373776,"Polyoxides/ethers/acetals, Polyketones/thioketones",test
P373778,"Polyoxides/ethers/acetals, Polyphosphazenes, Polyimines",train
P373779,"Polyoxides/ethers/acetals, Polyphosphazenes, Polyimines",train
P373780,"Polyoxides/ethers/acetals, Polyphosphazenes, Polyimines",train
P373781,"Polyoxides/ethers/acetals, Polyphosphazenes, Polyimines",test
P373786,"Polyoxides/ethers/acetals, Polyketones/thioketones",train
P373787,"Polyoxides/ethers/acetals, Polyketones/thioketones",train
P373796,"Polyoxides/ethers/acetals, Polyurethanes/thiourethanes",test
P374137,Polysiloxanes/silanes,test
P374138,"Polyoxides/ethers/acetals, Polysulfones/sulfoxides/sufonates/sulfoamides",train
P380027,Polysulfides,train
P380029,Polysulfides,train
P380030,"Polysulfides, Polyamides/thioamides",train
P380048,Polysulfides,train
P380053,Polysulfides,train
P380054,Polysulfides,train
P380060,Polysulfides,train
P380065,Polysulfides,train
P380066,Polysulfides,train
P380067,Polysulfides,train
P380079,"Polysulfides, Polysulfones/sulfoxides/sufonates/sulfoamides",test
P380080,"Polysulfides, Polysulfones/sulfoxides/sufonates/sulfoamides",train
P380085,"Polysulfides, Polyketones/thioketones",train
P380086,"Polysulfides, Polyketones/thioketones",train
P380091,"Polysulfides, Polyimines",train
P380092,"Polysulfides, Polyimines",train
P380093,"Polysulfides, Polysiloxanes/silanes",test
P380094,"Polysulfides, Polysiloxanes/silanes",train
P380095,"Polysulfides, Polysiloxanes/silanes",train
P380096,"Polysulfides, Polysiloxanes/silanes",train
P380097,"Polysulfides, Polysiloxanes/silanes",train
P380098,"Polysulfides, Polysiloxanes/silanes",test
P380099,"Polysulfides, Polysiloxanes/silanes",train
P380100,"Polysulfides, Polysiloxanes/silanes",train
P380101,"Polysulfides, Polysiloxanes/silanes",train
P380102,"Polysulfides, Polysiloxanes/silanes",train
P380103,"Polysulfides, Polysiloxanes/silanes",train
P380104,"Polysulfides, Polysiloxanes/silanes",train
P380105,"Polysulfides, Polysiloxanes/silanes",train
P380106,"Polysulfides, Polysiloxanes/silanes",train
P380107,"Polysulfides, Polysiloxanes/silanes",train
P380108,"Polysulfides, Polysiloxanes/silanes",train
P380109,"Polysulfides, Polysiloxanes/silanes",test
P380127,"Polysulfides, Polysiloxanes/silanes",train
P380128,"Polysulfides, Polysiloxanes/silanes",train
P380131,"Polysulfides, Polysulfones/sulfoxides/sufonates/sulfoamides",train
P380140,Polysulfides,train
P380154,"Polysulfides, Polyphosphazenes, Polyimines",train
P380156,"Polysulfides, Polyphosphazenes, Polyimines",train
P380157,"Polysulfides, Polyphosphazenes, Polyimines",train
P380158,"Polysulfides, Polyphosphazenes, Polyimines",train
P382006,Polysulfides,test
P382032,"Polysulfides, Polycarbonates/thiocarbonates",test
P382033,"Polysulfides, Polyesters/thioesters",train
P382045,"Polysulfides, Polyimines",train
P382046,"Polysulfides, Polyimines",test
P382047,"Polysulfides, Polyimines",train
P382077,Polysulfides,train
P382078,Polysulfides,train
P382079,Polysulfides,test
P382100,"Polysulfides, Polyimines",train
P382101,Polysulfides,train
P382106,"Polysulfides, Polyesters/thioesters",train
P382107,"Polysulfides, Polyesters/thioesters",test
P382123,"Polysulfides, Polyamides/thioamides, Polyimines, Polysulfones/sulfoxides/sufonates/sulfoamides",train
P382124,"Polysulfides, Polyamides/thioamides, Polyimines, Polyketones/thioketones",train
P382134,"Polysulfides, Polyesters/thioesters, Polyimines",train
P382135,"Polysulfides, Polyesters/thioesters, Polyimines",train
P382136,"Polysulfides, Polyesters/thioesters, Polyimines",test
P382137,"Polysulfides, Polyesters/thioesters, Polyimines",test
P382138,"Polysulfides, Polyesters/thioesters, Polyimines",train
P382185,Polysulfides,train
P382195,"Polysulfides, Polyamides/thioamides, Polysiloxanes/silanes",train
P382197,"Polysulfides, Polyamides/thioamides, Polyimines",train
P382198,"Polysulfides, Polyamides/thioamides, Polyimines",train
P382199,"Polysulfides, Polyimines",train
P382200,"Polysulfides, Polyamides/thioamides, Polyimines",train
P382201,"Polysulfides, Polyimines",train
P382203,"Polysulfides, Polyimines, Polysulfones/sulfoxides/sufonates/sulfoamides",train
P382204,"Polysulfides, Polyamides/thioamides, Polyimines",train
P382205,Polysulfides,train
P382207,"Polysulfides, Polyamides/thioamides",train
P382208,"Polysulfides, Polyamides/thioamides",train
P382209,"Polysulfides, Polyamides/thioamides",train
P382210,"Polysulfides, Polyamides/thioamides",train
P382211,"Polysulfides, Polyamides/thioamides, Polysulfones/sulfoxides/sufonates/sulfoamides",train
P382212,"Polysulfides, Polyamides/thioamides",test
P382213,"Polysulfides, Polyamides/thioamides",train
P382223,Polysulfides,train
P382226,Polysulfides,train
P382227,Polysulfides,train
P382228,Polysulfides,train
P382233,"Polysulfides, Polyimines",test
P382238,"Polysulfides, Polyimines",train
P382253,Polysulfides,train
P382254,Polysulfides,train
P382256,Polysulfides,train
P382257,Polysulfides,train
P382258,Polysulfides,train
P382259,Polysulfides,test
P382260,Polysulfides,test
P382261,Polysulfides,train
P382266,Polysulfides,train
P382267,Polysulfides,train
P382283,"Polysulfides, Polyimines",train
P382285,Polysulfides,train
P382286,Polysulfides,train
P382287,Polysulfides,test
P382288,Polysulfides,test
P382295,"Polysulfides, Polysulfones/sulfoxides/sufonates/sulfoamides",train
P382296,"Polysulfides, Polyesters/thioesters",train
P382303,Polysulfides,train
P382304,Polysulfides,train
P382305,Polysulfides,train
P382306,Polysulfides,train
P382307,Polysulfides,train
P382308,"Polysulfides, Polyimines",test
P382309,Polysulfides,train
P382318,"Polysulfides, Polyimines",test
P382319,"Polysulfides, Polyimines",test
P382331,Polysulfides,train
P382346,Polysulfides,train
P382347,Polysulfides,train
P382348,Polysulfides,train
P382349,Polysulfides,train
P382350,Polysulfides,train
P382351,Polysulfides,train
P382371,"Polysulfides, Polyimines, Polyketones/thioketones",train
P382373,Polysulfides,train
P382384,Polysulfides,train
P382385,Polysulfides,test
P382387,"Polysulfides, Polyesters/thioesters, Polyimines",train
P382388,"Polysulfides, Polyesters/thioesters, Polyimines",train
P382389,"Polysulfides, Polyesters/thioesters, Polyimines",test
P382391,"Polysulfides, Polyimines",train
P382392,"Polysulfides, Polyimines",train
P382393,"Polysulfides, Polyesters/thioesters, Polyimines",test
P382394,Polysulfides,train
P382395,"Polysulfides, Polyesters/thioesters",train
P382410,Polysulfides,train
P382411,Polysulfides,train
P382412,Polysulfides,train
P382415,"Polysulfides, Polyimines",train
P382416,"Polysulfides, Polyimines",train
P382417,"Polysulfides, Polyimines",train
P382418,"Polysulfides, Polyimines",test
P382419,"Polysulfides, Polyimines",train
P382420,"Polysulfides, Polyimines",train
P382432,Polysulfides,train
P382439,"Polysulfides, Polyimines",train
P382440,"Polysulfides, Polyimines",train
P382441,"Polysulfides, Polyimines",train
P382447,"Polysulfides, Polyimines",test
P382457,"Polysulfides, Polyimines",test
P382548,Polysulfides,test
P390004,Polyesters/thioesters,train
P390005,Polyesters/thioesters,train
P390006,Polyesters/thioesters,train
P390007,"Polyesters/thioesters, Polysulfones/sulfoxides/sufonates/sulfoamides",train
P390008,"Polyesters/thioesters, Polysulfones/sulfoxides/sufonates/sulfoamides",test
P390009,"Polyesters/thioesters, Polyimines",train
P390011,Polyesters/thioesters,train
P390012,Polyesters/thioesters,train
P390013,Polyesters/thioesters,train
P390015,Polyesters/thioesters,train
P390018,Polyesters/thioesters,train
P390019,Polyesters/thioesters,train
P390020,Polyesters/thioesters,train
P390021,Polyesters/thioesters,train
P390022,Polyesters/thioesters,train
P390023,Polyesters/thioesters,train
P390024,Polyesters/thioesters,train
P390031,"Polyesters/thioesters, Polyketones/thioketones",train
P390033,Polyesters/thioesters,train
P390034,Polyesters/thioesters,train
P390035,Polyesters/thioesters,train
P390036,Polyesters/thioesters,train
P390037,Polyesters/thioesters,train
P390038,Polyesters/thioesters,test
P390039,Polyesters/thioesters,train
P390040,Polyesters/thioesters,test
P390045,Polyesters/thioesters,train
P390046,Polyesters/thioesters,test
P390050,"Polyesters/thioesters, Polyketones/thioketones",train
P390051,"Polyesters/thioesters, Polyketones/thioketones",train
P390052,Polyesters/thioesters,train
P390055,Polyesters/thioesters,train
P390056,Polyesters/thioesters,train
P390058,Polyesters/thioesters,train
P390059,Polyesters/thioesters,train
P390060,Polyesters/thioesters,train
P390061,Polyesters/thioesters,train
P390062,Polyesters/thioesters,train
P390071,Polyesters/thioesters,test
P390072,Polyesters/thioesters,train
P390134,Polyesters/thioesters,train
P390135,Polyesters/thioesters,train
P390184,Polyesters/thioesters,train
P390192,Polyesters/thioesters,train
P390193,Polyesters/thioesters,train
P390201,Polyesters/thioesters,train
P390202,Polyesters/thioesters,train
P390203,Polyesters/thioesters,train
P390204,Polyesters/thioesters,train
P390214,"Polyesters/thioesters, Polyamides/thioamides",test
P390216,Polyesters/thioesters,train
P390217,Polyesters/thioesters,train
P390218,Polyesters/thioesters,test
P390219,Polyesters/thioesters,train
P390220,Polyesters/thioesters,train
P390221,Polyesters/thioesters,train
P390222,Polyesters/thioesters,train
P390223,Polyesters/thioesters,train
P390224,Polyesters/thioesters,train
P390225,Polyesters/thioesters,train
P390226,Polyesters/thioesters,train
P390227,Polyesters/thioesters,train
P390228,Polyesters/thioesters,test
P390233,Polyesters/thioesters,test
P390234,Polyesters/thioesters,train
P390235,Polyesters/thioesters,train
P390236,Polyesters/thioesters,train
P390237,Polyesters/thioesters,test
P390238,Polyesters/thioesters,train
P390239,Polyesters/thioesters,train
P390240,Polyesters/thioesters,train
P390242,Polyesters/thioesters,train
P390243,Polyesters/thioesters,train
P390244,Polyesters/thioesters,train
P390245,Polyesters/thioesters,train
P390248,"Polyesters/thioesters, Polyimines",train
P390249,"Polyesters/thioesters, Polyimines",train
P390250,"Polyesters/thioesters, Polyimines",train
P390251,"Polyesters/thioesters, Polyimines",test
P390252,"Polyesters/thioesters, Polyimines",train
P390257,Polyesters/thioesters,train
P390258,Polyesters/thioesters,train
P390259,Polyesters/thioesters,train
P390281,Polyesters/thioesters,train
P390283,Polyesters/thioesters,train
P390284,Polyesters/thioesters,train
P390312,Polyesters/thioesters,train
P390319,Polyesters/thioesters,train
P390320,Polyesters/thioesters,train
P390321,Polyesters/thioesters,train
P390322,Polyesters/thioesters,train
P390323,Polyesters/thioesters,train
P390324,Polyesters/thioesters,test
P390325,Polyesters/thioesters,train
P390326,Polyesters/thioesters,test
P390329,Polyesters/thioesters,train
P390332,"Polyesters/thioesters, Polysulfones/sulfoxides/sufonates/sulfoamides",test
P390333,"Polyesters/thioesters, Polysulfones/sulfoxides/sufonates/sulfoamides",train
P390334,"Polyesters/thioesters, Polysulfones/sulfoxides/sufonates/sulfoamides",test
P390335,"Polyesters/thioesters, Polysulfones/sulfoxides/sufonates/sulfoamides",train
P390338,Polyesters/thioesters,train
P390342,Polyesters/thioesters,train
P390363,"Polyesters/thioesters, Polyurethanes/thiourethanes",train
P390365,Polyesters/thioesters,test
P390366,Polyesters/thioesters,train
P390367,Polyesters/thioesters,train
P390375,Polyesters/thioesters,test
P390376,Polyesters/thioesters,train
P390377,Polyesters/thioesters,train
P390378,Polyesters/thioesters,train
P390379,Polyesters/thioesters,train
P390380,"Polyesters/thioesters, Polycarbonates/thiocarbonates",test
P390393,Polyesters/thioesters,train
P390399,Polyesters/thioesters,train
P390400,"Polyesters/thioesters, Polyamides/thioamides",train
P390401,"Polyesters/thioesters, Polyamides/thioamides",train
P390402,"Polyesters/thioesters, Polyamides/thioamides",train
P390403,"Polyesters/thioesters, Polyamides/thioamides",train
P390404,Polyesters/thioesters,train
P390405,Polyesters/thioesters,test
P390411,Polyesters/thioesters,train
P390414,Polyesters/thioesters,train
P390415,"Polyesters/thioesters, Polyimines, Polysulfones/sulfoxides/sufonates/sulfoamides",train
P390416,"Polyesters/thioesters, Polyimines, Polysulfones/sulfoxides/sufonates/sulfoamides",train
P390426,"Polyesters/thioesters, Polyimines, Polyketones/thioketones",train
P390427,"Polyesters/thioesters, Polyimines, Polyketones/thioketones",train
P390430,Polyesters/thioesters,test
P390445,"Polyesters/thioesters, Polyimines",train
P390446,"Polyesters/thioesters, Polyimines",train
P390447,"Polyesters/thioesters, Polyimines",train
P392013,Polyesters/thioesters,train
P392014,Polyesters/thioesters,train
P392015,Polyesters/thioesters,train
P392033,Polyesters/thioesters,train
P392038,Polyesters/thioesters,train
P392039,Polyesters/thioesters,train
P392040,Polyesters/thioesters,train
P392041,Polyesters/thioesters,train
P392042,Polyesters/thioesters,test
P392043,Polyesters/thioesters,train
P392044,Polyesters/thioesters,train
P392045,Polyesters/thioesters,train
P392046,Polyesters/thioesters,test
P392056,"Polyesters/thioesters, Polyketones/thioketones",train
P392059,"Polyesters/thioesters, Polyketones/thioketones",train
P392068,"Polyesters/thioesters, Polyamides/thioamides",train
P392069,"Polyesters/thioesters, Polyamides/thioamides",train
P392070,"Polyesters/thioesters, Polyamides/thioamides",train
P392071,"Polyesters/thioesters, Polyamides/thioamides",train
P392072,"Polyesters/thioesters, Polyamides/thioamides",train
P392077,"Polyesters/thioesters, Polyimines",train
P392078,"Polyesters/thioesters, Polysiloxanes/silanes",test
P392079,"Polyesters/thioesters, Polysiloxanes/silanes, Polysulfones/sulfoxides/sufonates/sulfoamides",train
P392080,"Polyesters/thioesters, Polysiloxanes/silanes",train
P392081,"Polyesters/thioesters, Polysiloxanes/silanes",train
P392082,"Polyesters/thioesters, Polysiloxanes/silanes, Polysulfones/sulfoxides/sufonates/sulfoamides",train
P392083,"Polyesters/thioesters, Polysiloxanes/silanes",train
P392084,"Polyesters/thioesters, Polyamides/thioamides, Polysiloxanes/silanes",train
P392085,"Polyesters/thioesters, Polyamides/thioamides, Polysiloxanes/silanes",test
P392086,"Polyesters/thioesters, Polyamides/thioamides, Polysiloxanes/silanes",train
P392090,Polyesters/thioesters,test
P392092,"Polyesters/thioesters, Polyimines",train
P392093,"Polyesters/thioesters, Polyamides/thioamides, Polysiloxanes/silanes",test
P392096,Polyesters/thioesters,test
P392097,Polyesters/thioesters,train
P392098,Polyesters/thioesters,train
P392099,Polyesters/thioesters,train
P392102,"Polyesters/thioesters, Polyketones/thioketones",train
P392103,Polyesters/thioesters,train
P392104,Polyesters/thioesters,train
P392105,"Polyesters/thioesters, Polyamides/thioamides",train
P392106,"Polyesters/thioesters, Polyamides/thioamides",test
P392107,"Polyesters/thioesters, Polyamides/thioamides",train
P392108,"Polyesters/thioesters, Polyamides/thioamides",train
P392109,"Polyesters/thioesters, Polyamides/thioamides",train
P392110,"Polyesters/thioesters, Polyamides/thioamides",train
P392111,"Polyesters/thioesters, Polyamides/thioamides",train
P392112,"Polyesters/thioesters, Polyamides/thioamides",train
P392113,"Polyesters/thioesters, Polyamides/thioamides",test
P392114,"Polyesters/thioesters, Polyamides/thioamides",train
P392115,"Polyesters/thioesters, Polyamides/thioamides",train
P392116,"Polyesters/thioesters, Polyimines",train
P392117,"Polyesters/thioesters, Polyimines",test
P392118,"Polyesters/thioesters, Polyimines",train
P392119,"Polyesters/thioesters, Polyimines, Polysiloxanes/silanes",train
P392120,"Polyesters/thioesters, Polyamides/thioamides",test
P392121,"Polyesters/thioesters, Polyamides/thioamides",test
P392122,"Polyesters/thioesters, Polyamides/thioamides",test
P392123,"Polyesters/thioesters, Polyamides/thioamides",train
P392124,"Polyesters/thioesters, Polyamides/thioamides",train
P392125,"Polyesters/thioesters, Polyamides/thioamides",test
P392126,"Polyesters/thioesters, Polyamides/thioamides",test
P392127,"Polyesters/thioesters, Polyamides/thioamides",train
P392128,"Polyesters/thioesters, Polyamides/thioamides",train
P392129,"Polyesters/thioesters, Polyamides/thioamides",train
P392130,"Polyesters/thioesters, Polyamides/thioamides",train
P392131,"Polyesters/thioesters, Polyamides/thioamides",train
P392132,"Polyesters/thioesters, Polyamides/thioamides",train
P392133,"Polyesters/thioesters, Polyamides/thioamides",train
P392135,"Polyesters/thioesters, Polyimines",test
P392153,Polyesters/thioesters,train
P392154,Polyesters/thioesters,test
P392155,Polyesters/thioesters,train
P392156,Polyesters/thioesters,test
P392157,Polyesters/thioesters,train
P392158,Polyesters/thioesters,train
P392159,Polyesters/thioesters,train
P392160,Polyesters/thioesters,test
P392166,Polyesters/thioesters,train
P392169,"Polyesters/thioesters, Polyamides/thioamides",train
P392170,"Polyesters/thioesters, Polyamides/thioamides",train
P392176,Polyesters/thioesters,train
P392187,"Polyesters/thioesters, Polyamides/thioamides",train
P392188,"Polyesters/thioesters, Polyamides/thioamides",test
P392190,"Polyesters/thioesters, Polyamides/thioamides",train
P392193,Polyesters/thioesters,train
P392196,Polyesters/thioesters,train
P392197,Polyesters/thioesters,train
P392198,Polyesters/thioesters,train
P392199,"Polyesters/thioesters, Polyimines",train
P392200,"Polyesters/thioesters, Polyimines",train
P392201,"Polyesters/thioesters, Polyamides/thioamides",train
P392202,"Polyesters/thioesters, Polyamides/thioamides",train
P392203,"Polyesters/thioesters, Polyamides/thioamides",train
P392204,"Polyesters/thioesters, Polyamides/thioamides",test
P392205,"Polyesters/thioesters, Polyamides/thioamides",train
P392206,"Polyesters/thioesters, Polyamides/thioamides",train
P392207,"Polyesters/thioesters, Polyamides/thioamides",train
P392208,"Polyesters/thioesters, Polyamides/thioamides",train
P392209,"Polyesters/thioesters, Polyamides/thioamides",train
P392210,"Polyesters/thioesters, Polyamides/thioamides",test
P392211,"Polyesters/thioesters, Polyamides/thioamides",train
P392212,"Polyesters/thioesters, Polyamides/thioamides",train
P392213,"Polyesters/thioesters, Polyamides/thioamides",train
P392214,"Polyesters/thioesters, Polyamides/thioamides",test
P392215,"Polyesters/thioesters, Polyamides/thioamides",test
P392216,"Polyesters/thioesters, Polyamides/thioamides",test
P392217,"Polyesters/thioesters, Polyamides/thioamides",train
P392218,"Polyesters/thioesters, Polyamides/thioamides",train
P392219,"Polyesters/thioesters, Polyamides/thioamides",train
P392220,"Polyesters/thioesters, Polyamides/thioamides",test
P392221,"Polyesters/thioesters, Polyamides/thioamides",train
P392222,"Polyesters/thioesters, Polyamides/thioamides",train
P392223,"Polyesters/thioesters, Polyamides/thioamides",test
P392224,"Polyesters/thioesters, Polyamides/thioamides",train
P392225,"Polyesters/thioesters, Polyamides/thioamides",train
P392226,"Polyesters/thioesters, Polyamides/thioamides",train
P392227,"Polyesters/thioesters, Polyamides/thioamides",train
P392228,"Polyesters/thioesters, Polyamides/thioamides",train
P392229,"Polyesters/thioesters, Polyamides/thioamides",train
P392230,"Polyesters/thioesters, Polyamides/thioamides",test
P392231,"Polyesters/thioesters, Polyamides/thioamides",test
P392232,"Polyesters/thioesters, Polyamides/thioamides",train
P392233,"Polyesters/thioesters, Polyamides/thioamides",test
P392234,"Polyesters/thioesters, Polyamides/thioamides",train
P392235,"Polyesters/thioesters, Polyamides/thioamides",train
P392236,"Polyesters/thioesters, Polyamides/thioamides",test
P392237,"Polyesters/thioesters, Polyamides/thioamides",train
P392238,"Polyesters/thioesters, Polyamides/thioamides",train
P392239,"Polyesters/thioesters, Polyamides/thioamides",train
P392240,"Polyesters/thioesters, Polyamides/thioamides",test
P392241,"Polyesters/thioesters, Polyamides/thioamides",train
P392242,"Polyesters/thioesters, Polyamides/thioamides",train
P392243,"Polyesters/thioesters, Polyamides/thioamides",test
P392244,"Polyesters/thioesters, Polyamides/thioamides",train
P392245,"Polyesters/thioesters, Polyamides/thioamides",train
P392246,"Polyesters/thioesters, Polyimines",train
P392247,"Polyesters/thioesters, Polyimines",train
P392248,"Polyesters/thioesters, Polyimines",train
P392249,"Polyesters/thioesters, Polyimines",train
P392252,Polyesters/thioesters,train
P392257,Polyesters/thioesters,train
P392258,Polyesters/thioesters,train
P392259,Polyesters/thioesters,train
P392260,Polyesters/thioesters,train
P392261,Polyesters/thioesters,train
P392262,Polyesters/thioesters,train
P392263,Polyesters/thioesters,train
P392285,Polyesters/thioesters,train
P392327,Polyesters/thioesters,train
P392328,Polyesters/thioesters,train
P392329,Polyesters/thioesters,test
P392332,Polyesters/thioesters,test
P392333,Polyesters/thioesters,train
P392334,Polyesters/thioesters,train
P392335,Polyesters/thioesters,train
P392336,Polyesters/thioesters,train
P392337,Polyesters/thioesters,train
P392338,Polyesters/thioesters,test
P392339,Polyesters/thioesters,train
P392340,Polyesters/thioesters,train
P392341,Polyesters/thioesters,test
P392342,Polyesters/thioesters,train
P392343,Polyesters/thioesters,train
P392344,Polyesters/thioesters,train
P392345,Polyesters/thioesters,train
P392346,Polyesters/thioesters,train
P392347,Polyesters/thioesters,train
P392348,"Polyesters/thioesters, Polyimines",test
P392355,Polyesters/thioesters,train
P392362,Polyesters/thioesters,train
P392370,"Polyesters/thioesters, Polyimines",train
P392371,"Polyesters/thioesters, Polyimines",train
P392372,"Polyesters/thioesters, Polyimines",train
P392373,"Polyesters/thioesters, Polyimines",train
P392378,"Polyesters/thioesters, Polyimines",train
P392379,"Polyesters/thioesters, Polyimines",train
P392380,"Polyesters/thioesters, Polyimines",train
P392381,"Polyesters/thioesters, Polyimines",train
P392382,"Polyesters/thioesters, Polyimines",train
P392383,"Polyesters/thioesters, Polyimines",train
P392390,Polyesters/thioesters,train
P392391,Polyesters/thioesters,test
P392392,Polyesters/thioesters,train
P392393,Polyesters/thioesters,test
P392394,Polyesters/thioesters,train
P392399,Polyesters/thioesters,train
P392401,"Polyesters/thioesters, Polyamides/thioamides",train
P392411,"Polyesters/thioesters, Polyamides/thioamides",train
P392418,"Polyesters/thioesters, Polyamides/thioamides",train
P392423,Polyesters/thioesters,test
P392429,Polyesters/thioesters,train
P392430,Polyesters/thioesters,train
P392431,Polyesters/thioesters,train
P392432,Polyesters/thioesters,test
P392433,Polyesters/thioesters,train
P392434,Polyesters/thioesters,train
P392436,Polyesters/thioesters,test
P392450,"Polyesters/thioesters, Polyamides/thioamides",train
P392451,"Polyesters/thioesters, Polyimines",train
P392458,"Polyesters/thioesters, Polyimines",train
P392459,"Polyesters/thioesters, Polyimines, Polysulfones/sulfoxides/sufonates/sulfoamides",train
P392460,"Polyesters/thioesters, Polyimines",train
P392461,"Polyesters/thioesters, Polyimines",test
P392462,"Polyesters/thioesters, Polyurethanes/thiourethanes",test
P392463,"Polyesters/thioesters, Polyurethanes/thiourethanes",train
P392464,"Polyesters/thioesters, Polyurethanes/thiourethanes",train
P392465,"Polyesters/thioesters, Polyurethanes/thiourethanes",train
P392466,"Polyesters/thioesters, Polyurethanes/thiourethanes",train
P392467,"Polyesters/thioesters, Polyurethanes/thiourethanes",test
P392468,"Polyesters/thioesters, Polyurethanes/thiourethanes",train
P392469,"Polyesters/thioesters, Polyurethanes/thiourethanes",test
P392490,Polyesters/thioesters,train
P392491,Polyesters/thioesters,train
P392501,Polyurethanes/thiourethanes,train
P392505,Polyesters/thioesters,train
P392509,"Polyesters/thioesters, Polyamides/thioamides",train
P392512,"Polyesters/thioesters, Polyamides/thioamides",train
P392534,"Polyesters/thioesters, Polyimines, Polysiloxanes/silanes",train
P392535,"Polyesters/thioesters, Polyimines, Polysiloxanes/silanes",train
P392536,Polyesters/thioesters,train
P392542,"Polyesters/thioesters, Polyimines",train
P392543,Polyesters/thioesters,train
P392544,Polyesters/thioesters,train
P392545,Polyesters/thioesters,test
P392546,Polyesters/thioesters,train
P392547,Polyesters/thioesters,train
P392548,Polyesters/thioesters,test
P392551,Polyesters/thioesters,train
P392552,Polyesters/thioesters,train
P392553,Polyesters/thioesters,train
P392554,Polyesters/thioesters,train
P392556,"Polyesters/thioesters, Polyimines",train
P392558,Polyesters/thioesters,test
P392559,Polyesters/thioesters,train
P392560,Polyesters/thioesters,train
P392561,Polyesters/thioesters,train
P392563,Polyesters/thioesters,test
P392564,Polyesters/thioesters,train
P392565,Polyesters/thioesters,train
P392566,Polyesters/thioesters,train
P392567,Polyesters/thioesters,train
P392569,Polyesters/thioesters,train
P392570,Polyesters/thioesters,test
P392571,"Polyesters/thioesters, Polyamides/thioamides",test
P392572,Polyesters/thioesters,train
P392600,"Polyesters/thioesters, Polyimines",train
P392623,"Polyesters/thioesters, Polyamides/thioamides",train
P392624,"Polyesters/thioesters, Polyamides/thioamides",train
P392625,"Polyesters/thioesters, Polyamides/thioamides",train
P392626,"Polyesters/thioesters, Polyamides/thioamides",train
P392627,"Polyesters/thioesters, Polyamides/thioamides",train
P392635,"Polyesters/thioesters, Polyimines",train
P392636,"Polyesters/thioesters, Polyimines",train
P392637,"Polyesters/thioesters, Polyimines",train
P392641,Polyesters/thioesters,train
P392642,Polyesters/thioesters,train
P392643,Polyesters/thioesters,test
P392644,Polyesters/thioesters,train
P392645,"Polyesters/thioesters, Polyanhydrides/thioanhydrides",train
P392646,"Polyesters/thioesters, Polyanhydrides/thioanhydrides",train
P392647,"Polyesters/thioesters, Polyanhydrides/thioanhydrides",train
P392648,"Polyesters/thioesters, Polyanhydrides/thioanhydrides",train
P392649,"Polyesters/thioesters, Polyanhydrides/thioanhydrides",train
P392650,"Polyesters/thioesters, Polyanhydrides/thioanhydrides",train
P392651,"Polyesters/thioesters, Polyanhydrides/thioanhydrides",train
P392652,"Polyesters/thioesters, Polyanhydrides/thioanhydrides",train
P392653,"Polyesters/thioesters, Polyanhydrides/thioanhydrides",train
P392654,"Polyesters/thioesters, Polyanhydrides/thioanhydrides",train
P392660,Polyesters/thioesters,train
P392661,Polyesters/thioesters,train
P392662,Polyesters/thioesters,train
P392664,"Polyesters/thioesters, Polyimines",train
P392665,"Polyesters/thioesters, Polyimines",train
P392667,"Polyesters/thioesters, Polyamides/thioamides",train
P392668,"Polyesters/thioesters, Polyamides/thioamides",train
P392669,"Polyesters/thioesters, Polyamides/thioamides",train
P392670,"Polyesters/thioesters, Polyamides/thioamides",train
P392671,"Polyesters/thioesters, Polyamides/thioamides",train
P392677,Polyesters/thioesters,train
P392681,Polyesters/thioesters,train
P392698,Polyesters/thioesters,train
P392699,Polyesters/thioesters,train
P392703,Polyesters/thioesters,test
P392704,Polyesters/thioesters,train
P392705,Polyesters/thioesters,train
P392706,Polyesters/thioesters,train
P392709,"Polyesters/thioesters, Polyimines",train
P392710,"Polyesters/thioesters, Polyimines",test
P392711,"Polyesters/thioesters, Polyimines",train
P392712,"Polyesters/thioesters, Polyimines",train
P392718,"Polyesters/thioesters, Polyamides/thioamides",test
P392719,"Polyesters/thioesters, Polyamides/thioamides",test
P392720,"Polyesters/thioesters, Polyamides/thioamides",train
P392721,"Polyesters/thioesters, Polyamides/thioamides, Polysulfones/sulfoxides/sufonates/sulfoamides",test
P392722,"Polyesters/thioesters, Polyamides/thioamides",train
P392723,"Polyesters/thioesters, Polyamides/thioamides",train
P392727,"Polyesters/thioesters, Polyamides/thioamides",train
P392731,"Polyesters/thioesters, Polyimines",train
P392732,"Polyesters/thioesters, Polyimines",train
P392733,"Polyesters/thioesters, Polyimines",train
P392734,"Polyesters/thioesters, Polyimines",test
P392737,Polyesters/thioesters,train
P392738,Polyesters/thioesters,train
P392739,Polyesters/thioesters,test
P392740,Polyesters/thioesters,train
P392741,Polyesters/thioesters,train
P392742,Polyesters/thioesters,train
P392743,"Polyesters/thioesters, Polyamides/thioamides",train
P392744,Polyesters/thioesters,train
P392746,"Polyesters/thioesters, Polyamides/thioamides",train
P392747,"Polyesters/thioesters, Polyamides/thioamides",train
P392748,Polyesters/thioesters,train
P400002,Polyamides/thioamides,train
P400011,Polyamides/thioamides,train
P400013,Polyamides/thioamides,train
P400018,Polyamides/thioamides,train
P400019,Polyamides/thioamides,train
P400020,Polyamides/thioamides,test
P400026,"Polyamides/thioamides, Polyurethanes/thiourethanes",train
P400052,Polyamides/thioamides,train
P400053,Polyamides/thioamides,train
P400054,Polyamides/thioamides,train
P400075,Polyamides/thioamides,train
P400076,Polyamides/thioamides,test
P400095,Polyamides/thioamides,test
P400102,Polyamides/thioamides,train
P400103,Polyamides/thioamides,test
P400104,Polyamides/thioamides,train
P400105,Polyamides/thioamides,train
P400106,Polyamides/thioamides,train
P400107,Polyamides/thioamides,train
P400114,Polyamides/thioamides,train
P400115,Polyamides/thioamides,test
P400116,Polyamides/thioamides,train
P400117,Polyamides/thioamides,train
P400135,Polyamides/thioamides,train
P400136,Polyamides/thioamides,test
P400137,Polyamides/thioamides,train
P400138,Polyamides/thioamides,train
P400139,Polyamides/thioamides,train
P400190,Polyamides/thioamides,train
P400223,Polyamides/thioamides,train
P400231,"Polyamides/thioamides, Polyurethanes/thiourethanes",train
P400232,"Polyamides/thioamides, Polyurethanes/thiourethanes",test
P400233,"Polyamides/thioamides, Polyurethanes/thiourethanes",test
P400234,"Polyamides/thioamides, Polyurethanes/thiourethanes",train
P400235,"Polyamides/thioamides, Polyurethanes/thiourethanes",test
P400236,"Polyamides/thioamides, Polyurethanes/thiourethanes",train
P400244,Polyamides/thioamides,train
P400245,Polyamides/thioamides,test
P400246,Polyamides/thioamides,train
P400247,Polyamides/thioamides,train
P400258,Polyamides/thioamides,train
P400264,Polyamides/thioamides,train
P400265,Polyamides/thioamides,test
P400267,"Polyamides/thioamides, Polysulfones/sulfoxides/sufonates/sulfoamides",train
P400268,Polyamides/thioamides,test
P400269,Polyamides/thioamides,train
P400271,"Polyamides/thioamides, Polysulfones/sulfoxides/sufonates/sulfoamides",train
P400272,Polyamides/thioamides,train
P400273,Polyamides/thioamides,test
P400274,Polyamides/thioamides,train
P400275,Polyamides/thioamides,train
P400278,"Polyamides/thioamides, Polyimines, Polysiloxanes/silanes",train
P400280,"Polyamides/thioamides, Polyimines, Polysiloxanes/silanes",train
P400282,"Polyamides/thioamides, Polysiloxanes/silanes",test
P400299,Polyamides/thioamides,train
P400300,Polyamides/thioamides,test
P400301,Polyamides/thioamides,train
P400321,Polyamides/thioamides,train
P400322,Polyamides/thioamides,train
P400323,Polyamides/thioamides,train
P400325,Polyamides/thioamides,train
P400326,Polyamides/thioamides,train
P400327,Polyamides/thioamides,test
P400328,Polyamides/thioamides,test
P400329,Polyamides/thioamides,train
P400349,Polyamides/thioamides,train
P400350,Polyamides/thioamides,train
P400351,Polyamides/thioamides,train
P400352,Polyamides/thioamides,train
P400353,Polyamides/thioamides,train
P400354,Polyamides/thioamides,train
P400355,Polyamides/thioamides,train
P400356,Polyamides/thioamides,train
P400357,Polyamides/thioamides,train
P400371,"Polyamides/thioamides, Polyimines",train
P400372,"Polyamides/thioamides, Polyimines",train
P400373,"Polyamides/thioamides, Polyimines",train
P402004,Polyamides/thioamides,test
P402005,Polyamides/thioamides,train
P402006,Polyamides/thioamides,train
P402007,Polyamides/thioamides,train
P402008,Polyamides/thioamides,train
P402009,Polyamides/thioamides,test
P402010,Polyamides/thioamides,train
P402011,Polyamides/thioamides,train
P402012,Polyamides/thioamides,train
P402013,Polyamides/thioamides,train
P402014,Polyamides/thioamides,train
P402016,Polyamides/thioamides,train
P402017,Polyamides/thioamides,train
P402018,Polyamides/thioamides,train
P402019,Polyamides/thioamides,train
P402020,Polyamides/thioamides,train
P402034,Polyamides/thioamides,train
P402035,Polyamides/thioamides,train
P402037,"Polyamides/thioamides, Polyimines",train
P402038,"Polyamides/thioamides, Polyimines",train
P402042,"Polyamides/thioamides, Polyketones/thioketones",train
P402045,Polyamides/thioamides,test
P402046,Polyamides/thioamides,train
P402050,Polyamides/thioamides,train
P402051,Polyamides/thioamides,train
P402070,Polyamides/thioamides,train
P402071,Polyamides/thioamides,train
P402072,"Polyamides/thioamides, Polysulfones/sulfoxides/sufonates/sulfoamides",test
P402073,Polyamides/thioamides,test
P402074,Polyamides/thioamides,train
P402078,"Polyamides/thioamides, Polyimines",train
P402079,"Polyamides/thioamides, Polyimines",train
P402080,"Polyamides/thioamides, Polyimines",train
P402081,"Polyamides/thioamides, Polyimines",train
P402086,Polyamides/thioamides,test
P402087,Polyamides/thioamides,train
P402088,Polyamides/thioamides,train
P402089,Polyamides/thioamides,train
P402090,Polyamides/thioamides,train
P402091,Polyamides/thioamides,train
P402092,Polyamides/thioamides,train
P402093,Polyamides/thioamides,test
P402094,Polyamides/thioamides,test
P402095,Polyamides/thioamides,train
P402096,Polyamides/thioamides,train
P402097,Polyamides/thioamides,train
P402098,Polyamides/thioamides,train
P402128,Polyamides/thioamides,train
P402131,Polyamides/thioamides,train
P402133,"Polyamides/thioamides, Polyimines, Polysulfones/sulfoxides/sufonates/sulfoamides",train
P402146,Polyamides/thioamides,train
P402147,Polyamides/thioamides,test
P402149,Polyamides/thioamides,test
P402150,"Polyamides/thioamides, Polysulfones/sulfoxides/sufonates/sulfoamides",train
P402153,Polyamides/thioamides,train
P402154,Polyamides/thioamides,train
P402156,Polyamides/thioamides,train
P402160,Polyamides/thioamides,train
P402161,Polyamides/thioamides,train
P402163,"Polyamides/thioamides, Polysiloxanes/silanes",test
P402164,"Polyamides/thioamides, Polysiloxanes/silanes",train
P402165,"Polyamides/thioamides, Polysiloxanes/silanes",test
P402166,"Polyamides/thioamides, Polysiloxanes/silanes",train
P402167,"Polyamides/thioamides, Polysiloxanes/silanes, Polysulfones/sulfoxides/sufonates/sulfoamides",train
P402168,"Polyamides/thioamides, Polysiloxanes/silanes",train
P402171,"Polyamides/thioamides, Polyimines",train
P402172,"Polyamides/thioamides, Polyimines",train
P402173,"Polyamides/thioamides, Polyimines",test
P402185,Polyamides/thioamides,train
P402186,Polyamides/thioamides,train
P402187,Polyamides/thioamides,train
P402188,Polyamides/thioamides,train
P402189,Polyamides/thioamides,train
P402190,"Polyamides/thioamides, Polyketones/thioketones",train
P402212,"Polyamides/thioamides, Polyimines, Polysiloxanes/silanes",test
P402213,"Polyamides/thioamides, Polyimines, Polysiloxanes/silanes",train
P402214,"Polyamides/thioamides, Polyimines, Polysiloxanes/silanes",train
P402217,Polyamides/thioamides,train
P402218,Polyamides/thioamides,train
P402219,Polyamides/thioamides,train
P402220,Polyamides/thioamides,train
P402222,Polyamides/thioamides,train
P402224,Polyamides/thioamides,train
P402225,Polyamides/thioamides,train
P402226,Polyamides/thioamides,train
P402227,"Polyamides/thioamides, Polycarbonates/thiocarbonates",train
P402229,"Polyamides/thioamides, Polycarbonates/thiocarbonates",train
P402230,"Polyamides/thioamides, Polycarbonates/thiocarbonates",train
P402231,Polyamides/thioamides,train
P402232,Polyamides/thioamides,train
P402233,Polyamides/thioamides,test
P402234,Polyamides/thioamides,train
P402235,Polyamides/thioamides,test
P402236,Polyamides/thioamides,train
P402237,Polyamides/thioamides,train
P402238,Polyamides/thioamides,train
P402239,Polyamides/thioamides,train
P402240,"Polyamides/thioamides, Polyketones/thioketones",train
P402241,"Polyamides/thioamides, Polyketones/thioketones",test
P402242,"Polyamides/thioamides, Polyketones/thioketones",train
P402244,Polyamides/thioamides,train
P402245,Polyamides/thioamides,train
P402246,Polyamides/thioamides,train
P402247,Polyamides/thioamides,train
P402248,Polyamides/thioamides,test
P402249,Polyamides/thioamides,test
P402250,Polyamides/thioamides,test
P402251,Polyamides/thioamides,train
P402252,Polyamides/thioamides,train
P402253,Polyamides/thioamides,train
P402268,Polyamides/thioamides,train
P402271,"Polyamides/thioamides, Polyketones/thioketones",train
P402277,Polyamides/thioamides,test
P402278,Polyamides/thioamides,train
P402279,Polyamides/thioamides,train
P402280,Polyamides/thioamides,train
P402281,Polyamides/thioamides,train
P402282,Polyamides/thioamides,train
P402283,Polyamides/thioamides,test
P402287,Polyamides/thioamides,train
P402288,Polyamides/thioamides,train
P402289,Polyamides/thioamides,train
P402290,Polyamides/thioamides,train
P402291,Polyamides/thioamides,test
P402292,Polyamides/thioamides,train
P402294,Polyamides/thioamides,train
P402297,Polyamides/thioamides,test
P402299,Polyamides/thioamides,train
P402300,Polyamides/thioamides,train
P402301,Polyamides/thioamides,test
P402302,Polyamides/thioamides,train
P402303,Polyamides/thioamides,train
P402319,Polyamides/thioamides,train
P402331,Polyamides/thioamides,train
P402332,"Polyamides/thioamides, Polysulfones/sulfoxides/sufonates/sulfoamides",test
P402341,Polyamides/thioamides,train
P402342,Polyamides/thioamides,train
P402343,Polyamides/thioamides,train
P402344,Polyamides/thioamides,test
P402345,"Polyamides/thioamides, Polysulfones/sulfoxides/sufonates/sulfoamides",test
P402347,"Polyamides/thioamides, Polysiloxanes/silanes",train
P402348,"Polyamides/thioamides, Polyimines",train
P402349,"Polyamides/thioamides, Polyimines",train
P402350,"Polyamides/thioamides, Polyimines",train
P402351,"Polyamides/thioamides, Polyimines",test
P402352,"Polyamides/thioamides, Polyimines",train
P402353,"Polyamides/thioamides, Polyimines",test
P402354,"Polyamides/thioamides, Polyimines",train
P402355,"Polyamides/thioamides, Polyimines",train
P402356,"Polyamides/thioamides, Polyimines",test
P402357,Polyamides/thioamides,train
P402360,Polyamides/thioamides,train
P402364,Polyamides/thioamides,train
P402365,Polyamides/thioamides,train
P402368,Polyamides/thioamides,test
P402369,"Polyamides/thioamides, Polyimines",test
P402370,"Polyamides/thioamides, Polyimines",test
P402371,"Polyamides/thioamides, Polyimines",train
P402372,"Polyamides/thioamides, Polyimines, Polysulfones/sulfoxides/sufonates/sulfoamides",train
P402373,"Polyamides/thioamides, Polyimines",train
P402374,"Polyamides/thioamides, Polyimines",train
P402376,"Polyamides/thioamides, Polyimines, Polysulfones/sulfoxides/sufonates/sulfoamides",train
P402377,"Polyamides/thioamides, Polyimines",test
P402390,Polyamides/thioamides,test
P402391,Polyamides/thioamides,train
P402392,Polyamides/thioamides,train
P402393,Polyamides/thioamides,train
P402394,Polyamides/thioamides,train
P402395,Polyamides/thioamides,train
P402396,Polyamides/thioamides,train
P402397,Polyamides/thioamides,train
P402398,Polyamides/thioamides,test
P402399,Polyamides/thioamides,train
P402403,Polyamides/thioamides,train
P402404,Polyamides/thioamides,train
P402405,Polyamides/thioamides,train
P402406,Polyamides/thioamides,train
P402407,"Polyamides/thioamides, Polyimines",train
P402408,Polyamides/thioamides,train
P402409,Polyamides/thioamides,train
P402410,"Polyamides/thioamides, Polyimines",train
P402411,Polyamides/thioamides,test
P402412,Polyamides/thioamides,train
P402414,"Polyamides/thioamides, Polyketones/thioketones",test
P402415,"Polyamides/thioamides, Polyketones/thioketones",train
P402416,Polyamides/thioamides,train
P402418,"Polyamides/thioamides, Polyketones/thioketones",train
P402419,"Polyamides/thioamides, Polyketones/thioketones",train
P402422,Polyamides/thioamides,train
P410008,"Polyurethanes/thiourethanes, Polyimines",test
P410009,"Polyurethanes/thiourethanes, Polyimines",test
P410010,"Polyurethanes/thiourethanes, Polyimines",train
P410011,"Polyurethanes/thiourethanes, Polyimines",train
P410012,"Polyurethanes/thiourethanes, Polyimines",train
P410013,"Polyurethanes/thiourethanes, Polyimines",train
P410033,Polyurethanes/thiourethanes,train
P410034,"Polyurethanes/thiourethanes, Polyimines",train
P410035,"Polyurethanes/thiourethanes, Polyimines",test
P412005,Polyurethanes/thiourethanes,test
P412006,Polyurethanes/thiourethanes,train
P412007,Polyurethanes/thiourethanes,train
P412021,"Polyurethanes/thiourethanes, Polyimines",train
P412025,"Polyurethanes/thiourethanes, Polyimines",test
P412026,"Polyurethanes/thiourethanes, Polyimines",train
P412116,"Polyurethanes/thiourethanes, Polyimines",train
P412117,"Polyurethanes/thiourethanes, Polyimines",test
P412118,"Polyurethanes/thiourethanes, Polyimines",train
P412121,"Polyurethanes/thiourethanes, Polyimines",train
P412122,"Polyurethanes/thiourethanes, Polyimines",train
P412126,"Polyurethanes/thiourethanes, Polyimines",train
P412142,"Polyurethanes/thiourethanes, Polyimines",train
P412157,"Polyurethanes/thiourethanes, Polyimines",train
P412158,"Polyurethanes/thiourethanes, Polyimines",train
P412163,"Polyurethanes/thiourethanes, Polyimines",test
P412164,Polyurethanes/thiourethanes,train
P412173,"Polyurethanes/thiourethanes, Polyimines",train
P412174,"Polyurethanes/thiourethanes, Polyimines",train
P412176,"Polyurethanes/thiourethanes, Polyimines",train
P412179,"Polyurethanes/thiourethanes, Polyimines",train
P412180,"Polyurethanes/thiourethanes, Polyimines",test
P412181,"Polyurethanes/thiourethanes, Polyimines",train
P412201,"Polyurethanes/thiourethanes, Polyimines",train
P412204,"Polyurethanes/thiourethanes, Polyimines",test
P412206,"Polyurethanes/thiourethanes, Polyimines",train
P412209,Polyurethanes/thiourethanes,train
P412210,Polyurethanes/thiourethanes,train
P412211,"Polyurethanes/thiourethanes, Polyimines",train
P412213,"Polyurethanes/thiourethanes, Polyimines",test
P412216,"Polyurethanes/thiourethanes, Polyimines",train
P412217,"Polyurethanes/thiourethanes, Polyimines",train
P412224,Polyurethanes/thiourethanes,train
P412227,"Polyurethanes/thiourethanes, Polyimines",train
P412228,"Polyurethanes/thiourethanes, Polyimines",test
P412230,"Polyurethanes/thiourethanes, Polyimines",train
P412231,"Polyurethanes/thiourethanes, Polyimines",test
P412232,"Polyurethanes/thiourethanes, Polyimines",train
P412233,"Polyurethanes/thiourethanes, Polyimines",train
P412234,"Polyurethanes/thiourethanes, Polyimines",train
P412235,"Polyurethanes/thiourethanes, Polyimines",train
P412236,"Polyurethanes/thiourethanes, Polyimines",test
P412237,"Polyurethanes/thiourethanes, Polyimines",train
P412238,Polyurethanes/thiourethanes,train
P420001,Polyureas/thioureas,train
P422002,Polyureas/thioureas,train
P422003,Polyureas/thioureas,train
P422004,Polyureas/thioureas,train
P422005,Polyureas/thioureas,train
P422019,Polyureas/thioureas,train
P422020,Polyureas/thioureas,train
P422023,Polyureas/thioureas,test
P422028,Polyureas/thioureas,train
P422032,Polyureas/thioureas,train
P422035,Polyureas/thioureas,train
P422040,"Polyureas/thioureas, Polyimines",test
P422048,"Polyureas/thioureas, Polyimines",train
P422049,"Polyureas/thioureas, Polyimines",train
P422050,"Polyureas/thioureas, Polyimines",train
P422056,Polyureas/thioureas,train
P422057,Polyureas/thioureas,train
P422058,Polyureas/thioureas,train
P422059,Polyureas/thioureas,train
P422060,Polyureas/thioureas,train
P422061,Polyureas/thioureas,train
P422062,Polyureas/thioureas,train
P422063,Polyureas/thioureas,train
P430002,"Polyimides/thioimides, Polyamides/thioamides",train
P430004,"Polyimides/thioimides, Polyoxides/ethers/acetals, Polyamides/thioamides",train
P430005,"Polyimides/thioimides, Polyoxides/ethers/acetals, Polyamides/thioamides",train
P430006,"Polyimides/thioimides, Polyoxides/ethers/acetals, Polyamides/thioamides, Polysulfones/sulfoxides/sufonates/sulfoamides",train
P430007,"Polyimides/thioimides, Polyimines, Polyketones/thioketones",train
P430009,"Polyimides/thioimides, Polyimines, Polyketones/thioketones",train
P430010,"Polyimides/thioimides, Polyimines, Polyketones/thioketones",test
P430011,"Polyimides/thioimides, Polyimines, Polyketones/thioketones",train
P430012,"Polyimides/thioimides, Polyimines, Polyketones/thioketones",train
P430014,"Polyimides/thioimides, Polyamides/thioamides",train
P430017,"Polyimides/thioimides, Polyoxides/ethers/acetals",train
P430018,"Polyimides/thioimides, Polyoxides/ethers/acetals",train
P430019,"Polyimides/thioimides, Polyoxides/ethers/acetals",train
P430022,"Polyimides/thioimides, Polyoxides/ethers/acetals",train
P430039,Polyimides/thioimides,test
P430040,Polyimides/thioimides,train
P430042,Polyimides/thioimides,train
P430044,"Polyimides/thioimides, Polysulfones/sulfoxides/sufonates/sulfoamides",train
P430045,"Polyimides/thioimides, Polyoxides/ethers/acetals, Polyamides/thioamides",train
P430046,"Polyimides/thioimides, Polysulfones/sulfoxides/sufonates/sulfoamides",test
P430047,"Polyimides/thioimides, Polysulfones/sulfoxides/sufonates/sulfoamides",test
P430057,Polyimides/thioimides,train
P430058,"Polyimides/thioimides, Polyesters/thioesters",train
P430059,"Polyimides/thioimides, Polyesters/thioesters",train
P430060,"Polyimides/thioimides, Polyesters/thioesters",train
P430061,"Polyimides/thioimides, Polyesters/thioesters",train
P430065,"Polyimides/thioimides, Polyesters/thioesters",train
P430067,"Polyimides/thioimides, Polyesters/thioesters",train
P430068,"Polyimides/thioimides, Polyesters/thioesters",train
P430069,"Polyimides/thioimides, Polyesters/thioesters",train
P430070,"Polyimides/thioimides, Polyesters/thioesters",train
P430071,"Polyimides/thioimides, Polyesters/thioesters",train
P430072,"Polyimides/thioimides, Polyesters/thioesters",test
P430073,"Polyimides/thioimides, Polyesters/thioesters",test
P430074,"Polyimides/thioimides, Polyesters/thioesters",train
P430075,"Polyimides/thioimides, Polyesters/thioesters",train
P430076,"Polyimides/thioimides, Polyesters/thioesters",train
P430077,"Polyimides/thioimides, Polyesters/thioesters",train
P430078,"Polyimides/thioimides, Polyoxides/ethers/acetals",train
P430079,"Polyimides/thioimides, Polyketones/thioketones",train
P430080,Polyimides/thioimides,train
P430081,Polyimides/thioimides,train
P430082,Polyimides/thioimides,train
P430083,"Polyimides/thioimides, Polyoxides/ethers/acetals",train
P430084,"Polyimides/thioimides, Polyoxides/ethers/acetals",train
P430085,"Polyimides/thioimides, Polyoxides/ethers/acetals",train
P430086,"Polyimides/thioimides, Polyoxides/ethers/acetals, Polyketones/thioketones",train
P430087,"Polyimides/thioimides, Polyoxides/ethers/acetals, Polysulfones/sulfoxides/sufonates/sulfoamides",test
P430088,"Polyimides/thioimides, Polyoxides/ethers/acetals",train
P430089,"Polyimides/thioimides, Polyoxides/ethers/acetals, Polyamides/thioamides, Polyimines",train
P430090,"Polyimides/thioimides, Polyoxides/ethers/acetals, Polyamides/thioamides, Polyimines",test
P430091,"Polyimides/thioimides, Polyoxides/ethers/acetals, Polyamides/thioamides, Polyimines",train
P430092,"Polyimides/thioimides, Polyoxides/ethers/acetals, Polyamides/thioamides, Polyimines",train
P430094,"Polyimides/thioimides, Polyamides/thioamides",train
P430095,"Polyimides/thioimides, Polyoxides/ethers/acetals, Polyamides/thioamides",train
P430096,"Polyimides/thioimides, Polyamides/thioamides, Polyketones/thioketones",train
P430097,"Polyimides/thioimides, Polyamides/thioamides",train
P430098,"Polyimides/thioimides, Polyoxides/ethers/acetals, Polyamides/thioamides, Polysulfones/sulfoxides/sufonates/sulfoamides",train
P430099,"Polyimides/thioimides, Polyoxides/ethers/acetals, Polyamides/thioamides, Polysulfones/sulfoxides/sufonates/sulfoamides",train
P430100,"Polyimides/thioimides, Polyamides/thioamides, Polysulfones/sulfoxides/sufonates/sulfoamides",test
P430101,"Polyimides/thioimides, Polyoxides/ethers/acetals, Polyamides/thioamides, Polysulfones/sulfoxides/sufonates/sulfoamides",test
P430102,"Polyimides/thioimides, Polyoxides/ethers/acetals, Polyamides/thioamides",train
P430103,"Polyimides/thioimides, Polyoxides/ethers/acetals, Polyamides/thioamides",test
P430104,"Polyimides/thioimides, Polyoxides/ethers/acetals, Polyamides/thioamides",train
P430105,"Polyimides/thioimides, Polyoxides/ethers/acetals, Polyamides/thioamides",train
P430106,"Polyimides/thioimides, Polyoxides/ethers/acetals, Polyamides/thioamides",train
P430107,"Polyimides/thioimides, Polyoxides/ethers/acetals, Polyamides/thioamides",train
P430108,"Polyimides/thioimides, Polyamides/thioamides, Polysulfones/sulfoxides/sufonates/sulfoamides",train
P430109,"Polyimides/thioimides, Polyoxides/ethers/acetals, Polyamides/thioamides, Polysulfones/sulfoxides/sufonates/sulfoamides",train
P430110,"Polyimides/thioimides, Polyoxides/ethers/acetals, Polyamides/thioamides, Polysulfones/sulfoxides/sufonates/sulfoamides",test
P430115,"Polyimides/thioimides, Polyoxides/ethers/acetals, Polyamides/thioamides, Polysulfones/sulfoxides/sufonates/sulfoamides",train
P430116,"Polyimides/thioimides, Polyoxides/ethers/acetals, Polyamides/thioamides",test
P430117,"Polyimides/thioimides, Polyoxides/ethers/acetals, Polyamides/thioamides",train
P430118,"Polyimides/thioimides, Polyoxides/ethers/acetals, Polyamides/thioamides",train
P430119,"Polyimides/thioimides, Polyoxides/ethers/acetals, Polyamides/thioamides",train
P430120,"Polyimides/thioimides, Polyoxides/ethers/acetals, Polyamides/thioamides",train
P430121,"Polyimides/thioimides, Polyoxides/ethers/acetals, Polyamides/thioamides",test
P430122,"Polyimides/thioimides, Polyamides/thioamides, Polysulfones/sulfoxides/sufonates/sulfoamides",train
P430123,"Polyimides/thioimides, Polyamides/thioamides",train
P430124,"Polyimides/thioimides, Polyoxides/ethers/acetals",train
P430125,Polyimides/thioimides,train
P430126,Polyimides/thioimides,train
P430127,Polyimides/thioimides,train
P430128,Polyimides/thioimides,test
P430129,Polyimides/thioimides,train
P430130,Polyimides/thioimides,train
P430131,Polyimides/thioimides,train
P430132,Polyimides/thioimides,train
P430133,Polyimides/thioimides,test
P430134,Polyimides/thioimides,train
P430135,"Polyimides/thioimides, Polyketones/thioketones",train
P430136,"Polyimides/thioimides, Polyoxides/ethers/acetals",test
P430137,"Polyimides/thioimides, Polysulfones/sulfoxides/sufonates/sulfoamides",train
P430138,"Polyimides/thioimides, Polyoxides/ethers/acetals, Polyamides/thioamides",test
P430140,"Polyimides/thioimides, Polyoxides/ethers/acetals, Polyamides/thioamides",train
P430141,"Polyimides/thioimides, Polyoxides/ethers/acetals, Polyamides/thioamides",test
P430142,"Polyimides/thioimides, Polyoxides/ethers/acetals, Polyamides/thioamides",test
P430143,"Polyimides/thioimides, Polyoxides/ethers/acetals, Polyamides/thioamides",train
P430144,"Polyimides/thioimides, Polyoxides/ethers/acetals, Polyamides/thioamides",test
P430145,"Polyimides/thioimides, Polyoxides/ethers/acetals, Polyamides/thioamides",train
P430146,"Polyimides/thioimides, Polyoxides/ethers/acetals, Polysulfides, Polyamides/thioamides",train
P430147,"Polyimides/thioimides, Polyoxides/ethers/acetals, Polyamides/thioamides",train
P430148,"Polyimides/thioimides, Polyoxides/ethers/acetals, Polyamides/thioamides",train
P430149,"Polyimides/thioimides, Polyoxides/ethers/acetals, Polyamides/thioamides",train
P430150,"Polyimides/thioimides, Polyoxides/ethers/acetals, Polyamides/thioamides, Polysulfones/sulfoxides/sufonates/sulfoamides",train
P430151,"Polyimides/thioimides, Polyoxides/ethers/acetals, Polyamides/thioamides",test
P430153,"Polyimides/thioimides, Polyoxides/ethers/acetals, Polyamides/thioamides",test
P430154,"Polyimides/thioimides, Polyoxides/ethers/acetals, Polyamides/thioamides",train
P430155,"Polyimides/thioimides, Polyoxides/ethers/acetals, Polysulfides, Polyamides/thioamides",train
P430156,"Polyimides/thioimides, Polyoxides/ethers/acetals, Polyamides/thioamides",train
P430157,"Polyimides/thioimides, Polyoxides/ethers/acetals, Polyamides/thioamides",train
P430158,"Polyimides/thioimides, Polyoxides/ethers/acetals, Polyamides/thioamides, Polysulfones/sulfoxides/sufonates/sulfoamides",train
P430159,"Polyimides/thioimides, Polyesters/thioesters",train
P430160,"Polyimides/thioimides, Polyesters/thioesters",train
P430161,"Polyimides/thioimides, Polyesters/thioesters",train
P430162,"Polyimides/thioimides, Polyesters/thioesters",test
P430163,"Polyimides/thioimides, Polyesters/thioesters",train
P430164,"Polyimides/thioimides, Polyesters/thioesters",train
P430165,"Polyimides/thioimides, Polyesters/thioesters",train
P430166,"Polyimides/thioimides, Polyesters/thioesters",test
P430167,"Polyimides/thioimides, Polyesters/thioesters",train
P430168,"Polyimides/thioimides, Polyoxides/ethers/acetals, Polyketones/thioketones",train
P430169,"Polyimides/thioimides, Polyoxides/ethers/acetals, Polyketones/thioketones",train
P430170,"Polyimides/thioimides, Polyoxides/ethers/acetals, Polyketones/thioketones",train
P430171,"Polyimides/thioimides, Polyoxides/ethers/acetals, Polyketones/thioketones",train
P430172,"Polyimides/thioimides, Polyketones/thioketones",train
P430173,"Polyimides/thioimides, Polyoxides/ethers/acetals, Polyesters/thioesters, Polyketones/thioketones",test
P430174,"Polyimides/thioimides, Polyoxides/ethers/acetals, Polyketones/thioketones, Polysulfones/sulfoxides/sufonates/sulfoamides",train
P430175,"Polyimides/thioimides, Polyoxides/ethers/acetals, Polyketones/thioketones",test
P430176,"Polyimides/thioimides, Polyoxides/ethers/acetals, Polyketones/thioketones",train
P430177,"Polyimides/thioimides, Polyoxides/ethers/acetals, Polyketones/thioketones",train
P430178,"Polyimides/thioimides, Polyoxides/ethers/acetals, Polyesters/thioesters, Polyketones/thioketones",train
P430179,"Polyimides/thioimides, Polyoxides/ethers/acetals, Polyketones/thioketones, Polysulfones/sulfoxides/sufonates/sulfoamides",train
P430180,"Polyimides/thioimides, Polyoxides/ethers/acetals, Polyketones/thioketones",test
P430182,"Polyimides/thioimides, Polysiloxanes/silanes, Polyketones/thioketones",train
P430183,"Polyimides/thioimides, Polysiloxanes/silanes",train
P430187,"Polyimides/thioimides, Polyoxides/ethers/acetals",train
P430188,"Polyimides/thioimides, Polyoxides/ethers/acetals",train
P430189,"Polyimides/thioimides, Polyoxides/ethers/acetals",test
P430190,"Polyimides/thioimides, Polyoxides/ethers/acetals",train
P430191,Polyimides/thioimides,train
P430192,"Polyimides/thioimides, Polyoxides/ethers/acetals, Polyketones/thioketones",test
P430194,"Polyimides/thioimides, Polyoxides/ethers/acetals, Polyesters/thioesters",train
P430197,"Polyimides/thioimides, Polyketones/thioketones",test
P430198,"Polyimides/thioimides, Polysulfides, Polyimines, Polyketones/thioketones",train
P430199,"Polyimides/thioimides, Polyketones/thioketones",train
P430200,"Polyimides/thioimides, Polyketones/thioketones",train
P430201,"Polyimides/thioimides, Polyketones/thioketones",train
P430202,"Polyimides/thioimides, Polyketones/thioketones",train
P430203,"Polyimides/thioimides, Polysulfides, Polyimines",train
P430204,Polyimides/thioimides,train
P430205,"Polyimides/thioimides, Polyketones/thioketones",test
P430213,Polyimides/thioimides,train
P430214,Polyimides/thioimides,train
P430219,"Polyimides/thioimides, Polyoxides/ethers/acetals, Polyamides/thioamides, Polyketones/thioketones",train
P430220,"Polyimides/thioimides, Polyoxides/ethers/acetals, Polyamides/thioamides, Polyketones/thioketones",train
P430221,"Polyimides/thioimides, Polyoxides/ethers/acetals, Polyamides/thioamides, Polyketones/thioketones",train
P430222,"Polyimides/thioimides, Polyoxides/ethers/acetals, Polyamides/thioamides, Polyketones/thioketones",train
P430223,"Polyimides/thioimides, Polyoxides/ethers/acetals, Polyamides/thioamides, Polyketones/thioketones",train
P430224,"Polyimides/thioimides, Polyoxides/ethers/acetals, Polyamides/thioamides, Polyketones/thioketones",train
P430225,"Polyimides/thioimides, Polyoxides/ethers/acetals, Polyamides/thioamides, Polyketones/thioketones",train
P430226,"Polyimides/thioimides, Polyoxides/ethers/acetals, Polyamides/thioamides, Polyketones/thioketones",train
P430227,"Polyimides/thioimides, Polyoxides/ethers/acetals, Polyamides/thioamides, Polyketones/thioketones",test
P430228,"Polyimides/thioimides, Polyoxides/ethers/acetals, Polyamides/thioamides, Polyketones/thioketones",test
P430229,"Polyimides/thioimides, Polyoxides/ethers/acetals, Polyamides/thioamides, Polyketones/thioketones",train
P430230,"Polyimides/thioimides, Polyoxides/ethers/acetals, Polyamides/thioamides, Polyketones/thioketones",train
P430231,"Polyimides/thioimides, Polyoxides/ethers/acetals, Polyamides/thioamides, Polyketones/thioketones",test
P430232,"Polyimides/thioimides, Polyoxides/ethers/acetals, Polyamides/thioamides, Polyketones/thioketones",train
P430233,"Polyimides/thioimides, Polyoxides/ethers/acetals, Polyamides/thioamides, Polyketones/thioketones",test
P430234,"Polyimides/thioimides, Polyamides/thioamides, Polyketones/thioketones",train
P430235,"Polyimides/thioimides, Polyamides/thioamides, Polyketones/thioketones",train
P430236,"Polyimides/thioimides, Polyamides/thioamides, Polyketones/thioketones",train
P430237,"Polyimides/thioimides, Polyamides/thioamides, Polyketones/thioketones",train
P430238,"Polyimides/thioimides, Polyamides/thioamides, Polyketones/thioketones",train
P430239,"Polyimides/thioimides, Polyamides/thioamides, Polyketones/thioketones",train
P430240,"Polyimides/thioimides, Polyamides/thioamides, Polyketones/thioketones",train
P430241,"Polyimides/thioimides, Polyamides/thioamides, Polyketones/thioketones",train
P430242,"Polyimides/thioimides, Polyamides/thioamides, Polyketones/thioketones",test
P430243,"Polyimides/thioimides, Polyamides/thioamides, Polyketones/thioketones",train
P430244,Polyimides/thioimides,train
P430245,"Polyimides/thioimides, Polyamides/thioamides",train
P430246,"Polyimides/thioimides, Polyamides/thioamides",train
P430247,"Polyimides/thioimides, Polyamides/thioamides, Polysulfones/sulfoxides/sufonates/sulfoamides",test
P430248,"Polyimides/thioimides, Polyoxides/ethers/acetals, Polyamides/thioamides",train
P430249,"Polyimides/thioimides, Polyoxides/ethers/acetals, Polyamides/thioamides",test
P430250,"Polyimides/thioimides, Polyoxides/ethers/acetals, Polyamides/thioamides",train
P430251,"Polyimides/thioimides, Polyamides/thioamides",train
P430252,"Polyimides/thioimides, Polyoxides/ethers/acetals, Polyamides/thioamides",train
P430254,"Polyimides/thioimides, Polyketones/thioketones",train
P430255,"Polyimides/thioimides, Polyketones/thioketones",train
P430256,"Polyimides/thioimides, Polyoxides/ethers/acetals",train
P430257,"Polyimides/thioimides, Polyoxides/ethers/acetals, Polysulfides",test
P430258,"Polyimides/thioimides, Polyoxides/ethers/acetals, Polysulfides",train
P430259,"Polyimides/thioimides, Polyoxides/ethers/acetals, Polysulfones/sulfoxides/sufonates/sulfoamides",train
P430260,"Polyimides/thioimides, Polyketones/thioketones, Polysulfones/sulfoxides/sufonates/sulfoamides",train
P430261,"Polyimides/thioimides, Polyoxides/ethers/acetals",train
P430262,"Polyimides/thioimides, Polyoxides/ethers/acetals",train
P430263,"Polyimides/thioimides, Polyoxides/ethers/acetals",train
P430264,"Polyimides/thioimides, Polyoxides/ethers/acetals, Polysulfides",train
P430265,"Polyimides/thioimides, Polyoxides/ethers/acetals",test
P430266,"Polyimides/thioimides, Polyoxides/ethers/acetals",test
P430267,"Polyimides/thioimides, Polyoxides/ethers/acetals",train
P430268,"Polyimides/thioimides, Polyoxides/ethers/acetals, Polysulfides",test
P430269,"Polyimides/thioimides, Polyoxides/ethers/acetals",train
P430270,"Polyimides/thioimides, Polyoxides/ethers/acetals",train
P430271,"Polyimides/thioimides, Polyoxides/ethers/acetals, Polysulfides",train
P430272,"Polyimides/thioimides, Polyoxides/ethers/acetals, Polysulfides",train
P430273,"Polyimides/thioimides, Polyoxides/ethers/acetals, Polysulfides",train
P430274,"Polyimides/thioimides, Polyoxides/ethers/acetals, Polysulfides",train
P430275,"Polyimides/thioimides, Polysiloxanes/silanes",train
P430276,"Polyimides/thioimides, Polysiloxanes/silanes",train
P430278,"Polyimides/thioimides, Polysiloxanes/silanes",train
P430279,"Polyimides/thioimides, Polysiloxanes/silanes",test
P430280,"Polyimides/thioimides, Polysiloxanes/silanes",train
P430281,"Polyimides/thioimides, Polysiloxanes/silanes",test
P430282,"Polyimides/thioimides, Polysiloxanes/silanes",train
P430283,"Polyimides/thioimides, Polysiloxanes/silanes",train
P430284,"Polyimides/thioimides, Polysiloxanes/silanes",train
P430285,Polyimides/thioimides,train
P430286,Polyimides/thioimides,train
P430287,"Polyimides/thioimides, Polyoxides/ethers/acetals",train
P430288,"Polyimides/thioimides, Polyoxides/ethers/acetals",train
P430289,"Polyimides/thioimides, Polyoxides/ethers/acetals",test
P430290,"Polyimides/thioimides, Polyoxides/ethers/acetals",train
P430291,"Polyimides/thioimides, Polyoxides/ethers/acetals",train
P430292,"Polyimides/thioimides, Polyoxides/ethers/acetals",train
P430293,"Polyimides/thioimides, Polyoxides/ethers/acetals",train
P430294,"Polyimides/thioimides, Polyoxides/ethers/acetals",train
P430295,"Polyimides/thioimides, Polyoxides/ethers/acetals",train
P430296,"Polyimides/thioimides, Polyketones/thioketones",train
P430297,"Polyimides/thioimides, Polyketones/thioketones",train
P430298,Polyimides/thioimides,train
P430299,Polyimides/thioimides,train
P430308,"Polyimides/thioimides, Polyoxides/ethers/acetals, Polysulfones/sulfoxides/sufonates/sulfoamides",train
P430311,"Polyimides/thioimides, Polyoxides/ethers/acetals, Polyketones/thioketones",train
P430312,"Polyimides/thioimides, Polyoxides/ethers/acetals, Polysulfides, Polyketones/thioketones",test
P430313,"Polyimides/thioimides, Polyoxides/ethers/acetals, Polysiloxanes/silanes, Polyketones/thioketones",train
P430314,"Polyimides/thioimides, Polyoxides/ethers/acetals, Polyketones/thioketones",train
P430315,"Polyimides/thioimides, Polyketones/thioketones",train
P430316,"Polyimides/thioimides, Polyketones/thioketones",train
P430317,"Polyimides/thioimides, Polyketones/thioketones",train
P430318,"Polyimides/thioimides, Polyketones/thioketones",train
P430319,"Polyimides/thioimides, Polyketones/thioketones",train
P430320,"Polyimides/thioimides, Polyketones/thioketones",train
P430321,"Polyimides/thioimides, Polyketones/thioketones",train
P430322,"Polyimides/thioimides, Polyoxides/ethers/acetals, Polyketones/thioketones",train
P430323,"Polyimides/thioimides, Polyketones/thioketones",train
P430324,"Polyimides/thioimides, Polyoxides/ethers/acetals",train
P430328,"Polyimides/thioimides, Polyketones/thioketones",train
P430329,"Polyimides/thioimides, Polyoxides/ethers/acetals",test
P430330,Polyimides/thioimides,train
P430331,Polyimides/thioimides,train
P430332,Polyimides/thioimides,train
P430342,"Polyimides/thioimides, Polyurethanes/thiourethanes",test
P430343,"Polyimides/thioimides, Polyurethanes/thiourethanes",train
P430344,"Polyimides/thioimides, Polyurethanes/thiourethanes",test
P430345,"Polyimides/thioimides, Polyurethanes/thiourethanes",train
P430346,"Polyimides/thioimides, Polyurethanes/thiourethanes",train
P430347,"Polyimides/thioimides, Polyurethanes/thiourethanes",train
P430348,"Polyimides/thioimides, Polyurethanes/thiourethanes",train
P430349,"Polyimides/thioimides, Polyurethanes/thiourethanes",test
P430350,"Polyimides/thioimides, Polyoxides/ethers/acetals, Polyurethanes/thiourethanes",test
P430353,"Polyimides/thioimides, Polysulfides, Polyesters/thioesters",train
P430354,"Polyimides/thioimides, Polysulfides, Polyesters/thioesters",train
P430355,"Polyimides/thioimides, Polyoxides/ethers/acetals, Polyesters/thioesters",train
P430356,"Polyimides/thioimides, Polyoxides/ethers/acetals, Polyesters/thioesters",test
P430357,"Polyimides/thioimides, Polyoxides/ethers/acetals",train
P430362,"Polyimides/thioimides, Polyoxides/ethers/acetals, Polyesters/thioesters",train
P430364,"Polyimides/thioimides, Polyamides/thioamides",train
P430366,"Polyimides/thioimides, Polyoxides/ethers/acetals, Polyamides/thioamides",train
P430367,"Polyimides/thioimides, Polyoxides/ethers/acetals, Polyamides/thioamides, Polysulfones/sulfoxides/sufonates/sulfoamides",train
P430368,"Polyimides/thioimides, Polyoxides/ethers/acetals, Polyamides/thioamides",train
P430369,"Polyimides/thioimides, Polyoxides/ethers/acetals, Polyamides/thioamides",test
P430371,"Polyimides/thioimides, Polyoxides/ethers/acetals, Polyamides/thioamides",train
P430374,"Polyimides/thioimides, Polyoxides/ethers/acetals, Polyamides/thioamides",train
P430375,"Polyimides/thioimides, Polyoxides/ethers/acetals, Polyamides/thioamides",train
P430376,"Polyimides/thioimides, Polyamides/thioamides",train
P430380,"Polyimides/thioimides, Polyoxides/ethers/acetals",train
P430382,"Polyimides/thioimides, Polyoxides/ethers/acetals",train
P430383,"Polyimides/thioimides, Polyoxides/ethers/acetals",train
P430384,"Polyimides/thioimides, Polyoxides/ethers/acetals",train
P430385,"Polyimides/thioimides, Polyoxides/ethers/acetals",train
P430386,"Polyimides/thioimides, Polyoxides/ethers/acetals",train
P430389,"Polyimides/thioimides, Polyoxides/ethers/acetals",train
P430390,"Polyimides/thioimides, Polyoxides/ethers/acetals",test
P430391,"Polyimides/thioimides, Polyoxides/ethers/acetals",train
P430392,"Polyimides/thioimides, Polyoxides/ethers/acetals",test
P430393,Polyimides/thioimides,train
P430394,Polyimides/thioimides,test
P430395,Polyimides/thioimides,train
P430396,"Polyimides/thioimides, Polyoxides/ethers/acetals",train
P430397,Polyimides/thioimides,train
P430398,Polyimides/thioimides,train
P430400,Polyimides/thioimides,train
P430401,Polyimides/thioimides,train
P430402,Polyimides/thioimides,test
P430405,"Polyimides/thioimides, Polyamides/thioamides, Polyketones/thioketones",train
P430411,"Polyimides/thioimides, Polyoxides/ethers/acetals",train
P430412,"Polyimides/thioimides, Polyoxides/ethers/acetals",train
P430413,"Polyimides/thioimides, Polyoxides/ethers/acetals",train
P430415,"Polyimides/thioimides, Polyoxides/ethers/acetals, Polyamides/thioamides",train
P430416,"Polyimides/thioimides, Polyoxides/ethers/acetals, Polyamides/thioamides",train
P430417,"Polyimides/thioimides, Polyoxides/ethers/acetals, Polysulfides, Polyamides/thioamides",train
P430418,"Polyimides/thioimides, Polyoxides/ethers/acetals, Polyamides/thioamides",train
P430419,"Polyimides/thioimides, Polyoxides/ethers/acetals, Polyamides/thioamides",train
P430420,"Polyimides/thioimides, Polyoxides/ethers/acetals, Polyamides/thioamides, Polysulfones/sulfoxides/sufonates/sulfoamides",test
P430421,"Polyimides/thioimides, Polyoxides/ethers/acetals, Polyamides/thioamides",train
P430422,Polyimides/thioimides,test
P430423,Polyimides/thioimides,train
P430424,Polyimides/thioimides,train
P430425,Polyimides/thioimides,train
P430426,Polyimides/thioimides,test
P430427,Polyimides/thioimides,train
P430428,Polyimides/thioimides,train
P430429,Polyimides/thioimides,test
P430430,Polyimides/thioimides,train
P430431,Polyimides/thioimides,train
P430432,"Polyimides/thioimides, Polyketones/thioketones",train
P430433,"Polyimides/thioimides, Polyketones/thioketones",test
P430434,"Polyimides/thioimides, Polyketones/thioketones",train
P430435,"Polyimides/thioimides, Polyketones/thioketones",train
P430436,"Polyimides/thioimides, Polyketones/thioketones",train
P430437,"Polyimides/thioimides, Polyketones/thioketones",train
P430438,"Polyimides/thioimides, Polyketones/thioketones",test
P430440,"Polyimides/thioimides, Polyketones/thioketones",train
P430442,"Polyimides/thioimides, Polyketones/thioketones",train
P430444,"Polyimides/thioimides, Polyketones/thioketones",train
P430448,"Polyimides/thioimides, Polyoxides/ethers/acetals, Polyamides/thioamides",test
P430450,"Polyimides/thioimides, Polyoxides/ethers/acetals, Polyamides/thioamides",train
P430452,"Polyimides/thioimides, Polyoxides/ethers/acetals, Polyamides/thioamides",train
P430456,"Polyimides/thioimides, Polyoxides/ethers/acetals, Polyamides/thioamides",train
P430457,"Polyimides/thioimides, Polyoxides/ethers/acetals, Polyamides/thioamides",train
P430458,"Polyimides/thioimides, Polyoxides/ethers/acetals, Polyamides/thioamides",train
P430459,"Polyimides/thioimides, Polyoxides/ethers/acetals, Polyamides/thioamides, Polysulfones/sulfoxides/sufonates/sulfoamides",test
P430465,"Polyimides/thioimides, Polysulfones/sulfoxides/sufonates/sulfoamides",train
P430466,"Polyimides/thioimides, Polyketones/thioketones",test
P430467,Polyimides/thioimides,test
P430469,Polyimides/thioimides,train
P430471,Polyimides/thioimides,train
P430472,Polyimides/thioimides,train
P430473,Polyimides/thioimides,train
P430474,Polyimides/thioimides,train
P430476,Polyimides/thioimides,train
P430477,Polyimides/thioimides,train
P430478,Polyimides/thioimides,train
P430479,Polyimides/thioimides,train
P430480,Polyimides/thioimides,train
P430481,Polyimides/thioimides,train
P430482,Polyimides/thioimides,train
P430483,Polyimides/thioimides,train
P430484,Polyimides/thioimides,train
P430486,Polyimides/thioimides,train
P430487,"Polyimides/thioimides, Polyamides/thioamides, Polysulfones/sulfoxides/sufonates/sulfoamides",test
P430488,"Polyimides/thioimides, Polyamides/thioamides, Polysulfones/sulfoxides/sufonates/sulfoamides",train
P430489,"Polyimides/thioimides, Polyoxides/ethers/acetals",train
P430490,"Polyimides/thioimides, Polyoxides/ethers/acetals, Polysulfides, Polyamides/thioamides",train
P430491,Polyimides/thioimides,test
P430492,Polyimides/thioimides,train
P430494,"Polyimides/thioimides, Polysulfones/sulfoxides/sufonates/sulfoamides",train
P430496,"Polyimides/thioimides, Polyoxides/ethers/acetals, Polyketones/thioketones",test
P430497,"Polyimides/thioimides, Polyoxides/ethers/acetals, Polyketones/thioketones",train
P430498,"Polyimides/thioimides, Polyoxides/ethers/acetals, Polyketones/thioketones",train
P430499,"Polyimides/thioimides, Polyoxides/ethers/acetals, Polyketones/thioketones",train
P430500,"Polyimides/thioimides, Polyoxides/ethers/acetals, Polyketones/thioketones",train
P430501,"Polyimides/thioimides, Polyoxides/ethers/acetals, Polyketones/thioketones",train
P430502,"Polyimides/thioimides, Polyoxides/ethers/acetals, Polyketones/thioketones",train
P430503,"Polyimides/thioimides, Polyoxides/ethers/acetals, Polyketones/thioketones",train
P430504,"Polyimides/thioimides, Polyoxides/ethers/acetals, Polyketones/thioketones",train
P430505,"Polyimides/thioimides, Polyoxides/ethers/acetals, Polyketones/thioketones",train
P430506,"Polyimides/thioimides, Polyoxides/ethers/acetals, Polysulfones/sulfoxides/sufonates/sulfoamides",train
P430507,"Polyimides/thioimides, Polyoxides/ethers/acetals, Polysulfones/sulfoxides/sufonates/sulfoamides",train
P430508,"Polyimides/thioimides, Polyoxides/ethers/acetals, Polysulfones/sulfoxides/sufonates/sulfoamides",train
P430509,"Polyimides/thioimides, Polyoxides/ethers/acetals, Polysulfones/sulfoxides/sufonates/sulfoamides",test
P430510,"Polyimides/thioimides, Polyoxides/ethers/acetals, Polysulfones/sulfoxides/sufonates/sulfoamides",train
P430511,"Polyimides/thioimides, Polyoxides/ethers/acetals, Polysulfones/sulfoxides/sufonates/sulfoamides",train
P430512,"Polyimides/thioimides, Polyoxides/ethers/acetals, Polysulfones/sulfoxides/sufonates/sulfoamides",train
P430514,"Polyimides/thioimides, Polyoxides/ethers/acetals, Polysulfones/sulfoxides/sufonates/sulfoamides",train
P430515,"Polyimides/thioimides, Polyoxides/ethers/acetals, Polysulfones/sulfoxides/sufonates/sulfoamides",test
P430516,"Polyimides/thioimides, Polyoxides/ethers/acetals, Polyketones/thioketones",test
P430517,"Polyimides/thioimides, Polyoxides/ethers/acetals, Polyketones/thioketones",train
P430518,"Polyimides/thioimides, Polyoxides/ethers/acetals, Polyketones/thioketones",train
P432001,Polyimides/thioimides,train
P432005,Polyimides/thioimides,train
P432006,Polyimides/thioimides,train
P432007,Polyimides/thioimides,train
P432009,Polyimides/thioimides,test
P432010,Polyimides/thioimides,test
P432011,Polyimides/thioimides,test
P432021,Polyimides/thioimides,train
P432022,Polyimides/thioimides,train
P432023,Polyimides/thioimides,train
P432024,Polyimides/thioimides,test
P432025,Polyimides/thioimides,train
P432029,Polyimides/thioimides,test
P432031,Polyimides/thioimides,train
P432033,Polyimides/thioimides,test
P432034,Polyimides/thioimides,train
P432035,Polyimides/thioimides,train
P432037,Polyimides/thioimides,test
P432038,Polyimides/thioimides,train
P432039,Polyimides/thioimides,train
P432040,Polyimides/thioimides,train
P432041,Polyimides/thioimides,train
P432042,Polyimides/thioimides,test
P432043,Polyimides/thioimides,train
P432044,Polyimides/thioimides,train
P432048,"Polyimides/thioimides, Polyoxides/ethers/acetals",train
P432049,"Polyimides/thioimides, Polyoxides/ethers/acetals",train
P432050,"Polyimides/thioimides, Polyoxides/ethers/acetals, Polyketones/thioketones",test
P432051,"Polyimides/thioimides, Polyoxides/ethers/acetals",train
P432052,"Polyimides/thioimides, Polyoxides/ethers/acetals, Polysulfones/sulfoxides/sufonates/sulfoamides",train
P432053,"Polyimides/thioimides, Polyoxides/ethers/acetals",train
P432054,"Polyimides/thioimides, Polyoxides/ethers/acetals",train
P432056,"Polyimides/thioimides, Polyoxides/ethers/acetals",train
P432060,"Polyimides/thioimides, Polyoxides/ethers/acetals",train
P432061,"Polyimides/thioimides, Polyoxides/ethers/acetals",train
P432062,"Polyimides/thioimides, Polyoxides/ethers/acetals",train
P432065,"Polyimides/thioimides, Polyesters/thioesters, Polysulfones/sulfoxides/sufonates/sulfoamides",train
P432066,"Polyimides/thioimides, Polyoxides/ethers/acetals",train
P432067,"Polyimides/thioimides, Polysulfones/sulfoxides/sufonates/sulfoamides",train
P432068,"Polyimides/thioimides, Polyoxides/ethers/acetals",test
P432069,"Polyimides/thioimides, Polyoxides/ethers/acetals",train
P432070,"Polyimides/thioimides, Polyoxides/ethers/acetals",train
P432071,"Polyimides/thioimides, Polyoxides/ethers/acetals",test
P432072,"Polyimides/thioimides, Polyoxides/ethers/acetals",train
P432073,"Polyimides/thioimides, Polyoxides/ethers/acetals",train
P432079,"Polyimides/thioimides, Polyesters/thioesters",test
P432080,"Polyimides/thioimides, Polyesters/thioesters",train
P432081,"Polyimides/thioimides, Polyesters/thioesters",train
P432082,"Polyimides/thioimides, Polyoxides/ethers/acetals, Polyesters/thioesters",train
P432083,"Polyimides/thioimides, Polyesters/thioesters",train
P432085,"Polyimides/thioimides, Polyesters/thioesters",train
P432086,"Polyimides/thioimides, Polyesters/thioesters",train
P432091,"Polyimides/thioimides, Polyoxides/ethers/acetals, Polysulfides",train
P432092,"Polyimides/thioimides, Polyoxides/ethers/acetals, Polysulfones/sulfoxides/sufonates/sulfoamides",train
P432093,"Polyimides/thioimides, Polyoxides/ethers/acetals, Polysiloxanes/silanes",train
P432094,"Polyimides/thioimides, Polysulfides",train
P432095,"Polyimides/thioimides, Polysulfones/sulfoxides/sufonates/sulfoamides",train
P432096,"Polyimides/thioimides, Polyoxides/ethers/acetals",train
P432097,"Polyimides/thioimides, Polyoxides/ethers/acetals",train
P432098,"Polyimides/thioimides, Polyoxides/ethers/acetals, Polysulfones/sulfoxides/sufonates/sulfoamides",train
P432099,"Polyimides/thioimides, Polyoxides/ethers/acetals, Polysulfones/sulfoxides/sufonates/sulfoamides",train
P432100,"Polyimides/thioimides, Polyoxides/ethers/acetals",test
P432101,"Polyimides/thioimides, Polyoxides/ethers/acetals, Polysulfones/sulfoxides/sufonates/sulfoamides",train
P432102,"Polyimides/thioimides, Polyoxides/ethers/acetals",train
P432104,"Polyimides/thioimides, Polyoxides/ethers/acetals",test
P432105,"Polyimides/thioimides, Polyoxides/ethers/acetals, Polyketones/thioketones",test
P432106,"Polyimides/thioimides, Polyoxides/ethers/acetals, Polysulfides, Polyamides/thioamides",train
P432107,"Polyimides/thioimides, Polyoxides/ethers/acetals, Polysulfides, Polyamides/thioamides",train
P432108,"Polyimides/thioimides, Polysulfides, Polyamides/thioamides",test
P432110,"Polyimides/thioimides, Polysulfides, Polyamides/thioamides, Polyketones/thioketones",train
P432111,"Polyimides/thioimides, Polysulfides, Polyamides/thioamides, Polysulfones/sulfoxides/sufonates/sulfoamides",train
P432112,"Polyimides/thioimides, Polysulfides, Polyamides/thioamides, Polysulfones/sulfoxides/sufonates/sulfoamides",train
P432113,"Polyimides/thioimides, Polysulfides, Polyamides/thioamides",train
P432114,"Polyimides/thioimides, Polysulfides, Polyamides/thioamides",train
P432115,"Polyimides/thioimides, Polyoxides/ethers/acetals, Polysulfides, Polyamides/thioamides",test
P432116,"Polyimides/thioimides, Polyoxides/ethers/acetals, Polysulfides, Polyamides/thioamides",train
P432117,"Polyimides/thioimides, Polysulfides, Polyamides/thioamides",train
P432118,"Polyimides/thioimides, Polycarbonates/thiocarbonates",train
P432119,"Polyimides/thioimides, Polycarbonates/thiocarbonates",train
P432120,"Polyimides/thioimides, Polycarbonates/thiocarbonates",train
P432121,"Polyimides/thioimides, Polycarbonates/thiocarbonates",train
P432127,"Polyimides/thioimides, Polysulfones/sulfoxides/sufonates/sulfoamides",train
P432128,"Polyimides/thioimides, Polysulfones/sulfoxides/sufonates/sulfoamides",train
P432129,"Polyimides/thioimides, Polyketones/thioketones",train
P432130,"Polyimides/thioimides, Polyketones/thioketones",train
P432131,"Polyimides/thioimides, Polyketones/thioketones",train
P432132,"Polyimides/thioimides, Polyoxides/ethers/acetals, Polysulfones/sulfoxides/sufonates/sulfoamides",test
P432138,"Polyimides/thioimides, Polyoxides/ethers/acetals, Polyamides/thioamides",train
P432139,"Polyimides/thioimides, Polyamides/thioamides, Polysulfones/sulfoxides/sufonates/sulfoamides",train
P432140,"Polyimides/thioimides, Polyoxides/ethers/acetals",train
P432141,"Polyimides/thioimides, Polyoxides/ethers/acetals",train
P432142,"Polyimides/thioimides, Polyketones/thioketones",test
P432143,Polyimides/thioimides,train
P432145,"Polyimides/thioimides, Polyoxides/ethers/acetals",train
P432146,"Polyimides/thioimides, Polyoxides/ethers/acetals",train
P432148,"Polyimides/thioimides, Polycarbonates/thiocarbonates",test
P432149,"Polyimides/thioimides, Polycarbonates/thiocarbonates",train
P432151,"Polyimides/thioimides, Polyketones/thioketones",train
P432152,"Polyimides/thioimides, Polyoxides/ethers/acetals, Polyesters/thioesters",train
P432153,"Polyimides/thioimides, Polyoxides/ethers/acetals, Polyesters/thioesters",train
P432154,"Polyimides/thioimides, Polyoxides/ethers/acetals, Polyesters/thioesters",train
P432155,"Polyimides/thioimides, Polyoxides/ethers/acetals, Polyesters/thioesters",test
P432156,"Polyimides/thioimides, Polyoxides/ethers/acetals, Polyesters/thioesters",train
P432157,"Polyimides/thioimides, Polyoxides/ethers/acetals, Polyesters/thioesters",train
P432158,"Polyimides/thioimides, Polyoxides/ethers/acetals, Polyesters/thioesters",train
P432159,"Polyimides/thioimides, Polyoxides/ethers/acetals, Polyesters/thioesters",train
P432160,"Polyimides/thioimides, Polyoxides/ethers/acetals, Polyesters/thioesters",train
P432161,"Polyimides/thioimides, Polyoxides/ethers/acetals, Polyesters/thioesters",train
P432162,"Polyimides/thioimides, Polyketones/thioketones",train
P432163,"Polyimides/thioimides, Polyketones/thioketones",test
P432164,"Polyimides/thioimides, Polyketones/thioketones",train
P432165,"Polyimides/thioimides, Polyoxides/ethers/acetals",train
P432166,"Polyimides/thioimides, Polyoxides/ethers/acetals",train
P432167,"Polyimides/thioimides, Polyoxides/ethers/acetals",train
P432168,"Polyimides/thioimides, Polyoxides/ethers/acetals",train
P432169,"Polyimides/thioimides, Polyketones/thioketones",train
P432170,"Polyimides/thioimides, Polyketones/thioketones",test
P432171,"Polyimides/thioimides, Polyoxides/ethers/acetals, Polyamides/thioamides",test
P432172,"Polyimides/thioimides, Polyesters/thioesters",train
P432173,"Polyimides/thioimides, Polyesters/thioesters",train
P432174,"Polyimides/thioimides, Polyesters/thioesters",train
P432176,"Polyimides/thioimides, Polyoxides/ethers/acetals, Polyesters/thioesters",train
P432177,"Polyimides/thioimides, Polysulfones/sulfoxides/sufonates/sulfoamides",train
P432178,"Polyimides/thioimides, Polyoxides/ethers/acetals, Polyamides/thioamides",train
P432179,"Polyimides/thioimides, Polyoxides/ethers/acetals, Polyamides/thioamides",test
P432180,"Polyimides/thioimides, Polyoxides/ethers/acetals, Polyamides/thioamides",train
P432181,"Polyimides/thioimides, Polyoxides/ethers/acetals, Polyamides/thioamides",train
P432182,"Polyimides/thioimides, Polyoxides/ethers/acetals, Polyamides/thioamides",train
P432183,"Polyimides/thioimides, Polyoxides/ethers/acetals, Polyamides/thioamides",train
P432184,"Polyimides/thioimides, Polyoxides/ethers/acetals, Polyamides/thioamides",test
P432185,"Polyimides/thioimides, Polyoxides/ethers/acetals, Polyamides/thioamides",test
P432186,"Polyimides/thioimides, Polyoxides/ethers/acetals, Polyamides/thioamides",train
P432187,"Polyimides/thioimides, Polyoxides/ethers/acetals, Polyamides/thioamides",train
P432188,"Polyimides/thioimides, Polyamides/thioamides",train
P432189,"Polyimides/thioimides, Polyamides/thioamides",train
P432190,"Polyimides/thioimides, Polyamides/thioamides",train
P432191,"Polyimides/thioimides, Polyamides/thioamides",train
P432192,"Polyimides/thioimides, Polyamides/thioamides",train
P432193,"Polyimides/thioimides, Polyamides/thioamides",train
P432194,"Polyimides/thioimides, Polyamides/thioamides",train
P432195,"Polyimides/thioimides, Polyamides/thioamides",train
P432196,"Polyimides/thioimides, Polyamides/thioamides",test
P432197,"Polyimides/thioimides, Polyamides/thioamides",train
P432198,"Polyimides/thioimides, Polyamides/thioamides",train
P432199,"Polyimides/thioimides, Polyamides/thioamides",train
P432201,"Polyimides/thioimides, Polyoxides/ethers/acetals, Polyamides/thioamides, Polyimines",train
P432202,"Polyimides/thioimides, Polyamides/thioamides, Polyimines",train
P432203,"Polyimides/thioimides, Polyoxides/ethers/acetals",train
P432204,"Polyimides/thioimides, Polyamides/thioamides",train
P432205,"Polyimides/thioimides, Polyamides/thioamides",train
P432206,"Polyimides/thioimides, Polyamides/thioamides",train
P432207,"Polyimides/thioimides, Polyamides/thioamides",test
P432208,"Polyimides/thioimides, Polyoxides/ethers/acetals",train
P432209,"Polyimides/thioimides, Polyoxides/ethers/acetals",train
P432210,"Polyimides/thioimides, Polysulfones/sulfoxides/sufonates/sulfoamides",train
P432211,"Polyimides/thioimides, Polysulfones/sulfoxides/sufonates/sulfoamides",train
P432213,"Polyimides/thioimides, Polyesters/thioesters",train
P432214,"Polyimides/thioimides, Polyesters/thioesters",train
P432215,"Polyimides/thioimides, Polyoxides/ethers/acetals",train
P432216,"Polyimides/thioimides, Polyureas/thioureas",train
P432217,"Polyimides/thioimides, Polyureas/thioureas",train
P432218,"Polyimides/thioimides, Polyoxides/ethers/acetals, Polyureas/thioureas",train
P432219,"Polyimides/thioimides, Polyureas/thioureas",train
P432221,"Polyimides/thioimides, Polyureas/thioureas",train
P432223,"Polyimides/thioimides, Polyureas/thioureas",train
P432224,"Polyimides/thioimides, Polyoxides/ethers/acetals, Polyureas/thioureas",train
P432225,"Polyimides/thioimides, Polyureas/thioureas",test
P432226,"Polyimides/thioimides, Polyureas/thioureas",train
P432228,"Polyimides/thioimides, Polyureas/thioureas",train
P432237,"Polyimides/thioimides, Polyamides/thioamides",train
P432238,"Polyimides/thioimides, Polyamides/thioamides",test
P432239,"Polyimides/thioimides, Polyamides/thioamides",train
P432240,"Polyimides/thioimides, Polyamides/thioamides",train
P432241,"Polyimides/thioimides, Polyamides/thioamides",train
P432242,"Polyimides/thioimides, Polyamides/thioamides",train
P432243,Polyimides/thioimides,test
P432244,"Polyimides/thioimides, Polyoxides/ethers/acetals",train
P432245,"Polyimides/thioimides, Polyesters/thioesters",train
P432246,"Polyimides/thioimides, Polyesters/thioesters",train
P432251,"Polyimides/thioimides, Polyamides/thioamides",test
P432252,"Polyimides/thioimides, Polyketones/thioketones",train
P432253,"Polyimides/thioimides, Polyketones/thioketones",test
P432255,"Polyimides/thioimides, Polyamides/thioamides, Polyketones/thioketones",test
P432256,"Polyimides/thioimides, Polyamides/thioamides, Polyketones/thioketones",train
P432258,Polyimides/thioimides,test
P432259,Polyimides/thioimides,train
P432260,Polyimides/thioimides,train
P432261,Polyimides/thioimides,train
P432262,"Polyimides/thioimides, Polyoxides/ethers/acetals",train
P432263,"Polyimides/thioimides, Polyoxides/ethers/acetals",train
P432264,"Polyimides/thioimides, Polyoxides/ethers/acetals",train
P432265,"Polyimides/thioimides, Polyoxides/ethers/acetals",train
P432266,"Polyimides/thioimides, Polyoxides/ethers/acetals, Polyamides/thioamides, Polyimines",train
P432267,"Polyimides/thioimides, Polyoxides/ethers/acetals, Polyamides/thioamides, Polyimines",train
P432271,"Polyimides/thioimides, Polyamides/thioamides, Polyimines",test
P432272,"Polyimides/thioimides, Polyamides/thioamides, Polyimines",train
P432277,"Polyimides/thioimides, Polyoxides/ethers/acetals, Polyketones/thioketones",test
P432278,"Polyimides/thioimides, Polyoxides/ethers/acetals",train
P432279,Polyimides/thioimides,train
P432280,"Polyimides/thioimides, Polyoxides/ethers/acetals",train
P432281,"Polyimides/thioimides, Polyoxides/ethers/acetals, Polyketones/thioketones",train
P432282,Polyimides/thioimides,train
P432283,"Polyimides/thioimides, Polyoxides/ethers/acetals",train
P432284,"Polyimides/thioimides, Polysulfides",train
P432285,"Polyimides/thioimides, Polysulfides",train
P432286,"Polyimides/thioimides, Polysulfides",test
P432287,"Polyimides/thioimides, Polysulfides",test
P432288,"Polyimides/thioimides, Polyoxides/ethers/acetals",test
P432289,"Polyimides/thioimides, Polyoxides/ethers/acetals",train
P432290,"Polyimides/thioimides, Polyoxides/ethers/acetals",train
P432291,"Polyimides/thioimides, Polyimines",train
P432292,"Polyimides/thioimides, Polyoxides/ethers/acetals",train
P432293,"Polyimides/thioimides, Polysulfones/sulfoxides/sufonates/sulfoamides",train
P432294,"Polyimides/thioimides, Polysulfides",test
P432295,Polyimides/thioimides,train
P432296,"Polyimides/thioimides, Polyoxides/ethers/acetals",train
P432297,"Polyimides/thioimides, Polyoxides/ethers/acetals",train
P432298,"Polyimides/thioimides, Polyoxides/ethers/acetals, Polyketones/thioketones",test
P432299,"Polyimides/thioimides, Polyoxides/ethers/acetals, Polyketones/thioketones",train
P432300,Polyimides/thioimides,train
P432301,Polyimides/thioimides,test
P432302,Polyimides/thioimides,train
P432303,Polyimides/thioimides,train
P432304,Polyimides/thioimides,train
P432305,Polyimides/thioimides,test
P432306,Polyimides/thioimides,train
P432307,Polyimides/thioimides,train
P432310,Polyimides/thioimides,train
P432314,Polyimides/thioimides,train
P432315,Polyimides/thioimides,train
P432316,"Polyimides/thioimides, Polyketones/thioketones",train
P432317,"Polyimides/thioimides, Polyketones/thioketones",train
P432318,"Polyimides/thioimides, Polyoxides/ethers/acetals, Polyketones/thioketones",train
P432319,"Polyimides/thioimides, Polyoxides/ethers/acetals, Polyketones/thioketones, Polysulfones/sulfoxides/sufonates/sulfoamides",train
P432320,"Polyimides/thioimides, Polyketones/thioketones",train
P432321,"Polyimides/thioimides, Polyketones/thioketones",train
P432322,"Polyimides/thioimides, Polyoxides/ethers/acetals, Polyketones/thioketones",train
P432323,"Polyimides/thioimides, Polyoxides/ethers/acetals, Polyketones/thioketones, Polysulfones/sulfoxides/sufonates/sulfoamides",train
P432324,"Polyimides/thioimides, Polyketones/thioketones",test
P432325,"Polyimides/thioimides, Polyketones/thioketones",test
P432326,"Polyimides/thioimides, Polyoxides/ethers/acetals, Polyketones/thioketones",test
P432327,"Polyimides/thioimides, Polyoxides/ethers/acetals, Polyketones/thioketones, Polysulfones/sulfoxides/sufonates/sulfoamides",train
P432332,"Polyimides/thioimides, Polyoxides/ethers/acetals, Polyamides/thioamides",train
P432333,"Polyimides/thioimides, Polyoxides/ethers/acetals, Polyimines",train
P432334,"Polyimides/thioimides, Polyoxides/ethers/acetals, Polyimines",train
P432335,"Polyimides/thioimides, Polyoxides/ethers/acetals, Polyimines",test
P432336,"Polyimides/thioimides, Polyoxides/ethers/acetals, Polyimines",test
P432337,Polyimides/thioimides,test
P432338,Polyimides/thioimides,train
P432339,Polyimides/thioimides,train
P432340,"Polyimides/thioimides, Polyoxides/ethers/acetals",test
P432342,Polyimides/thioimides,train
P432343,"Polyimides/thioimides, Polyketones/thioketones",train
P432344,Polyimides/thioimides,train
P432345,"Polyimides/thioimides, Polyoxides/ethers/acetals",train
P432347,Polyimides/thioimides,train
P432348,"Polyimides/thioimides, Polyketones/thioketones",train
P432349,Polyimides/thioimides,train
P432350,"Polyimides/thioimides, Polyoxides/ethers/acetals",train
P432352,Polyimides/thioimides,train
P432353,Polyimides/thioimides,test
P432354,"Polyimides/thioimides, Polyoxides/ethers/acetals",test
P432355,"Polyimides/thioimides, Polyesters/thioesters",test
P432357,"Polyimides/thioimides, Polyoxides/ethers/acetals, Polyesters/thioesters",train
P432358,"Polyimides/thioimides, Polyoxides/ethers/acetals, Polyesters/thioesters",train
P432360,"Polyimides/thioimides, Polyoxides/ethers/acetals, Polyesters/thioesters",train
P432361,"Polyimides/thioimides, Polyoxides/ethers/acetals, Polyesters/thioesters",test
P432363,"Polyimides/thioimides, Polyoxides/ethers/acetals, Polyesters/thioesters",train
P432364,"Polyimides/thioimides, Polyesters/thioesters",test
P432365,"Polyimides/thioimides, Polyoxides/ethers/acetals, Polyesters/thioesters",train
P432366,"Polyimides/thioimides, Polyesters/thioesters, Polysulfones/sulfoxides/sufonates/sulfoamides",test
P432367,"Polyimides/thioimides, Polyoxides/ethers/acetals, Polyesters/thioesters, Polysulfones/sulfoxides/sufonates/sulfoamides",train
P432370,"Polyimides/thioimides, Polyamides/thioamides, Polyketones/thioketones",train
P432371,"Polyimides/thioimides, Polyamides/thioamides, Polyketones/thioketones, Polysulfones/sulfoxides/sufonates/sulfoamides",train
P432372,"Polyimides/thioimides, Polyoxides/ethers/acetals, Polyamides/thioamides, Polyketones/thioketones",train
P432374,"Polyimides/thioimides, Polyoxides/ethers/acetals, Polyamides/thioamides",train
P432375,"Polyimides/thioimides, Polyamides/thioamides",train
P432376,"Polyimides/thioimides, Polyamides/thioamides",train
P432383,"Polyimides/thioimides, Polyoxides/ethers/acetals",train
P432385,"Polyimides/thioimides, Polyoxides/ethers/acetals",test
P432395,"Polyimides/thioimides, Polyoxides/ethers/acetals",train
P432400,Polyimides/thioimides,test
P432401,Polyimides/thioimides,train
P432402,"Polyimides/thioimides, Polyketones/thioketones",train
P432403,Polyimides/thioimides,train
P432404,"Polyimides/thioimides, Polyoxides/ethers/acetals",train
P432406,Polyimides/thioimides,train
P432407,Polyimides/thioimides,test
P432410,"Polyimides/thioimides, Polysulfides",train
P432411,"Polyimides/thioimides, Polyoxides/ethers/acetals, Polysulfides, Polyimines",train
P432412,"Polyimides/thioimides, Polyoxides/ethers/acetals, Polysulfides, Polyimines",train
P432413,Polyimides/thioimides,train
P432422,Polyimides/thioimides,train
P432424,Polyimides/thioimides,train
P432425,Polyimides/thioimides,train
P432426,Polyimides/thioimides,train
P432427,Polyimides/thioimides,train
P432428,Polyimides/thioimides,train
P432429,Polyimides/thioimides,train
P432430,Polyimides/thioimides,train
P432431,Polyimides/thioimides,train
P432432,"Polyimides/thioimides, Polyketones/thioketones",train
P432433,"Polyimides/thioimides, Polyoxides/ethers/acetals",train
P432434,"Polyimides/thioimides, Polyoxides/ethers/acetals",train
P432438,Polyimides/thioimides,train
P432450,Polyimides/thioimides,train
P432453,"Polyimides/thioimides, Polyesters/thioesters",train
P432455,"Polyimides/thioimides, Polyimines",train
P432456,"Polyimides/thioimides, Polyoxides/ethers/acetals",train
P432457,"Polyimides/thioimides, Polyimines",train
P432458,"Polyimides/thioimides, Polyimines",train
P432459,Polyimides/thioimides,train
P432460,Polyimides/thioimides,train
P432461,"Polyimides/thioimides, Polyimines",train
P432462,"Polyimides/thioimides, Polyimines",train
P432463,"Polyimides/thioimides, Polyamides/thioamides",train
P432465,"Polyimides/thioimides, Polyesters/thioesters",train
P432466,"Polyimides/thioimides, Polyesters/thioesters",train
P432471,Polyimides/thioimides,train
P432472,"Polyimides/thioimides, Polyoxides/ethers/acetals",train
P432473,"Polyimides/thioimides, Polyoxides/ethers/acetals",test
P432474,"Polyimides/thioimides, Polyoxides/ethers/acetals, Polyketones/thioketones",train
P432475,"Polyimides/thioimides, Polyoxides/ethers/acetals",train
P432477,Polyimides/thioimides,train
P432478,"Polyimides/thioimides, Polyketones/thioketones",train
P432479,Polyimides/thioimides,test
P432480,"Polyimides/thioimides, Polyoxides/ethers/acetals",train
P432481,"Polyimides/thioimides, Polyoxides/ethers/acetals",train
P432482,"Polyimides/thioimides, Polyoxides/ethers/acetals, Polyketones/thioketones",train
P432483,"Polyimides/thioimides, Polyoxides/ethers/acetals",train
P432484,"Polyimides/thioimides, Polyoxides/ethers/acetals",train
P432485,"Polyimides/thioimides, Polyoxides/ethers/acetals",test
P432486,"Polyimides/thioimides, Polyureas/thioureas",train
P432487,"Polyimides/thioimides, Polyesters/thioesters",train
P432488,"Polyimides/thioimides, Polyesters/thioesters",train
P432489,"Polyimides/thioimides, Polyesters/thioesters",train
P432490,"Polyimides/thioimides, Polyesters/thioesters",train
P432491,"Polyimides/thioimides, Polyesters/thioesters",train
P432492,"Polyimides/thioimides, Polyesters/thioesters",train
P432493,"Polyimides/thioimides, Polyesters/thioesters",train
P432494,"Polyimides/thioimides, Polyesters/thioesters",test
P432495,"Polyimides/thioimides, Polyesters/thioesters",train
P432496,"Polyimides/thioimides, Polyimines",test
P432497,"Polyimides/thioimides, Polyimines",test
P432498,"Polyimides/thioimides, Polyoxides/ethers/acetals",train
P432499,"Polyimides/thioimides, Polyoxides/ethers/acetals",test
P432500,"Polyimides/thioimides, Polyoxides/ethers/acetals",train
P432501,"Polyimides/thioimides, Polyoxides/ethers/acetals",train
P432502,"Polyimides/thioimides, Polyoxides/ethers/acetals",train
P432503,"Polyimides/thioimides, Polyoxides/ethers/acetals",train
P432504,"Polyimides/thioimides, Polyoxides/ethers/acetals",train
P432505,"Polyimides/thioimides, Polyoxides/ethers/acetals",test
P432506,"Polyimides/thioimides, Polyoxides/ethers/acetals",train
P432507,"Polyimides/thioimides, Polyoxides/ethers/acetals",train
P432511,"Polyimides/thioimides, Polyoxides/ethers/acetals",test
P432512,"Polyimides/thioimides, Polyoxides/ethers/acetals",train
P432513,"Polyimides/thioimides, Polyoxides/ethers/acetals",test
P432514,"Polyimides/thioimides, Polyoxides/ethers/acetals",train
P432515,"Polyimides/thioimides, Polyoxides/ethers/acetals",train
P432516,"Polyimides/thioimides, Polyoxides/ethers/acetals",train
P432517,"Polyimides/thioimides, Polyoxides/ethers/acetals",train
P432518,"Polyimides/thioimides, Polyoxides/ethers/acetals",test
P432524,"Polyimides/thioimides, Polyoxides/ethers/acetals",train
P432526,Polyimides/thioimides,train
P432527,Polyimides/thioimides,train
P432528,Polyimides/thioimides,test
P432529,Polyimides/thioimides,train
P432530,Polyimides/thioimides,train
P432531,Polyimides/thioimides,train
P432532,Polyimides/thioimides,train
P432533,Polyimides/thioimides,train
P432553,"Polyimides/thioimides, Polyoxides/ethers/acetals, Polyureas/thioureas",train
P432554,"Polyimides/thioimides, Polyoxides/ethers/acetals, Polyureas/thioureas",train
P432555,"Polyimides/thioimides, Polyoxides/ethers/acetals, Polyureas/thioureas",train
P432556,"Polyimides/thioimides, Polyoxides/ethers/acetals, Polyureas/thioureas",train
P432557,"Polyimides/thioimides, Polyoxides/ethers/acetals, Polyureas/thioureas",test
P432558,"Polyimides/thioimides, Polyoxides/ethers/acetals, Polyureas/thioureas",test
P432559,"Polyimides/thioimides, Polyoxides/ethers/acetals, Polyureas/thioureas",train
P432560,Polyimides/thioimides,train
P432561,Polyimides/thioimides,train
P432562,Polyimides/thioimides,train
P432563,Polyimides/thioimides,test
P432564,Polyimides/thioimides,train
P432565,Polyimides/thioimides,train
P432568,Polyimides/thioimides,train
P432569,Polyimides/thioimides,train
P432570,Polyimides/thioimides,train
P432571,"Polyimides/thioimides, Polyoxides/ethers/acetals",train
P432572,"Polyimides/thioimides, Polyketones/thioketones",train
P432573,Polyimides/thioimides,test
P432574,Polyimides/thioimides,train
P432575,"Polyimides/thioimides, Polyoxides/ethers/acetals",train
P432576,"Polyimides/thioimides, Polyketones/thioketones",train
P432577,Polyimides/thioimides,train
P432578,Polyimides/thioimides,train
P432579,"Polyimides/thioimides, Polyoxides/ethers/acetals",test
P432580,"Polyimides/thioimides, Polyketones/thioketones",train
P432581,Polyimides/thioimides,train
P432582,Polyimides/thioimides,train
P432583,"Polyimides/thioimides, Polyoxides/ethers/acetals",test
P432584,"Polyimides/thioimides, Polyketones/thioketones",train
P432586,"Polyimides/thioimides, Polyoxides/ethers/acetals, Polyimines",train
P432593,"Polyimides/thioimides, Polyoxides/ethers/acetals, Polyamides/thioamides",test
P432594,"Polyimides/thioimides, Polyoxides/ethers/acetals, Polyamides/thioamides",train
P432595,"Polyimides/thioimides, Polyoxides/ethers/acetals, Polyamides/thioamides",train
P432596,"Polyimides/thioimides, Polyoxides/ethers/acetals, Polyamides/thioamides",train
P432597,"Polyimides/thioimides, Polyoxides/ethers/acetals, Polyamides/thioamides",train
P432598,"Polyimides/thioimides, Polyoxides/ethers/acetals, Polyamides/thioamides",train
P432599,"Polyimides/thioimides, Polyoxides/ethers/acetals, Polyamides/thioamides",train
P432600,"Polyimides/thioimides, Polyoxides/ethers/acetals",train
P432601,"Polyimides/thioimides, Polyoxides/ethers/acetals",train
P432602,"Polyimides/thioimides, Polyoxides/ethers/acetals",train
P432603,"Polyimides/thioimides, Polyoxides/ethers/acetals",train
P432604,"Polyimides/thioimides, Polyoxides/ethers/acetals",train
P432605,"Polyimides/thioimides, Polyoxides/ethers/acetals",train
P432610,Polyimides/thioimides,train
P432617,"Polyimides/thioimides, Polyoxides/ethers/acetals",train
P432620,"Polyimides/thioimides, Polycarbonates/thiocarbonates",train
P432621,"Polyimides/thioimides, Polycarbonates/thiocarbonates",train
P432622,"Polyimides/thioimides, Polycarbonates/thiocarbonates",train
P432623,"Polyimides/thioimides, Polycarbonates/thiocarbonates, Polyketones/thioketones",test
P432624,"Polyimides/thioimides, Polycarbonates/thiocarbonates, Polyketones/thioketones",train
P432625,"Polyimides/thioimides, Polycarbonates/thiocarbonates",train
P432654,Polyimides/thioimides,train
P432655,Polyimides/thioimides,test
P432659,"Polyimides/thioimides, Polyimines",train
P432661,"Polyimides/thioimides, Polyoxides/ethers/acetals",train
P432662,"Polyimides/thioimides, Polyoxides/ethers/acetals",train
P432663,Polyimides/thioimides,train
P432664,Polyimides/thioimides,train
P432667,"Polyimides/thioimides, Polyoxides/ethers/acetals",train
P432669,"Polyimides/thioimides, Polyoxides/ethers/acetals, Polyamides/thioamides",train
P432670,"Polyimides/thioimides, Polyoxides/ethers/acetals, Polyamides/thioamides",test
P432671,"Polyimides/thioimides, Polyoxides/ethers/acetals, Polyamides/thioamides",train
P432672,"Polyimides/thioimides, Polyoxides/ethers/acetals, Polyamides/thioamides, Polysulfones/sulfoxides/sufonates/sulfoamides",test
P432673,"Polyimides/thioimides, Polyoxides/ethers/acetals, Polyamides/thioamides",train
P432674,"Polyimides/thioimides, Polyoxides/ethers/acetals, Polyamides/thioamides, Polyimines",train
P432675,"Polyimides/thioimides, Polyoxides/ethers/acetals, Polyamides/thioamides, Polyimines",train
P432676,"Polyimides/thioimides, Polyoxides/ethers/acetals, Polyamides/thioamides, Polyimines",train
P432677,"Polyimides/thioimides, Polyoxides/ethers/acetals, Polyamides/thioamides, Polyimines",train
P432678,"Polyimides/thioimides, Polyoxides/ethers/acetals, Polyamides/thioamides, Polyimines",train
P432685,"Polyimides/thioimides, Polyoxides/ethers/acetals, Polyimines",train
P432686,"Polyimides/thioimides, Polyoxides/ethers/acetals, Polyimines",train
P432687,"Polyimides/thioimides, Polyoxides/ethers/acetals, Polyimines",train
P432688,"Polyimides/thioimides, Polyoxides/ethers/acetals, Polyimines",train
P432690,"Polyimides/thioimides, Polyesters/thioesters, Polyimines",train
P432691,"Polyimides/thioimides, Polyoxides/ethers/acetals, Polyamides/thioamides",train
P432721,"Polyimides/thioimides, Polyesters/thioesters",test
P432736,"Polyimides/thioimides, Polyoxides/ethers/acetals",train
P432737,"Polyimides/thioimides, Polyoxides/ethers/acetals",train
P432738,"Polyimides/thioimides, Polyoxides/ethers/acetals",train
P432739,"Polyimides/thioimides, Polyoxides/ethers/acetals",train
P432740,"Polyimides/thioimides, Polyoxides/ethers/acetals",train
P432741,"Polyimides/thioimides, Polyoxides/ethers/acetals",train
P432742,"Polyimides/thioimides, Polyoxides/ethers/acetals",train
P432745,"Polyimides/thioimides, Polyoxides/ethers/acetals",train
P432746,"Polyimides/thioimides, Polyoxides/ethers/acetals",train
P432747,"Polyimides/thioimides, Polyoxides/ethers/acetals",test
P432748,"Polyimides/thioimides, Polyoxides/ethers/acetals",train
P432749,"Polyimides/thioimides, Polyoxides/ethers/acetals",train
P432750,"Polyimides/thioimides, Polyoxides/ethers/acetals",train
P432751,"Polyimides/thioimides, Polyoxides/ethers/acetals",train
P432752,"Polyimides/thioimides, Polyoxides/ethers/acetals",train
P432753,"Polyimides/thioimides, Polyoxides/ethers/acetals",test
P432754,"Polyimides/thioimides, Polyoxides/ethers/acetals",train
P432755,"Polyimides/thioimides, Polyoxides/ethers/acetals",train
P432756,"Polyimides/thioimides, Polyoxides/ethers/acetals",train
P432757,"Polyimides/thioimides, Polyoxides/ethers/acetals",train
P432758,Polyimides/thioimides,train
P432759,Polyimides/thioimides,train
P432760,"Polyimides/thioimides, Polyketones/thioketones",train
P432761,"Polyimides/thioimides, Polyoxides/ethers/acetals",test
P432762,"Polyimides/thioimides, Polyoxides/ethers/acetals",train
P432772,"Polyimides/thioimides, Polyoxides/ethers/acetals",train
P432773,"Polyimides/thioimides, Polyoxides/ethers/acetals",test
P432774,"Polyimides/thioimides, Polysulfides, Polyimines",train
P432775,"Polyimides/thioimides, Polyoxides/ethers/acetals",test
P432776,"Polyimides/thioimides, Polyoxides/ethers/acetals",train
P432777,"Polyimides/thioimides, Polyoxides/ethers/acetals",train
P432778,"Polyimides/thioimides, Polyoxides/ethers/acetals",test
P432779,"Polyimides/thioimides, Polyoxides/ethers/acetals",test
P432780,"Polyimides/thioimides, Polyamides/thioamides",train
P432781,"Polyimides/thioimides, Polyamides/thioamides",train
P432782,"Polyimides/thioimides, Polyamides/thioamides",train
P432783,"Polyimides/thioimides, Polyesters/thioesters",train
P432784,"Polyimides/thioimides, Polyesters/thioesters",train
P432785,"Polyimides/thioimides, Polyesters/thioesters",train
P432786,Polyimides/thioimides,test
P432787,"Polyimides/thioimides, Polyoxides/ethers/acetals",train
P432788,"Polyimides/thioimides, Polyketones/thioketones",train
P432789,Polyimides/thioimides,train
P432790,"Polyimides/thioimides, Polyimines",train
P432792,"Polyimides/thioimides, Polyimines",train
P432793,"Polyimides/thioimides, Polyimines",test
P432794,"Polyimides/thioimides, Polyimines",test
P432798,"Polyimides/thioimides, Polyoxides/ethers/acetals, Polyamides/thioamides",train
P432799,"Polyimides/thioimides, Polyoxides/ethers/acetals, Polyamides/thioamides",train
P432800,"Polyimides/thioimides, Polyoxides/ethers/acetals, Polyamides/thioamides",train
P432801,"Polyimides/thioimides, Polyoxides/ethers/acetals, Polyamides/thioamides",test
P432802,"Polyimides/thioimides, Polyamides/thioamides",train
P432803,"Polyimides/thioimides, Polyamides/thioamides",train
P432804,"Polyimides/thioimides, Polyoxides/ethers/acetals, Polyamides/thioamides",train
P432805,"Polyimides/thioimides, Polyoxides/ethers/acetals, Polyamides/thioamides",train
P432806,"Polyimides/thioimides, Polyoxides/ethers/acetals, Polyamides/thioamides",train
P432807,"Polyimides/thioimides, Polyoxides/ethers/acetals, Polyamides/thioamides",test
P432808,"Polyimides/thioimides, Polyoxides/ethers/acetals, Polyamides/thioamides",train
P432809,"Polyimides/thioimides, Polyoxides/ethers/acetals, Polyamides/thioamides",train
P432810,"Polyimides/thioimides, Polyoxides/ethers/acetals",train
P432811,"Polyimides/thioimides, Polyoxides/ethers/acetals",train
P432812,"Polyimides/thioimides, Polyoxides/ethers/acetals",train
P432813,"Polyimides/thioimides, Polyoxides/ethers/acetals",train
P432814,"Polyimides/thioimides, Polyoxides/ethers/acetals",train
P432815,"Polyimides/thioimides, Polyoxides/ethers/acetals",test
P432816,"Polyimides/thioimides, Polyoxides/ethers/acetals",test
P432820,"Polyimides/thioimides, Polyoxides/ethers/acetals",train
P432822,"Polyimides/thioimides, Polyoxides/ethers/acetals",test
P432823,"Polyimides/thioimides, Polyoxides/ethers/acetals",train
P432824,Polyimides/thioimides,train
P432825,"Polyimides/thioimides, Polyoxides/ethers/acetals",train
P432826,"Polyimides/thioimides, Polyoxides/ethers/acetals",train
P432827,"Polyimides/thioimides, Polyoxides/ethers/acetals",train
P432828,"Polyimides/thioimides, Polyoxides/ethers/acetals, Polysulfones/sulfoxides/sufonates/sulfoamides",train
P432829,"Polyimides/thioimides, Polyoxides/ethers/acetals",train
P432830,Polyimides/thioimides,train
P432832,"Polyimides/thioimides, Polyketones/thioketones",train
P432833,Polyimides/thioimides,train
P432835,"Polyimides/thioimides, Polyketones/thioketones",train
P432836,"Polyimides/thioimides, Polyoxides/ethers/acetals",test
P432837,Polyimides/thioimides,train
P432843,Polyimides/thioimides,train
P432844,Polyimides/thioimides,train
P432845,Polyimides/thioimides,train
P432846,Polyimides/thioimides,train
P432847,"Polyimides/thioimides, Polysulfides, Polyimines",train
P432866,Polyimides/thioimides,train
P432872,"Polyimides/thioimides, Polyketones/thioketones",train
P432874,"Polyimides/thioimides, Polyoxides/ethers/acetals, Polyimines",train
P432875,"Polyimides/thioimides, Polyoxides/ethers/acetals, Polyimines",train
P432877,"Polyimides/thioimides, Polyoxides/ethers/acetals, Polyimines",train
P432878,"Polyimides/thioimides, Polyureas/thioureas, Polyimines",train
P432879,"Polyimides/thioimides, Polyureas/thioureas, Polyimines",train
P432880,"Polyimides/thioimides, Polyoxides/ethers/acetals",train
P432881,Polyimides/thioimides,train
P432882,Polyimides/thioimides,train
P432883,"Polyimides/thioimides, Polyoxides/ethers/acetals",train
P432884,Polyimides/thioimides,test
P432885,Polyimides/thioimides,train
P432888,Polyimides/thioimides,train
P432889,Polyimides/thioimides,train
P432890,Polyimides/thioimides,train
P432891,Polyimides/thioimides,train
P432892,Polyimides/thioimides,train
P432893,Polyimides/thioimides,test
P432894,"Polyimides/thioimides, Polyoxides/ethers/acetals",train
P432895,"Polyimides/thioimides, Polyoxides/ethers/acetals",test
P432896,"Polyimides/thioimides, Polyoxides/ethers/acetals",train
P432897,"Polyimides/thioimides, Polyoxides/ethers/acetals",train
P432898,"Polyimides/thioimides, Polyoxides/ethers/acetals",train
P432899,"Polyimides/thioimides, Polyoxides/ethers/acetals",test
P432900,"Polyimides/thioimides, Polyoxides/ethers/acetals",train
P432902,"Polyimides/thioimides, Polyimines",train
P432903,"Polyimides/thioimides, Polyoxides/ethers/acetals, Polyamides/thioamides",train
P432905,"Polyimides/thioimides, Polyoxides/ethers/acetals, Polyamides/thioamides",train
P432906,"Polyimides/thioimides, Polyoxides/ethers/acetals, Polyamides/thioamides",train
P432907,"Polyimides/thioimides, Polyoxides/ethers/acetals, Polyamides/thioamides",test
P432908,"Polyimides/thioimides, Polyoxides/ethers/acetals, Polyamides/thioamides",train
P432909,"Polyimides/thioimides, Polyoxides/ethers/acetals, Polyamides/thioamides",train
P432911,"Polyimides/thioimides, Polyoxides/ethers/acetals, Polyamides/thioamides",test
P432912,"Polyimides/thioimides, Polyoxides/ethers/acetals, Polyamides/thioamides",test
P432913,"Polyimides/thioimides, Polyoxides/ethers/acetals, Polyamides/thioamides",train
P432914,"Polyimides/thioimides, Polyoxides/ethers/acetals, Polyamides/thioamides",train
P432915,"Polyimides/thioimides, Polyoxides/ethers/acetals, Polyamides/thioamides",test
P432917,"Polyimides/thioimides, Polyoxides/ethers/acetals, Polyamides/thioamides",train
P432919,"Polyimides/thioimides, Polyoxides/ethers/acetals, Polyamides/thioamides",train
P432920,"Polyimides/thioimides, Polyoxides/ethers/acetals, Polyamides/thioamides",train
P432921,"Polyimides/thioimides, Polyoxides/ethers/acetals, Polyamides/thioamides",train
P432923,"Polyimides/thioimides, Polyoxides/ethers/acetals, Polyamides/thioamides",train
P432924,"Polyimides/thioimides, Polyoxides/ethers/acetals, Polyamides/thioamides",train
P432925,"Polyimides/thioimides, Polyoxides/ethers/acetals, Polyamides/thioamides, Polysulfones/sulfoxides/sufonates/sulfoamides",train
P432926,"Polyimides/thioimides, Polyoxides/ethers/acetals, Polyamides/thioamides, Polysulfones/sulfoxides/sufonates/sulfoamides",train
P432927,"Polyimides/thioimides, Polyoxides/ethers/acetals",test
P432928,"Polyimides/thioimides, Polyoxides/ethers/acetals",test
P432941,"Polyimides/thioimides, Polyamides/thioamides, Polyimines",test
P432942,"Polyimides/thioimides, Polyamides/thioamides, Polyimines, Polysulfones/sulfoxides/sufonates/sulfoamides",train
P432943,Polyimides/thioimides,train
P432944,Polyimides/thioimides,test
P432945,Polyimides/thioimides,test
P432946,Polyimides/thioimides,train
P432947,Polyimides/thioimides,test
P432948,Polyimides/thioimides,train
P432949,Polyimides/thioimides,train
P432950,Polyimides/thioimides,test
P432951,Polyimides/thioimides,train
P432961,"Polyimides/thioimides, Polyureas/thioureas, Polyoxides/ethers/acetals, Polyketones/thioketones",train
P432963,"Polyimides/thioimides, Polyureas/thioureas, Polyoxides/ethers/acetals, Polyketones/thioketones",train
P432968,Polyimides/thioimides,train
P432969,Polyimides/thioimides,train
P432970,Polyimides/thioimides,train
P432971,"Polyimides/thioimides, Polyamides/thioamides",train
P432972,"Polyimides/thioimides, Polyamides/thioamides",test
P432973,"Polyimides/thioimides, Polyamides/thioamides",train
P432974,"Polyimides/thioimides, Polyamides/thioamides",train
P432984,"Polyimides/thioimides, Polyoxides/ethers/acetals, Polyketones/thioketones",test
P432985,"Polyimides/thioimides, Polyoxides/ethers/acetals, Polyketones/thioketones",train
P432986,"Polyimides/thioimides, Polyoxides/ethers/acetals, Polyketones/thioketones",train
P432987,"Polyimides/thioimides, Polyoxides/ethers/acetals, Polyketones/thioketones, Polysulfones/sulfoxides/sufonates/sulfoamides",train
P432988,"Polyimides/thioimides, Polyoxides/ethers/acetals, Polyketones/thioketones",train
P432989,Polyimides/thioimides,train
P432990,Polyimides/thioimides,test
P432991,Polyimides/thioimides,train
P432992,Polyimides/thioimides,train
P432993,Polyimides/thioimides,train
P432994,Polyimides/thioimides,train
P432995,Polyimides/thioimides,test
P432996,Polyimides/thioimides,test
P432997,Polyimides/thioimides,train
P432999,"Polyimides/thioimides, Polyoxides/ethers/acetals, Polysulfides, Polyesters/thioesters",train
P433002,"Polyimides/thioimides, Polyoxides/ethers/acetals, Polysulfides, Polyesters/thioesters",test
P433003,"Polyimides/thioimides, Polyoxides/ethers/acetals, Polysulfides, Polyesters/thioesters",train
P433005,"Polyimides/thioimides, Polyoxides/ethers/acetals",train
P433006,"Polyimides/thioimides, Polyoxides/ethers/acetals",train
P433007,"Polyimides/thioimides, Polyoxides/ethers/acetals",train
P433008,"Polyimides/thioimides, Polyoxides/ethers/acetals",train
P433009,"Polyimides/thioimides, Polyesters/thioesters",train
P433010,"Polyimides/thioimides, Polyesters/thioesters",test
P433011,"Polyimides/thioimides, Polyesters/thioesters",train
P433012,"Polyimides/thioimides, Polyesters/thioesters",train
P433013,"Polyimides/thioimides, Polyesters/thioesters",train
P433014,"Polyimides/thioimides, Polyesters/thioesters",train
P433015,"Polyimides/thioimides, Polyesters/thioesters",test
P433016,"Polyimides/thioimides, Polyesters/thioesters",train
P433017,"Polyimides/thioimides, Polyoxides/ethers/acetals",train
P433018,Polyimides/thioimides,test
P433019,Polyimides/thioimides,test
P433020,"Polyimides/thioimides, Polyoxides/ethers/acetals",train
P433021,"Polyimides/thioimides, Polyoxides/ethers/acetals",train
P433022,Polyimides/thioimides,train
P433026,"Polyimides/thioimides, Polyoxides/ethers/acetals",train
P433027,"Polyimides/thioimides, Polyoxides/ethers/acetals, Polyketones/thioketones",train
P433028,"Polyimides/thioimides, Polyoxides/ethers/acetals",train
P433029,"Polyimides/thioimides, Polyoxides/ethers/acetals, Polysulfones/sulfoxides/sufonates/sulfoamides",train
P433030,"Polyimides/thioimides, Polyoxides/ethers/acetals",test
P433031,"Polyimides/thioimides, Polyoxides/ethers/acetals",train
P433036,"Polyimides/thioimides, Polyamides/thioamides",train
P433037,"Polyimides/thioimides, Polyamides/thioamides, Polyimines",test
P433038,"Polyimides/thioimides, Polyamides/thioamides, Polysulfones/sulfoxides/sufonates/sulfoamides",test
P433039,"Polyimides/thioimides, Polyamides/thioamides",train
P433040,"Polyimides/thioimides, Polyamides/thioamides",test
P433041,"Polyimides/thioimides, Polyoxides/ethers/acetals, Polyamides/thioamides",train
P433042,"Polyimides/thioimides, Polyamides/thioamides",test
P433043,"Polyimides/thioimides, Polyamides/thioamides",train
P433052,Polyimides/thioimides,train
P433053,Polyimides/thioimides,train
P433054,"Polyimides/thioimides, Polyketones/thioketones",train
P433055,Polyimides/thioimides,train
P433056,Polyimides/thioimides,train
P433057,"Polyimides/thioimides, Polyketones/thioketones",train
P433065,"Polyimides/thioimides, Polyoxides/ethers/acetals, Polyureas/thioureas",train
P433069,"Polyimides/thioimides, Polyoxides/ethers/acetals, Polyureas/thioureas",train
P433070,"Polyimides/thioimides, Polyamides/thioamides, Polyketones/thioketones",test
P433071,Polyimides/thioimides,train
P433072,Polyimides/thioimides,train
P433073,Polyimides/thioimides,train
P433074,Polyimides/thioimides,train
P433075,Polyimides/thioimides,train
P433076,Polyimides/thioimides,train
P433077,Polyimides/thioimides,train
P433078,Polyimides/thioimides,train
P433081,Polyimides/thioimides,train
P433082,Polyimides/thioimides,train
P433083,Polyimides/thioimides,train
P433084,Polyimides/thioimides,train
P433085,Polyimides/thioimides,train
P433087,"Polyimides/thioimides, Polyamides/thioamides",train
P433088,"Polyimides/thioimides, Polyamides/thioamides",test
P433089,"Polyimides/thioimides, Polyamides/thioamides",train
P433090,"Polyimides/thioimides, Polyamides/thioamides",train
P433091,"Polyimides/thioimides, Polyamides/thioamides",train
P433092,"Polyimides/thioimides, Polyamides/thioamides",test
P433093,"Polyimides/thioimides, Polyoxides/ethers/acetals",test
P433094,"Polyimides/thioimides, Polyoxides/ethers/acetals",test
P433095,"Polyimides/thioimides, Polyoxides/ethers/acetals",train
P433096,"Polyimides/thioimides, Polyoxides/ethers/acetals",test
P433097,"Polyimides/thioimides, Polyoxides/ethers/acetals",test
P433098,"Polyimides/thioimides, Polyoxides/ethers/acetals",train
P433099,"Polyimides/thioimides, Polyoxides/ethers/acetals",test
P433100,"Polyimides/thioimides, Polyoxides/ethers/acetals",train
P433101,"Polyimides/thioimides, Polyoxides/ethers/acetals",test
P433102,"Polyimides/thioimides, Polyamides/thioamides, Polyureas/thioureas",train
P433103,"Polyimides/thioimides, Polyamides/thioamides, Polyureas/thioureas, Polyimines",train
P433104,"Polyimides/thioimides, Polyamides/thioamides, Polyureas/thioureas, Polysulfones/sulfoxides/sufonates/sulfoamides",train
P433105,"Polyimides/thioimides, Polyamides/thioamides, Polyureas/thioureas",train
P433106,"Polyimides/thioimides, Polyamides/thioamides, Polyureas/thioureas, Polyketones/thioketones",train
P433107,"Polyimides/thioimides, Polyamides/thioamides, Polyureas/thioureas",train
P433108,"Polyimides/thioimides, Polyoxides/ethers/acetals, Polyamides/thioamides, Polyureas/thioureas",train
P433109,"Polyimides/thioimides, Polyamides/thioamides, Polyureas/thioureas",train
P433110,"Polyimides/thioimides, Polyamides/thioamides, Polyureas/thioureas",train
P433111,"Polyimides/thioimides, Polyimines",train
P433114,"Polyimides/thioimides, Polyamides/thioamides, Polyimines",test
P433120,"Polyimides/thioimides, Polyketones/thioketones",train
P433121,"Polyimides/thioimides, Polyketones/thioketones",test
P433122,"Polyimides/thioimides, Polyoxides/ethers/acetals, Polyamides/thioamides",test
P433123,"Polyimides/thioimides, Polyoxides/ethers/acetals, Polyamides/thioamides, Polyureas/thioureas, Polyketones/thioketones",train
P433124,"Polyimides/thioimides, Polyoxides/ethers/acetals",train
P433125,"Polyimides/thioimides, Polyoxides/ethers/acetals",test
P433127,"Polyimides/thioimides, Polyketones/thioketones",train
P433128,"Polyimides/thioimides, Polyketones/thioketones",test
P433129,"Polyimides/thioimides, Polyketones/thioketones",train
P433132,"Polyimides/thioimides, Polyoxides/ethers/acetals",train
P433133,"Polyimides/thioimides, Polyoxides/ethers/acetals, Polyketones/thioketones",train
P433134,"Polyimides/thioimides, Polyoxides/ethers/acetals",test
P433135,"Polyimides/thioimides, Polyoxides/ethers/acetals",train
P433136,"Polyimides/thioimides, Polyoxides/ethers/acetals",train
P433137,"Polyimides/thioimides, Polyoxides/ethers/acetals",train
P433138,"Polyimides/thioimides, Polyoxides/ethers/acetals",train
P433139,"Polyimides/thioimides, Polyoxides/ethers/acetals",train
P433140,"Polyimides/thioimides, Polyoxides/ethers/acetals",train
P433141,"Polyimides/thioimides, Polyoxides/ethers/acetals",train
P433142,"Polyimides/thioimides, Polyoxides/ethers/acetals",train
P433145,Polyimides/thioimides,train
P433146,"Polyimides/thioimides, Polyketones/thioketones",train
P433147,"Polyimides/thioimides, Polyoxides/ethers/acetals",train
P433148,Polyimides/thioimides,train
P433149,"Polyimides/thioimides, Polyesters/thioesters, Polyimines",train
P433150,"Polyimides/thioimides, Polyesters/thioesters, Polyimines",train
P433151,"Polyimides/thioimides, Polyesters/thioesters, Polyimines",train
P433154,"Polyimides/thioimides, Polyamides/thioamides",test
P433159,"Polyimides/thioimides, Polyamides/thioamides",train
P433160,"Polyimides/thioimides, Polyketones/thioketones",train
P433161,"Polyimides/thioimides, Polyoxides/ethers/acetals, Polyketones/thioketones",test
P433162,"Polyimides/thioimides, Polyketones/thioketones",train
P433163,"Polyimides/thioimides, Polyketones/thioketones",test
P433164,Polyimides/thioimides,train
P433165,Polyimides/thioimides,test
P433166,Polyimides/thioimides,test
P433167,Polyimides/thioimides,train
P433168,Polyimides/thioimides,train
P433169,Polyimides/thioimides,test
P433170,Polyimides/thioimides,train
P433171,Polyimides/thioimides,train
P433172,Polyimides/thioimides,train
P433173,Polyimides/thioimides,test
P433174,Polyimides/thioimides,train
P433175,"Polyimides/thioimides, Polyimines",test
P433176,"Polyimides/thioimides, Polyimines",train
P433177,"Polyimides/thioimides, Polyimines, Polyketones/thioketones",train
P433178,"Polyimides/thioimides, Polyoxides/ethers/acetals, Polyimines",train
P433179,"Polyimides/thioimides, Polyimines",train
P433180,"Polyimides/thioimides, Polyimines",train
P433181,"Polyimides/thioimides, Polyimines",test
P433182,"Polyimides/thioimides, Polyimines, Polyketones/thioketones",train
P433183,"Polyimides/thioimides, Polyoxides/ethers/acetals, Polyimines",train
P433184,"Polyimides/thioimides, Polyimines",train
P433185,"Polyimides/thioimides, Polyimines, Polyketones/thioketones",train
P433186,"Polyimides/thioimides, Polyimines, Polyketones/thioketones",train
P433189,"Polyimides/thioimides, Polysulfides, Polyesters/thioesters, Polyamides/thioamides",train
P433197,"Polyimides/thioimides, Polyoxides/ethers/acetals",train
P433206,"Polyimides/thioimides, Polyoxides/ethers/acetals, Polyketones/thioketones",train
P433207,"Polyimides/thioimides, Polyoxides/ethers/acetals",test
P433208,"Polyimides/thioimides, Polyoxides/ethers/acetals",train
P433210,"Polyimides/thioimides, Polyoxides/ethers/acetals",train
P433211,"Polyimides/thioimides, Polyoxides/ethers/acetals",test
P433212,"Polyimides/thioimides, Polyoxides/ethers/acetals",train
P433213,"Polyimides/thioimides, Polyoxides/ethers/acetals",train
P433214,"Polyimides/thioimides, Polyoxides/ethers/acetals",train
P433215,"Polyimides/thioimides, Polyoxides/ethers/acetals",train
P433216,"Polyimides/thioimides, Polyoxides/ethers/acetals",train
P433217,"Polyimides/thioimides, Polyoxides/ethers/acetals",train
P433218,"Polyimides/thioimides, Polyoxides/ethers/acetals",train
P433219,"Polyimides/thioimides, Polyoxides/ethers/acetals",train
P433220,"Polyimides/thioimides, Polyoxides/ethers/acetals",test
P433221,"Polyimides/thioimides, Polyoxides/ethers/acetals",train
P433222,"Polyimides/thioimides, Polyoxides/ethers/acetals",train
P433223,"Polyimides/thioimides, Polyoxides/ethers/acetals",train
P433224,"Polyimides/thioimides, Polyoxides/ethers/acetals",test
P433225,"Polyimides/thioimides, Polyoxides/ethers/acetals",train
P433226,"Polyimides/thioimides, Polyoxides/ethers/acetals",train
P433227,"Polyimides/thioimides, Polyoxides/ethers/acetals",test
P433228,"Polyimides/thioimides, Polyoxides/ethers/acetals",train
P433229,"Polyimides/thioimides, Polyoxides/ethers/acetals",train
P433230,"Polyimides/thioimides, Polyoxides/ethers/acetals",train
P433231,"Polyimides/thioimides, Polyoxides/ethers/acetals",test
P433232,"Polyimides/thioimides, Polyoxides/ethers/acetals",train
P433233,"Polyimides/thioimides, Polyoxides/ethers/acetals",train
P433234,"Polyimides/thioimides, Polyoxides/ethers/acetals",train
P433235,"Polyimides/thioimides, Polyoxides/ethers/acetals",train
P433236,"Polyimides/thioimides, Polyoxides/ethers/acetals",train
P433237,"Polyimides/thioimides, Polyoxides/ethers/acetals",train
P433238,"Polyimides/thioimides, Polyoxides/ethers/acetals",train
P433239,"Polyimides/thioimides, Polyoxides/ethers/acetals",train
P433240,"Polyimides/thioimides, Polyoxides/ethers/acetals",train
P433241,"Polyimides/thioimides, Polyoxides/ethers/acetals",train
P433242,"Polyimides/thioimides, Polyoxides/ethers/acetals",train
P433243,Polyimides/thioimides,train
P433244,"Polyimides/thioimides, Polyketones/thioketones",train
P433245,"Polyimides/thioimides, Polyoxides/ethers/acetals",train
P433246,Polyimides/thioimides,train
P433247,Polyimides/thioimides,train
P433248,"Polyimides/thioimides, Polyketones/thioketones",train
P433249,"Polyimides/thioimides, Polyoxides/ethers/acetals",train
P433250,Polyimides/thioimides,train
P433254,"Polyimides/thioimides, Polyoxides/ethers/acetals",train
P433255,"Polyimides/thioimides, Polyoxides/ethers/acetals, Polyketones/thioketones",train
P433256,"Polyimides/thioimides, Polyoxides/ethers/acetals",train
P433257,"Polyimides/thioimides, Polyoxides/ethers/acetals",train
P433260,"Polyimides/thioimides, Polyoxides/ethers/acetals, Polysiloxanes/silanes, Polysulfones/sulfoxides/sufonates/sulfoamides",train
P433270,Polyimides/thioimides,train
P433271,Polyimides/thioimides,train
P433272,Polyimides/thioimides,train
P433273,Polyimides/thioimides,train
P433276,Polyimides/thioimides,train
P433277,Polyimides/thioimides,train
P433281,"Polyimides/thioimides, Polysulfides",train
P433282,"Polyimides/thioimides, Polysulfides",train
P433283,"Polyimides/thioimides, Polysulfides",train
P433284,"Polyimides/thioimides, Polyoxides/ethers/acetals, Polysulfides",train
P433285,"Polyimides/thioimides, Polyoxides/ethers/acetals, Polysulfides",train
P433286,"Polyimides/thioimides, Polyoxides/ethers/acetals, Polysulfides",train
P433287,"Polyimides/thioimides, Polyoxides/ethers/acetals",test
P433290,"Polyimides/thioimides, Polyoxides/ethers/acetals",train
P433291,"Polyimides/thioimides, Polyoxides/ethers/acetals, Polyimines, Polyketones/thioketones",train
P433292,"Polyimides/thioimides, Polyoxides/ethers/acetals, Polyimines, Polyketones/thioketones",train
P433293,"Polyimides/thioimides, Polyoxides/ethers/acetals, Polyimines, Polyketones/thioketones",test
P433294,"Polyimides/thioimides, Polyoxides/ethers/acetals, Polyimines, Polyketones/thioketones",train
P433302,"Polyimides/thioimides, Polyoxides/ethers/acetals, Polysulfides",train
P433303,"Polyimides/thioimides, Polyoxides/ethers/acetals, Polysulfides",train
P433304,"Polyimides/thioimides, Polyoxides/ethers/acetals, Polysulfides",test
P433305,"Polyimides/thioimides, Polyoxides/ethers/acetals, Polysulfides, Polysulfones/sulfoxides/sufonates/sulfoamides",test
P433306,"Polyimides/thioimides, Polyoxides/ethers/acetals",train
P433307,"Polyimides/thioimides, Polyoxides/ethers/acetals",train
P433308,"Polyimides/thioimides, Polyoxides/ethers/acetals, Polyketones/thioketones",train
P433309,"Polyimides/thioimides, Polyoxides/ethers/acetals",train
P433310,"Polyimides/thioimides, Polyoxides/ethers/acetals",train
P433314,"Polyimides/thioimides, Polyoxides/ethers/acetals, Polysulfides, Polyimines",train
P433315,"Polyimides/thioimides, Polyoxides/ethers/acetals, Polysulfides, Polyimines",train
P433316,"Polyimides/thioimides, Polyoxides/ethers/acetals, Polysulfides, Polyimines, Polyketones/thioketones",train
P433317,"Polyimides/thioimides, Polyoxides/ethers/acetals, Polysulfides, Polyimines",train
P433320,"Polyimides/thioimides, Polyoxides/ethers/acetals",test
P433321,"Polyimides/thioimides, Polyoxides/ethers/acetals, Polysulfones/sulfoxides/sufonates/sulfoamides",train
P433327,"Polyimides/thioimides, Polyoxides/ethers/acetals, Polyimines, Polyketones/thioketones",train
P433328,"Polyimides/thioimides, Polyoxides/ethers/acetals, Polyimines, Polyketones/thioketones",train
P433329,"Polyimides/thioimides, Polyoxides/ethers/acetals, Polyimines, Polyketones/thioketones",test
P433330,"Polyimides/thioimides, Polyoxides/ethers/acetals, Polyimines, Polyketones/thioketones",train
P433331,"Polyimides/thioimides, Polyoxides/ethers/acetals",train
P433334,"Polyimides/thioimides, Polyoxides/ethers/acetals, Polyureas/thioureas, Polyimines",train
P433335,"Polyimides/thioimides, Polyoxides/ethers/acetals, Polyureas/thioureas",train
P433336,"Polyimides/thioimides, Polyoxides/ethers/acetals, Polyureas/thioureas",train
P433337,"Polyimides/thioimides, Polyoxides/ethers/acetals, Polyureas/thioureas",train
P433338,"Polyimides/thioimides, Polyoxides/ethers/acetals, Polyureas/thioureas, Polyimines",train
P433341,"Polyimides/thioimides, Polyimines",train
P433342,"Polyimides/thioimides, Polyoxides/ethers/acetals",train
P433343,"Polyimides/thioimides, Polyoxides/ethers/acetals",train
P433352,"Polyimides/thioimides, Polyoxides/ethers/acetals, Polyureas/thioureas, Polyimines",train
P433353,"Polyimides/thioimides, Polyureas/thioureas, Polyimines",train
P433354,"Polyimides/thioimides, Polyureas/thioureas, Polyimines",train
P433355,"Polyimides/thioimides, Polyureas/thioureas, Polyimines",train
P433356,"Polyimides/thioimides, Polyureas/thioureas, Polyimines",test
P433357,"Polyimides/thioimides, Polyoxides/ethers/acetals, Polyureas/thioureas, Polyimines",train
P433358,"Polyimides/thioimides, Polyoxides/ethers/acetals, Polyamides/thioamides",test
P433359,"Polyimides/thioimides, Polyoxides/ethers/acetals, Polyamides/thioamides, Polyimines",test
P433360,"Polyimides/thioimides, Polyoxides/ethers/acetals, Polyamides/thioamides, Polyimines",train
P433361,"Polyimides/thioimides, Polyoxides/ethers/acetals, Polyamides/thioamides, Polyimines",train
P433362,"Polyimides/thioimides, Polyoxides/ethers/acetals, Polyamides/thioamides",train
P433363,"Polyimides/thioimides, Polyoxides/ethers/acetals, Polyamides/thioamides",train
P433364,"Polyimides/thioimides, Polyoxides/ethers/acetals, Polyamides/thioamides",train
P433365,"Polyimides/thioimides, Polyoxides/ethers/acetals, Polyamides/thioamides",train
P433366,"Polyimides/thioimides, Polyoxides/ethers/acetals, Polyamides/thioamides",train
P433369,"Polyimides/thioimides, Polyoxides/ethers/acetals, Polyimines",test
P433370,"Polyimides/thioimides, Polyoxides/ethers/acetals, Polyimines",train
P433371,"Polyimides/thioimides, Polyoxides/ethers/acetals, Polyimines",train
P433372,"Polyimides/thioimides, Polyoxides/ethers/acetals, Polyimines",test
P433373,"Polyimides/thioimides, Polysulfides",train
P433374,"Polyimides/thioimides, Polysulfides",train
P433378,"Polyimides/thioimides, Polyamides/thioamides",train
P433379,"Polyimides/thioimides, Polyamides/thioamides",train
P433380,"Polyimides/thioimides, Polyoxides/ethers/acetals, Polyamides/thioamides",test
P433381,"Polyimides/thioimides, Polyoxides/ethers/acetals, Polyamides/thioamides",train
P433386,"Polyimides/thioimides, Polyimines",train
P433387,"Polyimides/thioimides, Polyimines",train
P433388,"Polyimides/thioimides, Polyimines",train
P433389,"Polyimides/thioimides, Polyoxides/ethers/acetals, Polyimines",train
P433390,"Polyimides/thioimides, Polyoxides/ethers/acetals, Polyimines",train
P433391,"Polyimides/thioimides, Polyoxides/ethers/acetals, Polyimines",train
P433392,"Polyimides/thioimides, Polyesters/thioesters, Polyimines",train
P433393,"Polyimides/thioimides, Polyesters/thioesters, Polyimines",train
P433394,"Polyimides/thioimides, Polyesters/thioesters, Polyimines",test
P433406,"Polyimides/thioimides, Polyesters/thioesters",train
P433412,"Polyimides/thioimides, Polyamides/thioamides",train
P433415,"Polyimides/thioimides, Polyoxides/ethers/acetals",test
P433416,"Polyimides/thioimides, Polyoxides/ethers/acetals, Polyimines",train
P433417,"Polyimides/thioimides, Polyoxides/ethers/acetals, Polyimines",train
P433418,"Polyimides/thioimides, Polyoxides/ethers/acetals, Polyimines",test
P433419,"Polyimides/thioimides, Polyoxides/ethers/acetals, Polyimines",test
P433420,"Polyimides/thioimides, Polyoxides/ethers/acetals, Polyimines",train
P433422,"Polyimides/thioimides, Polyoxides/ethers/acetals",train
P433425,"Polyimides/thioimides, Polyesters/thioesters",train
P433434,"Polyimides/thioimides, Polyurethanes/thiourethanes",test
P433438,"Polyimides/thioimides, Polyoxides/ethers/acetals",train
P433441,"Polyimides/thioimides, Polyimines",train
P433442,"Polyimides/thioimides, Polyimines, Polyketones/thioketones",train
P433443,"Polyimides/thioimides, Polyoxides/ethers/acetals, Polyimines",train
P433447,"Polyimides/thioimides, Polyoxides/ethers/acetals, Polyurethanes/thiourethanes",train
P433448,"Polyimides/thioimides, Polyoxides/ethers/acetals, Polyurethanes/thiourethanes",test
P433449,"Polyimides/thioimides, Polyoxides/ethers/acetals, Polyurethanes/thiourethanes",train
P433450,"Polyimides/thioimides, Polyoxides/ethers/acetals, Polyurethanes/thiourethanes",train
P433451,"Polyimides/thioimides, Polyoxides/ethers/acetals, Polyurethanes/thiourethanes",train
P433452,"Polyimides/thioimides, Polyoxides/ethers/acetals, Polyurethanes/thiourethanes",train
P433453,"Polyimides/thioimides, Polyoxides/ethers/acetals, Polyurethanes/thiourethanes",train
P433454,"Polyimides/thioimides, Polyoxides/ethers/acetals, Polyurethanes/thiourethanes",train
P433461,"Polyimides/thioimides, Polysulfones/sulfoxides/sufonates/sulfoamides",train
P433463,"Polyimides/thioimides, Polyoxides/ethers/acetals",test
P433464,"Polyimides/thioimides, Polyoxides/ethers/acetals, Polyketones/thioketones",train
P433465,"Polyimides/thioimides, Polyoxides/ethers/acetals",train
P433466,"Polyimides/thioimides, Polyoxides/ethers/acetals",train
P433467,"Polyimides/thioimides, Polyoxides/ethers/acetals",train
P433468,"Polyimides/thioimides, Polyoxides/ethers/acetals",train
P433469,"Polyimides/thioimides, Polyoxides/ethers/acetals",train
P433470,"Polyimides/thioimides, Polyoxides/ethers/acetals",train
P433471,"Polyimides/thioimides, Polyoxides/ethers/acetals",train
P433472,Polyimides/thioimides,train
P433473,Polyimides/thioimides,train
P433474,Polyimides/thioimides,train
P433475,Polyimides/thioimides,test
P433476,"Polyimides/thioimides, Polyketones/thioketones",train
P433477,"Polyimides/thioimides, Polyketones/thioketones",train
P433478,"Polyimides/thioimides, Polyketones/thioketones",train
P433479,"Polyimides/thioimides, Polyketones/thioketones",train
P433480,"Polyimides/thioimides, Polyoxides/ethers/acetals",train
P433481,"Polyimides/thioimides, Polyoxides/ethers/acetals",train
P433482,"Polyimides/thioimides, Polysulfides, Polyimines",train
P433483,"Polyimides/thioimides, Polyoxides/ethers/acetals",train
P433484,"Polyimides/thioimides, Polyoxides/ethers/acetals, Polyketones/thioketones",train
P433485,"Polyimides/thioimides, Polyoxides/ethers/acetals",train
P433486,"Polyimides/thioimides, Polyoxides/ethers/acetals",test
P433487,"Polyimides/thioimides, Polyoxides/ethers/acetals",test
P433488,"Polyimides/thioimides, Polyoxides/ethers/acetals, Polysulfones/sulfoxides/sufonates/sulfoamides",train
P433489,"Polyimides/thioimides, Polyoxides/ethers/acetals",train
P433490,"Polyimides/thioimides, Polyoxides/ethers/acetals, Polyketones/thioketones",train
P433491,"Polyimides/thioimides, Polyoxides/ethers/acetals",train
P433492,"Polyimides/thioimides, Polyoxides/ethers/acetals",train
P433493,"Polyimides/thioimides, Polyoxides/ethers/acetals",train
P433494,"Polyimides/thioimides, Polyoxides/ethers/acetals, Polysulfones/sulfoxides/sufonates/sulfoamides",train
P433495,"Polyimides/thioimides, Polyoxides/ethers/acetals",train
P433496,Polyimides/thioimides,train
P433500,"Polyimides/thioimides, Polysulfides",test
P433501,"Polyimides/thioimides, Polysulfides",train
P433502,"Polyimides/thioimides, Polyoxides/ethers/acetals, Polysulfides",train
P433503,"Polyimides/thioimides, Polysulfides",train
P433504,"Polyimides/thioimides, Polysulfides",train
P433505,"Polyimides/thioimides, Polysulfides",train
P433506,"Polyimides/thioimides, Polysulfides",test
P433507,"Polyimides/thioimides, Polysulfides",train
P433532,"Polyimides/thioimides, Polyoxides/ethers/acetals",train
P433533,"Polyimides/thioimides, Polyoxides/ethers/acetals, Polyketones/thioketones",train
P433534,"Polyimides/thioimides, Polyoxides/ethers/acetals",train
P433535,"Polyimides/thioimides, Polyoxides/ethers/acetals, Polysulfones/sulfoxides/sufonates/sulfoamides",train
P433536,"Polyimides/thioimides, Polyoxides/ethers/acetals",train
P433538,"Polyimides/thioimides, Polyoxides/ethers/acetals",train
P433539,"Polyimides/thioimides, Polyoxides/ethers/acetals, Polyketones/thioketones",test
P433540,"Polyimides/thioimides, Polyoxides/ethers/acetals",train
P433541,"Polyimides/thioimides, Polyoxides/ethers/acetals, Polysulfones/sulfoxides/sufonates/sulfoamides",train
P433542,"Polyimides/thioimides, Polyoxides/ethers/acetals",test
P433543,Polyimides/thioimides,train
P433544,"Polyimides/thioimides, Polyoxides/ethers/acetals, Polyimines",train
P433545,"Polyimides/thioimides, Polyoxides/ethers/acetals, Polyimines",train
P433546,"Polyimides/thioimides, Polyoxides/ethers/acetals, Polyimines, Polyketones/thioketones",train
P433547,"Polyimides/thioimides, Polyoxides/ethers/acetals, Polyimines",train
P433548,"Polyimides/thioimides, Polyoxides/ethers/acetals, Polyamides/thioamides, Polyureas/thioureas",train
P433551,"Polyimides/thioimides, Polyoxides/ethers/acetals, Polyamides/thioamides, Polyureas/thioureas",train
P433563,"Polyimides/thioimides, Polyesters/thioesters, Polyimines",test
P433564,"Polyimides/thioimides, Polyesters/thioesters, Polyimines",train
P433565,"Polyimides/thioimides, Polyesters/thioesters, Polyimines",train
P433566,"Polyimides/thioimides, Polyesters/thioesters, Polyimines",train
P433575,"Polyimides/thioimides, Polyoxides/ethers/acetals, Polyketones/thioketones",train
P433576,"Polyimides/thioimides, Polyoxides/ethers/acetals, Polyketones/thioketones",train
P433577,"Polyimides/thioimides, Polyoxides/ethers/acetals, Polyketones/thioketones",train
P433578,"Polyimides/thioimides, Polyoxides/ethers/acetals, Polyketones/thioketones",test
P433579,"Polyimides/thioimides, Polyoxides/ethers/acetals, Polyketones/thioketones",train
P433580,"Polyimides/thioimides, Polyoxides/ethers/acetals, Polyketones/thioketones",train
P433581,"Polyimides/thioimides, Polyamides/thioamides, Polyimines",test
P433582,"Polyimides/thioimides, Polyamides/thioamides, Polyimines, Polyketones/thioketones",train
P433583,"Polyimides/thioimides, Polyamides/thioamides, Polyimines",train
P433584,"Polyimides/thioimides, Polyoxides/ethers/acetals, Polyimines, Polysiloxanes/silanes",test
P433585,"Polyimides/thioimides, Polyoxides/ethers/acetals, Polyimines, Polysiloxanes/silanes",train
P433586,Polyimides/thioimides,train
P433587,Polyimides/thioimides,train
P433588,Polyimides/thioimides,train
P433589,Polyimides/thioimides,train
P433590,"Polyimides/thioimides, Polyoxides/ethers/acetals",train
P433591,"Polyimides/thioimides, Polyoxides/ethers/acetals",train
P433592,"Polyimides/thioimides, Polyoxides/ethers/acetals",train
P433593,"Polyimides/thioimides, Polyoxides/ethers/acetals",test
P433594,Polyimides/thioimides,test
P433595,Polyimides/thioimides,train
P433596,Polyimides/thioimides,train
P433597,Polyimides/thioimides,train
P433598,Polyimides/thioimides,train
P433599,Polyimides/thioimides,train
P433600,Polyimides/thioimides,train
P433601,Polyimides/thioimides,train
P433602,Polyimides/thioimides,train
P433603,"Polyimides/thioimides, Polysulfides",train
P433604,"Polyimides/thioimides, Polyoxides/ethers/acetals, Polysulfides",train
P433605,"Polyimides/thioimides, Polysulfides",train
P433606,"Polyimides/thioimides, Polyoxides/ethers/acetals, Polysulfides",train
P433607,"Polyimides/thioimides, Polyurethanes/thiourethanes, Polyimines",test
P433608,Polyimides/thioimides,train
P433614,"Polyimides/thioimides, Polyoxides/ethers/acetals",train
P433615,"Polyimides/thioimides, Polyoxides/ethers/acetals",test
P433616,"Polyimides/thioimides, Polyoxides/ethers/acetals",test
P433617,"Polyimides/thioimides, Polyoxides/ethers/acetals",train
P433618,"Polyimides/thioimides, Polyoxides/ethers/acetals",train
P433619,"Polyimides/thioimides, Polyoxides/ethers/acetals",test
P433620,"Polyimides/thioimides, Polyoxides/ethers/acetals",train
P433621,"Polyimides/thioimides, Polyoxides/ethers/acetals",train
P433622,"Polyimides/thioimides, Polyoxides/ethers/acetals",train
P433623,"Polyimides/thioimides, Polyoxides/ethers/acetals",train
P433630,"Polyimides/thioimides, Polyoxides/ethers/acetals",test
P433631,"Polyimides/thioimides, Polyoxides/ethers/acetals",train
P433632,"Polyimides/thioimides, Polyoxides/ethers/acetals",train
P433633,"Polyimides/thioimides, Polyoxides/ethers/acetals",train
P433634,"Polyimides/thioimides, Polyoxides/ethers/acetals, Polyimines",train
P433635,"Polyimides/thioimides, Polyoxides/ethers/acetals, Polysulfides",train
P433636,"Polyimides/thioimides, Polyamides/thioamides, Polyimines",train
P433638,"Polyimides/thioimides, Polyamides/thioamides, Polysulfones/sulfoxides/sufonates/sulfoamides",test
P433639,"Polyimides/thioimides, Polyamides/thioamides",train
P433640,"Polyimides/thioimides, Polyamides/thioamides, Polyimines",train
P433641,"Polyimides/thioimides, Polyamides/thioamides",train
P433642,"Polyimides/thioimides, Polyamides/thioamides, Polysulfones/sulfoxides/sufonates/sulfoamides",train
P433643,"Polyimides/thioimides, Polyamides/thioamides",train
P433644,"Polyimides/thioimides, Polyamides/thioamides, Polyimines",train
P433645,"Polyimides/thioimides, Polyamides/thioamides",train
P433646,"Polyimides/thioimides, Polyamides/thioamides, Polysulfones/sulfoxides/sufonates/sulfoamides",train
P433647,"Polyimides/thioimides, Polyamides/thioamides",test
P433648,"Polyimides/thioimides, Polyamides/thioamides, Polyureas/thioureas",train
P433649,"Polyimides/thioimides, Polyamides/thioamides, Polyureas/thioureas",train
P433650,"Polyimides/thioimides, Polyamides/thioamides, Polyureas/thioureas",train
P433651,"Polyimides/thioimides, Polyamides/thioamides, Polyureas/thioureas",train
P433652,"Polyimides/thioimides, Polyoxides/ethers/acetals, Polyamides/thioamides",train
P433653,"Polyimides/thioimides, Polyamides/thioamides",train
P433654,"Polyimides/thioimides, Polyamides/thioamides",train
P433655,"Polyimides/thioimides, Polyamides/thioamides",train
P433656,"Polyimides/thioimides, Polyamides/thioamides, Polysulfones/sulfoxides/sufonates/sulfoamides",train
P433657,"Polyimides/thioimides, Polyamides/thioamides",train
P433658,"Polyimides/thioimides, Polyamides/thioamides",train
P433659,"Polyimides/thioimides, Polyamides/thioamides",train
P433660,"Polyimides/thioimides, Polyamides/thioamides",train
P433662,"Polyimides/thioimides, Polyamides/thioamides, Polysulfones/sulfoxides/sufonates/sulfoamides",train
P433666,"Polyimides/thioimides, Polyoxides/ethers/acetals, Polysulfides, Polyamides/thioamides",test
P433667,"Polyimides/thioimides, Polyoxides/ethers/acetals, Polysulfides, Polyamides/thioamides",test
P433668,"Polyimides/thioimides, Polyoxides/ethers/acetals, Polysulfides",train
P433669,"Polyimides/thioimides, Polyoxides/ethers/acetals, Polysulfides",train
P433671,"Polyimides/thioimides, Polysulfides",test
P433672,"Polyimides/thioimides, Polysulfones/sulfoxides/sufonates/sulfoamides",train
P433674,"Polyimides/thioimides, Polyoxides/ethers/acetals, Polyamides/thioamides",train
P433675,"Polyimides/thioimides, Polyoxides/ethers/acetals, Polyamides/thioamides",train
P433676,"Polyimides/thioimides, Polyoxides/ethers/acetals, Polyamides/thioamides",train
P433677,"Polyimides/thioimides, Polyoxides/ethers/acetals, Polyamides/thioamides",test
P433678,"Polyimides/thioimides, Polyoxides/ethers/acetals, Polyamides/thioamides",train
P433679,"Polyimides/thioimides, Polyoxides/ethers/acetals, Polyamides/thioamides",train
P433689,"Polyimides/thioimides, Polyoxides/ethers/acetals, Polyamides/thioamides",train
P433690,"Polyimides/thioimides, Polyoxides/ethers/acetals, Polyamides/thioamides",train
P433691,"Polyimides/thioimides, Polyoxides/ethers/acetals, Polyamides/thioamides",test
P433692,"Polyimides/thioimides, Polyoxides/ethers/acetals, Polyamides/thioamides",train
P433696,"Polyimides/thioimides, Polyoxides/ethers/acetals, Polysulfones/sulfoxides/sufonates/sulfoamides",train
P433697,"Polyimides/thioimides, Polyoxides/ethers/acetals, Polysulfones/sulfoxides/sufonates/sulfoamides",train
P433698,"Polyimides/thioimides, Polyoxides/ethers/acetals, Polysulfones/sulfoxides/sufonates/sulfoamides",train
P433699,"Polyimides/thioimides, Polyoxides/ethers/acetals, Polyketones/thioketones",test
P433703,"Polyimides/thioimides, Polyoxides/ethers/acetals, Polyureas/thioureas",train
P433704,"Polyimides/thioimides, Polyoxides/ethers/acetals, Polyureas/thioureas, Polyketones/thioketones",train
P433705,"Polyimides/thioimides, Polyoxides/ethers/acetals, Polyureas/thioureas",train
P433706,"Polyimides/thioimides, Polyoxides/ethers/acetals",train
P433707,Polyimides/thioimides,train
P433708,"Polyimides/thioimides, Polysulfones/sulfoxides/sufonates/sulfoamides",test
P433712,Polyimides/thioimides,train
P440005,Polyanhydrides/thioanhydrides,train
P440006,Polyanhydrides/thioanhydrides,train
P440007,Polyanhydrides/thioanhydrides,train
P440008,Polyanhydrides/thioanhydrides,train
P440009,Polyanhydrides/thioanhydrides,train
P440010,Polyanhydrides/thioanhydrides,train
P440011,Polyanhydrides/thioanhydrides,train
P440015,Polyanhydrides/thioanhydrides,train
P440019,Polyanhydrides/thioanhydrides,train
P442004,Polyanhydrides/thioanhydrides,train
P442009,Polyanhydrides/thioanhydrides,train
P442010,Polyanhydrides/thioanhydrides,train
P442011,Polyanhydrides/thioanhydrides,train
P442012,Polyanhydrides/thioanhydrides,test
P442013,Polyanhydrides/thioanhydrides,train
P442014,Polyanhydrides/thioanhydrides,train
P450003,Polycarbonates/thiocarbonates,test
P450004,Polycarbonates/thiocarbonates,train
P450005,Polycarbonates/thiocarbonates,test
P450006,Polycarbonates/thiocarbonates,train
P450008,Polycarbonates/thiocarbonates,train
P450009,Polycarbonates/thiocarbonates,train
P450010,Polycarbonates/thiocarbonates,train
P450011,Polycarbonates/thiocarbonates,train
P450012,"Polycarbonates/thiocarbonates, Polyimines",train
P450013,"Polycarbonates/thiocarbonates, Polyimines",train
P450014,"Polycarbonates/thiocarbonates, Polyimines",train
P450017,Polycarbonates/thiocarbonates,test
P450018,Polycarbonates/thiocarbonates,train
P450019,Polycarbonates/thiocarbonates,train
P450020,Polycarbonates/thiocarbonates,test
P450021,Polycarbonates/thiocarbonates,train
P450022,Polycarbonates/thiocarbonates,train
P450023,Polycarbonates/thiocarbonates,train
P450024,Polycarbonates/thiocarbonates,train
P450026,Polycarbonates/thiocarbonates,train
P450037,Polycarbonates/thiocarbonates,train
P450038,Polycarbonates/thiocarbonates,test
P450039,Polycarbonates/thiocarbonates,test
P450040,Polycarbonates/thiocarbonates,train
P450041,"Polycarbonates/thiocarbonates, Polysulfones/sulfoxides/sufonates/sulfoamides",train
P450042,Polycarbonates/thiocarbonates,train
P450043,Polycarbonates/thiocarbonates,train
P450044,Polycarbonates/thiocarbonates,train
P450045,Polycarbonates/thiocarbonates,test
P450046,Polycarbonates/thiocarbonates,train
P450047,Polycarbonates/thiocarbonates,train
P450052,Polycarbonates/thiocarbonates,train
P450056,Polycarbonates/thiocarbonates,train
P450057,Polycarbonates/thiocarbonates,train
P450058,Polycarbonates/thiocarbonates,train
P450059,Polycarbonates/thiocarbonates,train
P450060,Polycarbonates/thiocarbonates,train
P450061,Polycarbonates/thiocarbonates,train
P450062,Polycarbonates/thiocarbonates,train
P450063,Polycarbonates/thiocarbonates,test
P450064,Polycarbonates/thiocarbonates,train
P450065,Polycarbonates/thiocarbonates,train
P450066,Polycarbonates/thiocarbonates,train
P450067,Polycarbonates/thiocarbonates,train
P450077,Polycarbonates/thiocarbonates,train
P450078,Polycarbonates/thiocarbonates,train
P450079,Polycarbonates/thiocarbonates,train
P450080,Polycarbonates/thiocarbonates,train
P450081,Polycarbonates/thiocarbonates,train
P450082,Polycarbonates/thiocarbonates,train
P450083,Polycarbonates/thiocarbonates,train
P450084,Polycarbonates/thiocarbonates,test
P450085,Polycarbonates/thiocarbonates,train
P452001,Polycarbonates/thiocarbonates,train
P452002,Polycarbonates/thiocarbonates,train
P452004,Polycarbonates/thiocarbonates,train
P452005,Polycarbonates/thiocarbonates,train
P452006,Polycarbonates/thiocarbonates,train
P452007,Polycarbonates/thiocarbonates,test
P452008,Polycarbonates/thiocarbonates,train
P452009,Polycarbonates/thiocarbonates,train
P452010,Polycarbonates/thiocarbonates,train
P452014,Polycarbonates/thiocarbonates,train
P452016,Polycarbonates/thiocarbonates,train
P452017,Polycarbonates/thiocarbonates,train
P452018,Polycarbonates/thiocarbonates,train
P452019,Polycarbonates/thiocarbonates,train
P452021,Polycarbonates/thiocarbonates,test
P452022,Polycarbonates/thiocarbonates,train
P452025,Polycarbonates/thiocarbonates,train
P452026,Polycarbonates/thiocarbonates,train
P452027,"Polycarbonates/thiocarbonates, Polyketones/thioketones",train
P452028,"Polycarbonates/thiocarbonates, Polysulfones/sulfoxides/sufonates/sulfoamides",train
P452029,Polycarbonates/thiocarbonates,train
P452030,Polycarbonates/thiocarbonates,train
P452031,Polycarbonates/thiocarbonates,train
P452032,"Polycarbonates/thiocarbonates, Polysulfones/sulfoxides/sufonates/sulfoamides",train
P452033,Polycarbonates/thiocarbonates,train
P452035,Polycarbonates/thiocarbonates,train
P452036,Polycarbonates/thiocarbonates,train
P452038,Polycarbonates/thiocarbonates,train
P452046,Polycarbonates/thiocarbonates,train
P452049,"Polycarbonates/thiocarbonates, Polyimines",train
P452050,Polycarbonates/thiocarbonates,train
P452056,Polycarbonates/thiocarbonates,train
P452057,Polycarbonates/thiocarbonates,train
P452058,Polycarbonates/thiocarbonates,train
P452059,Polycarbonates/thiocarbonates,train
P452060,Polycarbonates/thiocarbonates,train
P452061,Polycarbonates/thiocarbonates,train
P452062,Polycarbonates/thiocarbonates,train
P452063,Polycarbonates/thiocarbonates,train
P452064,Polycarbonates/thiocarbonates,test
P452065,Polycarbonates/thiocarbonates,train
P452066,Polycarbonates/thiocarbonates,train
P452067,Polycarbonates/thiocarbonates,train
P452068,Polycarbonates/thiocarbonates,train
P460001,"Polyimines, Polyketones/thioketones",train
P460005,Polyimines,train
P460007,Polyimines,train
P460008,Polyimines,train
P460013,Polyimines,train
P460014,Polyimines,train
P460015,Polyimines,train
P460027,Polyimines,test
P460038,"Polyphosphazenes, Polyimines",train
P460039,"Polyphosphazenes, Polyimines",test
P460040,Polyimines,train
P460041,Polyimines,train
P460049,Polyimines,test
P460050,"Polyphosphazenes, Polyimines",train
P460051,"Polyphosphazenes, Polyimines",train
P460052,"Polyphosphazenes, Polyimines",test
P460053,"Polyphosphazenes, Polyimines",train
P460054,"Polyphosphazenes, Polyimines",train
P460055,"Polyphosphazenes, Polyimines",train
P460064,Polyimines,test
P460065,Polyimines,test
P460068,Polyimines,train
P460120,Polyimines,train
P460129,"Polyphosphazenes, Polyimines",train
P460130,"Polyphosphazenes, Polyimines",train
P460132,"Polyphosphazenes, Polyimines",train
P460133,"Polyphosphazenes, Polyimines",train
P460138,Polyimines,test
P460139,Polyimines,train
P460140,"Polyimines, Polysulfones/sulfoxides/sufonates/sulfoamides",train
P460141,Polyimines,test
P460142,"Polyimines, Polysulfones/sulfoxides/sufonates/sulfoamides",train
P460143,Polyimines,test
P460146,Polyimines,train
P460166,Polyimines,test
P460170,"Polyphosphazenes, Polyimines",train
P460171,"Polyphosphazenes, Polyimines",train
P460172,"Polyphosphazenes, Polyimines",test
P460178,"Polyphosphazenes, Polyimines",train
P460179,"Polyimines, Polysiloxanes/silanes",test
P460180,"Polyimines, Polysiloxanes/silanes",train
P460181,"Polyimines, Polysiloxanes/silanes",train
P460182,"Polyimines, Polysiloxanes/silanes",test
P460183,"Polyimines, Polysiloxanes/silanes",train
P460184,Polyimines,train
P460185,"Polyphosphazenes, Polyimines, Polysulfones/sulfoxides/sufonates/sulfoamides",train
P460186,"Polyphosphazenes, Polyimines, Polysulfones/sulfoxides/sufonates/sulfoamides",train
P460187,"Polyphosphazenes, Polyimines, Polysulfones/sulfoxides/sufonates/sulfoamides",train
P460188,"Polyphosphazenes, Polyimines, Polysulfones/sulfoxides/sufonates/sulfoamides",train
P460189,"Polyphosphazenes, Polyimines, Polysulfones/sulfoxides/sufonates/sulfoamides",test
P460190,"Polyphosphazenes, Polyimines, Polysulfones/sulfoxides/sufonates/sulfoamides",test
P460191,"Polyphosphazenes, Polyimines, Polysulfones/sulfoxides/sufonates/sulfoamides",test
P460210,"Polyphosphazenes, Polyimines",train
P460213,"Polyphosphazenes, Polyimines",train
P460217,"Polyphosphazenes, Polyimines",train
P460219,Polyimines,train
P460220,Polyimines,test
P460221,"Polyphosphazenes, Polyimines",train
P460222,Polyimines,train
P460223,"Polyphosphazenes, Polyimines",train
P460225,"Polyphosphazenes, Polyimines",test
P460226,"Polyphosphazenes, Polyimines",test
P460227,"Polyphosphazenes, Polyimines",train
P460229,"Polyphosphazenes, Polyimines",train
P460230,"Polyphosphazenes, Polyimines",train
P460240,Polyimines,train
P460242,"Polyphosphazenes, Polyimines",train
P460245,Polyimines,train
P460246,Polyimines,train
P460247,Polyimines,test
P460248,Polyimines,train
P460249,Polyimines,test
P460250,"Polyimines, Polyketones/thioketones",train
P460251,"Polyimines, Polyketones/thioketones",train
P460252,"Polyimines, Polyketones/thioketones",train
P460253,Polyimines,train
P460254,"Polyimines, Polyketones/thioketones",train
P460255,Polyimines,test
P460256,"Polyimines, Polyketones/thioketones",train
P460257,Polyimines,train
P460258,Polyimines,train
P460259,Polyimines,train
P460260,Polyimines,test
P460261,Polyimines,train
P460262,Polyimines,train
P460263,Polyimines,train
P460264,Polyimines,train
P462003,Polyimines,train
P462042,Polyimines,train
P462043,Polyimines,train
P462070,Polyimines,train
P462079,"Polyimines, Polysulfones/sulfoxides/sufonates/sulfoamides",train
P462081,"Polyphosphazenes, Polyimines",test
P462082,"Polyimines, Polysulfones/sulfoxides/sufonates/sulfoamides",train
P462083,"Polyphosphazenes, Polyimines",train
P462084,"Polyphosphazenes, Polyimines",test
P462086,"Polyphosphazenes, Polyimines",train
P462087,"Polyphosphazenes, Polyimines",test
P462088,"Polyphosphazenes, Polyimines",test
P462089,"Polyphosphazenes, Polyimines",test
P462090,"Polyphosphazenes, Polyimines",train
P462091,"Polyphosphazenes, Polyimines",train
P462092,"Polyphosphazenes, Polyimines",test
P462093,"Polyphosphazenes, Polyimines",train
P462095,"Polyimines, Polysulfones/sulfoxides/sufonates/sulfoamides",train
P462098,"Polyphosphazenes, Polyimines, Polysulfones/sulfoxides/sufonates/sulfoamides",train
P462103,"Polyphosphazenes, Polyimines",train
P462104,"Polyphosphazenes, Polyimines",train
P462108,"Polyphosphazenes, Polyimines",train
P462121,"Polyphosphazenes, Polyimines",train
P462122,"Polyphosphazenes, Polyimines",test
P462123,"Polyphosphazenes, Polyimines",train
P462124,"Polyphosphazenes, Polyimines",train
P462125,"Polyphosphazenes, Polyimines",train
P462127,"Polyphosphazenes, Polyimines",train
P462128,"Polyphosphazenes, Polyimines",train
P462129,"Polyphosphazenes, Polyimines",train
P462131,Polyimines,test
P462132,Polyimines,train
P462133,Polyimines,train
P462134,Polyimines,test
P462135,Polyimines,test
P462143,Polyimines,train
P462151,"Polyphosphazenes, Polyimines",train
P462153,Polyimines,test
P462154,Polyimines,train
P462174,"Polyphosphazenes, Polyimines",train
P462184,"Polyimines, Polyketones/thioketones, Polysulfones/sulfoxides/sufonates/sulfoamides",test
P462186,Polyimines,train
P462187,Polyimines,train
P462194,Polyimines,train
P462197,Polyimines,test
P462198,"Polyphosphazenes, Polyimines",train
P462199,"Polyphosphazenes, Polyimines",train
P462200,"Polyphosphazenes, Polyimines",train
P462203,Polyimines,train
P462220,"Polyimines, Polyketones/thioketones",train
P462229,Polyimines,train
P462233,Polyimines,train
P462234,Polyimines,train
P462235,Polyimines,test
P462242,Polyimines,train
P462243,Polyimines,train
P462247,Polyimines,train
P462249,"Polyimines, Polysulfones/sulfoxides/sufonates/sulfoamides",train
P462254,Polyimines,train
P462256,Polyimines,train
P462262,Polyimines,test
P462263,Polyimines,train
P462275,Polyimines,train
P462276,Polyimines,test
P462277,Polyimines,train
P462278,Polyimines,test
P462279,Polyimines,train
P462280,Polyimines,train
P462281,Polyimines,train
P462282,Polyimines,train
P462283,Polyimines,train
P462284,Polyimines,train
P462286,Polyimines,train
P462301,Polyimines,test
P462302,Polyimines,test
P462313,Polyimines,train
P462317,Polyimines,train
P462318,Polyimines,train
P462319,Polyimines,train
P462329,Polyimines,test
P462340,Polyimines,train
P462341,Polyimines,test
P462342,Polyimines,train
P462344,Polyimines,train
P462361,Polyimines,train
P462362,Polyimines,train
P462363,Polyimines,test
P462364,Polyimines,test
P462369,Polyimines,test
P462376,Polyimines,train
P462377,Polyimines,train
P462396,Polyimines,test
P462397,Polyimines,train
P462398,Polyimines,train
P462405,Polyimines,train
P462406,Polyimines,train
P462407,Polyimines,train
P462425,"Polyimines, Polysiloxanes/silanes",train
P462426,"Polyimines, Polysiloxanes/silanes",train
P462428,Polyimines,train
P462429,Polyimines,train
P462431,Polyimines,test
P462432,Polyimines,train
P462435,Polyimines,train
P462436,"Polyimines, Polysiloxanes/silanes",train
P462438,"Polyimines, Polyketones/thioketones",train
P462439,"Polyimines, Polyketones/thioketones",train
P462441,Polyimines,train
P462443,Polyimines,train
P462446,Polyimines,train
P462447,Polyimines,test
P462448,Polyimines,train
P462449,Polyimines,train
P462450,Polyimines,train
P462454,Polyimines,train
P462455,Polyimines,test
P462457,"Polyimines, Polysiloxanes/silanes",train
P462458,Polyimines,train
P462459,Polyimines,train
P462460,Polyimines,train
P462461,Polyimines,test
P462462,Polyimines,train
P462463,Polyimines,train
P462464,Polyimines,train
P462465,Polyimines,train
P462466,Polyimines,test
P462467,Polyimines,train
P462468,Polyimines,train
P462469,Polyimines,test
P462470,Polyimines,train
P462471,Polyimines,test
P462472,Polyimines,test
P462473,Polyimines,train
P462474,Polyimines,train
P462475,Polyimines,train
P462476,Polyimines,train
P462484,Polyimines,test
P462485,"Polyimines, Polyketones/thioketones",train
P462486,"Polyimines, Polyketones/thioketones",train
P462487,"Polyimines, Polyketones/thioketones",train
P462488,"Polyimines, Polyketones/thioketones",train
P462489,Polyimines,train
P462490,"Polyimines, Polyketones/thioketones",train
P462491,Polyimines,train
P462492,"Polyimines, Polyketones/thioketones",train
P462493,"Polyimines, Polyketones/thioketones",train
P462494,"Polyimines, Polyketones/thioketones",train
P462495,Polyimines,train
P462496,Polyimines,train
P462501,Polyimines,test
P462510,Polyimines,test
P462512,Polyimines,train
P462513,Polyimines,train
P462532,Polyimines,train
P462535,Polyimines,train
P462536,Polyimines,train
P462541,"Polyimines, Polysiloxanes/silanes",train
P462544,Polyimines,train
P462546,Polyimines,train
P462547,Polyimines,train
P462548,Polyimines,train
P462549,Polyimines,train
P462550,Polyimines,train
P462551,Polyimines,train
P462552,"Polyimines, Polysulfones/sulfoxides/sufonates/sulfoamides",train
P462553,"Polyimines, Polysulfones/sulfoxides/sufonates/sulfoamides",test
P462554,"Polyimines, Polysulfones/sulfoxides/sufonates/sulfoamides",test
P462555,"Polyimines, Polysulfones/sulfoxides/sufonates/sulfoamides",train
P462556,"Polyimines, Polysulfones/sulfoxides/sufonates/sulfoamides",train
P462557,"Polyimines, Polysulfones/sulfoxides/sufonates/sulfoamides",train
P462558,"Polyimines, Polysulfones/sulfoxides/sufonates/sulfoamides",train
P462570,Polyimines,train
P470005,Polysiloxanes/silanes,train
P470023,Polysiloxanes/silanes,train
P470024,Polysiloxanes/silanes,train
P470025,Polysiloxanes/silanes,train
P470026,Polysiloxanes/silanes,test
P470027,Polysiloxanes/silanes,train
P470029,Polysiloxanes/silanes,train
P470030,Polysiloxanes/silanes,test
P470032,Polysiloxanes/silanes,train
P470033,Polysiloxanes/silanes,train
P470034,Polysiloxanes/silanes,train
P470036,Polysiloxanes/silanes,train
P470041,Polysiloxanes/silanes,train
P470042,Polysiloxanes/silanes,train
P470043,Polysiloxanes/silanes,train
P470044,Polysiloxanes/silanes,train
P470045,Polysiloxanes/silanes,train
P470046,Polysiloxanes/silanes,train
P470047,Polysiloxanes/silanes,train
P470048,Polysiloxanes/silanes,train
P470049,Polysiloxanes/silanes,train
P470057,Polysiloxanes/silanes,train
P470062,Polysiloxanes/silanes,train
P470070,Polysiloxanes/silanes,train
P470074,Polysiloxanes/silanes,train
P470078,Polysiloxanes/silanes,train
P470082,Polysiloxanes/silanes,train
P470113,Polysiloxanes/silanes,train
P470114,Polysiloxanes/silanes,train
P470115,Polysiloxanes/silanes,train
P470117,Polysiloxanes/silanes,train
P470121,Polysiloxanes/silanes,train
P470126,Polysiloxanes/silanes,train
P470127,Polysiloxanes/silanes,test
P470128,Polysiloxanes/silanes,train
P470129,Polysiloxanes/silanes,test
P470130,Polysiloxanes/silanes,train
P470131,Polysiloxanes/silanes,train
P470132,Polysiloxanes/silanes,test
P470133,Polysiloxanes/silanes,train
P470134,Polysiloxanes/silanes,train
P470135,Polysiloxanes/silanes,train
P470141,Polysiloxanes/silanes,train
P470142,Polysiloxanes/silanes,train
P470144,Polysiloxanes/silanes,train
P470145,Polysiloxanes/silanes,train
P472001,Polysiloxanes/silanes,train
P472002,Polysiloxanes/silanes,train
P472003,Polysiloxanes/silanes,test
P472004,Polysiloxanes/silanes,train
P472006,Polysiloxanes/silanes,train
P472007,Polysiloxanes/silanes,test
P472012,Polysiloxanes/silanes,train
P472013,Polysiloxanes/silanes,train
P472014,Polysiloxanes/silanes,train
P472015,Polysiloxanes/silanes,train
P472016,Polysiloxanes/silanes,train
P472023,Polysiloxanes/silanes,train
P472024,Polysiloxanes/silanes,train
P472025,Polysiloxanes/silanes,train
P472026,Polysiloxanes/silanes,train
P472027,Polysiloxanes/silanes,train
P472028,Polysiloxanes/silanes,test
P472029,Polysiloxanes/silanes,train
P472030,Polysiloxanes/silanes,train
P472031,Polysiloxanes/silanes,train
P472032,Polysiloxanes/silanes,train
P472033,Polysiloxanes/silanes,train
P472034,Polysiloxanes/silanes,test
P472036,Polysiloxanes/silanes,train
P472037,Polysiloxanes/silanes,test
P472038,Polysiloxanes/silanes,train
P472039,Polysiloxanes/silanes,train
P472040,Polysiloxanes/silanes,train
P472041,Polysiloxanes/silanes,train
P472043,Polysiloxanes/silanes,test
P472044,Polysiloxanes/silanes,train
P472056,Polysiloxanes/silanes,train
P472057,Polysiloxanes/silanes,train
P472058,Polysiloxanes/silanes,train
P472059,Polysiloxanes/silanes,train
P472060,Polysiloxanes/silanes,test
P472061,Polysiloxanes/silanes,train
P472062,Polysiloxanes/silanes,train
P472067,Polysiloxanes/silanes,train
P472084,Polysiloxanes/silanes,train
P472085,Polysiloxanes/silanes,train
P472093,Polysiloxanes/silanes,train
P472094,Polysiloxanes/silanes,test
P472095,Polysiloxanes/silanes,train
P472096,Polysiloxanes/silanes,test
P472097,Polysiloxanes/silanes,train
P472098,Polysiloxanes/silanes,train
P472101,"Polysiloxanes/silanes, Polysiloxanes/silanes",train
P472102,"Polysiloxanes/silanes, Polysiloxanes/silanes",train
P472103,Polysiloxanes/silanes,train
P472104,Polysiloxanes/silanes,test
P472109,Polysiloxanes/silanes,train
P472110,Polysiloxanes/silanes,train
P472116,Polysiloxanes/silanes,train
P472117,Polysiloxanes/silanes,train
P472118,Polysiloxanes/silanes,train
P472119,Polysiloxanes/silanes,test
P472120,Polysiloxanes/silanes,train
P472121,Polysiloxanes/silanes,train
P472122,Polysiloxanes/silanes,train
P472123,Polysiloxanes/silanes,train
P472124,Polysiloxanes/silanes,train
P472125,Polysiloxanes/silanes,train
P472127,Polysiloxanes/silanes,test
P472128,Polysiloxanes/silanes,train
P472129,Polysiloxanes/silanes,train
P472130,Polysiloxanes/silanes,train
P472131,Polysiloxanes/silanes,train
P472134,Polysiloxanes/silanes,train
P472149,Polysiloxanes/silanes,train
P472150,Polysiloxanes/silanes,test
P472158,Polysiloxanes/silanes,train
P472161,Polysiloxanes/silanes,test
P472162,Polysiloxanes/silanes,train
P472163,Polysiloxanes/silanes,train
P472164,Polysiloxanes/silanes,test
P472165,Polysiloxanes/silanes,train
P472166,Polysiloxanes/silanes,train
P472167,Polysiloxanes/silanes,train
P472169,Polysiloxanes/silanes,train
P472170,Polysiloxanes/silanes,train
P472171,Polysiloxanes/silanes,train
P472172,Polysiloxanes/silanes,test
P472173,Polysiloxanes/silanes,train
P472174,Polysiloxanes/silanes,train
P472175,Polysiloxanes/silanes,train
P472176,Polysiloxanes/silanes,train
P472185,Polysiloxanes/silanes,train
P472186,Polysiloxanes/silanes,train
P472187,Polysiloxanes/silanes,train
P472188,Polysiloxanes/silanes,test
P472189,Polysiloxanes/silanes,train
P472191,Polysiloxanes/silanes,test
P472196,Polysiloxanes/silanes,train
P472197,Polysiloxanes/silanes,train
P472198,Polysiloxanes/silanes,train
P472213,Polysiloxanes/silanes,train
P472214,Polysiloxanes/silanes,train
P472215,Polysiloxanes/silanes,test
P472216,Polysiloxanes/silanes,test
P472217,Polysiloxanes/silanes,train
P472229,Polysiloxanes/silanes,train
P472234,Polysiloxanes/silanes,train
P472235,Polysiloxanes/silanes,train
P472236,Polysiloxanes/silanes,test
P472237,Polysiloxanes/silanes,test
P472238,Polysiloxanes/silanes,train
P472239,Polysiloxanes/silanes,train
P472240,Polysiloxanes/silanes,train
P472241,Polysiloxanes/silanes,test
P472242,Polysiloxanes/silanes,train
P472243,Polysiloxanes/silanes,train
P472245,Polysiloxanes/silanes,train
P472246,Polysiloxanes/silanes,train
P472248,Polysiloxanes/silanes,train
P472249,Polysiloxanes/silanes,train
P472250,Polysiloxanes/silanes,test
P472255,Polysiloxanes/silanes,train
P472256,Polysiloxanes/silanes,train
P472257,Polysiloxanes/silanes,test
P472258,Polysiloxanes/silanes,train
P472259,Polysiloxanes/silanes,train
P472260,Polysiloxanes/silanes,train
P472261,Polysiloxanes/silanes,test
P472262,Polysiloxanes/silanes,train
P472263,Polysiloxanes/silanes,train
P472265,Polysiloxanes/silanes,train
P472266,Polysiloxanes/silanes,test
P472268,Polysiloxanes/silanes,train
P472269,Polysiloxanes/silanes,train
P472270,Polysiloxanes/silanes,train
P472271,Polysiloxanes/silanes,train
P472272,Polysiloxanes/silanes,test
P472274,Polysiloxanes/silanes,test
P472277,Polysiloxanes/silanes,train
P472278,Polysiloxanes/silanes,test
P472279,Polysiloxanes/silanes,train
P472280,Polysiloxanes/silanes,train
P472281,Polysiloxanes/silanes,train
P472282,Polysiloxanes/silanes,train
P472284,Polysiloxanes/silanes,test
P472310,Polysiloxanes/silanes,train
P472311,Polysiloxanes/silanes,train
P472312,Polysiloxanes/silanes,train
P472313,Polysiloxanes/silanes,train
P472329,Polysiloxanes/silanes,train
P482005,"Polyphosphazenes, Polyimines",train
P482009,"Polyphosphazenes, Polyimines",test
P482034,"Polyphosphazenes, Polyimines",train
P482035,"Polyphosphazenes, Polyimines",train
P490004,	Polyketones/thioketones,test
P490008,	Polyketones/thioketones,test
P490010,	Polyketones/thioketones,train
P490018,"Polyketones/thioketones, Polysulfones/sulfoxides/sufonates/sulfoamides",test
P490019,"Polyketones/thioketones, Polysulfones/sulfoxides/sufonates/sulfoamides",test
P500007,Polysulfones/sulfoxides/sufonates/sulfoamides,train
P500010,Polysulfones/sulfoxides/sufonates/sulfoamides,train
P500015,Polysulfones/sulfoxides/sufonates/sulfoamides,train
P500023,Polysulfones/sulfoxides/sufonates/sulfoamides,train
P500024,Polysulfones/sulfoxides/sufonates/sulfoamides,train
P500025,Polysulfones/sulfoxides/sufonates/sulfoamides,test
P500026,Polysulfones/sulfoxides/sufonates/sulfoamides,train
P500027,Polysulfones/sulfoxides/sufonates/sulfoamides,train
P500028,Polysulfones/sulfoxides/sufonates/sulfoamides,train
P500029,Polysulfones/sulfoxides/sufonates/sulfoamides,train
P500030,Polysulfones/sulfoxides/sufonates/sulfoamides,train
P500033,Polysulfones/sulfoxides/sufonates/sulfoamides,train
P500034,Polysulfones/sulfoxides/sufonates/sulfoamides,test
P500035,Polysulfones/sulfoxides/sufonates/sulfoamides,train
P500036,Polysulfones/sulfoxides/sufonates/sulfoamides,train
P500037,Polysulfones/sulfoxides/sufonates/sulfoamides,train
P500038,Polysulfones/sulfoxides/sufonates/sulfoamides,train
P500039,Polysulfones/sulfoxides/sufonates/sulfoamides,train
P500040,Polysulfones/sulfoxides/sufonates/sulfoamides,train
P500041,Polysulfones/sulfoxides/sufonates/sulfoamides,train
P502001,Polysulfones/sulfoxides/sufonates/sulfoamides,train
P510001,Polyphenylenes,train
P510011,Polyphenylenes,test
P510012,Polyphenylenes,train
P510013,Polyphenylenes,train
P510017,Polyphenylenes,train
P510018,Polyphenylenes,train
P510027,Polyphenylenes,test
P510028,Polyphenylenes,train
P510029,Polyphenylenes,train
P510043,Polyphenylenes,train
P510049,Polyphenylenes,train
P510053,Polyphenylenes,train
P510054,Polyphenylenes,train
P510055,Polyphenylenes,train
P510056,Polyphenylenes,train
P512008,Polyphenylenes,test
P512022,Polyphenylenes,train
P512023,Polyphenylenes,train
P512024,Polyphenylenes,train
P512025,Polyphenylenes,train
P512028,Polyphenylenes,train
P512029,Polyphenylenes,train
P512034,Polyoxides/ethers/acetals,test
P512050,Polyphenylenes,train
P512055,Polyphenylenes,train
P512058,Polyphenylenes,train
P512059,Polyphenylenes,train
P512060,Polyphenylenes,train
P512061,Polyphenylenes,train
P512062,Polyphenylenes,train
P512063,Polyphenylenes,train
P512064,Polyphenylenes,train
P512065,Polyphenylenes,train
P512066,Polyphenylenes,train
P512067,Polyphenylenes,train
P512068,Polyphenylenes,train
P512069,Polyphenylenes,test
P512070,Polyphenylenes,train
P512071,Polyphenylenes,train
P512072,Polyphenylenes,train
P512073,Polyphenylenes,train
P512074,Polyphenylenes,train
P512075,Polyphenylenes,test
P512076,Polyphenylenes,train
P512083,Polyphenylenes,train
P512086,Polyphenylenes,train
P512088,Polyphenylenes,train
P512089,Polyphenylenes,train
P512117,Polyphenylenes,train
P512118,Polyphenylenes,train
P512119,Polyphenylenes,test
P512120,Polyphenylenes,train
P512121,Polyphenylenes,train
P512122,Polyphenylenes,train
P512127,Polyphenylenes,train
P512128,Polyphenylenes,train
P512129,Polyphenylenes,train
P512130,Polyphenylenes,train
P512135,Polyphenylenes,train
P512136,Polyphenylenes,test
P512138,Polyphenylenes,test
P512140,Polyphenylenes,train
P512145,Polyphenylenes,train
P512146,Polyphenylenes,train
P512147,Polyphenylenes,test
P512149,Polyphenylenes,train
P512150,Polyphenylenes,train
P512152,Polyphenylenes,train
P512153,Polyphenylenes,train
P512157,Polyphenylenes,train
P512158,Polyphenylenes,train
P512159,Polyphenylenes,train
P512165,Polyphenylenes,train
P512166,Polyphenylenes,train
P512194,Polyphenylenes,train
P512199,Polyphenylenes,test
P512200,Polyphenylenes,test
P512201,Polyphenylenes,train
P520015,Other polymers,train
P520020,Other polymers,test
P520022,Other polymers,train
P520023,Other polymers,train
P520024,Other polymers,train
P520025,Other polymers,train
P520026,Other polymers,test
P522008,Other polymers,train
P522009,Other polymers,train
P522016,Other polymers,train
P522017,Other polymers,test
P522018,Other polymers,train
P522019,Other polymers,train
P522020,Other polymers,test
P522021,Other polymers,test
P522041,Other polymers,test
P522047,Other polymers,train
P522048,Other polymers,test
P522055,Other polymers,train
