target,model,fp,seed,split,rmse,mae,r2,spearman,ece,cov90,seconds
Tg,DropoutMLP,RDKit,0,test,39.34981467478391,27.157923558785082,0.8752913711099221,0.13426990163075542,0.28779472954230234,0.44244105409153955,267.4
Tg,DropoutMLP,RDKit,0,train,23.42961839567625,15.920403766645313,0.9567034852697525,0.1365006646612852,0.1513084364281035,0.6592091571279917,267.4
Tg,DropoutMLP,RDKit,1,test,40.54891244253839,28.35068824704907,0.867575133780928,0.15425106620541293,0.2964247187548159,0.4389736477115118,76.2
Tg,DropoutMLP,RDKit,1,train,25.67491664582662,17.560380511870015,0.9480075129484422,0.14486465028546672,0.1805411030176899,0.6262573707943114,76.2
Tg,DropoutMLP,RDKit,2,test,40.01822944181897,28.43842358162929,0.871018666828695,0.12503952228253717,0.288488210818308,0.4445214979195562,73.0
Tg,DropoutMLP,RDKit,2,train,27.198868079172527,19.042525645589123,0.9416522425553677,0.1971095747055158,0.19429991906578803,0.6012833853624696,73.0
Tg,DropoutMLP,RDKit,3,test,40.01324352241646,28.10025709140214,0.8710508047058014,0.13695357984989645,0.28925874556942516,0.4188626907073509,71.8
Tg,DropoutMLP,RDKit,3,train,29.193626141978974,20.393793891739413,0.9327799870434538,0.148892887557766,0.22445754807877596,0.5443981963232744,71.8
Tg,DropoutMLP,RDKit,4,test,39.66659175490421,27.701045604183673,0.8732754100095507,0.10454257374882885,0.271767606719063,0.45561719833564496,70.5
Tg,DropoutMLP,RDKit,4,train,26.568975440089908,18.453429135783544,0.9443234748669779,0.11710137890519098,0.17743862488919726,0.6196670135275755,70.5
Tg,QuantileRandomForest,RDKit,0,test,38.62330470708307,26.205419556171982,0.8798538157501685,0.36768100790098496,0.08028972106642006,0.9022191400832178,2107.8
Tg,QuantileRandomForest,RDKit,0,train,16.867928004325915,7.715359868192855,0.9775588047127126,0.026185679968918137,0.32992253439704006,0.9908081859174471,2107.8
Tg,QuantileRandomForest,RDKit,1,test,38.67303847001544,26.274724341192787,0.8795442011800233,0.35666905659040726,0.07890275851440896,0.9070735090152566,123.0
Tg,QuantileRandomForest,RDKit,1,train,18.00482208721596,7.941866978841486,0.9744317987357941,0.03249060748499576,0.32682005626854743,0.9894207422823448,123.0
Tg,QuantileRandomForest,RDKit,2,test,38.67387801714557,26.36105582524272,0.8795389712098995,0.38112698035006237,0.07728463553706269,0.9008321775312067,124.7
Tg,QuantileRandomForest,RDKit,2,train,17.097286333784233,7.745645594866459,0.976944376167533,0.025794483338183797,0.32795698924731176,0.991675338189386,124.7
Tg,QuantileRandomForest,RDKit,3,test,38.328350073443836,26.182543342579752,0.8816818499158185,0.384254884248693,0.08260132531977189,0.9022191400832178,123.3
Tg,QuantileRandomForest,RDKit,3,train,17.35918133450514,7.912402011793271,0.9762326376500949,0.035223746348943145,0.3271283770763479,0.9911550468262227,123.3
Tg,QuantileRandomForest,RDKit,4,test,38.25714751022261,26.287968099861303,0.8821210407705474,0.38083949910229253,0.08075204191709043,0.9036061026352289,126.3
Tg,QuantileRandomForest,RDKit,4,train,17.291863585838435,7.8604405133541455,0.9764166167231749,0.05595210284061403,0.3288819516707134,0.9913284772806105,126.3
Tg,DropoutMLP,Morgan,0,test,38.73986102837968,27.182413481786416,0.8791275740423267,0.05900372555649739,0.3153798736323008,0.37447988904299584,246.6
Tg,DropoutMLP,Morgan,0,train,21.596103601888597,14.002178285747114,0.9632147838647526,0.1359882499074098,0.1649901722742514,0.63579604578564,246.6
Tg,DropoutMLP,Morgan,1,test,40.283259039726325,28.195305202413195,0.8693045946931401,0.04007946000090075,0.32216057944213294,0.35991678224687934,76.6
Tg,DropoutMLP,Morgan,1,train,22.928070885915595,14.603127454223007,0.9585373038401507,0.11962082311866909,0.168343161059082,0.6331945889698231,76.6
Tg,DropoutMLP,Morgan,2,test,41.10275957897529,29.096016534593335,0.8639329142505748,0.02937125689664043,0.3619201725997842,0.2947295423023578,67.8
Tg,DropoutMLP,Morgan,2,train,31.462629029981198,21.89712391568978,0.9219249039950038,0.06953036472729777,0.3124831387058234,0.38189386056191466,67.8
Tg,DropoutMLP,Morgan,3,test,38.5935890206839,26.807124746169933,0.8800386188344377,0.07649579094031773,0.3072892587455694,0.3828016643550624,87.9
Tg,DropoutMLP,Morgan,3,train,19.14559031769969,11.54044023977296,0.9710892052321004,0.1422777547419615,0.08525070335684282,0.7379465834200486,87.9
Tg,DropoutMLP,Morgan,4,test,40.200700000525515,27.93168749568408,0.869839756465361,0.056972132105099105,0.3199260286638928,0.35714285714285715,75.8
Tg,DropoutMLP,Morgan,4,train,22.702527415830016,14.904688273821874,0.9593490288532696,0.1293676889980113,0.17709176398042165,0.6189732917100242,75.8
Tg,DropoutMLP,TopologicalTorsion,0,test,40.91297246801349,28.02995923643387,0.8651865604898399,0.18452904015788474,0.3059793496686701,0.39944521497919555,260.3
Tg,DropoutMLP,TopologicalTorsion,0,train,25.515592599183098,17.6653784935655,0.948650782931071,0.20213401076897494,0.2249585693914518,0.548040235865418,260.3
Tg,DropoutMLP,TopologicalTorsion,1,test,40.83253629794155,27.98727114881147,0.8657161341871922,0.17272494371731015,0.31861611958699343,0.391123439667129,78.1
Tg,DropoutMLP,TopologicalTorsion,1,train,24.880667399362377,16.436449876916914,0.9511745157758987,0.24096676262845046,0.18842255366709063,0.5966007630939993,78.1
Tg,DropoutMLP,TopologicalTorsion,2,test,40.18981213061494,27.635701776533782,0.8699102515506605,0.19019890975719925,0.31684388965942367,0.38626907073509015,83.2
Tg,DropoutMLP,TopologicalTorsion,2,train,23.151866881508898,15.37521696941794,0.9577239365503123,0.283243239894951,0.19302809573361082,0.6012833853624696,83.2
Tg,DropoutMLP,TopologicalTorsion,3,test,39.948363001822024,27.062469814437932,0.8714686417674525,0.1836367369575842,0.31314532285406077,0.3855755894590846,76.7
Tg,DropoutMLP,TopologicalTorsion,3,train,24.620549093603465,16.61828810599522,0.9521900844496928,0.2318774338636583,0.2085404863760743,0.5714533472077696,76.7
Tg,DropoutMLP,TopologicalTorsion,4,test,42.086796441196576,29.191983824682303,0.8573397894617417,0.10172019947459064,0.3357219910617969,0.33703190013869627,71.9
Tg,DropoutMLP,TopologicalTorsion,4,train,30.92822907081546,21.721470808097838,0.9245546262560429,0.12906739873965448,0.27775850772729027,0.43600416233090533,71.9
Tg,DropoutMLP,AtomPair,0,test,40.52258278243119,29.345708547628455,0.8677470530505617,0.08310610111543928,0.33556788411157346,0.3522884882108183,210.5
Tg,DropoutMLP,AtomPair,0,train,20.89530238119954,14.243410880414407,0.9655634347116232,0.09798090895989024,0.17547307973946893,0.6272979535206382,210.5
Tg,DropoutMLP,AtomPair,1,test,40.2570385274426,29.19313405022441,0.8694746795011357,0.09770234822624815,0.35421482508861146,0.3106796116504854,72.6
Tg,DropoutMLP,AtomPair,1,train,27.702622766522072,18.880346465406944,0.9394708905888081,0.08356550309204812,0.26401896172967976,0.48109608047173086,72.6
Tg,DropoutMLP,AtomPair,2,test,41.11957957229353,30.097974661783976,0.8638215292353313,0.040557440320280316,0.37494220989366617,0.2697642163661581,68.7
Tg,DropoutMLP,AtomPair,2,train,34.381109526322085,24.374038107456467,0.9067685833408564,0.029034848806385526,0.3278028288434116,0.35674644467568506,68.7
Tg,DropoutMLP,AtomPair,3,test,40.15257504708389,29.307413153960802,0.8701512040926476,0.09400571566138897,0.34820465402989675,0.3231622746185853,73.1
Tg,DropoutMLP,AtomPair,3,train,26.117640453836398,18.13092389093466,0.9461989953527712,0.05456522806995671,0.24226307472925582,0.5133541449878599,73.1
Tg,DropoutMLP,AtomPair,4,test,40.57216780371391,29.408516975459996,0.867423195245459,0.05756763342178002,0.3441978733240869,0.32662968099861306,68.8
Tg,DropoutMLP,AtomPair,4,train,30.214338661641616,21.173660350901063,0.9279973147530216,0.050516077729528215,0.284445215246464,0.44190079778009017,68.8
Tg,QuantileRandomForest,AtomPair,0,test,39.82968886799898,26.776891470180303,0.8722311606789863,0.3789402815207598,0.15179534597010325,0.9459084604715673,1690.8
Tg,QuantileRandomForest,AtomPair,0,train,15.394574755917727,5.366579084287201,0.9813079083626174,0.21662787303060338,0.425386364512275,0.9963579604578564,1690.8
Tg,QuantileRandomForest,AtomPair,1,test,40.43168953269543,27.18984223300971,0.8683396815410844,0.3788163764638045,0.14416705193404222,0.9396671289875174,97.4
Tg,QuantileRandomForest,AtomPair,1,train,17.52500849988389,5.833306451612904,0.975776383502015,0.21269737628708843,0.4219948356264693,0.9928893513701006,97.4
Tg,QuantileRandomForest,AtomPair,2,test,40.321440193541946,27.092976768377255,0.8690567266535008,0.381776009097864,0.14848204654029898,0.9445214979195562,99.1
Tg,QuantileRandomForest,AtomPair,2,train,15.611981715104397,5.46644901144641,0.9807762293879595,0.2066469515726781,0.42442286198789847,0.9953173777315296,99.1
Tg,QuantileRandomForest,AtomPair,3,test,39.54741487200209,26.814257975034675,0.8740357452577571,0.3779965397589122,0.1494837417167514,0.9424410540915396,98.4
Tg,QuantileRandomForest,AtomPair,3,train,15.959106995659209,5.5509447624002775,0.9799118621251288,0.21965751715228402,0.4248660731491116,0.9944502254595907,98.4
Tg,QuantileRandomForest,AtomPair,4,test,40.00524534251788,26.952309292649094,0.8711023504288002,0.3676901561862905,0.1486361534905224,0.941747572815534,97.5
Tg,QuantileRandomForest,AtomPair,4,train,15.899904937773064,5.4535089316684005,0.9800606239898215,0.2236973141729403,0.42660037769298953,0.9941033645508152,97.5
Tg,QuantileRandomForest,Morgan,0,test,37.94757246858709,25.819649791955616,0.884021064099458,0.3173415395050569,0.0554785020804438,0.8959778085991679,1527.1
Tg,QuantileRandomForest,Morgan,0,train,21.28401155566054,12.085282691640653,0.9642702909462083,0.13891644345303042,0.24898832234940452,0.9911550468262227,1527.1
Tg,QuantileRandomForest,Morgan,1,test,38.390998227543484,26.11641990291262,0.8812947489044163,0.33095958109323226,0.053243951302203704,0.8980582524271845,83.9
Tg,QuantileRandomForest,Morgan,1,train,21.651039079727248,12.14203000346861,0.9630273997233002,0.1401183307079466,0.24656029598797546,0.9889004509191814,83.9
Tg,QuantileRandomForest,Morgan,2,test,38.21527148452464,26.0351213592233,0.8823789586251056,0.3435628695965458,0.054862074279549984,0.8945908460471568,86.1
Tg,QuantileRandomForest,Morgan,2,train,22.11646017250307,12.269568158168575,0.9614207533345744,0.13931218198377693,0.24808262997649053,0.9913284772806105,86.1
Tg,QuantileRandomForest,Morgan,3,test,38.1427439630305,25.85881241331484,0.8828249932676391,0.3410294379494125,0.057019571582678355,0.8890429958391124,87.3
Tg,QuantileRandomForest,Morgan,3,train,21.806010409345124,12.201179760665973,0.9624962290322654,0.14387049615264608,0.24790919952210272,0.9880332986472424,87.3
Tg,QuantileRandomForest,Morgan,4,test,39.508599369417645,26.51987517337032,0.8742828899286612,0.33553189405998535,0.056017876406225894,0.8883495145631068,86.5
Tg,QuantileRandomForest,Morgan,4,train,22.31380111455055,12.311350589663544,0.9607292113180275,0.14615358725740488,0.24846803098624115,0.9901144640998959,86.5
Tg,DropoutMLP,MACCS,0,test,43.81164117897776,32.10848411888669,0.8454068786541888,0.16632098474535292,0.3460471567267684,0.3342579750346741,174.0
Tg,DropoutMLP,MACCS,0,train,40.225166055443765,29.475129542425595,0.8723801590911167,0.13756364854524447,0.32497013142174436,0.3704474505723205,174.0
Tg,DropoutMLP,MACCS,1,test,42.94927760323531,30.48584074437763,0.8514328306668694,0.1889317794602016,0.3015873015873016,0.3932038834951456,65.6
Tg,DropoutMLP,MACCS,1,train,34.36904507171849,24.748775272236866,0.9068340023377215,0.13191449115858447,0.2597988206729102,0.4836975372875477,65.6
Tg,DropoutMLP,MACCS,2,test,41.82844421009834,30.128979272612586,0.8590858696414896,0.15284582815895348,0.29419016797657577,0.4070735090152566,62.2
Tg,DropoutMLP,MACCS,2,train,34.9331358244071,25.173691225483772,0.9037506838303454,0.15340360824565033,0.26419239218406754,0.48300381546999654,62.2
Tg,DropoutMLP,MACCS,3,test,42.13671008809752,30.17723609138296,0.8570012075577413,0.19056766133027897,0.2861766065649561,0.4306518723994452,67.7
Tg,DropoutMLP,MACCS,3,train,31.65465819040426,22.703852772634324,0.9209689477483062,0.1286346548916921,0.2169422283886384,0.5534165799514394,67.7
Tg,DropoutMLP,MACCS,4,test,42.38129923860213,29.858012423261528,0.8553362714581008,0.1748775420308808,0.28779472954230234,0.4292649098474341,65.2
Tg,DropoutMLP,MACCS,4,train,32.829881966229834,23.605940564641557,0.9149917354147213,0.14924093811214423,0.24156935291170464,0.5152618799861256,65.2
Tg,torch-GNN,graph,0,test,37.96274823952733,26.463313790592835,0.8839282823171728,,,0.0,11424.0
Tg,torch-GNN,graph,0,train,29.748517080139017,21.340524790025277,0.9302003650943812,,,0.0,11424.0
Tg,torch-GNN,graph,1,test,38.76136010422537,26.62825148248144,0.8789933780769029,,,0.0,152.7
Tg,torch-GNN,graph,1,train,30.113162015010857,21.157627621884256,0.9284787280948137,,,0.0,152.7
Tg,torch-GNN,graph,2,test,38.04320138677608,26.1610025512147,0.8834357874039317,,,0.0,110.1
Tg,torch-GNN,graph,2,train,29.89482800302381,20.978147210472788,0.9295120912749516,,,0.0,110.1
Tg,torch-GNN,graph,3,test,38.641787458172146,26.349945115552032,0.8797387990076105,,,0.0,207.8
Tg,torch-GNN,graph,3,train,29.894856055984878,21.166757989732954,0.9295119589848119,,,0.0,207.8
Tg,torch-GNN,graph,4,test,39.58481530219593,27.11006703770607,0.8737973810051408,,,0.0,225.6
Tg,torch-GNN,graph,4,train,30.329735996969074,21.93833022365275,0.9274462661139771,,,0.0,225.6
Tg,torch-GREA,graph,0,test,39.61837058253666,27.14227843781119,0.8735833312948397,-0.022913121779200487,0.47911850824472185,0.05825242718446602,46152.7
Tg,torch-GREA,graph,0,train,90.23419112483404,25.295352594655526,0.35780818371527257,-0.03634534011460006,0.47647126835472314,0.06347554630593132,46152.7
Tg,torch-GREA,graph,1,test,41.3398609107092,28.980701135229964,0.8623585801492184,-0.027134626927111917,0.4603945137925721,0.12205270457697642,486.3
Tg,torch-GREA,graph,1,train,35.0691626284308,24.91844973635268,0.902999650343048,-0.07435254227659413,0.44700736115928624,0.13961151578217135,486.3
Tg,torch-GREA,graph,3,test,40.44864051577706,27.716650671419092,0.8682292612399982,-0.013194500780656563,0.4980736631222069,0.004160887656033287,322.6
Tg,torch-GREA,graph,3,train,34.37446179990435,24.164983849786672,0.9068046331974107,-0.050374550330253315,0.498766716768798,0.00346860908775581,322.6
Tg,torch-GREA,graph,4,test,40.25731585973404,27.88355485312982,0.8694728811070045,0.04729025018348508,0.48089073817229167,0.047156726768377254,525.2
Tg,torch-GREA,graph,4,train,32.788533074086956,23.067132112074756,0.9152057346009452,0.0036202912282769437,0.4813851312290438,0.04804023586541797,525.2
Tg,QuantileRandomForest,MACCS,0,test,40.85043682062898,27.54976074895978,0.8655983713199666,0.27781437435512374,0.032578209277238396,0.8578363384188626,156.3
Tg,QuantileRandomForest,MACCS,0,train,24.264566923373778,12.793072754075618,0.9535626320166687,0.016191832354539765,0.22445754807877594,0.9842178286507111,156.3
Tg,QuantileRandomForest,MACCS,1,test,41.55172520816424,28.293964979195565,0.8609441570218337,0.28596165567489096,0.023162274618585305,0.8571428571428571,27.9
Tg,QuantileRandomForest,MACCS,1,train,24.715176428477747,13.030845907041279,0.9518218701626364,0.030887260635343205,0.2177130304081397,0.9826569545612209,27.9
Tg,QuantileRandomForest,MACCS,2,test,39.86566534767778,27.703287101248264,0.8720002400179088,0.2840205303837618,0.026413931268300203,0.8654646324549237,27.8
Tg,QuantileRandomForest,MACCS,2,train,24.191385671278525,12.690434009712105,0.9538423172125864,0.008158188077229919,0.22122017959687051,0.9836975372875477,27.8
Tg,QuantileRandomForest,MACCS,3,test,41.26051927256212,27.316986823855757,0.8628864104660274,0.26858223644895424,0.03203883495145632,0.8613037447988904,27.9
Tg,QuantileRandomForest,MACCS,3,train,24.50082438003094,12.930290062434961,0.9526539336539875,0.028928893257202586,0.2194666050025051,0.9833506763787722,27.9
Tg,QuantileRandomForest,MACCS,4,test,41.57872551452992,28.202465325936203,0.8607633813646626,0.29791557601422364,0.024102327014948376,0.8571428571428571,26.9
Tg,QuantileRandomForest,MACCS,4,train,23.89322151410075,12.752219909816164,0.9549731125658648,0.016530233706800544,0.2191582841947046,0.9831772459243843,26.9
Tg,QuantileRandomForest,TopologicalTorsion,0,test,40.65407566812047,26.71212552011096,0.8668873577589571,0.36527175468038275,0.05617198335644935,0.8828016643550625,1008.7
Tg,QuantileRandomForest,TopologicalTorsion,0,train,18.08449973810174,7.679429413805064,0.9742050015036052,0.08461152367194827,0.33342968358577096,0.9895941727367326,1008.7
Tg,QuantileRandomForest,TopologicalTorsion,1,test,40.876711779105385,27.113314840499307,0.8654254217417897,0.3872714477024292,0.04160887656033285,0.8793342579750347,67.0
Tg,QuantileRandomForest,TopologicalTorsion,1,train,19.704816362460605,7.952176985778703,0.9693756209634509,0.08186867572141335,0.3281882298531622,0.9876864377384669,67.0
Tg,QuantileRandomForest,TopologicalTorsion,2,test,39.6657420866461,26.417066574202497,0.8732808388958588,0.36010529354861204,0.05671135768223144,0.8904299583911235,65.7
Tg,QuantileRandomForest,TopologicalTorsion,2,train,18.18792371605942,7.594276795005204,0.9739091182958084,0.07337813071751241,0.33578062974524986,0.9897676031911203,65.7
Tg,QuantileRandomForest,TopologicalTorsion,3,test,39.873363708008426,26.626692094313455,0.8719507998086995,0.4080199035632964,0.05416859300354444,0.8904299583911235,67.0
Tg,QuantileRandomForest,TopologicalTorsion,3,train,19.082759488043216,7.850466961498438,0.9712786492314212,0.08834889326314098,0.333429683585771,0.986819285466528,67.0
Tg,QuantileRandomForest,TopologicalTorsion,4,test,39.876561220355356,26.630218446601937,0.8719302620222,0.3992732628736545,0.059947603636924,0.8897364771151179,72.5
Tg,QuantileRandomForest,TopologicalTorsion,4,train,17.726992418645583,7.424711238293445,0.9752147887066231,0.06843084405539268,0.3378232550969284,0.9901144640998959,72.5
Tm,QuantileRandomForest,RDKit,0,test,60.16647676030481,41.37414285714286,0.7155773507066385,0.4189456208179949,0.048299319727891143,0.8979591836734694,860.2
Tm,QuantileRandomForest,RDKit,0,train,32.88704560301138,20.191886920980927,0.9084442366700297,0.1958248986903193,0.21359370269452013,0.9843324250681199,860.2
Tm,QuantileRandomForest,RDKit,1,test,59.50803015268663,41.007619047619045,0.7217685848280965,0.41871365787307036,0.0532879818594104,0.8952380952380953,36.8
Tm,QuantileRandomForest,RDKit,1,train,31.605892521237756,20.138518392370575,0.9154386155669274,0.20363333458187358,0.2194595821980018,0.9914850136239782,36.8
Tm,QuantileRandomForest,RDKit,2,test,61.24420504253865,41.94598639455783,0.7052966860344477,0.44265019570599706,0.0493575207860922,0.8965986394557823,36.2
Tm,QuantileRandomForest,RDKit,2,train,32.939459429383476,20.407040190735696,0.9081521695757873,0.2060176448296961,0.21514532243415077,0.989100817438692,36.2
Tm,QuantileRandomForest,RDKit,3,test,60.763154995441106,41.505965986394564,0.7099080702375938,0.42972648502907396,0.044368858654572935,0.8857142857142857,36.8
Tm,QuantileRandomForest,RDKit,3,train,32.52175052018478,20.186028610354224,0.9104668643619185,0.196955688135955,0.213934302149561,0.9901226158038147,36.8
Tm,QuantileRandomForest,RDKit,4,test,59.65777081007311,41.09876190476191,0.7203665900767866,0.4477331437300976,0.05419501133786846,0.8965986394557823,35.0
Tm,QuantileRandomForest,RDKit,4,train,32.16748910939212,20.20357288828338,0.9124068202776119,0.20245391423237943,0.220443536179231,0.9904632152588556,35.0
Tm,QuantileRandomForest,MACCS,0,test,62.69554530524835,45.00519047619048,0.6911636691939718,0.38266080312271405,0.01897203325774756,0.8625850340136054,79.6
Tm,QuantileRandomForest,MACCS,0,train,41.55763049735266,26.46574931880109,0.8538033162633973,0.18394373587167764,0.14312745988495307,0.9802452316076294,79.6
Tm,QuantileRandomForest,MACCS,1,test,61.295406413653595,43.972095238095235,0.704803724417009,0.3749350978362567,0.010355253212396083,0.8503401360544217,13.8
Tm,QuantileRandomForest,MACCS,1,train,40.54021152271581,26.32187329700272,0.8608740997873393,0.18108423540395868,0.138813200121102,0.9843324250681199,13.8
Tm,QuantileRandomForest,MACCS,2,test,61.49450398593512,44.42801360544218,0.702882917713032,0.39585385252177013,0.015948601662887404,0.854421768707483,13.4
Tm,QuantileRandomForest,MACCS,2,train,41.093785126589566,26.087590258855588,0.857048650936738,0.17152818689679775,0.14206781713593702,0.9809264305177112,13.4
Tm,QuantileRandomForest,MACCS,3,test,62.185195208033434,44.62734693877552,0.6961711429641821,0.3971118726312048,0.02260015117157977,0.8421768707482993,12.5
Tm,QuantileRandomForest,MACCS,3,train,40.8578187785263,26.236817098092644,0.858685631397805,0.19486525275131417,0.13813200121102026,0.978542234332425,12.5
Tm,QuantileRandomForest,MACCS,4,test,61.42341975020215,43.5871156462585,0.7035694224371358,0.33807181263503694,0.013832199546485268,0.85578231292517,13.4
Tm,QuantileRandomForest,MACCS,4,train,40.10844395838116,25.660631811989102,0.8638217986375146,0.15687053292019235,0.14751740841659094,0.9809264305177112,13.4
Tm,DropoutMLP,RDKit,0,test,63.908844083965015,45.07735141749285,0.6790946621892404,0.1272625535227715,0.3941798941798942,0.21360544217687075,151.4
Tm,DropoutMLP,RDKit,0,train,46.10639258044607,33.65064002403203,0.8200473467155379,0.06218715943784696,0.3694747199515592,0.27520435967302453,151.4
Tm,DropoutMLP,RDKit,1,test,61.253701358143616,43.06236828765091,0.7052052875862972,0.1385239743332471,0.37815570672713533,0.254421768707483,56.4
Tm,DropoutMLP,RDKit,1,train,41.10135530989941,29.599607295405313,0.8569959778821408,0.11757344661416758,0.3247426581895247,0.3630790190735695,56.4
Tm,DropoutMLP,RDKit,2,test,61.61529207325788,42.19130321330765,0.7017145710242352,0.22233244441005878,0.3383975812547242,0.33197278911564626,69.8
Tm,DropoutMLP,RDKit,2,train,31.672424910406633,20.95776694820326,0.9150822267985769,0.1382573378903889,0.20405691795337572,0.5647138964577657,69.8
Tm,DropoutMLP,RDKit,3,test,63.46804369919601,44.47342716191091,0.6835061757072902,0.14215681356063337,0.3734693877551021,0.2530612244897959,54.3
Tm,DropoutMLP,RDKit,3,train,46.179344593470766,33.155191430496586,0.8194774346746228,0.1442588065637574,0.359862246442628,0.29836512261580383,54.3
Tm,DropoutMLP,RDKit,4,test,62.764197826505544,44.165693915717455,0.6904869384589747,0.19145001680330942,0.38692365835222975,0.24897959183673468,54.8
Tm,DropoutMLP,RDKit,4,train,42.880549393653524,31.019140452051516,0.8443473034955649,0.11406172816864035,0.3372691492582501,0.345708446866485,54.8
Tm,QuantileRandomForest,Morgan,0,test,61.82427991608844,43.21546938775511,0.6996876797813443,0.3979069783541196,0.021390778533635683,0.8530612244897959,446.0
Tm,QuantileRandomForest,Morgan,0,train,32.5101118485146,19.429262602179836,0.9105309359627507,0.11702785351321478,0.19493642143505902,0.9802452316076294,446.0
Tm,QuantileRandomForest,Morgan,1,test,60.09607876609941,42.02127891156462,0.7162425407337268,0.404395188010913,0.017006802721088444,0.8585034013605443,23.5
Tm,QuantileRandomForest,Morgan,1,train,31.3947094487146,19.22699931880109,0.916564878445568,0.13067055598442967,0.19985619134120497,0.9873978201634878,23.5
Tm,QuantileRandomForest,Morgan,2,test,60.745714353186365,42.266387755102045,0.7100745745436536,0.4014135184885955,0.018216175359032506,0.8517006802721089,23.5
Tm,QuantileRandomForest,Morgan,2,train,32.08677444317571,19.197307561307902,0.9128458464104726,0.10681982813177315,0.19459582198001815,0.9809264305177112,23.5
Tm,QuantileRandomForest,Morgan,3,test,61.144461821399425,42.71444897959184,0.7062558207479108,0.4030465461935959,0.023658352229780827,0.8408163265306122,23.7
Tm,QuantileRandomForest,Morgan,3,train,32.04801256951817,19.398528610354223,0.9130562893624656,0.11496923006771438,0.1936875567665758,0.9805858310626703,23.7
Tm,QuantileRandomForest,Morgan,4,test,60.45521357277014,41.953163265306124,0.7128409317911515,0.3814184241610814,0.015948601662887387,0.8517006802721089,23.6
Tm,QuantileRandomForest,Morgan,4,train,31.460739726008182,19.096386239782017,0.9162135429555172,0.11536070227720158,0.20000756887677865,0.9826294277929155,23.6
Tm,DropoutMLP,TopologicalTorsion,0,test,61.57634552720888,42.29456445363915,0.7020915396382859,0.22808062687223923,0.32811791383219957,0.3469387755102041,168.0
Tm,DropoutMLP,TopologicalTorsion,0,train,30.915561777999937,20.435031567589867,0.91909222611983,0.2790313376556166,0.16681804420224042,0.6478201634877384,168.0
Tm,DropoutMLP,TopologicalTorsion,1,test,62.25672108568742,43.556842763083324,0.6954718085479208,0.19340642369967773,0.34761904761904766,0.30612244897959184,51.4
Tm,DropoutMLP,TopologicalTorsion,1,train,34.94231875351462,24.805622666889054,0.8966431156851056,0.19391004433293732,0.2374356645473812,0.5102179836512262,51.4
Tm,DropoutMLP,TopologicalTorsion,2,test,62.20554155669229,43.33532644579605,0.6959722911587393,0.25204133009678226,0.33386243386243386,0.35918367346938773,54.1
Tm,DropoutMLP,TopologicalTorsion,2,train,33.51166113684334,23.55748935472332,0.9049334182516969,0.2872303375560266,0.21211777172267637,0.5827656675749319,54.1
Tm,DropoutMLP,TopologicalTorsion,3,test,61.96916509183178,43.271649594501575,0.6982784668595885,0.23845053540904573,0.35487528344671204,0.3129251700680272,53.5
Tm,DropoutMLP,TopologicalTorsion,3,train,34.381859498246754,24.286494369290324,0.8999321222658425,0.27047240228793556,0.23569482288828342,0.5296321525885559,53.5
Tm,DropoutMLP,TopologicalTorsion,4,test,63.962982362991276,46.143376933928245,0.6785507430630819,0.2688928130190591,0.35049130763416475,0.3020408163265306,52.7
Tm,DropoutMLP,TopologicalTorsion,4,train,37.59841520541301,27.660325958359305,0.8803328230213674,0.2729319867391061,0.2604828943384802,0.49795640326975477,52.7
Tm,DropoutMLP,AtomPair,0,test,61.006117401834416,44.61009832544392,0.7075835581584804,0.2373686259244842,0.2853363567649282,0.43537414965986393,124.7
Tm,DropoutMLP,AtomPair,0,train,34.97500004805588,24.37204284027366,0.8964496873991358,0.12100795973612401,0.1232213139570088,0.6934604904632152,124.7
Tm,DropoutMLP,AtomPair,1,test,61.69249090133696,45.29359823203108,0.7009666491882777,0.2054790272938935,0.32146636432350717,0.38231292517006804,38.3
Tm,DropoutMLP,AtomPair,1,train,38.86446809586389,28.541038649083404,0.8721380206121192,0.13017141046820596,0.21794580684226464,0.5579019073569482,38.3
Tm,DropoutMLP,AtomPair,2,test,62.08639020767053,45.588019617722956,0.6971358729532409,0.194108250440847,0.28019652305366594,0.4448979591836735,41.2
Tm,DropoutMLP,AtomPair,2,train,34.69442568831359,24.013129252266,0.8981044137316835,0.1968657787947827,0.09570844686648504,0.7316076294277929,41.2
Tm,DropoutMLP,AtomPair,3,test,60.93480827590109,44.04854578160915,0.708266760925458,0.1444253812175267,0.2862433862433862,0.42448979591836733,37.0
Tm,DropoutMLP,AtomPair,3,train,39.659015143998914,28.161290762268557,0.8668565466673944,0.09002007165515823,0.17033757190432944,0.6072888283378747,37.0
Tm,DropoutMLP,AtomPair,4,test,60.664799557173964,44.812377385444385,0.7108464358265043,0.1806320401635361,0.2882086167800454,0.4380952380952381,35.9
Tm,DropoutMLP,AtomPair,4,train,38.476255150873406,27.772245171930873,0.8746796616183599,0.11226924640586969,0.15750832576445659,0.6495231607629428,35.9
Tm,DropoutMLP,Morgan,0,test,59.02037277724165,42.32164484893384,0.726310010865619,0.18922841379176955,0.3687830687830688,0.2829931972789116,200.5
Tm,DropoutMLP,Morgan,0,train,40.39963165318036,28.67897865964541,0.8618373108486801,0.17907624955162862,0.2943157735392068,0.4138283378746594,200.5
Tm,DropoutMLP,Morgan,1,test,60.24868587392746,43.50235162929613,0.7147995718049063,0.20430566670454464,0.38571428571428573,0.2639455782312925,57.9
Tm,DropoutMLP,Morgan,1,train,45.21826112193999,32.75222434209543,0.8269133064839874,0.1889468125931991,0.32818649712382686,0.3525204359673024,57.9
Tm,DropoutMLP,Morgan,2,test,60.30997596369404,43.332160256703695,0.7142190163739248,0.2644961485364197,0.3645502645502645,0.29523809523809524,62.7
Tm,DropoutMLP,Morgan,2,train,36.68545115994355,26.41023906929941,0.8860737780017163,0.2385866150507552,0.2764910687254012,0.454700272479564,62.7
Tm,DropoutMLP,Morgan,3,test,58.123112952486395,41.68744873280428,0.734568324664426,0.19588548605083547,0.35563114134542706,0.308843537414966,66.2
Tm,DropoutMLP,Morgan,3,train,34.19039950115316,23.88232366256883,0.9010435019957574,0.2104724932754199,0.24776718135028764,0.5156675749318801,66.2
Tm,DropoutMLP,Morgan,4,test,57.41080152672226,39.9273172697729,0.7410343055254109,0.1778798938127555,0.3287226001511716,0.36462585034013606,78.4
Tm,DropoutMLP,Morgan,4,train,33.52214466564158,23.46836451268082,0.9048739291602458,0.28292476329814836,0.22067060248259163,0.5660762942779292,78.4
Tm,DropoutMLP,MACCS,0,test,63.35393039958757,46.579069160831224,0.6846432420073623,0.23059284251551582,0.3335600907029479,0.34285714285714286,127.5
Tm,DropoutMLP,MACCS,0,train,52.62827657175466,39.183497862684305,0.7655370292315924,0.18633371058847223,0.29658643657281264,0.4114441416893733,127.5
Tm,DropoutMLP,MACCS,1,test,62.11696344186289,45.69190366566587,0.696837520425649,0.20226294640590506,0.32464096749811033,0.3578231292517007,36.1
Tm,DropoutMLP,MACCS,1,train,53.19286657095708,39.75944768723932,0.7604794627932743,0.22106707517414792,0.31490311837723284,0.38930517711171664,36.1
Tm,DropoutMLP,MACCS,2,test,61.4444236773941,45.48447254518262,0.703366657080563,0.21218242954094324,0.3294784580498866,0.3741496598639456,36.9
Tm,DropoutMLP,MACCS,2,train,49.922692402083065,36.74939651605868,0.7890245287512688,0.1734689567130098,0.27804268846503183,0.45061307901907355,36.9
Tm,DropoutMLP,MACCS,3,test,62.759268236491195,45.93884248302097,0.690535555748198,0.1854421385898276,0.33461829176114893,0.35374149659863946,36.9
Tm,DropoutMLP,MACCS,3,train,52.420885646246205,39.031485208029316,0.7673812729362646,0.18468631050375262,0.30782621858916137,0.39373297002724794,36.9
Tm,DropoutMLP,MACCS,4,test,65.59649588623725,49.18277581662548,0.6619224779337259,0.14489747563520136,0.3650037792894936,0.29523809523809524,33.4
Tm,DropoutMLP,MACCS,4,train,59.368016012713774,45.1646138371044,0.7016396979062864,0.16265783582143864,0.35009839539812293,0.30313351498637603,33.4
Tm,QuantileRandomForest,TopologicalTorsion,0,test,64.82157800533739,44.65580952380953,0.6698629894515171,0.4578220213913248,0.01972789115646259,0.8585034013605443,382.5
Tm,QuantileRandomForest,TopologicalTorsion,0,train,35.60975235375619,21.86046832425068,0.8926569641881515,0.21642277148228184,0.18619436875567666,0.9843324250681199,382.5
Tm,QuantileRandomForest,TopologicalTorsion,1,test,63.39196741106004,43.945197278911564,0.6842644547893169,0.4737815401265509,0.00990173847316704,0.8653061224489796,15.4
Tm,QuantileRandomForest,TopologicalTorsion,1,train,33.55685741566279,21.320023841961856,0.9046768178337264,0.23555298151409748,0.19735846200423854,0.9901226158038147,15.4
Tm,QuantileRandomForest,TopologicalTorsion,2,test,63.5445735583101,43.77990476190477,0.6827424581144099,0.4479191954982187,0.01534391534391535,0.8612244897959184,16.1
Tm,QuantileRandomForest,TopologicalTorsion,2,train,34.44790615028182,21.412147479564034,0.8995472974542951,0.22952227746891143,0.19111413866182256,0.9860354223433242,16.1
Tm,QuantileRandomForest,TopologicalTorsion,3,test,63.98698698459982,44.16123129251701,0.6783094248690174,0.4532018946277784,0.008843537414965994,0.8639455782312925,16.1
Tm,QuantileRandomForest,TopologicalTorsion,3,train,35.31496405318852,21.775045980926432,0.8944268441737986,0.2433538249630459,0.19217378141083857,0.9826294277929155,16.1
Tm,QuantileRandomForest,TopologicalTorsion,4,test,62.8681684345339,43.37602721088435,0.6894606554486831,0.42189725807564116,0.02486772486772486,0.8625850340136054,14.9
Tm,QuantileRandomForest,TopologicalTorsion,4,train,34.67119180978004,21.691626362397823,0.898240841237086,0.25728707592492994,0.19701786254919768,0.9836512261580381,14.9
Tm,torch-GNN,graph,0,test,57.53253904543425,41.24426997463719,0.7399348864287292,,,0.0,4445.8
Tm,torch-GNN,graph,0,train,45.373785570587735,33.37957090687402,0.8257206243637656,,,0.0,4445.8
Tm,torch-GNN,graph,1,test,55.63179907516566,40.38443744393433,0.7568349100283484,,,0.0,50.7
Tm,torch-GNN,graph,1,train,45.2910997430614,33.30159309951421,0.8263552332666741,,,0.0,50.7
Tm,torch-GNN,graph,2,test,57.58246430561361,41.75674147275029,0.7394833349350428,,,0.0,69.1
Tm,torch-GNN,graph,2,train,46.21322305431429,34.49187137771205,0.8192124646935418,,,0.0,69.1
Tm,torch-GNN,graph,3,test,55.99513894162906,40.610074104159864,0.7536482401141247,,,0.0,48.9
Tm,torch-GNN,graph,3,train,44.05720006648448,32.52808192271749,0.8356878216161785,,,0.0,48.9
Tm,torch-GNN,graph,4,test,55.6424163805757,39.459765837598006,0.7567420852615089,,,0.0,63.6
Tm,torch-GNN,graph,4,train,43.650568987758874,32.36115605062336,0.8387069014673099,,,0.0,63.6
Tm,torch-GREA,graph,0,test,59.574083874643094,42.262609807260986,0.7211505700703247,0.024332340447137273,0.4868480725623583,0.029931972789115645,22698.1
Tm,torch-GREA,graph,0,train,44.81541633514743,31.889746821807336,0.8299835915770357,-0.05605907355128904,0.48240236148955495,0.039850136239782015,22698.1
Tm,torch-GREA,graph,1,test,63.48985811257891,45.73524330424614,0.6832885760079037,0.07029610090689516,0.5,0.0,214.6
Tm,torch-GREA,graph,1,train,67.63291096058278,38.19824943824425,0.6127850407674689,0.1002709869488105,0.4991295791704511,0.0027247956403269754,214.6
Tm,torch-GREA,graph,2,test,63.55620154232281,45.5600945661668,0.6826263379503004,0.11517393238541715,0.5,0.0,198.0
Tm,torch-GREA,graph,2,train,53.17057047182248,38.42283044972033,0.7606802135616462,0.07019457070010668,0.5,0.0,198.0
Tm,torch-GREA,graph,3,test,76.6776796856139,48.41798540712213,0.5380521600695194,0.02177433880790795,0.5,0.0,247.1
Tm,torch-GREA,graph,3,train,52.271904887081014,37.93697132826826,0.7687016042568037,0.033984017950528245,0.49992431123221315,0.0003405994550408719,247.1
Tm,torch-GREA,graph,4,test,62.229059179758934,44.249900997317575,0.6957423643561793,-0.1677975455079556,0.5,0.0,337.0
Tm,torch-GREA,graph,4,train,155.75840672355463,38.942852118048584,-1.0537092486695911,-0.0784466025458939,0.5,0.0,337.0
Tm,QuantileRandomForest,AtomPair,0,test,63.327341871717735,43.13068707482993,0.684907885807817,0.4772410085485441,0.06931216931216927,0.9020408163265307,670.0
Tm,QuantileRandomForest,AtomPair,0,train,22.26684865701569,4.972983651226158,0.9580285975237949,0.24675182983218477,0.45087798970632753,0.9850136239782016,670.0
Tm,QuantileRandomForest,AtomPair,1,test,62.36052545480995,42.76914965986394,0.6944554456557352,0.45911528812547847,0.07339380196523052,0.9061224489795918,24.1
Tm,QuantileRandomForest,AtomPair,1,train,17.37140199671297,3.9459690054495913,0.9744550117148015,0.24190508266627972,0.4576521344232516,0.9928474114441417,24.1
Tm,QuantileRandomForest,AtomPair,2,test,62.53444816563869,42.814578231292515,0.692748749255742,0.5008212949774645,0.07762660619803477,0.9115646258503401,18.9
Tm,QuantileRandomForest,AtomPair,2,train,19.604155864147188,4.215561989100817,0.9674663896973179,0.22458737104838294,0.4572736905843173,0.9908038147138964,18.9
Tm,QuantileRandomForest,AtomPair,3,test,61.33485581175666,42.47603401360544,0.7044236286314626,0.48938453196496046,0.06916099773242627,0.908843537414966,18.0
Tm,QuantileRandomForest,AtomPair,3,train,20.200201983529986,4.633472411444142,0.9654580070815351,0.2653917712210004,0.45394338480169544,0.9921662125340599,18.0
Tm,QuantileRandomForest,AtomPair,4,test,61.26659851200564,41.804428571428566,0.7050811346635479,0.438217439382294,0.07808012093726376,0.908843537414966,19.5
Tm,QuantileRandomForest,AtomPair,4,train,18.311093928684944,4.165779972752043,0.9716165915091668,0.23670912398199623,0.4564032697547684,0.989441416893733,19.5
density,QuantileRandomForest,Morgan,0,test,0.1057239243576351,0.06547570175438595,0.7006893949718989,0.41090649011855357,0.020142949967511377,0.8538011695906432,190.3
density,QuantileRandomForest,Morgan,0,train,0.043582224668639855,0.015108393640350874,0.9569330153261453,0.029589534001182218,0.3332521117608837,0.97953216374269,190.3
density,QuantileRandomForest,Morgan,1,test,0.1080438649399844,0.06484850877192984,0.6874094987188435,0.40322561303170446,0.01910331384015594,0.8391812865497076,14.2
density,QuantileRandomForest,Morgan,1,train,0.036146913069974654,0.014094758771929826,0.9703743351959192,-0.039609761240142004,0.33641975308641975,0.9780701754385965,14.2
density,QuantileRandomForest,Morgan,2,test,0.10368754415591487,0.06265384502923976,0.7121085740207844,0.3181361107008393,0.019688109161793352,0.8333333333333334,14.1
density,QuantileRandomForest,Morgan,2,train,0.03815934019598826,0.01532227521929825,0.9669837770115416,0.04752142967374485,0.33219623131903836,0.9802631578947368,14.1
density,QuantileRandomForest,Morgan,3,test,0.10786049770659947,0.06539173245614036,0.6884696276938751,0.45596672438903657,0.011306042884990252,0.8625730994152047,13.3
density,QuantileRandomForest,Morgan,3,train,0.06413271717610561,0.015850994152046785,0.9067422450011092,0.0034730081328457896,0.34056205328135153,0.9809941520467836,13.3
density,QuantileRandomForest,Morgan,4,test,0.11145785659170053,0.06762852339181286,0.6673427995605412,0.3832716233579005,0.021767381416504233,0.8187134502923976,13.7
density,QuantileRandomForest,Morgan,4,train,0.04208278708157939,0.01586965826023392,0.9598454590843872,0.010933106419400573,0.32813515269655613,0.97953216374269,13.7
density,QuantileRandomForest,MACCS,0,test,0.0992507556064451,0.06222233918128655,0.7362191898456721,0.3601233256940389,0.054580896686159806,0.9122807017543859,49.7
density,QuantileRandomForest,MACCS,0,train,0.0869993783434426,0.041705734649122805,0.8283839214096475,0.2322023680503754,0.17089018843404807,0.9861111111111112,49.7
density,QuantileRandomForest,MACCS,1,test,0.10090188578573227,0.0626212865497076,0.7273697008096478,0.35119635234091223,0.05230669265756984,0.9005847953216374,9.0
density,QuantileRandomForest,MACCS,1,train,0.08282847867251465,0.04103145467836257,0.8444446169048787,0.2423287932203868,0.16739766081871343,0.9846491228070176,9.0
density,QuantileRandomForest,MACCS,2,test,0.09982758946038295,0.062124020467836265,0.733144153049835,0.38860787283574744,0.05653021442495124,0.8947368421052632,9.6
density,QuantileRandomForest,MACCS,2,train,0.08500074035856404,0.04189701388888889,0.8361784267537103,0.22547707061300754,0.16942820012995446,0.9824561403508771,9.6
density,QuantileRandomForest,MACCS,3,test,0.09907879448357981,0.060793369883040946,0.7371324473577062,0.357553368600096,0.06887589343729691,0.8947368421052632,9.0
density,QuantileRandomForest,MACCS,3,train,0.08709803574411111,0.04154545321637427,0.8279944750354835,0.2165685609859915,0.1730831708901884,0.9824561403508771,9.0
density,QuantileRandomForest,MACCS,4,test,0.10325257967126987,0.06379426900584796,0.7145188904254889,0.37289903623160064,0.05068226120857698,0.9064327485380117,10.2
density,QuantileRandomForest,MACCS,4,train,0.08590624851224474,0.04186572551169591,0.8326694712315923,0.2523015733121056,0.16804743339831055,0.9861111111111112,10.2
density,DropoutMLP,RDKit,0,test,0.12745095122381,0.07761211842905011,0.5650275842905153,0.13329406465472438,0.025211176088369074,0.8099415204678363,110.1
density,DropoutMLP,RDKit,0,train,0.07107858587233529,0.04909266292913615,0.8854478530872543,0.09265594411967829,0.1061565951916829,0.9407894736842105,110.1
density,DropoutMLP,RDKit,1,test,0.14089324871924402,0.08482836937419155,0.4684355595667413,0.11987731612831229,0.062248213125406085,0.8947368421052632,26.1
density,DropoutMLP,RDKit,1,train,0.08073300405592491,0.05867899569388718,0.8522158353820926,0.09486076319201363,0.1399447693307342,0.9656432748538012,26.1
density,DropoutMLP,RDKit,2,test,0.12577888056131717,0.0736903486410219,0.5763658086811232,0.06962690705457761,0.021442495126705655,0.847953216374269,31.0
density,DropoutMLP,RDKit,2,train,0.07205713810552015,0.04595442809866186,0.8822720195776507,0.05111899509511999,0.1370207927225471,0.9480994152046783,31.0
density,DropoutMLP,RDKit,3,test,0.12105760733655972,0.07251047299942776,0.6075722356952165,0.12096957937365409,0.023911630929174785,0.8128654970760234,30.8
density,DropoutMLP,RDKit,3,train,0.07830043431317665,0.04915154519214965,0.860987447616438,0.12314681432351446,0.07618583495776475,0.9371345029239766,30.8
density,DropoutMLP,RDKit,4,test,0.1253862506498245,0.07622562829575344,0.5790065039253509,0.03204207178428446,0.023326835607537354,0.8654970760233918,27.8
density,DropoutMLP,RDKit,4,train,0.07358948343987771,0.05083498865354828,0.8772116441190103,-0.000477889463436825,0.12402534113060429,0.9385964912280702,27.8
density,DropoutMLP,MACCS,0,test,0.10616665763359137,0.06966818139165466,0.6981773386463972,0.25725949321805325,0.13970110461338534,0.6871345029239766,88.2
density,DropoutMLP,MACCS,0,train,0.06512551538030585,0.045736682833279786,0.9038325673951629,0.22435873945289647,0.021393762183235895,0.8391812865497076,88.2
density,DropoutMLP,MACCS,1,test,0.11606012878502273,0.08052503509582833,0.6393037306237672,0.1593364883271678,0.028265107212475653,0.8391812865497076,25.9
density,DropoutMLP,MACCS,1,train,0.08084246344720938,0.05893897836715855,0.8518148263770094,0.13068758138274195,0.06107862248213122,0.9159356725146199,25.9
density,DropoutMLP,MACCS,2,test,0.11651221493752746,0.07932510140541701,0.6364882351831785,0.14741908934764344,0.04606887589343732,0.8187134502923976,25.6
density,DropoutMLP,MACCS,2,train,0.07357983646006924,0.05617507176425722,0.8772438351086187,0.09183621197570097,0.03687459389213771,0.9100877192982456,25.6
density,DropoutMLP,MACCS,3,test,0.10989852932584665,0.08048674766741302,0.676585627800147,0.13666835110998515,0.01819363222871995,0.8596491228070176,26.7
density,DropoutMLP,MACCS,3,train,0.0917248952714021,0.066369999418663,0.8092343728866118,0.132458796646451,0.06099740090968158,0.9254385964912281,26.7
density,DropoutMLP,MACCS,4,test,0.12438597165617227,0.08468344723556473,0.5856967307248044,0.29244140934657553,0.030799220272904507,0.8304093567251462,24.9
density,DropoutMLP,MACCS,4,train,0.08595414476878421,0.06313426948633807,0.832482831952623,0.18371011435326667,0.049707602339181284,0.9159356725146199,24.9
density,QuantileRandomForest,RDKit,0,test,0.12040851163144754,0.07214740497076022,0.6117692504075767,0.35142041076286046,0.029499675113710197,0.8625730994152047,446.6
density,QuantileRandomForest,RDKit,0,train,0.04168525847077819,0.01211563961988304,0.9606005034119884,-0.0967172286235896,0.3706952566601689,0.9817251461988304,446.6
density,QuantileRandomForest,RDKit,1,test,0.12466652572209466,0.07324693713450292,0.5838256909396163,0.3796313693572125,0.03625730994152047,0.8567251461988304,15.4
density,QuantileRandomForest,RDKit,1,train,0.0340806108073841,0.010465628654970761,0.9736645699298714,-0.08174984790215259,0.3740253411306042,0.9839181286549707,15.4
density,QuantileRandomForest,RDKit,2,test,0.12068991688868003,0.07252204678362573,0.6099524712431454,0.3694715634203566,0.03073424301494477,0.8450292397660819,13.4
density,QuantileRandomForest,RDKit,2,train,0.03529060730249962,0.011210906432748538,0.971761349424134,-0.09320080901092033,0.37150747238466536,0.9802631578947368,13.4
density,QuantileRandomForest,RDKit,3,test,0.11788978024897992,0.06931570906432749,0.6278415617582422,0.3285149621768895,0.04405458089668616,0.8713450292397661,14.2
density,QuantileRandomForest,RDKit,3,train,0.0526441734370088,0.01279360380116959,0.9371614293400037,-0.11469014577933405,0.3717511371020143,0.9831871345029239,14.2
density,QuantileRandomForest,RDKit,4,test,0.11964716645288628,0.07101871345029238,0.616663308711539,0.37927993011775635,0.040805717998700426,0.8596491228070176,13.6
density,QuantileRandomForest,RDKit,4,train,0.03623598301115007,0.010862796052631577,0.9702281535671857,-0.060595579546377745,0.3801981806367771,0.9861111111111112,13.6
density,DropoutMLP,Morgan,0,test,0.10978077048806598,0.072649959916455,0.677278348556205,0.14327802869433445,0.14912280701754388,0.6871345029239766,236.5
density,DropoutMLP,Morgan,0,train,0.05906769499894444,0.04055556268597207,0.9208910313117913,0.1754335013910186,0.033138401559454175,0.9013157894736842,236.5
density,DropoutMLP,Morgan,1,test,0.11209948460478344,0.07535989828014932,0.6635017686089897,0.1547595423414002,0.16601689408706954,0.6754385964912281,83.6
density,DropoutMLP,Morgan,1,train,0.07200344207601567,0.05409048087847164,0.8824474128812929,0.2164394866010161,0.0832521117608837,0.8084795321637427,83.6
density,DropoutMLP,Morgan,2,test,0.11873422150969955,0.07635965310370016,0.6224909456273957,0.10901258172662491,0.1874593892137752,0.631578947368421,88.3
density,DropoutMLP,Morgan,2,train,0.06593703422523582,0.046706568623599946,0.9014209806010448,0.14148775733371682,0.03890513320337884,0.8435672514619883,88.3
density,DropoutMLP,Morgan,3,test,0.1141966515245663,0.07348732198085005,0.6507935203129529,0.06974060322870136,0.14554905782975958,0.7134502923976608,79.5
density,DropoutMLP,Morgan,3,train,0.07289404101401371,0.04103618702767188,0.8795214508239886,0.1880311624390975,0.054174788823911614,0.9100877192982456,79.5
density,DropoutMLP,Morgan,4,test,0.11147056851081012,0.07142517688935263,0.6672669152272577,0.0752667172749637,0.12768031189083823,0.6871345029239766,75.1
density,DropoutMLP,Morgan,4,train,0.05450426410514082,0.03829699050043062,0.9326423951007595,0.05967131063254792,0.05425601039636124,0.9078947368421053,75.1
density,QuantileRandomForest,AtomPair,0,test,0.12629294933110585,0.07399247807017544,0.5728958756813363,0.44695419044451434,0.14002599090318388,0.9415204678362573,345.0
density,QuantileRandomForest,AtomPair,0,train,0.0639903304266885,0.02887248720760234,0.9071558849839351,0.3206227467682619,0.33520142949967513,0.9956140350877193,345.0
density,QuantileRandomForest,AtomPair,1,test,0.12353169722947523,0.07342647660818713,0.5913680022358445,0.40702697921875847,0.13190383365821956,0.9298245614035088,13.0
density,QuantileRandomForest,AtomPair,1,train,0.059617713238202606,0.028905650584795325,0.9194109005155363,0.31421097018183985,0.3235867446393762,0.993421052631579,13.0
density,QuantileRandomForest,AtomPair,2,test,0.12096889676997807,0.07393755847953216,0.6081471641916212,0.36015165015760536,0.1146848602988954,0.935672514619883,12.5
density,QuantileRandomForest,AtomPair,2,train,0.06209332763647016,0.029593983918128647,0.9125790453330622,0.28648978040339046,0.31643924626380765,0.9948830409356725,12.5
density,QuantileRandomForest,AtomPair,3,test,0.12080622987597023,0.07137858918128655,0.6092003047726879,0.42747196431933415,0.13710201429499674,0.9444444444444444,10.6
density,QuantileRandomForest,AtomPair,3,train,0.07401815101490077,0.029822918494152043,0.8757769638355724,0.311431814339176,0.32488628979857054,0.993421052631579,10.6
density,QuantileRandomForest,AtomPair,4,test,0.12122430977742224,0.07328812134502924,0.6064907058349096,0.40572698751259795,0.11630929174788819,0.9298245614035088,11.8
density,QuantileRandomForest,AtomPair,4,train,0.06335909780293197,0.0285915625,0.9089785720471087,0.28993593333573753,0.32667316439246263,0.9912280701754386,11.8
density,QuantileRandomForest,TopologicalTorsion,0,test,0.16835442717003968,0.08690623538011694,0.24102995237585578,0.536708169301136,0.040155945419103306,0.8947368421052632,232.1
density,QuantileRandomForest,TopologicalTorsion,0,train,0.06541441068928877,0.02521015533625731,0.9029774819232128,0.19336285257959965,0.31237816764132553,0.9904970760233918,232.1
density,QuantileRandomForest,TopologicalTorsion,1,test,0.16489230046563993,0.08356062865497076,0.2719246824771848,0.47590354004477203,0.03658219623131902,0.8830409356725146,20.8
density,QuantileRandomForest,TopologicalTorsion,1,train,0.07006219088777922,0.028243538011695903,0.8887005282390955,0.23490313326933598,0.2937784275503573,0.9809941520467836,20.8
density,QuantileRandomForest,TopologicalTorsion,2,test,0.16730089533545198,0.08413308479532161,0.25049922795253476,0.5198673905385794,0.053801169590643266,0.8918128654970761,21.4
density,QuantileRandomForest,TopologicalTorsion,2,train,0.06953133315544668,0.02776692799707602,0.8903807596300389,0.2495181728279069,0.3000324886289798,0.9853801169590644,21.4
density,QuantileRandomForest,TopologicalTorsion,3,test,0.17326490272757675,0.08496167397660817,0.1961097665359396,0.5593932945039567,0.040155945419103306,0.8918128654970761,18.6
density,QuantileRandomForest,TopologicalTorsion,3,train,0.0857399210122686,0.026536045321637426,0.8333167984246621,0.14591104695228752,0.3088856400259909,0.9824561403508771,18.6
density,QuantileRandomForest,TopologicalTorsion,4,test,0.16740170579918634,0.08387231725146198,0.2495957027850565,0.49999625010515836,0.039506172839506165,0.8830409356725146,19.9
density,QuantileRandomForest,TopologicalTorsion,4,train,0.06561541441480617,0.025560464181286546,0.9023803092257285,0.18360289261281246,0.30076348278102666,0.9846491228070176,19.9
density,DropoutMLP,AtomPair,0,test,0.10783482883209676,0.06808091097932113,0.6886178873936241,0.0971770799912583,0.0929174788823912,0.7573099415204678,107.9
density,DropoutMLP,AtomPair,0,train,0.06806502738211315,0.045967053735465335,0.8949554021975239,0.2362192187161152,0.012833008447043544,0.9064327485380117,107.9
density,DropoutMLP,AtomPair,1,test,0.11381601209539802,0.07412195665075069,0.6531175854482405,0.05770410825675717,0.0773229369720598,0.7660818713450293,34.2
density,DropoutMLP,AtomPair,1,train,0.07011400246489165,0.05033040662844976,0.8885358535888869,0.09479969698637526,0.035802469135802456,0.9203216374269005,34.2
density,DropoutMLP,AtomPair,2,test,0.10888081129393803,0.06815774905254966,0.6825478661370796,0.09340380696189574,0.09844054580896688,0.7280701754385965,39.2
density,DropoutMLP,AtomPair,2,train,0.0607213397744151,0.03765951614950136,0.9163995979139657,0.16665410722901125,0.09632878492527613,0.9422514619883041,39.2
density,DropoutMLP,AtomPair,3,test,0.11217419119737584,0.07003207507434644,0.6630531133282833,0.1782631514449539,0.11241065627030543,0.7397660818713451,40.1
density,DropoutMLP,AtomPair,3,train,0.06609748184797122,0.03996636438980437,0.9009406431598206,0.18059399418836092,0.07220597790773227,0.9283625730994152,40.1
density,DropoutMLP,AtomPair,4,test,0.11536362982078185,0.08029186032914279,0.6436199545905831,0.07156244192382927,0.1952566601689409,0.6374269005847953,38.1
density,DropoutMLP,AtomPair,4,train,0.07819832169716115,0.058778435731408195,0.8613497873558601,0.15193812409059845,0.11492852501624433,0.8238304093567251,38.1
density,DropoutMLP,TopologicalTorsion,0,test,0.13009611790464734,0.08054428132280272,0.5467850483811423,0.11481768638485318,0.13287849252761536,0.6666666666666666,184.3
density,DropoutMLP,TopologicalTorsion,0,train,0.06725652087073952,0.04080019333958278,0.8974361131000818,0.222911266950243,0.060834957764782316,0.9152046783625731,184.3
density,DropoutMLP,TopologicalTorsion,1,test,0.12819165873179308,0.07850665029313829,0.5599570287540767,0.053124162371936186,0.11468486029889541,0.7046783625730995,60.2
density,DropoutMLP,TopologicalTorsion,1,train,0.0730275883777361,0.043738977526070776,0.8790795949171071,0.10201778530271426,0.03918128654970758,0.8925438596491229,60.2
density,DropoutMLP,TopologicalTorsion,2,test,0.15109383898239342,0.1038012891453191,0.38867935036536394,0.05497510008788204,0.08706952566601693,0.7690058479532164,50.1
density,DropoutMLP,TopologicalTorsion,2,train,0.1129250426729897,0.07719079026544304,0.710861314595918,0.05691177248542955,0.008723196881091617,0.8640350877192983,50.1
density,DropoutMLP,TopologicalTorsion,3,test,0.13542728842500015,0.08829193325896012,0.5088796610307421,0.13304147315442835,0.14554905782975963,0.6549707602339181,53.9
density,DropoutMLP,TopologicalTorsion,3,train,0.0935292853210017,0.0504591771495412,0.8016551598163313,0.13469838614505478,0.04389213775178686,0.8866959064327485,53.9
density,DropoutMLP,TopologicalTorsion,4,test,0.12833370525164875,0.08471064830082899,0.5589812834615999,0.11568015736270475,0.18161143599740093,0.6578947368421053,66.0
density,DropoutMLP,TopologicalTorsion,4,train,0.0753516197612472,0.04980945958438672,0.8712607839600504,0.1912431801708712,0.01627680311890839,0.8589181286549707,66.0
density,torch-GNN,graph,0,test,0.11505030607803846,0.07376674588660748,0.6455531582228202,,,0.0,3933.0
density,torch-GNN,graph,0,train,0.11878202322689867,0.07067120577979505,0.6800905182907445,,,0.0,3933.0
density,torch-GNN,graph,1,test,0.10914539319331075,0.07043394873368113,0.6810031653121151,,,0.0,116.9
density,torch-GNN,graph,1,train,0.11046138646341999,0.06568249276965682,0.7233398198305623,,,0.0,116.9
density,torch-GNN,graph,2,test,0.11073435089666042,0.07167541210737842,0.6716475336738259,,,0.0,46.8
density,torch-GNN,graph,2,train,0.1148113720067236,0.06849609082332131,0.7011209396942564,,,0.0,46.8
density,torch-GNN,graph,3,test,0.12233372125724873,0.07650071116291292,0.5992551705756202,,,0.0,76.1
density,torch-GNN,graph,3,train,0.12480964404172147,0.07234869904374519,0.646798967396771,,,0.0,76.1
density,torch-GNN,graph,4,test,0.10809749718400198,0.06882952824670668,0.6870990860720807,,,0.0,111.4
density,torch-GNN,graph,4,train,0.1106101849869278,0.06549464553508144,0.7225939600387308,,,0.0,111.4
density,torch-GREA,graph,0,test,0.17126579544597417,0.13251762829189412,0.2145531068339962,0.13743259600803528,0.1741390513320338,0.7543859649122807,10926.9
density,torch-GREA,graph,0,train,0.1865352461512931,0.13658887213626103,0.2110536258261464,0.11934726956683195,0.1475795971410007,0.7726608187134503,10926.9
density,torch-GREA,graph,1,test,0.27458204309995304,0.22769984105902105,-1.0189232926284428,-0.09127645593019884,0.18226120857699807,0.7543859649122807,101.7
density,torch-GREA,graph,1,train,0.2801985360043863,0.2267415061064631,-0.7801532811276897,0.009668580802939824,0.13653346328784927,0.8157894736842105,101.7
density,torch-GREA,graph,2,test,0.22478369885827576,0.18552392957196598,-0.35302300521985286,-0.08273109712274906,0.14652371669915532,0.7865497076023392,201.7
density,torch-GREA,graph,2,train,0.25032888873577763,0.19920291207960475,-0.420847993509474,0.07467331586467822,0.15302144249512672,0.8019005847953217,201.7
density,torch-GREA,graph,3,test,0.35058374740526294,0.2872314717635774,-2.291236661569343,0.5601795259993576,0.05821962313190384,0.9707602339181286,100.5
density,torch-GREA,graph,3,train,0.3703401053381508,0.304313619734739,-2.1097621045467116,0.5284883237633686,0.06081871345029241,0.9568713450292398,100.5
density,torch-GREA,graph,4,test,0.42914849877996775,0.3564526470424139,-3.9316329944334543,0.6701697006287589,0.07115009746588695,0.9853801169590644,99.2
density,torch-GREA,graph,4,train,0.45437049525591305,0.37488026422485965,-3.6810784603416495,0.6691037088929146,0.06960688758934372,0.9831871345029239,99.2
TC,QuantileRandomForest,Morgan,0,test,0.05705384499666043,0.03674245780590717,0.5822191760144539,0.3919277218894506,0.06399437412095643,0.8164556962025317,186.4
TC,QuantileRandomForest,Morgan,0,train,0.05039120976669613,0.01854211780440024,0.7427901370154806,0.22553128494875227,0.18653305203938114,0.9762658227848101,186.4
TC,QuantileRandomForest,Morgan,1,test,0.05538985505077361,0.03614847046413502,0.6062331752333582,0.44245688371135883,0.05098452883263012,0.8259493670886076,11.1
TC,QuantileRandomForest,Morgan,1,train,0.0628531804962383,0.019003202230259194,0.5998410213278788,0.27257635976040084,0.19382911392405058,0.9786392405063291,11.1
TC,QuantileRandomForest,Morgan,2,test,0.05553342685761053,0.037161787974683544,0.6041892239379227,0.3968404392960709,0.06188466947960621,0.8069620253164557,10.3
TC,QuantileRandomForest,Morgan,2,train,0.049927666956745914,0.018568541855033153,0.7475004585978267,0.27823472784603304,0.1969936708860759,0.9786392405063291,10.3
TC,QuantileRandomForest,Morgan,3,test,0.05456547471724353,0.03627821729957806,0.6178670015104292,0.39467197522449643,0.05203938115330523,0.8291139240506329,11.6
TC,QuantileRandomForest,Morgan,3,train,0.05298386342014372,0.0197618962854129,0.7156421031213174,0.25052603518720873,0.19031293952180026,0.9770569620253164,11.6
TC,QuantileRandomForest,Morgan,4,test,0.055687391008151337,0.03578329189270645,0.6019914432094637,0.39551109359661896,0.047468354430379764,0.8354430379746836,9.8
TC,QuantileRandomForest,Morgan,4,train,0.05550918282398197,0.019091121345690173,0.6878899765483995,0.2656119413073835,0.19734528832630094,0.9762658227848101,9.8
TC,QuantileRandomForest,RDKit,0,test,0.051255607676211734,0.03504760021097046,0.662820284478165,0.37081547203698684,0.02018284106891703,0.819620253164557,357.7
TC,QuantileRandomForest,RDKit,0,train,0.04100862259545856,0.01405212571579265,0.8296553833670459,0.10779574294135784,0.28032700421940926,0.9818037974683544,357.7
TC,QuantileRandomForest,RDKit,1,test,0.051308057552020406,0.03469678646775166,0.6621298592327557,0.3454703579216036,0.01842475386779184,0.8322784810126582,23.8
TC,QuantileRandomForest,RDKit,1,train,0.04243378946724482,0.014933875828812535,0.8176097229211352,0.14328538347166286,0.2789205344585091,0.9841772151898734,23.8
TC,QuantileRandomForest,RDKit,2,test,0.052047976549436825,0.03553458408679927,0.6523146699137065,0.32137153097254495,0.019901547116736987,0.8227848101265823,23.9
TC,QuantileRandomForest,RDKit,2,train,0.04158198785443612,0.014578902953586497,0.8248587105128166,0.12392309262021858,0.274789029535865,0.9849683544303798,23.9
TC,QuantileRandomForest,RDKit,3,test,0.05188067634733001,0.034577041892706446,0.6545462394803039,0.3070928564506201,0.016596343178621662,0.8322784810126582,25.8
TC,QuantileRandomForest,RDKit,3,train,0.04664412385798997,0.014950128089210365,0.7796201271073324,0.11994596048520921,0.2788326300984528,0.9881329113924051,25.8
TC,QuantileRandomForest,RDKit,4,test,0.049852711059416105,0.0335450158227848,0.6810253071052597,0.3192490303035012,0.027285513361462746,0.8322784810126582,24.9
TC,QuantileRandomForest,RDKit,4,train,0.05095890119884074,0.01481278631705847,0.7369622031250069,0.09265866820631774,0.2774261603375527,0.9873417721518988,24.9
TC,QuantileRandomForest,AtomPair,0,test,0.0501378549649212,0.0341489187763713,0.6773659753298925,0.3722624184576652,0.011533052039381144,0.8639240506329114,314.7
TC,QuantileRandomForest,AtomPair,0,train,0.01918057182882561,0.0037312330470162755,0.9627349979314299,0.1621754427762112,0.4481364275668073,0.9833860759493671,314.7
TC,QuantileRandomForest,AtomPair,1,test,0.0497339418673462,0.03402059975889089,0.6825433484662551,0.3434184195913013,0.012376933895921234,0.8544303797468354,13.3
TC,QuantileRandomForest,AtomPair,1,train,0.02049249612752142,0.0043324301160337555,0.9574629104198613,0.25046942061371474,0.44646624472573837,0.9920886075949367,13.3
TC,QuantileRandomForest,AtomPair,2,test,0.04931890206962062,0.03315080997588908,0.6878197198742484,0.27803938049106464,0.014416315049226454,0.8417721518987342,12.1
TC,QuantileRandomForest,AtomPair,2,train,0.017191798204172302,0.003949525316455696,0.9700621465549384,0.18817163829809577,0.4440928270042194,0.9849683544303798,12.1
TC,QuantileRandomForest,AtomPair,3,test,0.05044123262411056,0.0336976981615431,0.6734497294232233,0.31231520120670536,0.012025316455696199,0.8734177215189873,11.6
TC,QuantileRandomForest,AtomPair,3,train,0.02294029796644719,0.004037829641350211,0.9466939923163566,0.2092180824655385,0.45270745428973275,0.9865506329113924,11.6
TC,QuantileRandomForest,AtomPair,4,test,0.05148569818091731,0.03333454641350211,0.6597862364978666,0.27234334384929676,0.016877637130801697,0.8639240506329114,11.8
TC,QuantileRandomForest,AtomPair,4,train,0.045970255837379584,0.00550274920886076,0.7859417897739972,0.23623167504594986,0.44927918424753865,0.9857594936708861,11.8
TC,DropoutMLP,Morgan,0,test,0.049977510569729024,0.03430087216242456,0.6794262882574013,0.30703418691279577,0.24226441631504927,0.509493670886076,86.5
TC,DropoutMLP,Morgan,0,train,0.031269643559880385,0.01915673133435515,0.9009569718549357,0.3036392657602739,0.042106188466947976,0.814873417721519,86.5
TC,DropoutMLP,Morgan,1,test,0.06969247468216615,0.0505719135575908,0.3766234827202717,0.12373004147152612,0.16736990154711673,0.6487341772151899,24.5
TC,DropoutMLP,Morgan,1,train,0.07240951962085634,0.046969310424890026,0.46890846289076704,0.1647957190059461,0.13783403656821377,0.7143987341772152,24.5
TC,DropoutMLP,Morgan,2,test,0.05378428393978834,0.03623073816494348,0.6287303502607595,0.3741849732745393,0.2819971870604782,0.4430379746835443,32.5
TC,DropoutMLP,Morgan,2,train,0.03175053739236563,0.01812915757594741,0.8978871943342068,0.36473974116429836,0.022591420534458524,0.8204113924050633,32.5
TC,DropoutMLP,Morgan,3,test,0.05599524810302971,0.03977634568961361,0.5975786507630263,0.37391724329391546,0.10794655414908581,0.7563291139240507,24.5
TC,DropoutMLP,Morgan,3,train,0.05190437415122959,0.03091513995490632,0.727111040089587,0.3646617035039522,0.014293248945147656,0.8718354430379747,24.5
TC,DropoutMLP,Morgan,4,test,0.054309643269249225,0.03786568326216961,0.6214418795820319,0.40459400307661303,0.24296765119549932,0.5379746835443038,26.5
TC,DropoutMLP,Morgan,4,train,0.0529352445420644,0.022818065477582063,0.7161637267979415,0.36385064187208627,0.023347398030942344,0.8330696202531646,26.5
TC,DropoutMLP,RDKit,0,test,0.05500780101856868,0.036343798147349414,0.6116464903235694,0.36566134819538965,0.24542897327707458,0.5316455696202531,89.2
TC,DropoutMLP,RDKit,0,train,0.03626880012051189,0.02100862003016393,0.8667569931878788,0.28429444353480743,0.06689521800281296,0.75,89.2
TC,DropoutMLP,RDKit,1,test,0.0646102729412197,0.04705147028427555,0.46422577383808694,0.08017562174013079,0.07630098452883266,0.6930379746835443,22.4
TC,DropoutMLP,RDKit,1,train,0.053804737497729474,0.0353527902655034,0.7067627876462662,0.16930953457039238,0.01749296765119549,0.8409810126582279,22.4
TC,DropoutMLP,RDKit,2,test,0.062405165942877934,0.041556146654084254,0.5001729555564485,0.2986018334179497,0.12587904360056262,0.6930379746835443,24.1
TC,DropoutMLP,RDKit,2,train,0.045457884687506465,0.027351517749436064,0.7906868595542996,0.2561352171072718,0.0117440225035162,0.8473101265822784,24.1
TC,DropoutMLP,RDKit,3,test,0.06545955760234685,0.0441324964028622,0.4500479844316344,0.3929249310234017,0.20886075949367092,0.5822784810126582,24.7
TC,DropoutMLP,RDKit,3,train,0.04012797739040109,0.02394324679067061,0.8368930042093692,0.30935628348450245,0.010988045007032357,0.8734177215189873,24.7
TC,DropoutMLP,RDKit,4,test,0.07042631665942893,0.05043548592494384,0.36342641031503886,0.17691665573309148,0.08966244725738398,0.740506329113924,22.6
TC,DropoutMLP,RDKit,4,train,0.066965897617091,0.0391207861064094,0.5457599348051043,0.1670841866690784,0.020182841068917007,0.8227848101265823,22.6
TC,DropoutMLP,MACCS,0,test,0.05698500973346449,0.03813245462692237,0.5832266700662252,0.2973168055706091,0.1976090014064698,0.5854430379746836,74.7
TC,DropoutMLP,MACCS,0,train,0.04829609356203204,0.02768970671100087,0.7637335494950935,0.2956103890331566,0.0919479606188467,0.759493670886076,74.7
TC,DropoutMLP,MACCS,1,test,0.0671917207472636,0.04704133523830884,0.42055770417416904,0.19990492543301713,0.169831223628692,0.6550632911392406,22.5
TC,DropoutMLP,MACCS,1,train,0.06726670456764725,0.04517074792786372,0.5416699289964518,0.2918165334783524,0.16218354430379747,0.6772151898734177,22.5
TC,DropoutMLP,MACCS,2,test,0.06073846165990996,0.04337979191516522,0.5265149807504194,0.3733175129253874,0.1265822784810127,0.7468354430379747,22.8
TC,DropoutMLP,MACCS,2,train,0.05845226083968889,0.03552271926816847,0.6539166741115295,0.2850049265989639,0.02640646976090017,0.8386075949367089,22.8
TC,DropoutMLP,MACCS,3,test,0.061103291169972464,0.04423842142304791,0.5208098610027451,0.3389355071182329,0.20288326300984533,0.6139240506329114,24.2
TC,DropoutMLP,MACCS,3,train,0.052263293687937716,0.03303515921115444,0.7233239286226837,0.23735123198249883,0.09906821378340368,0.7563291139240507,24.2
TC,DropoutMLP,MACCS,4,test,0.05835084601045389,0.03851505670039462,0.5630085089951768,0.33059404490942246,0.15365682137834039,0.6930379746835443,23.9
TC,DropoutMLP,MACCS,4,train,0.05617067845950911,0.030870516415350387,0.6804069050050296,0.343025139737504,0.06293952180028133,0.7935126582278481,23.9
TC,QuantileRandomForest,TopologicalTorsion,0,test,0.05058605549592128,0.03331381856540084,0.671571907016463,0.2560159245108101,0.015682137834036585,0.8227848101265823,152.9
TC,QuantileRandomForest,TopologicalTorsion,0,train,0.04928811148814835,0.01930897566305003,0.753927883475692,0.16019970575513837,0.1682489451476793,0.9762658227848101,152.9
TC,QuantileRandomForest,TopologicalTorsion,1,test,0.07958419702212097,0.03738399261603376,0.18710894651538745,0.3149896317573512,0.01652601969057667,0.8386075949367089,10.1
TC,QuantileRandomForest,TopologicalTorsion,1,train,0.06231142898472418,0.021320112831525014,0.6067094869493503,0.18991964397979885,0.16666666666666663,0.9857594936708861,10.1
TC,QuantileRandomForest,TopologicalTorsion,2,test,0.05167713023128927,0.03410759493670886,0.657251594900939,0.2531415793300907,0.017510548523206784,0.8386075949367089,9.2
TC,QuantileRandomForest,TopologicalTorsion,2,train,0.05046828066671419,0.0203398404535865,0.7420027554390329,0.1948023610862014,0.16939170182841068,0.9794303797468354,9.2
TC,QuantileRandomForest,TopologicalTorsion,3,test,0.05421651665481782,0.03529034810126582,0.6227390197772775,0.29099889665211026,0.022503516174402275,0.8164556962025317,8.5
TC,QuantileRandomForest,TopologicalTorsion,3,train,0.05299408670249779,0.02075310145418927,0.7155323583295007,0.16149448951425632,0.15998593530239097,0.9778481012658228,8.5
TC,QuantileRandomForest,TopologicalTorsion,4,test,0.050947812089493935,0.0337552554249548,0.6668577282071713,0.3090727438337282,0.02215189873417725,0.8322784810126582,9.3
TC,QuantileRandomForest,TopologicalTorsion,4,train,0.056414293657761634,0.02095485702983725,0.6776287091957062,0.18873616430063464,0.16385372714486632,0.9825949367088608,9.3
TC,DropoutMLP,TopologicalTorsion,0,test,0.0487749928326776,0.033817942241387525,0.6946674569911566,0.3685048383447138,0.34739803094233473,0.33860759493670883,107.9
TC,DropoutMLP,TopologicalTorsion,0,train,0.03621197237901315,0.014023680498966339,0.867174209479034,0.40406275361645405,0.05687412095639946,0.7681962025316456,107.9
TC,DropoutMLP,TopologicalTorsion,1,test,0.07016477540927661,0.052783484172280334,0.3681457003206666,-0.06757443863221925,0.1849507735583685,0.6265822784810127,24.1
TC,DropoutMLP,TopologicalTorsion,1,train,0.06677269976036516,0.04527728845934019,0.5483771360411187,0.08830562041189488,0.12860407876230662,0.7080696202531646,24.1
TC,DropoutMLP,TopologicalTorsion,2,test,0.05151409265522417,0.035664710680140724,0.6594108757621224,0.22974388813146152,0.27320675105485237,0.4588607594936709,28.7
TC,DropoutMLP,TopologicalTorsion,2,train,0.03669286541559118,0.016914719735426832,0.863622946083279,0.38352219322607206,0.021976090014064715,0.8235759493670886,28.7
TC,DropoutMLP,TopologicalTorsion,3,test,0.0524507889776091,0.036656414281592595,0.6469121958828545,0.34604518323721295,0.2855133614627286,0.45569620253164556,27.7
TC,DropoutMLP,TopologicalTorsion,3,train,0.03935500039984631,0.018915453020651223,0.8431162756516402,0.3901114643758349,0.06575246132208161,0.8164556962025317,27.7
TC,DropoutMLP,TopologicalTorsion,4,test,0.06699277771150576,0.0471720698785807,0.4239838808506723,0.11114140820645635,0.1666666666666667,0.7025316455696202,23.8
TC,DropoutMLP,TopologicalTorsion,4,train,0.061307581670682405,0.03185162893390056,0.619279362365551,0.28586572364673624,0.01337904360056261,0.8583860759493671,23.8
TC,QuantileRandomForest,MACCS,0,test,0.05328014857894952,0.03688433544303797,0.6356577627195152,0.31994708810413747,0.017299578059071747,0.8670886075949367,43.7
TC,QuantileRandomForest,MACCS,0,train,0.05568121836779409,0.026616478300180834,0.6859523792052045,0.28244453190412533,0.14565752461322082,0.9810126582278481,43.7
TC,QuantileRandomForest,MACCS,1,test,0.053339570994344894,0.03766123417721519,0.6348446205142626,0.3120983086459822,0.018635724331926888,0.870253164556962,9.7
TC,QuantileRandomForest,MACCS,1,train,0.05476101789759571,0.026616972762206148,0.6962466524346191,0.28105773449418103,0.14328410689170182,0.9802215189873418,9.7
TC,QuantileRandomForest,MACCS,2,test,0.05285389253324644,0.03729680907172996,0.6414641221795764,0.3037023800872708,0.018002812939521804,0.8544303797468354,9.3
TC,QuantileRandomForest,MACCS,2,train,0.05572382887766981,0.026356839587100663,0.6854715402480528,0.29113972199774263,0.14899789029535862,0.9865506329113924,9.3
TC,QuantileRandomForest,MACCS,3,test,0.055515658333011586,0.03772252109704641,0.6044424713519816,0.28024150757201,0.013502109704641378,0.8512658227848101,8.4
TC,QuantileRandomForest,MACCS,3,train,0.05960197610241937,0.02715081374321881,0.6401683448803841,0.263593553057549,0.14636075949367086,0.9857594936708861,8.4
TC,QuantileRandomForest,MACCS,4,test,0.05654455036853771,0.037214477848101266,0.589644577806582,0.313169123724005,0.016455696202531636,0.879746835443038,9.3
TC,QuantileRandomForest,MACCS,4,train,0.05954211932484576,0.026983606464737794,0.6408907218729514,0.2686095696308366,0.14882208157524612,0.9833860759493671,9.3
TC,DropoutMLP,AtomPair,0,test,0.0561103670258072,0.036440020655303065,0.5959222983322737,0.1561611171641919,0.21237693389592127,0.569620253164557,102.4
TC,DropoutMLP,AtomPair,0,train,0.02678807724269095,0.01629902294765621,0.9273122654386994,0.24015600639227852,0.0401898734177215,0.8623417721518988,102.4
TC,DropoutMLP,AtomPair,1,test,0.05814929317778806,0.039369896682945986,0.5660221673502683,0.19415709741149986,0.20464135021097052,0.6107594936708861,30.4
TC,DropoutMLP,AtomPair,1,train,0.051142393086781875,0.025779989351443117,0.7350645092099797,0.27599238792626135,0.03354430379746835,0.8393987341772152,30.4
TC,DropoutMLP,AtomPair,2,test,0.052384774076898385,0.035515965497883564,0.6478004337271592,0.21744960572577077,0.2770745428973277,0.4936708860759494,30.2
TC,DropoutMLP,AtomPair,2,train,0.027200905327324262,0.01659871841740692,0.9250546372124089,0.21812012130925484,0.024367088607594956,0.807753164556962,30.2
TC,DropoutMLP,AtomPair,3,test,0.05879262352721863,0.039465821744206084,0.5563664862455726,0.1595111646064008,0.17791842475386782,0.6139240506329114,26.7
TC,DropoutMLP,AtomPair,3,train,0.033738089553696934,0.02167732865360979,0.8847027306435801,0.24278610669381656,0.020622362869198305,0.8742088607594937,26.7
TC,DropoutMLP,AtomPair,4,test,0.05782148383029343,0.0388934086142713,0.5709013667465697,0.10809141609764539,0.09704641350210971,0.7436708860759493,25.3
TC,DropoutMLP,AtomPair,4,train,0.050105420331647395,0.025023318264046444,0.7456993513406396,0.19119882198963772,0.057313642756680716,0.9129746835443038,25.3
TC,torch-GREA,graph,0,test,0.0820387612819123,0.06259095225316562,0.13619273003268162,0.07208575424964984,0.01744022503516173,0.9588607594936709,5213.2
TC,torch-GREA,graph,0,train,0.09439649839525471,0.06424602252342225,0.09741145464363954,0.08185744682827448,0.024771448663853703,0.9533227848101266,5213.2
TC,torch-GREA,graph,1,test,0.13508996444053223,0.115436848505162,-1.3422046618674148,-0.08547206009627412,0.3727144866385373,0.3069620253164557,43.3
TC,torch-GREA,graph,1,train,0.13862445005923726,0.11494054987590453,-0.9465148484641162,-0.07544550492296995,0.36893459915611815,0.314873417721519,43.3
TC,torch-GREA,graph,2,test,0.09094393464562978,0.06975893384897257,-0.06151502568113454,-0.060846605114105334,0.4430379746835443,0.18354430379746836,54.0
TC,torch-GREA,graph,2,train,0.10165978660446959,0.07001557820634069,-0.046830664742403494,0.07120146068225512,0.41886427566807316,0.21677215189873417,54.0
TC,torch-GREA,graph,3,test,0.09598994649972281,0.0768565125026532,-0.18257900801604565,0.011674589707966499,0.18635724331926867,0.7689873417721519,41.2
TC,torch-GREA,graph,3,train,0.10576448886070447,0.0773481386232836,-0.13307275823439113,-0.00571112334306598,0.16613924050632914,0.7681962025316456,41.2
TC,torch-GREA,graph,4,test,0.08804891671182713,0.0697507942378018,0.004991706791518946,-0.10588418508435875,0.39310829817158927,0.31329113924050633,51.7
TC,torch-GREA,graph,4,train,0.09988551740775593,0.07135264291001091,-0.010608846682388373,0.00786788739107229,0.4023382559774965,0.2579113924050633,51.7
TC,torch-GNN,graph,0,test,0.053866045217272646,0.03778402238662987,0.6276007060085512,,,0.0,2976.2
TC,torch-GNN,graph,0,train,0.06357706009831918,0.03759161183141024,0.590570687963007,,,0.0,2976.2
TC,torch-GNN,graph,1,test,0.06319662886762126,0.04289175477491904,0.4874142948795729,,,0.0,38.2
TC,torch-GNN,graph,1,train,0.06752898717200179,0.04132648725327561,0.5380887704591852,,,0.0,38.2
TC,torch-GNN,graph,2,test,0.06002275615237725,0.04346785738152542,0.5376077635529213,,,0.0,34.0
TC,torch-GNN,graph,2,train,0.06923762084764011,0.04214447731420077,0.5144182892980278,,,0.0,34.0
TC,torch-GNN,graph,3,test,0.06154339940260145,0.043589402837466595,0.5138820825165038,,,0.0,63.0
TC,torch-GNN,graph,3,train,0.06932104650233453,0.0411524089169011,0.5132474120430404,,,0.0,63.0
TC,torch-GNN,graph,4,test,0.05692295681474767,0.03890732460623049,0.5841338532247181,,,0.0,35.1
TC,torch-GNN,graph,4,train,0.07058201475200232,0.04070546631433469,0.49537803479860953,,,0.0,35.1
FFV,QuantileRandomForest,Morgan,0,test,0.015876383449732193,0.00812574595652174,0.7196574519770075,0.3989849643950187,0.01835748792270534,0.8006211180124223,1503.2
FFV,QuantileRandomForest,Morgan,0,train,0.006524900747205046,0.001435713732131759,0.9485412435585682,-0.05983706045975202,0.3630964712381742,0.9805779987569919,1503.2
FFV,QuantileRandomForest,Morgan,1,test,0.015856718664028893,0.00814203043167702,0.7203514969365605,0.3882906600484781,0.02291235334713597,0.8192546583850931,101.5
FFV,QuantileRandomForest,Morgan,1,train,0.00643374221647613,0.001353157540397763,0.9499690466178917,-0.0651287809803234,0.36844831158069197,0.9871037911746426,101.5
FFV,QuantileRandomForest,Morgan,2,test,0.015848329042014393,0.008134277369565217,0.7206473367792181,0.39018474859773555,0.021877156659765362,0.815527950310559,98.7
FFV,QuantileRandomForest,Morgan,2,train,0.004444405276750544,0.0013438211777501556,0.9761252531023284,-0.060524822592276255,0.36499551135971275,0.9821317588564326,98.7
FFV,QuantileRandomForest,Morgan,3,test,0.01592773887600057,0.008192689052795032,0.7178408674496388,0.38299582375051655,0.02380952380952383,0.808695652173913,102.9
FFV,QuantileRandomForest,Morgan,3,train,0.00445040388027011,0.0013576088385643258,0.9760607622287841,-0.05687161290450655,0.3662385194392652,0.9816656308266004,102.9
FFV,QuantileRandomForest,Morgan,4,test,0.015618489017267591,0.008057806357142858,0.7286911938669376,0.39237942283743116,0.018012422360248456,0.8062111801242235,97.8
FFV,QuantileRandomForest,Morgan,4,train,0.0046216852537577235,0.001404265883312617,0.9741826181192279,-0.054087054318041644,0.36302741523375454,0.9821317588564326,97.8
FFV,DropoutMLP,Morgan,0,test,0.01568060710947216,0.008025483862498028,0.7265287952137247,0.26335975219718033,0.2122153209109731,0.5819875776397515,365.3
FFV,DropoutMLP,Morgan,0,train,0.010275368102952893,0.004931662900650008,0.8723836717786123,0.27566057303191394,0.07376907672122093,0.7757924176507147,365.3
FFV,DropoutMLP,Morgan,1,test,0.015584834059507306,0.007764259820520911,0.7298591748046376,0.1574341454460595,0.08543823326432023,0.7503105590062111,86.5
FFV,DropoutMLP,Morgan,1,train,0.00843807968103881,0.0047882772773933414,0.9139405212386025,0.05314852212038914,0.045280022097921396,0.8800497203231821,86.5
FFV,DropoutMLP,Morgan,2,test,0.015182717059473624,0.007664854694021806,0.7436195799815841,0.2717426893422604,0.20952380952380953,0.5801242236024845,86.9
FFV,DropoutMLP,Morgan,2,train,0.006852684645472722,0.00425995333168613,0.9432412320225562,0.20420622213905162,0.05481320350804504,0.7998756991920447,86.9
FFV,DropoutMLP,Morgan,3,test,0.015246609271630724,0.007614744090184229,0.7414572293372304,0.2820645674527916,0.18095238095238095,0.6316770186335404,92.6
FFV,DropoutMLP,Morgan,3,train,0.007530741900975223,0.004311636103117394,0.9314532301979436,0.27894313212069144,0.029279745873903758,0.8295525170913611,92.6
FFV,DropoutMLP,Morgan,4,test,0.015097101774019612,0.007655137969782527,0.7465028840095638,0.2703017575825423,0.18378191856452725,0.6260869565217392,88.4
FFV,DropoutMLP,Morgan,4,train,0.00848974192234018,0.004713557876663742,0.9128834949605169,0.30393562210448444,0.04637110696775087,0.8152579241765071,88.4
FFV,QuantileRandomForest,MACCS,0,test,0.015963559177838062,0.008598016149068324,0.7165703305143503,0.33753172070642995,0.022981366459627346,0.8459627329192546,164.1
FFV,QuantileRandomForest,MACCS,0,train,0.008552137717699665,0.0038651908032939714,0.9115982548053757,0.06752608805496438,0.21072439748636143,0.980733374766936,164.1
FFV,QuantileRandomForest,MACCS,1,test,0.016079555778054117,0.008505794096273292,0.7124363745549864,0.33457540482547043,0.025534851621808127,0.8422360248447205,25.0
FFV,QuantileRandomForest,MACCS,1,train,0.009406379462914246,0.003920197371037912,0.8930559919915243,0.06681191371977165,0.21132863752503278,0.9788688626476072,25.0
FFV,QuantileRandomForest,MACCS,2,test,0.016056162069411118,0.008560375189440993,0.713272502886807,0.3128686010066769,0.03057280883367841,0.8422360248447205,24.4
FFV,QuantileRandomForest,MACCS,2,train,0.008548414079139456,0.003980256928216284,0.911675219067572,0.09091742066152629,0.20854913334714453,0.9798011187072716,24.4
FFV,QuantileRandomForest,MACCS,3,test,0.015968999726292628,0.008559844636645962,0.7163771059833799,0.3167615920930821,0.021256038647343,0.8453416149068324,24.6
FFV,QuantileRandomForest,MACCS,3,train,0.008555534714650656,0.0039303015894965815,0.9115280126951533,0.07297371805018678,0.20621849319798358,0.9763828464885022,24.6
FFV,QuantileRandomForest,MACCS,4,test,0.016005617011634384,0.008600103732919254,0.715074907008603,0.3133471671600767,0.02939958592132504,0.8459627329192546,23.9
FFV,QuantileRandomForest,MACCS,4,train,0.008869149615074573,0.0039984890646364195,0.9049230088497892,0.0952014696727066,0.2081175333195221,0.9785581106277191,23.9
FFV,DropoutMLP,RDKit,0,test,0.01590100032950182,0.00856834448228303,0.7187874164222283,0.22945550022233235,0.2174603174603175,0.5540372670807453,472.5
FFV,DropoutMLP,RDKit,0,train,0.010337409787239942,0.005916686396698314,0.8708379491312109,0.20955934935904336,0.1397866169463435,0.6712243629583592,472.5
FFV,DropoutMLP,RDKit,1,test,0.015993001402017357,0.008778677331365076,0.7155238852827585,0.14675129191386346,0.22215320910973085,0.5316770186335403,154.3
FFV,DropoutMLP,RDKit,1,train,0.011626694043615268,0.006671144716431978,0.836610570853437,0.15803257683605987,0.1644914025274498,0.6107830950901181,154.3
FFV,DropoutMLP,RDKit,2,test,0.016095430166780382,0.00901039452402885,0.7118683053667103,0.19360863078491994,0.2469289164941339,0.49130434782608695,154.8
FFV,DropoutMLP,RDKit,2,train,0.010304443238286052,0.006771956699240005,0.8716604448285244,0.20886578210227527,0.19156135625992685,0.5846799254195152,154.8
FFV,DropoutMLP,RDKit,3,test,0.01563872314664214,0.008638027456547282,0.7279877642976045,0.19279769284749468,0.1759834368530021,0.6322981366459627,144.8
FFV,DropoutMLP,RDKit,3,train,0.009030629383355167,0.006030322809728264,0.9014293760716179,0.17380425869881394,0.10099440646364205,0.7467371037911746,144.8
FFV,DropoutMLP,RDKit,4,test,0.016576353922215514,0.00909813134595532,0.6943925910135129,0.1758533032220496,0.13733609385783302,0.6801242236024845,131.7
FFV,DropoutMLP,RDKit,4,train,0.010415028770352832,0.006729471905700952,0.8688910271315037,0.1646192054523329,0.07371728471790623,0.7725295214418894,131.7
FFV,DropoutMLP,AtomPair,0,test,0.01447527020327273,0.008098908468715596,0.766955307902114,0.2442912028470732,0.17094547964113183,0.6099378881987577,423.7
FFV,DropoutMLP,AtomPair,0,train,0.00925789809796324,0.005425401163024937,0.8964056047546443,0.20805447429693735,0.07635867688695536,0.7633623368551895,423.7
FFV,DropoutMLP,AtomPair,1,test,0.014153271589457892,0.007691765462490011,0.7772080276638621,0.2620493956432665,0.16514837819185646,0.6453416149068323,96.6
FFV,DropoutMLP,AtomPair,1,train,0.007637507366767091,0.0045656943219451,0.9294958385842992,0.17647140239825568,0.021079345349078148,0.8267557489123679,96.6
FFV,DropoutMLP,AtomPair,2,test,0.014597732170259739,0.008299894287593675,0.7629954739794046,0.253341489796589,0.1645272601794341,0.6385093167701863,95.7
FFV,DropoutMLP,AtomPair,2,train,0.008108229826848478,0.0056401899062730665,0.9205372542505179,0.2345550145121127,0.07430426075547271,0.7663144810441268,95.7
FFV,DropoutMLP,AtomPair,3,test,0.014263084108857573,0.00828771211773684,0.7737374154313064,0.2716841179425564,0.14899930986887508,0.6664596273291925,94.2
FFV,DropoutMLP,AtomPair,3,train,0.008033496635104205,0.005492640103102199,0.9219953128588979,0.25616423462124155,0.04217595469926113,0.8001864512119329,94.2
FFV,DropoutMLP,AtomPair,4,test,0.014043316972813656,0.008429820322864129,0.7806562550220217,0.287830415782443,0.18688750862663908,0.5993788819875776,100.3
FFV,DropoutMLP,AtomPair,4,train,0.007955298332989202,0.005399020838147911,0.9235065218333447,0.21468805863215648,0.07181824459636768,0.7768800497203232,100.3
FFV,DropoutMLP,TopologicalTorsion,0,test,0.016176539184184942,0.008148983971562496,0.7089570489027046,0.3101383140322172,0.27329192546583847,0.4453416149068323,322.3
FFV,DropoutMLP,TopologicalTorsion,0,train,0.008188650124704768,0.005030861952763203,0.9189531578366749,0.2933154206713212,0.1753331952213245,0.6188626476072094,322.3
FFV,DropoutMLP,TopologicalTorsion,1,test,0.01594917539992429,0.00834826544002244,0.717080862370435,0.27320129314419084,0.26342305037957214,0.49440993788819876,83.6
FFV,DropoutMLP,TopologicalTorsion,1,train,0.008360153877845434,0.004936103189728828,0.9155227029848692,0.2469333180627281,0.15288999378495963,0.665786202610317,83.6
FFV,DropoutMLP,TopologicalTorsion,2,test,0.015508757696674084,0.008187862503627753,0.7324900878263023,0.30951807662223163,0.25383022774327124,0.5055900621118012,83.7
FFV,DropoutMLP,TopologicalTorsion,2,train,0.007002672006915424,0.004655544402422434,0.9407294390459668,0.2245802744885237,0.1292728402734618,0.7108452454940957,83.7
FFV,DropoutMLP,TopologicalTorsion,3,test,0.016428589433149086,0.008418703543130861,0.6998167814095411,0.3039967352868747,0.24361628709454802,0.515527950310559,82.9
FFV,DropoutMLP,TopologicalTorsion,3,train,0.007362377452204104,0.004852407096491707,0.9344839621654936,0.22335594194085964,0.13339893653753196,0.6887818520820386,82.9
FFV,DropoutMLP,TopologicalTorsion,4,test,0.015815927163056544,0.008280088499067983,0.7217884410832199,0.3011685105511232,0.28716356107660457,0.43167701863354035,88.6
FFV,DropoutMLP,TopologicalTorsion,4,train,0.007470895897816242,0.004910604886281077,0.932538369001875,0.2929647183490448,0.17667978730750641,0.622436295835923,88.6
FFV,QuantileRandomForest,RDKit,0,test,0.016231127041271515,0.00825776542546584,0.7069894813117283,0.415288522859441,0.0634230503795721,0.8850931677018633,2348.5
FFV,QuantileRandomForest,RDKit,0,train,0.007614570850442948,0.00211140405220634,0.929918670681663,0.007465411924736628,0.33184862923831226,0.9891236793039154,2348.5
FFV,QuantileRandomForest,RDKit,1,test,0.016208384022654416,0.008243739763975156,0.7078100373844113,0.4190609948408579,0.06376811594202897,0.8906832298136645,100.6
FFV,QuantileRandomForest,RDKit,1,train,0.007651541270173708,0.0020716857535736486,0.929236498043375,0.006256473943614087,0.33357502934880184,0.9916096954630205,100.6
FFV,QuantileRandomForest,RDKit,2,test,0.015965139441894035,0.008170476099378881,0.716514213218322,0.3985047722282276,0.06438923395445133,0.8881987577639752,99.0
FFV,QuantileRandomForest,RDKit,2,train,0.006569769751511526,0.0020896895975761345,0.9478310896625286,0.014310204129575843,0.3320212692493612,0.9877252952144189,99.0
FFV,QuantileRandomForest,RDKit,3,test,0.01604814054417222,0.008134657378881988,0.7135589246750804,0.41008424350826184,0.07177363699102829,0.8881987577639752,99.8
FFV,QuantileRandomForest,RDKit,3,train,0.00606856970157519,0.002092088832349285,0.9554872776531648,0.018810438278375047,0.331727781230578,0.9906774394033562,99.8
FFV,QuantileRandomForest,RDKit,4,test,0.01603995743201817,0.008192445636645963,0.7138509687070764,0.43598530137896435,0.06418219461697722,0.8919254658385093,102.3
FFV,QuantileRandomForest,RDKit,4,train,0.006694626871718757,0.0021533800023306403,0.9458293284015101,0.019124015293754803,0.33171051722947303,0.9902113113735239,102.3
FFV,DropoutMLP,MACCS,0,test,0.014800027331367692,0.009087504885609075,0.7563811481566941,0.24852339684834757,0.22622498274672193,0.5391304347826087,228.9
FFV,DropoutMLP,MACCS,0,train,0.010290638776879966,0.007008039381344305,0.8720040775089872,0.13897808482566637,0.16506111456391137,0.6396830329397141,228.9
FFV,DropoutMLP,MACCS,1,test,0.014749797677724965,0.009067373397758673,0.7580319728409702,0.21714406281339338,0.25265700483091785,0.4925465838509317,62.5
FFV,DropoutMLP,MACCS,1,train,0.010779539555342704,0.0072258701140249645,0.8595531871939259,0.12288234823513862,0.20642566121124237,0.5688315724052206,62.5
FFV,DropoutMLP,MACCS,2,test,0.013226643402801849,0.00868246777886214,0.8054258476985782,0.2355328158367082,0.23885438233264328,0.5298136645962733,63.4
FFV,DropoutMLP,MACCS,2,train,0.009262462841586626,0.006686401703248484,0.8963034220711006,0.1293535573665992,0.18683101995718532,0.6092293349906774,63.4
FFV,DropoutMLP,MACCS,3,test,0.013714100342340411,0.009044942136518727,0.7908198342658967,0.22967625898634117,0.24913733609385785,0.5229813664596273,63.1
FFV,DropoutMLP,MACCS,3,train,0.010664261706411732,0.007204530404118929,0.8625410393544581,0.1550415014753717,0.18964505213728333,0.6028589185829708,63.1
FFV,DropoutMLP,MACCS,4,test,0.014830549079481933,0.008898901805721969,0.7553752931981648,0.25373356419350585,0.2513457556935818,0.5080745341614907,64.8
FFV,DropoutMLP,MACCS,4,train,0.009873968591344814,0.006832518999694186,0.8821593986882342,0.12701943024665577,0.1981907326842069,0.5882535736482287,64.8
FFV,QuantileRandomForest,AtomPair,0,test,0.016764590145950015,0.008784528295031057,0.6874124057112351,0.4161461030826051,0.12546583850931672,0.9366459627329192,2008.8
FFV,QuantileRandomForest,AtomPair,0,train,0.008185185886942838,0.001984541190180236,0.9190217176450439,0.18969093224289088,0.4000932256059664,0.9937849596022374,2008.8
FFV,QuantileRandomForest,AtomPair,1,test,0.016274475567362803,0.00849044052795031,0.7054223029943393,0.39236069023655645,0.13347135955831607,0.9403726708074535,40.1
FFV,QuantileRandomForest,AtomPair,1,train,0.007037122241090877,0.0018949410231510254,0.9401448315377573,0.18801430156398308,0.40111180167115523,0.9954940957116222,40.1
FFV,QuantileRandomForest,AtomPair,2,test,0.01635228334413486,0.008555134142857145,0.7025988354667536,0.4116117780294461,0.13264320220841957,0.9403726708074535,38.9
FFV,QuantileRandomForest,AtomPair,2,train,0.005880136084655502,0.0018848349160969545,0.9582086672424139,0.19244596553371376,0.39983426558939295,0.9947172156619019,38.9
FFV,QuantileRandomForest,AtomPair,3,test,0.016524956068096303,0.008645977239130435,0.6962848301737695,0.3907850105081858,0.125879917184265,0.9360248447204969,38.4
FFV,QuantileRandomForest,AtomPair,3,train,0.006175504350879932,0.0018812569888129271,0.9539047333963953,0.19048956705573575,0.4024756577584421,0.9933188315724052,38.4
FFV,QuantileRandomForest,AtomPair,4,test,0.016500922321048342,0.008628942804347827,0.6971676289461899,0.414981995827753,0.13008971704623878,0.937888198757764,38.1
FFV,QuantileRandomForest,AtomPair,4,train,0.006465044549873811,0.001876976443443132,0.94948102726668,0.1966188999517026,0.40518610593191073,0.9937849596022374,38.1
FFV,torch-GREA,graph,0,test,0.02449649058559902,0.016745964374834853,0.3325886328453641,-0.1229927217353057,0.11973775017253274,0.9714285714285714,30258.4
FFV,torch-GREA,graph,0,train,0.024056944534770173,0.016889021655914778,0.30049245873757346,-0.09716489587493433,0.11727435950555895,0.9754505904288377,30258.4
FFV,torch-GREA,graph,1,test,0.02551406164427078,0.017810638251642592,0.2759891772569686,-0.27634181656312523,0.06908212560386477,0.8633540372670807,279.8
FFV,torch-GREA,graph,1,train,0.025097252578355423,0.01794998624049588,0.23868597590851326,-0.2429416585868105,0.07679027691457774,0.8617153511497825,279.8
FFV,torch-GREA,graph,2,test,0.023414036416890792,0.01515742912280515,0.39026877506823743,-0.1517388819995666,0.2690131124913734,0.5229813664596273,482.5
FFV,torch-GREA,graph,2,train,0.022354370731580794,0.014764546838862821,0.39600079726942483,-0.15136363554273619,0.268765969201022,0.5486326911124922,482.5
FFV,torch-GREA,graph,3,test,0.024509757487653126,0.01705690288465725,0.3318655187381727,-0.22640444065739868,0.12346445824706698,0.8049689440993789,305.9
FFV,torch-GREA,graph,3,train,0.02375564252193922,0.016805472765424646,0.3179047427898374,-0.23362830948007324,0.11183619915751677,0.8105966438781852,305.9
FFV,torch-GREA,graph,4,test,0.02555265400359674,0.018019281845333454,0.2737972551634694,-0.16352189913450704,0.02988267770876469,0.9093167701863354,292.8
FFV,torch-GREA,graph,4,train,0.025279726116775626,0.018393548829718165,0.22757522328193402,-0.1393009305307261,0.03501139424072926,0.9198259788688626,292.8
FFV,torch-GNN,graph,0,test,0.02443446197793276,0.015424028903634823,0.3359643150986166,,,0.0,17801.3
FFV,torch-GNN,graph,0,train,0.02270564477622878,0.014581164583454547,0.37686930417782394,,,0.0,17801.3
FFV,torch-GNN,graph,1,test,0.026982800511265784,0.015641086297615906,0.1902333204469907,,,0.0,250.8
FFV,torch-GNN,graph,1,train,0.023632495393268255,0.015147816300343286,0.3249582546513977,,,0.0,250.8
FFV,torch-GNN,graph,2,test,0.028443942805087698,0.015430210309346644,0.10015967685648386,,,0.0,186.0
FFV,torch-GNN,graph,2,train,0.023931700185875007,0.014829756518140998,0.30775699826808245,,,0.0,186.0
FFV,torch-GNN,graph,3,test,0.02499474017697102,0.01531720477924475,0.30516272183241067,,,0.0,240.7
FFV,torch-GNN,graph,3,train,0.02243328859513662,0.014783169090176764,0.39172866045085986,,,0.0,240.7
FFV,torch-GNN,graph,4,test,0.024122408753571047,0.015170572797162739,0.3528168494984437,,,0.0,224.4
FFV,torch-GNN,graph,4,train,0.022382545448609688,0.014622139769771557,0.39447731615862214,,,0.0,224.4
FFV,QuantileRandomForest,TopologicalTorsion,0,test,0.01679165268587159,0.008330994518633538,0.6864023909054798,0.42134662955634833,0.057280883367839874,0.8850931677018633,1533.3
FFV,QuantileRandomForest,TopologicalTorsion,0,train,0.008420739264406344,0.002205749621659416,0.9142938655807225,0.034421968910718456,0.3332297493267039,0.9881914232442511,1533.3
FFV,QuantileRandomForest,TopologicalTorsion,1,test,0.016657609374699872,0.008270012043478261,0.6913891403231939,0.4183870955716156,0.05624568668046928,0.8701863354037267,38.0
FFV,QuantileRandomForest,TopologicalTorsion,1,train,0.008829469714584096,0.002183307586233686,0.9057718402364698,0.016382402194334667,0.33319522132449414,0.9905220633934121,38.0
FFV,QuantileRandomForest,TopologicalTorsion,2,test,0.01662945038285557,0.008319058440993789,0.6924316459193308,0.41959228150139927,0.05369220151828846,0.8739130434782608,37.2
FFV,QuantileRandomForest,TopologicalTorsion,2,train,0.007007912171898373,0.002131700908949658,0.9406407004257666,0.00778979217663313,0.33518058145155716,0.9886575512740833,37.2
FFV,QuantileRandomForest,TopologicalTorsion,3,test,0.01684029068855575,0.008329661953416148,0.6845830522262359,0.40898696129790135,0.05224292615596962,0.8751552795031056,38.4
FFV,QuantileRandomForest,TopologicalTorsion,3,train,0.007336863199642298,0.002153381462865134,0.9349372658169912,0.03674131846119928,0.33388578136868996,0.987880671224363,38.4
FFV,QuantileRandomForest,TopologicalTorsion,4,test,0.016763567944466845,0.008384464913043477,0.6874505238827276,0.4178299429113884,0.054382332643202184,0.8745341614906832,36.4
FFV,QuantileRandomForest,TopologicalTorsion,4,train,0.00797269858282038,0.0022057802439403354,0.9231715347095977,0.01925729031421963,0.33493888543608863,0.9877252952144189,36.4
Bulk_modulus_GPa,QuantileRandomForest,Morgan,0,test,0.5252930043172243,0.3600961538461539,0.5123646679222542,0.4571637554579717,0.09401709401709403,0.6923076923076923,20.5
Bulk_modulus_GPa,QuantileRandomForest,Morgan,0,train,0.19271796840599653,0.12562871287128713,0.9448044204526918,-0.025653603610036782,0.18756875687568753,0.9603960396039604,20.5
Bulk_modulus_GPa,QuantileRandomForest,Morgan,1,test,0.5602916908594611,0.40517307692307697,0.4452206402278879,0.6557005384853669,0.1324786324786325,0.6923076923076923,5.2
Bulk_modulus_GPa,QuantileRandomForest,Morgan,1,train,0.2456772564899641,0.14008415841584157,0.9103005484825932,0.08694239014269611,0.19526952695269525,0.9801980198019802,5.2
Bulk_modulus_GPa,QuantileRandomForest,Morgan,2,test,0.5454201185959597,0.3753653846153846,0.4742803160397052,0.5419972388809229,0.11111111111111113,0.7307692307692307,5.3
Bulk_modulus_GPa,QuantileRandomForest,Morgan,2,train,0.2771949889178881,0.14961881188118803,0.8858093276607704,-0.00286251044522002,0.17766776677667767,0.9702970297029703,5.3
Bulk_modulus_GPa,QuantileRandomForest,Morgan,3,test,0.547393746275511,0.3782115384615385,0.47046875082348527,0.3393327407739223,0.11880341880341883,0.7692307692307693,5.3
Bulk_modulus_GPa,QuantileRandomForest,Morgan,3,train,0.3061455600860415,0.15165346534653465,0.8607113237508878,0.03211400918908203,0.18096809680968093,0.9702970297029703,5.3
Bulk_modulus_GPa,QuantileRandomForest,Morgan,4,test,0.5540350499187408,0.3866730769230769,0.4575416333717228,0.5287883618228264,0.15384615384615385,0.6923076923076923,5.2
Bulk_modulus_GPa,QuantileRandomForest,Morgan,4,train,0.34650572552525327,0.18053465346534653,0.821564726674506,0.11596056145781282,0.11936193619361934,0.9306930693069307,5.2
Bulk_modulus_GPa,QuantileRandomForest,RDKit,0,test,0.5610211071718316,0.35882692307692304,0.4437752198219189,0.5480737904015169,0.05128205128205126,0.7307692307692307,24.9
Bulk_modulus_GPa,QuantileRandomForest,RDKit,0,train,0.2969417134525205,0.1278910891089109,0.8689604778676225,-0.049586736803343974,0.25907590759075905,0.9702970297029703,24.9
Bulk_modulus_GPa,QuantileRandomForest,RDKit,1,test,0.5148078991982573,0.3554999999999998,0.5316372628603185,0.6286602223885929,0.05128205128205131,0.7692307692307693,5.3
Bulk_modulus_GPa,QuantileRandomForest,RDKit,1,train,0.2829724823062735,0.133990099009901,0.8809996361366785,0.06386744006290698,0.23487348734873484,0.9702970297029703,5.3
Bulk_modulus_GPa,QuantileRandomForest,RDKit,2,test,0.5762820907133268,0.4077884615384615,0.4131026110325725,0.6320500747344573,0.07606837606837609,0.8076923076923077,5.5
Bulk_modulus_GPa,QuantileRandomForest,RDKit,2,train,0.3503666290508775,0.16886633663366338,0.8175661809550212,0.18858206916422515,0.22277227722772272,0.9702970297029703,5.5
Bulk_modulus_GPa,QuantileRandomForest,RDKit,3,test,0.6056521199373577,0.39632692307692313,0.3517561360050768,0.7310400734202865,0.12393162393162396,0.6923076923076923,5.3
Bulk_modulus_GPa,QuantileRandomForest,RDKit,3,train,0.32953508354517996,0.13745544554455444,0.8386149889745227,0.016735372428359298,0.23817381738173815,0.9801980198019802,5.3
Bulk_modulus_GPa,QuantileRandomForest,RDKit,4,test,0.541564746821652,0.37605769230769215,0.4816862816654366,0.7080987690085023,0.0760683760683761,0.7307692307692307,5.5
Bulk_modulus_GPa,QuantileRandomForest,RDKit,4,train,0.38814644577316004,0.1772970297029703,0.7761015393917443,0.20621146926140746,0.21947194719471944,0.9603960396039604,5.5
Bulk_modulus_GPa,DropoutMLP,Morgan,0,test,0.8622057519610945,0.5124181621624875,-0.3137531271815881,-0.5035897435897435,0.10427350427350429,0.6923076923076923,46.6
Bulk_modulus_GPa,DropoutMLP,Morgan,0,train,0.20660585126804912,0.14298699484721267,0.9365626380992204,0.16658124635993007,0.16336633663366337,0.9603960396039604,46.6
Bulk_modulus_GPa,DropoutMLP,Morgan,1,test,0.8185926542143219,0.4748201942810647,-0.18420698227582344,-0.3217094017094017,0.07179487179487182,0.7307692307692307,16.4
Bulk_modulus_GPa,DropoutMLP,Morgan,1,train,0.30508929182159233,0.19278216567842094,0.861670817657575,-0.1011531741409435,0.08085808580858084,0.9306930693069307,16.4
Bulk_modulus_GPa,DropoutMLP,Morgan,2,test,0.8384208348147043,0.4760007370435275,-0.2422701654056434,-0.3682051282051282,0.07179487179487182,0.7307692307692307,16.7
Bulk_modulus_GPa,DropoutMLP,Morgan,2,train,0.22510961358446935,0.14373212968240864,0.9246908119658918,0.04104834012813046,0.17216721672167218,0.9702970297029703,16.7
Bulk_modulus_GPa,DropoutMLP,Morgan,3,test,0.913428339809381,0.61591079051678,-0.47448681974487417,-0.07555555555555556,0.22222222222222227,0.5769230769230769,16.7
Bulk_modulus_GPa,DropoutMLP,Morgan,3,train,0.5300582486540624,0.389722777243888,0.5824513587299059,0.2642981945253349,0.17216721672167218,0.6831683168316832,16.7
Bulk_modulus_GPa,DropoutMLP,Morgan,4,test,0.8625867573515797,0.5100835899206309,-0.31491446858294636,-0.38598290598290597,0.09829059829059832,0.6538461538461539,18.5
Bulk_modulus_GPa,DropoutMLP,Morgan,4,train,0.3666693820085223,0.18887262893903373,0.800193701963485,0.043273150844496205,0.15786578657865785,0.9108910891089109,18.5
Bulk_modulus_GPa,DropoutMLP,RDKit,0,test,1.1195102989439794,0.6625436758628258,-1.214869372303693,-0.35794871794871796,0.23504273504273504,0.5769230769230769,34.4
Bulk_modulus_GPa,DropoutMLP,RDKit,0,train,0.7031096974066366,0.48276449903167107,0.2653067396708507,0.07115899825276645,0.202970297029703,0.5643564356435643,34.4
Bulk_modulus_GPa,DropoutMLP,RDKit,1,test,1.0834611968870695,0.6544784695368547,-1.0745249166228668,-0.5295726495726496,0.22136752136752136,0.5,17.8
Bulk_modulus_GPa,DropoutMLP,RDKit,1,train,0.2673680145913825,0.1748991635860783,0.8937622700155947,0.0006173558532323821,0.07755775577557754,0.9108910891089109,17.8
Bulk_modulus_GPa,DropoutMLP,RDKit,2,test,1.084735143350598,0.64388366489227,-1.079406286488533,-0.4092307692307692,0.2606837606837607,0.5,16.0
Bulk_modulus_GPa,DropoutMLP,RDKit,2,train,0.41681706825037196,0.239815449459718,0.7418031917281729,-0.14668608037274317,0.026732673267326725,0.8811881188118812,16.0
Bulk_modulus_GPa,DropoutMLP,RDKit,3,test,1.0772847758084882,0.6129073662024277,-1.0509400980450123,-0.1747008547008547,0.14102564102564105,0.6153846153846154,16.2
Bulk_modulus_GPa,DropoutMLP,RDKit,3,train,0.45305319462635923,0.25658412880472625,0.694958958965141,-0.2112638322655795,0.039053905390539045,0.8712871287128713,16.2
Bulk_modulus_GPa,DropoutMLP,RDKit,4,test,1.0769544413383538,0.609539664378533,-1.0496825060816657,-0.4618803418803418,0.2008547008547009,0.6153846153846154,16.4
Bulk_modulus_GPa,DropoutMLP,RDKit,4,train,0.5345847962636493,0.2699259130081328,0.5752894135231088,-0.21680838672102504,0.07293729372937292,0.8514851485148515,16.4
Bulk_modulus_GPa,QuantileRandomForest,MACCS,0,test,0.6006707868964241,0.4065961538461539,0.3623755630233547,0.48001683962675434,0.059829059829059866,0.8461538461538461,18.7
Bulk_modulus_GPa,QuantileRandomForest,MACCS,0,train,0.3593267907827879,0.21522772277227722,0.8081158611070858,0.17717510561674796,0.12266226622662263,0.9702970297029703,18.7
Bulk_modulus_GPa,QuantileRandomForest,MACCS,1,test,0.552712915814071,0.4007884615384614,0.4601275598415965,0.5990767800612776,0.05982905982905985,0.8461538461538461,5.2
Bulk_modulus_GPa,QuantileRandomForest,MACCS,1,train,0.3916393635592685,0.2276039603960396,0.7720536972135348,0.24747880752402174,0.14026402640264024,0.9900990099009901,5.2
Bulk_modulus_GPa,QuantileRandomForest,MACCS,2,test,0.5773123154890987,0.37617307692307694,0.41100233168130185,0.36943218019767127,0.05470085470085472,0.8076923076923077,5.3
Bulk_modulus_GPa,QuantileRandomForest,MACCS,2,train,0.40504437478448513,0.23979207920792076,0.7561823784294246,0.20582546210045385,0.10154015401540152,0.9702970297029703,5.3
Bulk_modulus_GPa,QuantileRandomForest,MACCS,3,test,0.5729516357626331,0.41326923076923083,0.41986661505950384,0.6562733071229505,0.11965811965811968,0.8076923076923077,5.3
Bulk_modulus_GPa,QuantileRandomForest,MACCS,3,train,0.4342081645916159,0.262509900990099,0.7198079227021725,0.3888543477756206,0.07733773377337733,0.9603960396039604,5.3
Bulk_modulus_GPa,QuantileRandomForest,MACCS,4,test,0.5828630100302632,0.42338461538461536,0.3996217912939073,0.7215099312106888,0.09401709401709404,0.8076923076923077,5.3
Bulk_modulus_GPa,QuantileRandomForest,MACCS,4,train,0.43058749010353675,0.25013366336633663,0.7244612420776242,0.3576237035564674,0.09405940594059403,0.9801980198019802,5.3
Bulk_modulus_GPa,DropoutMLP,MACCS,0,test,0.6490575887015103,0.38357559409508346,0.2555108116418219,-0.3716239316239316,0.1316239316239316,0.8076923076923077,38.4
Bulk_modulus_GPa,DropoutMLP,MACCS,0,train,0.281227832092381,0.22374125595848157,0.8824624921189245,-0.2673733255678509,0.13586358635863582,0.9603960396039604,38.4
Bulk_modulus_GPa,DropoutMLP,MACCS,1,test,0.6073331252047077,0.3856016932267409,0.3481527024066452,-0.47282051282051274,0.08461538461538459,0.8076923076923077,16.1
Bulk_modulus_GPa,DropoutMLP,MACCS,1,train,0.2924253238799497,0.2236074681045985,0.8729163033050278,-0.17902154921374488,0.13036303630363033,0.9405940594059405,16.1
Bulk_modulus_GPa,DropoutMLP,MACCS,2,test,0.5753694135708985,0.387300409757174,0.41496011685768774,-0.5623931623931623,0.08974358974358976,0.7307692307692307,15.8
Bulk_modulus_GPa,DropoutMLP,MACCS,2,train,0.28113919389206793,0.20512695329496175,0.8825365720650902,-0.10448456610366919,0.17766776677667762,0.9702970297029703,15.8
Bulk_modulus_GPa,DropoutMLP,MACCS,3,test,0.6362909037612663,0.390207589516273,0.2845103419974577,-0.4591452991452991,0.08888888888888886,0.8461538461538461,15.5
Bulk_modulus_GPa,DropoutMLP,MACCS,3,train,0.42990632885676816,0.2823621976304762,0.7253323211240219,-0.37115899825276644,0.09955995599559954,0.9207920792079208,15.5
Bulk_modulus_GPa,DropoutMLP,MACCS,4,test,0.6230696503812616,0.4057459950813881,0.31393521829528237,-0.4365811965811965,0.12307692307692308,0.7307692307692307,15.8
Bulk_modulus_GPa,DropoutMLP,MACCS,4,train,0.3522535412998366,0.234194022358054,0.815595881682437,-0.22681421083284797,0.15126512651265125,0.9108910891089109,15.8
Bulk_modulus_GPa,DropoutMLP,TopologicalTorsion,0,test,0.937159991665954,0.5135830119756553,-0.5520989706268626,-0.38598290598290597,0.057264957264957284,0.7692307692307693,43.2
Bulk_modulus_GPa,DropoutMLP,TopologicalTorsion,0,train,0.21010870673896037,0.16532007478015254,0.9343933323280915,0.02239953407105416,0.15456545654565457,0.9603960396039604,43.2
Bulk_modulus_GPa,DropoutMLP,TopologicalTorsion,1,test,0.9226785437646523,0.4969693797551669,-0.5045020167690488,-0.5336752136752136,0.07692307692307693,0.7692307692307693,17.8
Bulk_modulus_GPa,DropoutMLP,TopologicalTorsion,1,train,0.36381733998315907,0.21672751717520233,0.8032898956950097,0.06394874781595805,0.09515951595159514,0.9504950495049505,17.8
Bulk_modulus_GPa,DropoutMLP,TopologicalTorsion,2,test,0.8833309102946397,0.485183180809021,-0.3789190993815035,-0.7114529914529912,0.06068376068376069,0.7307692307692307,17.4
Bulk_modulus_GPa,DropoutMLP,TopologicalTorsion,2,train,0.2778064571241217,0.15939736682589692,0.8853049824799596,0.08771112405358181,0.19966996699669964,0.9702970297029703,17.4
Bulk_modulus_GPa,DropoutMLP,TopologicalTorsion,3,test,0.9388053133737714,0.5399052456342257,-0.5575536290650198,-0.2533333333333333,0.11965811965811968,0.6923076923076923,17.3
Bulk_modulus_GPa,DropoutMLP,TopologicalTorsion,3,train,0.40666877945121127,0.22562613203974055,0.7542228268806388,0.043634245777518926,0.10506050605060505,0.9603960396039604,17.3
Bulk_modulus_GPa,DropoutMLP,TopologicalTorsion,4,test,0.9228005903611849,0.47167221238062934,-0.50490005679267,-0.44068376068376064,0.05897435897435899,0.7692307692307693,17.1
Bulk_modulus_GPa,DropoutMLP,TopologicalTorsion,4,train,0.4169547309555381,0.20251542512497103,0.7416326135854205,-0.029714618520675598,0.17106710671067102,0.9504950495049505,17.1
Bulk_modulus_GPa,QuantileRandomForest,AtomPair,0,test,0.5057247370016467,0.3539423076923077,0.5480188470609306,0.6143589743589742,0.04273504273504272,0.8846153846153846,22.6
Bulk_modulus_GPa,QuantileRandomForest,AtomPair,0,train,0.20118389080836496,0.11836138613861386,0.9398485243355089,0.13816618953395043,0.2535753575357536,0.9702970297029703,22.6
Bulk_modulus_GPa,QuantileRandomForest,AtomPair,1,test,0.5299975235791201,0.39667307692307696,0.5035910398056948,0.6287179487179486,0.10256410256410259,0.7692307692307693,5.4
Bulk_modulus_GPa,QuantileRandomForest,AtomPair,1,train,0.2696336623665304,0.14922772277227725,0.8919541472425591,0.12771060682707333,0.22167216721672167,0.9801980198019802,5.4
Bulk_modulus_GPa,QuantileRandomForest,AtomPair,2,test,0.5178608923699045,0.3845384615384616,0.5260656771417747,0.617094017094017,0.08034188034188036,0.8461538461538461,5.3
Bulk_modulus_GPa,QuantileRandomForest,AtomPair,2,train,0.3052459931541013,0.15303465346534653,0.8615286826529343,0.13160599147932991,0.2348734873487349,0.9900990099009901,5.3
Bulk_modulus_GPa,QuantileRandomForest,AtomPair,3,test,0.5640378124258638,0.4133846153846154,0.4377773079816596,0.6862711674928507,0.07863247863247863,0.8461538461538461,5.4
Bulk_modulus_GPa,QuantileRandomForest,AtomPair,3,train,0.33127153768950374,0.17141584158415848,0.8369097015663576,0.2753601119362941,0.19306930693069305,0.9801980198019802,5.4
Bulk_modulus_GPa,QuantileRandomForest,AtomPair,4,test,0.5409790270355291,0.3926153846153847,0.4828068214814627,0.6827350427350427,0.11538461538461539,0.7692307692307693,5.6
Bulk_modulus_GPa,QuantileRandomForest,AtomPair,4,train,0.3406196704551722,0.16961881188118816,0.8275753595372917,0.26270872870533973,0.20847084708470845,0.9801980198019802,5.6
Bulk_modulus_GPa,DropoutMLP,AtomPair,0,test,1.0794362749527953,0.6144617698926192,-1.059140347919095,-0.22324786324786322,0.14529914529914534,0.6153846153846154,37.7
Bulk_modulus_GPa,DropoutMLP,AtomPair,0,train,0.4089314647279631,0.24445265227969326,0.7514802337856652,-0.24867792661619104,0.040154015401540157,0.8415841584158416,37.7
Bulk_modulus_GPa,DropoutMLP,AtomPair,1,test,1.0550719366748744,0.5784231964624845,-0.9672342385192156,-0.26017094017094017,0.1324786324786325,0.6923076923076923,16.8
Bulk_modulus_GPa,DropoutMLP,AtomPair,1,train,0.29430976394353586,0.15817253611347454,0.8712731265990223,0.05586488060570762,0.15456545654565457,0.9207920792079208,16.8
Bulk_modulus_GPa,DropoutMLP,AtomPair,2,test,1.1447546954355938,0.6801275537014008,-1.3158839787699432,-0.21504273504273502,0.21794871794871795,0.6153846153846154,15.5
Bulk_modulus_GPa,DropoutMLP,AtomPair,2,train,0.5115732204061552,0.32955540568285646,0.6110663811696008,-0.33211415259172977,0.10396039603960398,0.7524752475247525,15.5
Bulk_modulus_GPa,DropoutMLP,AtomPair,3,test,1.0406330089469307,0.6159161624174853,-0.9137584727828925,-0.308034188034188,0.22649572649572652,0.6153846153846154,17.4
Bulk_modulus_GPa,DropoutMLP,AtomPair,3,train,0.3229032113884798,0.14502035263741372,0.8450453516786871,0.12570762958648807,0.18096809680968093,0.9603960396039604,17.4
Bulk_modulus_GPa,DropoutMLP,AtomPair,4,test,1.0171407791062559,0.5659402213830215,-0.8283278045743747,-0.37846153846153846,0.15384615384615385,0.6538461538461539,18.8
Bulk_modulus_GPa,DropoutMLP,AtomPair,4,train,0.4002556531485721,0.1889935115776439,0.7619134678804368,-0.020046592894583576,0.13036303630363033,0.9108910891089109,18.8
Bulk_modulus_GPa,torch-GNN,graph,0,test,0.7264794252346272,0.5734629791699923,0.06730731781160948,,,0.0,437.6
Bulk_modulus_GPa,torch-GNN,graph,0,train,0.506108626108801,0.376479048643962,0.6193311332864186,,,0.0,437.6
Bulk_modulus_GPa,torch-GNN,graph,1,test,0.7396249378739762,0.6008113049727221,0.03324812552249201,,,0.0,19.8
Bulk_modulus_GPa,torch-GNN,graph,1,train,0.5584775042421537,0.4155170529809328,0.5364770427851233,,,0.0,19.8
Bulk_modulus_GPa,torch-GNN,graph,2,test,0.7085268514721956,0.5749517888289232,0.1128346761480048,,,0.0,22.8
Bulk_modulus_GPa,torch-GNN,graph,2,train,0.5169396576605231,0.3849572329001851,0.6028637030468242,,,0.0,22.8
Bulk_modulus_GPa,torch-GNN,graph,3,test,0.7825443233511054,0.6495468806486863,-0.08220571226132756,,,0.0,20.9
Bulk_modulus_GPa,torch-GNN,graph,3,train,0.6303648265554087,0.4980200367540416,0.4094674721535002,,,0.0,20.9
Bulk_modulus_GPa,torch-GNN,graph,4,test,0.7071952362566697,0.5972602102573101,0.116166244194012,,,0.0,16.4
Bulk_modulus_GPa,torch-GNN,graph,4,train,0.5459736910308338,0.40078734649053893,0.5570004228181,,,0.0,16.4
Bulk_modulus_GPa,torch-GREA,graph,0,test,0.6325424587063486,0.44347850667513344,0.29291553460511566,-0.14393162393162393,0.2350427350427351,0.7307692307692307,1073.8
Bulk_modulus_GPa,torch-GREA,graph,0,train,0.6231800252943597,0.4140356760308294,0.4228523532477574,-0.07817122888759463,0.2018701870187019,0.6138613861386139,1073.8
Bulk_modulus_GPa,torch-GREA,graph,1,test,0.6241574368684447,0.445930592757005,0.31153759403109593,0.14598290598290597,0.3760683760683761,0.46153846153846156,26.4
Bulk_modulus_GPa,torch-GREA,graph,1,train,0.5997589414747639,0.4076538740290273,0.4654192168476783,0.036983217773068205,0.2821782178217822,0.5247524752475248,26.4
Bulk_modulus_GPa,torch-GREA,graph,2,test,0.7139359531347256,0.5018740363487831,0.0992372097520835,-0.10222222222222223,0.2735042735042735,0.5769230769230769,15.3
Bulk_modulus_GPa,torch-GREA,graph,2,train,0.6457035176079132,0.4589884478502934,0.38037891932285783,-0.49015725101921953,0.21837183718371836,0.5742574257425742,15.3
Bulk_modulus_GPa,torch-GREA,graph,3,test,0.6450781597271951,0.45057380375495326,0.2646118830727465,-0.37846153846153846,0.28632478632478636,0.46153846153846156,20.4
Bulk_modulus_GPa,torch-GREA,graph,3,train,0.6508534949944392,0.44397739032707584,0.3704556033367151,-0.5785689533191488,0.2491749174917492,0.5544554455445545,20.4
Bulk_modulus_GPa,torch-GREA,graph,4,test,0.6359350739468081,0.45550729619539704,0.2853103577244859,0.05299145299145299,0.32905982905982906,0.46153846153846156,24.1
Bulk_modulus_GPa,torch-GREA,graph,4,train,0.6161269650651188,0.41280216234037187,0.43584256923348086,-0.5475713453698311,0.14356435643564358,0.6336633663366337,24.1
Bulk_modulus_GPa,QuantileRandomForest,TopologicalTorsion,0,test,0.5398666858230265,0.37296153846153846,0.48493150213652314,0.4301642319911843,0.11025641025641028,0.6923076923076923,18.8
Bulk_modulus_GPa,QuantileRandomForest,TopologicalTorsion,0,train,0.207795501147233,0.1079009900990099,0.9358299819329686,-0.28523854542224,0.20737073707370735,0.9801980198019802,18.8
Bulk_modulus_GPa,QuantileRandomForest,TopologicalTorsion,1,test,0.567929242951972,0.40940384615384606,0.42999273131850413,0.48406078513590334,0.20000000000000004,0.6153846153846154,5.8
Bulk_modulus_GPa,QuantileRandomForest,TopologicalTorsion,1,train,0.2852796786479979,0.13691089108910895,0.8790512028939651,-0.1303160160808677,0.17106710671067107,0.9702970297029703,5.8
Bulk_modulus_GPa,QuantileRandomForest,TopologicalTorsion,2,test,0.5729051891624223,0.40086538461538457,0.4199606688314237,0.3869376757771721,0.1658119658119658,0.6153846153846154,5.9
Bulk_modulus_GPa,QuantileRandomForest,TopologicalTorsion,2,train,0.37212789574564176,0.16380693069306934,0.7942004908753804,-0.08229981315334606,0.17216721672167218,0.9603960396039604,5.9
Bulk_modulus_GPa,QuantileRandomForest,TopologicalTorsion,3,test,0.5606967248947441,0.3996730769230768,0.444418251951456,0.4710147784492246,0.17094017094017097,0.6538461538461539,6.0
Bulk_modulus_GPa,QuantileRandomForest,TopologicalTorsion,3,train,0.3755151346305947,0.1406881188118812,0.7904369208960609,-0.17912687930884566,0.20077007700770075,0.9801980198019802,6.0
Bulk_modulus_GPa,QuantileRandomForest,TopologicalTorsion,4,test,0.5539259184014801,0.39992307692307694,0.4577553147053979,0.5141726934524138,0.1794871794871795,0.6538461538461539,5.8
Bulk_modulus_GPa,QuantileRandomForest,TopologicalTorsion,4,train,0.37273116954780594,0.1631584158415842,0.7935326877397626,-0.10547131805275164,0.16556655665566555,0.9504950495049505,5.8
O2_msa_log10,QuantileRandomForest,Morgan,0,test,0.6918579461100738,0.40762196045982113,0.7234994481268977,0.441019159931097,0.03347135955831609,0.8571428571428571,78.9
O2_msa_log10,QuantileRandomForest,Morgan,0,train,0.21221782320666,0.0848337208898942,0.967903272162945,0.06976036995022131,0.3498964803312629,0.9860248447204969,78.9
O2_msa_log10,QuantileRandomForest,Morgan,1,test,0.6778754781455311,0.38803371418227145,0.7345626801953562,0.4031536388931916,0.04824016563146998,0.84472049689441,7.1
O2_msa_log10,QuantileRandomForest,Morgan,1,train,0.2074630142145197,0.0783845384721185,0.9693254347971715,0.007604641685119932,0.3590407177363699,0.9875776397515528,7.1
O2_msa_log10,QuantileRandomForest,Morgan,2,test,0.701843991307794,0.3962906825964325,0.7154600124073064,0.34249950216645025,0.03416149068322981,0.8633540372670807,6.8
O2_msa_log10,QuantileRandomForest,Morgan,2,train,0.20110390041273157,0.08252721884391372,0.9711770760194698,0.060279342736089356,0.3497239475500345,0.9891304347826086,6.8
O2_msa_log10,QuantileRandomForest,Morgan,3,test,0.6596058464338026,0.38607870690496093,0.7486776403107295,0.39917383653749533,0.035403726708074554,0.8571428571428571,7.0
O2_msa_log10,QuantileRandomForest,Morgan,3,train,0.22048831857223772,0.08319328795124625,0.965352793874529,0.08006406919940054,0.35610766045548653,0.9829192546583851,7.0
O2_msa_log10,QuantileRandomForest,Morgan,4,test,0.7607558448555143,0.41281235031106545,0.6656874106017342,0.4305148277445744,0.03098688750862662,0.8695652173913043,6.9
O2_msa_log10,QuantileRandomForest,Morgan,4,train,0.2749116146501895,0.09409470499568535,0.946137906949156,0.09665067644050078,0.35162180814354727,0.9891304347826086,6.9
O2_msa_log10,DropoutMLP,MACCS,0,test,0.7563502394587303,0.4891554567674803,0.6695482672920765,-0.03112203818725558,0.28812974465148383,0.422360248447205,50.8
O2_msa_log10,DropoutMLP,MACCS,0,train,0.42732984039001237,0.3146817269407976,0.8698561980378393,-0.0032610661286594225,0.2298136645962733,0.5419254658385093,50.8
O2_msa_log10,DropoutMLP,MACCS,1,test,0.716395782213621,0.46667018325190907,0.7035385854450181,0.1724925235794801,0.3253968253968254,0.36024844720496896,20.0
O2_msa_log10,DropoutMLP,MACCS,1,train,0.32666733129974923,0.23830055887128165,0.9239483820511799,0.03252224143427065,0.19116632160110422,0.6195652173913043,20.0
O2_msa_log10,DropoutMLP,MACCS,2,test,0.6833725107954597,0.4359422755064685,0.7302402528346574,0.14582470669427194,0.3067632850241546,0.40372670807453415,21.0
O2_msa_log10,DropoutMLP,MACCS,2,train,0.31658736880873545,0.2236865399461889,0.9285694135927548,0.01754734202420808,0.15424430641821948,0.6428571428571429,21.0
O2_msa_log10,DropoutMLP,MACCS,3,test,0.7272723043575648,0.48211013559270377,0.6944683295352619,0.06716126063952152,0.3081435472739821,0.40372670807453415,19.3
O2_msa_log10,DropoutMLP,MACCS,3,train,0.43727219791965083,0.31918963173365833,0.863729835686377,0.028221163749927277,0.23171152518978605,0.5031055900621118,19.3
O2_msa_log10,DropoutMLP,MACCS,4,test,0.7915390898679172,0.4895921921539672,0.6380847608123303,-0.12383252818035428,0.26811594202898553,0.4161490683229814,18.8
O2_msa_log10,DropoutMLP,MACCS,4,train,0.49655570872090976,0.35966179171663626,0.824275220507444,-0.09675553505804463,0.23257418909592825,0.5279503105590062,18.8
O2_msa_log10,DropoutMLP,RDKit,0,test,0.6853390354478393,0.4115717299874026,0.728685456665279,0.0302162410858063,0.3336783988957903,0.36024844720496896,68.3
O2_msa_log10,DropoutMLP,RDKit,0,train,0.24446234973662703,0.1738568094488753,0.9574086886048813,0.07009214220230581,0.13716356107660457,0.6630434782608695,68.3
O2_msa_log10,DropoutMLP,RDKit,1,test,0.6842671310195909,0.4142283084535752,0.7295334919131694,0.09473487462617898,0.3122843340234645,0.37267080745341613,24.3
O2_msa_log10,DropoutMLP,RDKit,1,train,0.2288242529815718,0.15463063176721845,0.9626834783792745,0.22863828260611233,0.08747412008281576,0.7468944099378882,24.3
O2_msa_log10,DropoutMLP,RDKit,2,test,0.6731631615354922,0.4025837356011706,0.7382402791560205,0.14372555785599267,0.34748102139406495,0.32298136645962733,23.4
O2_msa_log10,DropoutMLP,RDKit,2,train,0.22536114871910826,0.1527912229886675,0.9638044530169514,0.1217125775218135,0.08561076604554868,0.7065217391304348,23.4
O2_msa_log10,DropoutMLP,RDKit,3,test,0.6935390721395658,0.4148223329994907,0.7221540938704938,-0.04062571888658846,0.29710144927536236,0.40372670807453415,22.1
O2_msa_log10,DropoutMLP,RDKit,3,train,0.29645426179535733,0.20631122626348017,0.9373656687428683,0.02630841051162881,0.13612836438923398,0.6770186335403726,22.1
O2_msa_log10,DropoutMLP,RDKit,4,test,0.7872836953249002,0.4527129352434989,0.6419656867392141,0.02417759374281114,0.31918564527260185,0.3416149068322981,21.5
O2_msa_log10,DropoutMLP,RDKit,4,train,0.36244802112012153,0.251863385273715,0.9063757148921021,0.032445053778634526,0.20462387853692204,0.5512422360248447,21.5
O2_msa_log10,QuantileRandomForest,RDKit,0,test,0.7440705747013697,0.4345357935324544,0.6801912100551117,0.3882102175719083,0.06659765355417528,0.8881987577639752,189.1
O2_msa_log10,QuantileRandomForest,RDKit,0,train,0.19963664536623366,0.08561291300838218,0.9715961261168226,0.07146106092283262,0.37508626639061426,0.9953416149068323,189.1
O2_msa_log10,QuantileRandomForest,RDKit,1,test,0.7506587764822183,0.43173357344226826,0.674502790893801,0.39390316584263096,0.07211870255348514,0.8881987577639752,12.6
O2_msa_log10,QuantileRandomForest,RDKit,1,train,0.1932858557336289,0.08369002329520883,0.9733745352318799,0.053690264449743286,0.37232574189095924,0.9922360248447205,12.6
O2_msa_log10,QuantileRandomForest,RDKit,2,test,0.7588396381903872,0.4342748627891587,0.667369435717545,0.3884482472352023,0.07349896480331261,0.8819875776397516,12.7
O2_msa_log10,QuantileRandomForest,RDKit,2,train,0.2011596236506435,0.0872799130627356,0.9711611009025032,0.06418237733303879,0.36801242236024845,0.9922360248447205,12.7
O2_msa_log10,QuantileRandomForest,RDKit,3,test,0.7263189142104175,0.423777168737008,0.6952688548794261,0.36639981138514277,0.07556935817805381,0.9130434782608695,12.8
O2_msa_log10,QuantileRandomForest,RDKit,3,train,0.19838118540970226,0.08873241640208535,0.971952251100501,0.05467898678935352,0.3687025534851622,0.9922360248447205,12.8
O2_msa_log10,QuantileRandomForest,RDKit,4,test,0.8106322535068473,0.45155029106729355,0.620414254630591,0.40777409545486887,0.07267080745341613,0.906832298136646,14.3
O2_msa_log10,QuantileRandomForest,RDKit,4,train,0.261908457732297,0.09765374890560906,0.9511126951825544,0.09106338889768908,0.369047619047619,0.9829192546583851,14.3
O2_msa_log10,DropoutMLP,TopologicalTorsion,0,test,0.7072705249710327,0.39897142094773874,0.7110429765349904,0.1515873015873016,0.26811594202898553,0.43478260869565216,60.0
O2_msa_log10,DropoutMLP,TopologicalTorsion,0,train,0.20038810956861391,0.13023990569858934,0.9713818902340757,0.2590608221204186,0.02008281573498967,0.8229813664596274,60.0
O2_msa_log10,DropoutMLP,TopologicalTorsion,1,test,0.7591872954280702,0.44033156210071495,0.6670645810223149,0.27520991488382796,0.27087646652864045,0.453416149068323,20.6
O2_msa_log10,DropoutMLP,TopologicalTorsion,1,train,0.2910969097087072,0.19610244595350082,0.9396089975561451,0.2595971370478508,0.07539682539682542,0.7748447204968945,20.6
O2_msa_log10,DropoutMLP,TopologicalTorsion,2,test,0.7771927969171846,0.46817733591391636,0.6510849764207199,0.3860190936277893,0.2950310559006211,0.43478260869565216,20.4
O2_msa_log10,DropoutMLP,TopologicalTorsion,2,train,0.2951814847337294,0.22163042452834644,0.937902334387816,0.3666582574954134,0.1725327812284334,0.6909937888198758,20.4
O2_msa_log10,DropoutMLP,TopologicalTorsion,3,test,0.7992707866794772,0.46840094545680283,0.6309799056328369,0.11502760524499657,0.2943409247757074,0.4472049689440994,19.5
O2_msa_log10,DropoutMLP,TopologicalTorsion,3,train,0.4001793997124569,0.27333818984336905,0.8858682423578824,0.08733868599922408,0.18426501035196688,0.6164596273291926,19.5
O2_msa_log10,DropoutMLP,TopologicalTorsion,4,test,0.7830623277695103,0.4437552514806379,0.6457949097750728,0.24556015642972168,0.2550034506556246,0.484472049689441,20.0
O2_msa_log10,DropoutMLP,TopologicalTorsion,4,train,0.276304159389566,0.18046016465341336,0.9455908559156605,0.2754223586759397,0.062111801242236045,0.8152173913043478,20.0
O2_msa_log10,QuantileRandomForest,MACCS,0,test,0.77917552985395,0.4891540688873149,0.6493024386499375,0.2483281884262048,0.061628709454796406,0.7701863354037267,25.3
O2_msa_log10,QuantileRandomForest,MACCS,0,train,0.29669331567193563,0.15882494045739973,0.937264614256177,0.03821901551587179,0.24258109040717735,0.9829192546583851,25.3
O2_msa_log10,QuantileRandomForest,MACCS,1,test,0.7861784746331639,0.5081558475724142,0.642970227234638,0.3379551649099711,0.05196687370600417,0.8074534161490683,7.1
O2_msa_log10,QuantileRandomForest,MACCS,1,train,0.31442030703149737,0.16317962622696502,0.9295439610281951,0.0588711657434673,0.23999309868875088,0.9829192546583851,7.1
O2_msa_log10,QuantileRandomForest,MACCS,2,test,0.7750450902102413,0.47922279151586716,0.6530107063884752,0.27858499025445704,0.06314699792960664,0.8198757763975155,7.1
O2_msa_log10,QuantileRandomForest,MACCS,2,train,0.3204043473060999,0.1649960923187175,0.9268366051849006,0.046912132531482374,0.23775017253278122,0.9720496894409938,7.1
O2_msa_log10,QuantileRandomForest,MACCS,3,test,0.7741136016612279,0.5013305771472499,0.6538442638902913,0.2792660281971419,0.05997239475500346,0.8074534161490683,6.9
O2_msa_log10,QuantileRandomForest,MACCS,3,train,0.3291355997796956,0.16934895662898242,0.9227947619910771,0.060289558024733646,0.23378191856452724,0.9736024844720497,6.9
O2_msa_log10,QuantileRandomForest,MACCS,4,test,0.7979619090318094,0.4903113114213427,0.6321875230796722,0.27458588281143076,0.07211870255348517,0.8012422360248447,7.3
O2_msa_log10,QuantileRandomForest,MACCS,4,train,0.33973706213637467,0.16661046723900866,0.9177410990816145,0.05842259624576074,0.25069013112491373,0.9767080745341615,7.3
O2_msa_log10,DropoutMLP,Morgan,0,test,0.7169143795085766,0.4203227383410182,0.7031092145889495,0.09179319070623419,0.3785369220151829,0.2732919254658385,55.4
O2_msa_log10,DropoutMLP,Morgan,0,train,0.24794981009644745,0.16358879811474372,0.9561848191451322,0.09577788465836938,0.1834023464458247,0.6149068322981367,55.4
O2_msa_log10,DropoutMLP,Morgan,1,test,0.744369636075136,0.43644090333237384,0.6799340794013405,-0.00980848861283644,0.3785369220151829,0.2422360248447205,20.0
O2_msa_log10,DropoutMLP,Morgan,1,train,0.28535870988580725,0.1916987676766429,0.9419664264038157,0.08089522404750411,0.248792270531401,0.5077639751552795,20.0
O2_msa_log10,DropoutMLP,Morgan,2,test,0.7117146840860226,0.3945590441160568,0.7074002245443849,-0.02077582240625719,0.3571428571428572,0.30434782608695654,20.3
O2_msa_log10,DropoutMLP,Morgan,2,train,0.2405117364075759,0.1572447075441976,0.9587741521398224,0.1360447047723212,0.2003105590062112,0.6040372670807453,20.3
O2_msa_log10,DropoutMLP,Morgan,3,test,0.7286511048367871,0.41304863384635027,0.6933087458656451,0.05553830227743272,0.3585231193926846,0.32298136645962733,20.3
O2_msa_log10,DropoutMLP,Morgan,3,train,0.3176061327571238,0.2131167440098439,0.9281089530679156,0.015714292453603725,0.2803657694962043,0.4472049689440994,20.3
O2_msa_log10,DropoutMLP,Morgan,4,test,0.7329927298744249,0.4310792147419655,0.6896430535586593,0.07632850241545895,0.3951000690131125,0.2608695652173913,20.4
O2_msa_log10,DropoutMLP,Morgan,4,train,0.27332255288197166,0.17863556034200184,0.9467587815962134,0.0903790619273686,0.2393029675638371,0.5279503105590062,20.4
O2_msa_log10,QuantileRandomForest,AtomPair,0,test,0.7261644997659046,0.40940751574622114,0.695398411986298,0.4000925951821618,0.12801932367149757,0.9316770186335404,155.2
O2_msa_log10,QuantileRandomForest,AtomPair,0,train,0.19025960539482478,0.06962502780295808,0.9742017508917963,0.21436465195083398,0.42236024844720493,0.9953416149068323,155.2
O2_msa_log10,QuantileRandomForest,AtomPair,1,test,0.7352530368414373,0.427158119742649,0.6877260261732359,0.4233402637058624,0.10317460317460314,0.9254658385093167,13.2
O2_msa_log10,QuantileRandomForest,AtomPair,1,train,0.18019573720189355,0.0677900257792275,0.9768587894158882,0.1803419027681461,0.4204623878536922,0.9906832298136646,13.2
O2_msa_log10,QuantileRandomForest,AtomPair,2,test,0.7610272348276939,0.4363838816472169,0.6654488445278139,0.40107172538181574,0.10110420979986195,0.9192546583850931,13.8
O2_msa_log10,QuantileRandomForest,AtomPair,2,train,0.20434680315881837,0.07700758992426204,0.9702400124985242,0.22651679944116523,0.41062801932367143,0.9953416149068323,13.8
O2_msa_log10,QuantileRandomForest,AtomPair,3,test,0.7430509932819014,0.43007757433216276,0.6810670616410404,0.4202505334934514,0.10731538992408556,0.9316770186335404,13.0
O2_msa_log10,QuantileRandomForest,AtomPair,3,train,0.22184994454948814,0.07802561026331689,0.9649235447823875,0.22630510804185225,0.41218081435472737,0.9891304347826086,13.0
O2_msa_log10,QuantileRandomForest,AtomPair,4,test,0.7406195853693519,0.4289378357005766,0.6831508684189693,0.4321270336675376,0.09765355417529327,0.9254658385093167,13.1
O2_msa_log10,QuantileRandomForest,AtomPair,4,train,0.21906459579259582,0.07070524168010654,0.9657987926295245,0.21576566046711024,0.4230503795721188,0.9937888198757764,13.1
O2_msa_log10,DropoutMLP,AtomPair,0,test,0.6626031234141017,0.43447567318707053,0.7463884119730586,0.3407982516678169,0.2957211870255349,0.422360248447205,59.2
O2_msa_log10,DropoutMLP,AtomPair,0,train,0.2762861397512283,0.21124398478837686,0.9455979524510911,0.20917086395136553,0.12577639751552797,0.7375776397515528,59.2
O2_msa_log10,DropoutMLP,AtomPair,1,test,0.6721327657014606,0.42996745697111743,0.7390410053901528,0.20318035426731082,0.3081435472739821,0.40372670807453415,21.5
O2_msa_log10,DropoutMLP,AtomPair,1,train,0.23599748715553204,0.16167733281607363,0.9603071935811368,0.12195442918088759,0.04606625258799175,0.7857142857142857,21.5
O2_msa_log10,DropoutMLP,AtomPair,2,test,0.6704358202456733,0.41533485050075586,0.740357037544056,0.2119392684610076,0.27225672877846796,0.40372670807453415,21.1
O2_msa_log10,DropoutMLP,AtomPair,2,train,0.22097758099140588,0.14453445154673566,0.965198859337542,0.21766957323346833,0.035645272601794335,0.8385093167701864,21.1
O2_msa_log10,DropoutMLP,AtomPair,3,test,0.6734446171182957,0.4336855191018561,0.7380213452011598,0.2307194616977226,0.2681159420289856,0.45962732919254656,20.4
O2_msa_log10,DropoutMLP,AtomPair,3,train,0.2592746454288047,0.1840494748276468,0.9520909955082456,0.1918961519605704,0.045721187025534876,0.7996894409937888,20.4
O2_msa_log10,DropoutMLP,AtomPair,4,test,0.7030042632006729,0.43851956654787466,0.7145184452014399,0.3282464918334484,0.3412698412698413,0.391304347826087,22.3
O2_msa_log10,DropoutMLP,AtomPair,4,train,0.26025564164342496,0.1793188721628373,0.9517277709109584,0.3500459733810418,0.12094547964113181,0.7375776397515528,22.3
O2_msa_log10,torch-GNN,graph,0,test,0.6635752591683406,0.3706106069526932,0.7456436954378918,,,0.0,2118.3
O2_msa_log10,torch-GNN,graph,0,train,0.23462213743976404,0.1637558649149835,0.9607684901493989,,,0.0,2118.3
O2_msa_log10,torch-GNN,graph,1,test,0.6692909672085275,0.38255025859086567,0.7412430261108982,,,0.0,33.4
O2_msa_log10,torch-GNN,graph,1,train,0.25366037983044465,0.17768909568273117,0.9541433499158859,,,0.0,33.4
O2_msa_log10,torch-GNN,graph,2,test,0.6888793893975188,0.3781061276744675,0.7258750796420899,,,0.0,31.5
O2_msa_log10,torch-GNN,graph,2,train,0.25078025006982957,0.17313458116174735,0.9551787761463447,,,0.0,31.5
O2_msa_log10,torch-GNN,graph,3,test,0.6839839805954115,0.39762827952435176,0.7297572842247384,,,0.0,28.2
O2_msa_log10,torch-GNN,graph,3,train,0.2739333253244626,0.18139671132089014,0.9465205677959009,,,0.0,28.2
O2_msa_log10,torch-GNN,graph,4,test,0.7443151394174,0.4081801281957638,0.6799809429045869,,,0.0,25.2
O2_msa_log10,torch-GNN,graph,4,train,0.30050536166146175,0.19014612527452882,0.9356421541861796,,,0.0,25.2
O2_msa_log10,torch-GREA,graph,0,test,0.7729656072612235,0.4488123263429875,0.6548701861554278,0.23488037727168165,0.1645962732919255,0.7267080745341615,5069.5
O2_msa_log10,torch-GREA,graph,0,train,0.5283228357892876,0.38934375317093256,0.8010720468563399,0.2569943456667509,0.1554520358868185,0.7717391304347826,5069.5
O2_msa_log10,torch-GREA,graph,1,test,0.8154125447372054,0.4830020923300573,0.6159242271569111,0.1615798251667817,0.22118702553485164,0.6708074534161491,68.0
O2_msa_log10,torch-GREA,graph,1,train,0.5722177812520778,0.41788697236393957,0.7666435836125338,0.1376806773311361,0.19668737060041408,0.7065217391304348,68.0
O2_msa_log10,torch-GREA,graph,2,test,0.7826762607651069,0.44336929082697385,0.6461440855268883,0.21890384172992872,0.17356797791580403,0.7329192546583851,45.5
O2_msa_log10,torch-GREA,graph,2,train,0.5411171969051074,0.4006812329120964,0.7913205319233364,0.30275717412212344,0.1946169772256729,0.7313664596273292,45.5
O2_msa_log10,torch-GREA,graph,3,test,0.7569552793672405,0.46648059729443364,0.6690193682583749,0.3203904991948471,0.207384403036577,0.7204968944099379,44.8
O2_msa_log10,torch-GREA,graph,3,train,0.5566228095792799,0.4073029717586687,0.7791898428310708,0.2553583703357492,0.17977915804002764,0.7220496894409938,44.8
O2_msa_log10,torch-GREA,graph,4,test,0.8267495696069809,0.4978232042017197,0.6051700480857798,0.3217391304347827,0.24672187715665983,0.6645962732919255,38.7
O2_msa_log10,torch-GREA,graph,4,train,0.5955450831468366,0.4419833764895721,0.7472295302572833,0.24728196806356056,0.23136645962732919,0.6630434782608695,38.7
O2_msa_log10,QuantileRandomForest,TopologicalTorsion,0,test,0.8294632785230781,0.44004542854795964,0.602573827752801,0.41748170961233183,0.077639751552795,0.8944099378881988,75.4
O2_msa_log10,QuantileRandomForest,TopologicalTorsion,0,train,0.32357731264562695,0.18835354375045393,0.9253803553944276,0.20618425318680383,0.2536231884057971,0.9922360248447205,75.4
O2_msa_log10,QuantileRandomForest,TopologicalTorsion,1,test,0.8601737670282876,0.4618368891010706,0.572599994730891,0.4872562058411459,0.05058661145617665,0.9006211180124224,7.3
O2_msa_log10,QuantileRandomForest,TopologicalTorsion,1,train,0.32407778024262174,0.19228501105104306,0.9251493528317991,0.2384494351879908,0.24206349206349204,0.984472049689441,7.3
O2_msa_log10,QuantileRandomForest,TopologicalTorsion,2,test,0.8555854666652304,0.4791667866482549,0.5771474697401002,0.47348375381387003,0.0424430641821946,0.8819875776397516,7.3
O2_msa_log10,QuantileRandomForest,TopologicalTorsion,2,train,0.34306340523956835,0.19372895180248872,0.916122430631504,0.17718972471948632,0.24016563146997927,0.9906832298136646,7.3
O2_msa_log10,QuantileRandomForest,TopologicalTorsion,3,test,0.8681963568518293,0.4774941158528945,0.5645903459138666,0.45354723781113776,0.054451345755693575,0.8881987577639752,7.3
O2_msa_log10,QuantileRandomForest,TopologicalTorsion,3,train,0.335820139516846,0.19751975497317287,0.9196269361526482,0.2345534345669731,0.2387853692201518,0.9875776397515528,7.3
O2_msa_log10,QuantileRandomForest,TopologicalTorsion,4,test,0.8613579366397798,0.4687283621812834,0.5714224129632441,0.4411173942903786,0.0388543823326432,0.8633540372670807,7.2
O2_msa_log10,QuantileRandomForest,TopologicalTorsion,4,train,0.38485926554884414,0.20572010910044747,0.894439620686438,0.214403277700669,0.22653554175293303,0.9798136645962733,7.2
N2_msa_log10,DropoutMLP,Morgan,0,test,0.5256476112670904,0.40578524691433443,0.8620789546915462,0.38539527107714355,0.362334032145353,0.3018867924528302,58.0
N2_msa_log10,DropoutMLP,Morgan,0,train,0.28356859136438733,0.20615946508678723,0.9497156477167379,0.313983091557636,0.23105861767279093,0.5149606299212598,58.0
N2_msa_log10,DropoutMLP,Morgan,1,test,0.549949996519299,0.4109806776699543,0.8490310769547164,0.23723728206352998,0.2910552061495458,0.4025157232704403,21.9
N2_msa_log10,DropoutMLP,Morgan,1,train,0.38215621445981507,0.27269110728903245,0.908673153618506,0.3578817721292367,0.2375328083989502,0.5433070866141733,21.9
N2_msa_log10,DropoutMLP,Morgan,2,test,0.5620483746807157,0.41949419416610084,0.8423156681458511,0.360031048483401,0.3385744234800839,0.3333333333333333,22.3
N2_msa_log10,DropoutMLP,Morgan,2,train,0.32513644303153505,0.22601089013626202,0.9338929299347887,0.41052051176181387,0.21268591426071748,0.5622047244094488,22.3
N2_msa_log10,DropoutMLP,Morgan,3,test,0.4799015210413183,0.3395828193541533,0.885040358033297,0.332227728684022,0.2854647099930119,0.4025157232704403,27.0
N2_msa_log10,DropoutMLP,Morgan,3,train,0.21028438097871166,0.1357833463591282,0.9723477393833412,0.4529840509118551,0.07777777777777779,0.7811023622047244,27.0
N2_msa_log10,DropoutMLP,Morgan,4,test,0.46451063110206287,0.3427747311094437,0.8922958430390268,0.09012717936470027,0.30712788259958074,0.39622641509433965,24.5
N2_msa_log10,DropoutMLP,Morgan,4,train,0.2349415055277562,0.14857508541403822,0.965482756719051,0.293992389841812,0.09615048118985131,0.7606299212598425,24.5
N2_msa_log10,DropoutMLP,RDKit,0,test,0.5829465816122761,0.4300559157285602,0.8303715594079206,0.16119536661093864,0.3455625436757512,0.2893081761006289,60.8
N2_msa_log10,DropoutMLP,RDKit,0,train,0.20817844065178376,0.13334625528658947,0.9728988255998345,0.13675577990998847,0.06290463692038498,0.7354330708661417,60.8
N2_msa_log10,DropoutMLP,RDKit,1,test,0.5857578458122648,0.43598792953338567,0.8287315456130427,0.12116073561022211,0.33228511530398325,0.33962264150943394,22.5
N2_msa_log10,DropoutMLP,RDKit,1,train,0.30622819373865645,0.20208121306893725,0.9413582456861372,0.07309032505095543,0.16649168853893265,0.6251968503937008,22.5
N2_msa_log10,DropoutMLP,RDKit,2,test,0.6074370566212397,0.4578768798072493,0.8158194715796822,0.05870850250776213,0.34905660377358494,0.3710691823899371,22.6
N2_msa_log10,DropoutMLP,RDKit,2,train,0.33268937469244436,0.24406942853812372,0.9307859168794181,0.02112894479940498,0.20148731408573928,0.5590551181102362,22.6
N2_msa_log10,DropoutMLP,RDKit,3,test,0.5789880071505169,0.412303724972101,0.8326675052967019,0.04077501791258658,0.3001397624039133,0.389937106918239,23.1
N2_msa_log10,DropoutMLP,RDKit,3,train,0.23959206075251974,0.16803122111618138,0.9641027272754183,0.11517584020823657,0.11854768153980753,0.710236220472441,23.1
N2_msa_log10,DropoutMLP,RDKit,4,test,0.5983828065462781,0.44785147686926885,0.8212692151627776,0.06762299976116552,0.3693221523410203,0.29559748427672955,23.4
N2_msa_log10,DropoutMLP,RDKit,4,train,0.2754005527750484,0.1960919468725386,0.952570753636078,0.1722445748682938,0.2025371828521435,0.5889763779527559,23.4
N2_msa_log10,QuantileRandomForest,Morgan,0,test,0.6050867333315461,0.4107645293290215,0.8172419936792384,0.4013340856882469,0.060587002096436054,0.7421383647798742,74.5
N2_msa_log10,QuantileRandomForest,Morgan,0,train,0.22527621219736046,0.05329378418673165,0.9682643586677175,0.03553580322743974,0.4202099737532808,0.9858267716535433,74.5
N2_msa_log10,QuantileRandomForest,Morgan,1,test,0.5943965423619374,0.4135456852170879,0.8236425954926445,0.39905672982602697,0.043256464011181016,0.7610062893081762,9.9
N2_msa_log10,QuantileRandomForest,Morgan,1,train,0.23897274138186425,0.061134231861083375,0.9642880684991076,0.06123647530407205,0.41566054243219597,0.984251968503937,9.9
N2_msa_log10,QuantileRandomForest,Morgan,2,test,0.608738110759235,0.4103001733220717,0.8150296433546416,0.390355276907001,0.04367575122292104,0.7484276729559748,10.1
N2_msa_log10,QuantileRandomForest,Morgan,2,train,0.20361468945928596,0.05008949286268836,0.9740740415176418,0.02500539374033898,0.42720909886264224,0.9826771653543307,10.1
N2_msa_log10,QuantileRandomForest,Morgan,3,test,0.5940736195197007,0.3990471017520861,0.823834165801171,0.3831921069490957,0.03487071977638015,0.7484276729559748,10.0
N2_msa_log10,QuantileRandomForest,Morgan,3,train,0.16080749944441272,0.04235636760792034,0.983829285629295,0.04054466679488165,0.42948381452318457,0.9858267716535433,10.0
N2_msa_log10,QuantileRandomForest,Morgan,4,test,0.5920197639698114,0.41093600051594653,0.8250501555923173,0.4031622796280344,0.05010482180293502,0.7672955974842768,11.2
N2_msa_log10,QuantileRandomForest,Morgan,4,train,0.18376302072566766,0.04878200305718169,0.9788829693074487,0.0008583126145306701,0.42353455818022745,0.9811023622047244,11.2
N2_msa_log10,DropoutMLP,MACCS,0,test,0.5690239627463075,0.45508242845694286,0.8383773358514791,0.1598340100310485,0.3336827393431167,0.32075471698113206,52.2
N2_msa_log10,DropoutMLP,MACCS,0,train,0.34592425364247126,0.248740426772035,0.9251695022838422,0.07755668836734969,0.19501312335958007,0.5984251968503937,52.2
N2_msa_log10,DropoutMLP,MACCS,1,test,0.650780506012652,0.485691321069899,0.7885974506638358,-0.04352459995223311,0.3036338225017471,0.37735849056603776,21.6
N2_msa_log10,DropoutMLP,MACCS,1,train,0.4774120097701624,0.3700258261492601,0.8574709834614369,0.10062707178565954,0.2833770778652669,0.431496062992126,21.6
N2_msa_log10,DropoutMLP,MACCS,2,test,0.5579328197862913,0.43477368993244137,0.844616475617452,0.011132672557917365,0.2861635220125786,0.42138364779874216,21.3
N2_msa_log10,DropoutMLP,MACCS,2,train,0.40674145836742326,0.31334670993307595,0.8965445220182107,0.04403374939718155,0.24138232720909888,0.5385826771653544,21.3
N2_msa_log10,DropoutMLP,MACCS,3,test,0.5786860084785312,0.4436984305611207,0.8328420201788884,0.1518151421065202,0.3294898672257163,0.3584905660377358,23.1
N2_msa_log10,DropoutMLP,MACCS,3,train,0.3329513393657109,0.24641508561750322,0.9306768735217619,0.07849021922673331,0.1873140857392826,0.6110236220472441,23.1
N2_msa_log10,DropoutMLP,MACCS,4,test,0.6116016934383713,0.4692225661255404,0.813285301291278,0.14309768330546932,0.33018867924528306,0.389937106918239,21.2
N2_msa_log10,DropoutMLP,MACCS,4,train,0.3839009980717385,0.28691945955360354,0.907837320860654,0.1063215209818313,0.2083114610673666,0.5637795275590551,21.2
N2_msa_log10,QuantileRandomForest,RDKit,0,test,0.568453220720078,0.41357529800748283,0.8387013945596367,0.30353143135049365,0.0731656184486373,0.8238993710691824,191.1
N2_msa_log10,QuantileRandomForest,RDKit,0,train,0.2823218482262818,0.12778785245252305,0.9501568380132863,0.09024060960639184,0.3479440069991251,0.9952755905511811,191.1
N2_msa_log10,QuantileRandomForest,RDKit,1,test,0.5821451197897395,0.4271629427307297,0.8308376647691309,0.3414814731908405,0.038364779874213814,0.8113207547169812,11.1
N2_msa_log10,QuantileRandomForest,RDKit,1,train,0.2905011949471782,0.12058659682555006,0.9472269183860016,0.04611609842826988,0.34864391951006124,0.9874015748031496,11.1
N2_msa_log10,QuantileRandomForest,RDKit,2,test,0.5902521595022934,0.42661322326575923,0.8260932980357361,0.19627084792210284,0.06156533892382946,0.7924528301886793,9.7
N2_msa_log10,QuantileRandomForest,RDKit,2,train,0.28924086881546807,0.13404464313447056,0.9476838322773183,0.06258258931428286,0.3379702537182852,0.9874015748031496,9.7
N2_msa_log10,QuantileRandomForest,RDKit,3,test,0.5685727515965608,0.4185830826780644,0.8386335536536886,0.31011100771191746,0.06338225017470296,0.8113207547169812,9.4
N2_msa_log10,QuantileRandomForest,RDKit,3,train,0.2587718970008344,0.12089287925359042,0.9581253849371223,0.07087868633236633,0.3510936132983377,0.9874015748031496,9.4
N2_msa_log10,QuantileRandomForest,RDKit,4,test,0.6102304555835992,0.44729419972810996,0.8141216078290431,0.33924159848614244,0.046890286512928,0.8113207547169812,10.7
N2_msa_log10,QuantileRandomForest,RDKit,4,train,0.3091292255361224,0.1387498593306812,0.9402419055512535,0.0875193187066342,0.33989501312335957,0.988976377952756,10.7
N2_msa_log10,DropoutMLP,TopologicalTorsion,0,test,0.6333595858862214,0.48228995573231187,0.7997641454120257,0.11463458323381898,0.37491264849755424,0.27044025157232704,61.0
N2_msa_log10,DropoutMLP,TopologicalTorsion,0,train,0.3666774993364154,0.2524897803197203,0.9159214660497299,0.3120983883141844,0.2482064741907262,0.5070866141732283,61.0
N2_msa_log10,DropoutMLP,TopologicalTorsion,1,test,0.535108759662858,0.38139262144355013,0.8570693823456038,0.004481132075471698,0.24143955276030749,0.5283018867924528,22.2
N2_msa_log10,DropoutMLP,TopologicalTorsion,1,train,0.36790804286552503,0.2374840484964482,0.9153561960120588,0.15557749421552053,0.1510936132983377,0.647244094488189,22.2
N2_msa_log10,DropoutMLP,TopologicalTorsion,2,test,0.5718545333358446,0.4338664712256375,0.8367653748374697,0.15070157630761885,0.3567435359888191,0.3270440251572327,23.7
N2_msa_log10,DropoutMLP,TopologicalTorsion,2,train,0.28960459139066147,0.19414775114072644,0.9475521735970475,0.15845105770325818,0.16159230096237975,0.658267716535433,23.7
N2_msa_log10,DropoutMLP,TopologicalTorsion,3,test,0.5985318257037152,0.4334874466763091,0.8211801831012583,0.11084010031048484,0.2833682739343117,0.39622641509433965,22.2
N2_msa_log10,DropoutMLP,TopologicalTorsion,3,train,0.31760755126454787,0.2369405878840385,0.9369190467577424,0.09472725423636667,0.2217847769028872,0.5511811023622047,22.2
N2_msa_log10,DropoutMLP,TopologicalTorsion,4,test,0.5931389280028385,0.4421844050923629,0.8243880741725034,0.1198172916169095,0.30153738644304684,0.39622641509433965,22.0
N2_msa_log10,DropoutMLP,TopologicalTorsion,4,train,0.33969918804430616,0.23902239317549703,0.9278384876879696,0.24452476816387472,0.2076115485564305,0.5937007874015748,22.0
N2_msa_log10,DropoutMLP,AtomPair,0,test,0.5344425878076188,0.3798695063022418,0.8574250374690305,0.15795318844041079,0.31481481481481477,0.34591194968553457,59.3
N2_msa_log10,DropoutMLP,AtomPair,0,train,0.2304429563526674,0.14822381978206126,0.9667919415359901,0.2045006226194822,0.10962379702537185,0.721259842519685,59.3
N2_msa_log10,DropoutMLP,AtomPair,1,test,0.5204208204557361,0.3577002065860433,0.8648081609894714,-0.015613804633389062,0.2707896575821105,0.39622641509433965,20.6
N2_msa_log10,DropoutMLP,AtomPair,1,train,0.22585900293559957,0.1295336650670934,0.9680999457339384,0.16673993439648088,0.047156605424321985,0.7984251968503937,20.6
N2_msa_log10,DropoutMLP,AtomPair,2,test,0.5710325024845276,0.4119957021772514,0.8372343313520083,0.21214174826845,0.3350803633822502,0.3333333333333333,21.6
N2_msa_log10,DropoutMLP,AtomPair,2,train,0.28216148135760827,0.19043110656102055,0.950213446608634,0.15427807774846544,0.16806649168853893,0.6283464566929133,21.6
N2_msa_log10,DropoutMLP,AtomPair,3,test,0.5455791216588347,0.3847946067101253,0.8514212725822082,0.010099713398614762,0.28616352201257866,0.4276729559748428,20.3
N2_msa_log10,DropoutMLP,AtomPair,3,train,0.3035841702710301,0.2132400663013642,0.9423665186908776,0.1240709800269669,0.16929133858267717,0.6456692913385826,20.3
N2_msa_log10,DropoutMLP,AtomPair,4,test,0.5446365825648931,0.39179364662495786,0.8519341965060205,0.08852400286601386,0.2896575821104123,0.4088050314465409,19.9
N2_msa_log10,DropoutMLP,AtomPair,4,train,0.27385420775806296,0.19669643412336174,0.9531018787504246,0.13639092536205427,0.16439195100612425,0.6566929133858268,19.9
N2_msa_log10,QuantileRandomForest,MACCS,0,test,0.7068799131461702,0.4993451744690737,0.7505793358258713,0.3268559867469076,0.08881900768693224,0.7547169811320755,25.7
N2_msa_log10,QuantileRandomForest,MACCS,0,train,0.3009605465046997,0.11766758910368606,0.9433583700554182,-0.011838683886219312,0.31382327209098865,0.9795275590551181,25.7
N2_msa_log10,QuantileRandomForest,MACCS,1,test,0.7287096769760325,0.5074766791886521,0.7349363199018145,0.38868163985748383,0.07945492662473798,0.7421383647798742,7.6
N2_msa_log10,QuantileRandomForest,MACCS,1,train,0.3490322856165631,0.13020110904501914,0.9238187996944023,-0.06412851148041317,0.29142607174103236,0.9669291338582677,7.6
N2_msa_log10,QuantileRandomForest,MACCS,2,test,0.6732062761921863,0.46783935586175557,0.7737766329325475,0.31248320715956457,0.07945492662473796,0.7169811320754716,7.8
N2_msa_log10,QuantileRandomForest,MACCS,2,train,0.32227780956920976,0.12367861257191315,0.9350502602728581,-0.0653780406912906,0.30664916885389326,0.9779527559055118,7.8
N2_msa_log10,QuantileRandomForest,MACCS,3,test,0.7044985908920811,0.49040297995300175,0.7522569914570163,0.3507607290295883,0.0783368273934312,0.7421383647798742,8.4
N2_msa_log10,QuantileRandomForest,MACCS,3,train,0.2953962176440947,0.11614773857972657,0.9454334534153203,-0.06133762951851225,0.30577427821522307,0.9763779527559056,8.4
N2_msa_log10,QuantileRandomForest,MACCS,4,test,0.6700245095939369,0.49892682382846154,0.775909973072838,0.3528039270898002,0.08043326345213139,0.7861635220125787,7.6
N2_msa_log10,QuantileRandomForest,MACCS,4,train,0.3229479863015544,0.12189945820188243,0.9347798534308133,-0.031267012934916266,0.3129483814523184,0.9795275590551181,7.6
N2_msa_log10,torch-GNN,graph,0,test,0.5272159696652124,0.3838320662711984,0.8612547054295132,,,0.0,1930.7
N2_msa_log10,torch-GNN,graph,0,train,0.25175506324678476,0.1757143161234025,0.9603655317275633,,,0.0,1930.7
N2_msa_log10,torch-GNN,graph,1,test,0.5147281468445717,0.3700749702966715,0.8677496029752403,,,0.0,36.2
N2_msa_log10,torch-GNN,graph,1,train,0.2954642098320282,0.19141310553058188,0.9454083310498284,,,0.0,36.2
N2_msa_log10,torch-GNN,graph,2,test,0.5704016935877728,0.3984600622044517,0.8375937410892269,,,0.0,26.1
N2_msa_log10,torch-GNN,graph,2,train,0.28384927091666,0.19407969675905035,0.9496160543561665,,,0.0,26.1
N2_msa_log10,torch-GNN,graph,3,test,0.5200213398325333,0.381304818835633,0.8650156307523434,,,0.0,32.8
N2_msa_log10,torch-GNN,graph,3,train,0.2597960903991856,0.18288365593463632,0.9577932578596825,,,0.0,32.8
N2_msa_log10,torch-GNN,graph,4,test,0.4898887979295062,0.36147054807660994,0.8802056963960707,,,0.0,27.4
N2_msa_log10,torch-GNN,graph,4,train,0.27481788055824335,0.18235710249243475,0.9527712359448306,,,0.0,27.4
N2_msa_log10,torch-GREA,graph,0,test,0.7292771836098599,0.5713334442860756,0.7345233050182187,0.20208383090518273,0.30153738644304684,0.5157232704402516,8102.2
N2_msa_log10,torch-GREA,graph,0,train,0.7387681670728391,0.5468045865194804,0.6587026185813467,0.27504648849718016,0.28057742782152234,0.5322834645669291,8102.2
N2_msa_log10,torch-GREA,graph,1,test,0.8157809911566486,0.6422075771801259,0.6678086553718783,0.32516468408903565,0.33647798742138363,0.46540880503144655,92.8
N2_msa_log10,torch-GREA,graph,1,train,0.7359510633103515,0.5636225379202576,0.6613005566616894,0.27520189411317764,0.2819772528433946,0.49606299212598426,92.8
N2_msa_log10,torch-GREA,graph,2,test,0.8333481328595126,0.660983976555963,0.6533477023359403,0.3094794366785209,0.3455625436757513,0.4339622641509434,78.5
N2_msa_log10,torch-GREA,graph,2,train,0.7406390428598381,0.573465261202936,0.6569718089870684,0.32161833372503956,0.3020997375328085,0.4755905511811024,78.5
N2_msa_log10,torch-GREA,graph,3,test,0.8856958902520177,0.6895137271481863,0.6084291005293992,0.11820568816852539,0.27638015373864433,0.5471698113207547,232.5
N2_msa_log10,torch-GREA,graph,3,train,0.8752823920528185,0.6754890314518517,0.5209145377636935,0.14124939078128745,0.3071741032370954,0.49291338582677163,232.5
N2_msa_log10,torch-GREA,graph,4,test,0.8092628268269525,0.6059534137768784,0.6730959258853555,0.2985478105952368,0.316911250873515,0.48427672955974843,85.5
N2_msa_log10,torch-GREA,graph,4,train,0.810658036988208,0.6001571839347454,0.5890471524356995,0.2706571666063347,0.3349956255468067,0.4251968503937008,85.5
N2_msa_log10,QuantileRandomForest,TopologicalTorsion,0,test,0.5633512369219771,0.4037847707881727,0.8415837771429215,0.37180079488500273,0.04521313766596785,0.8301886792452831,73.8
N2_msa_log10,QuantileRandomForest,TopologicalTorsion,0,train,0.2843141957498946,0.1148093838401914,0.9494508685765295,0.044196457385863454,0.34234470691163604,0.9905511811023622,73.8
N2_msa_log10,QuantileRandomForest,TopologicalTorsion,1,test,0.5684314206762298,0.40888696640073174,0.8387137658476095,0.37689224592596354,0.03962264150943396,0.8176100628930818,9.8
N2_msa_log10,QuantileRandomForest,TopologicalTorsion,1,train,0.31349917037646086,0.11327987109062101,0.9385404465557494,0.02927220277685431,0.3593175853018373,0.9811023622047244,9.8
N2_msa_log10,QuantileRandomForest,TopologicalTorsion,2,test,0.5376587665889377,0.3876188582316616,0.8557038935898948,0.3464022725613592,0.04828791055206147,0.8364779874213837,10.0
N2_msa_log10,QuantileRandomForest,TopologicalTorsion,2,train,0.2748412732291647,0.10148720301901129,0.9527631953184037,0.039893665843720116,0.3719160104986876,0.9858267716535433,10.0
N2_msa_log10,QuantileRandomForest,TopologicalTorsion,3,test,0.5291519160550718,0.3922289853584805,0.8602338842634765,0.36930797858497233,0.03990216631726063,0.8113207547169812,9.9
N2_msa_log10,QuantileRandomForest,TopologicalTorsion,3,train,0.21370697409991415,0.08987395569304325,0.9714402764733416,0.043338291819265067,0.37086614173228344,0.9921259842519685,9.9
N2_msa_log10,QuantileRandomForest,TopologicalTorsion,4,test,0.5292033992935107,0.39617618735151816,0.8602066861674731,0.4364273351399262,0.02452830188679244,0.8427672955974843,10.4
N2_msa_log10,QuantileRandomForest,TopologicalTorsion,4,train,0.2819106548557794,0.10848208424236849,0.9503019224450738,0.03576644703903025,0.35634295713035863,0.9921259842519685,10.4
N2_msa_log10,QuantileRandomForest,AtomPair,0,test,0.574192809548671,0.4197667772158119,0.83542773399745,0.4191445326242436,0.08001397624039132,0.8616352201257862,139.0
N2_msa_log10,QuantileRandomForest,AtomPair,0,train,0.2885901190653556,0.13062763762026167,0.9479189749483438,0.2534894956508408,0.3514435695538058,0.9937007874015747,139.0
N2_msa_log10,QuantileRandomForest,AtomPair,1,test,0.5303595481073973,0.38045974902794627,0.8595952070214059,0.3904915869564447,0.1198462613556953,0.8742138364779874,8.5
N2_msa_log10,QuantileRandomForest,AtomPair,1,train,0.30591208087603283,0.13048920606354797,0.9414792524733333,0.24853123863790788,0.3612423447069116,0.988976377952756,8.5
N2_msa_log10,QuantileRandomForest,AtomPair,2,test,0.561746479102939,0.4137485589631263,0.8424850180441352,0.3873218885210372,0.08630328441649195,0.8867924528301887,7.7
N2_msa_log10,QuantileRandomForest,AtomPair,2,train,0.28112950988522956,0.12628147324714936,0.950576957230982,0.1975979969537307,0.35476815398075234,0.9952755905511811,7.7
N2_msa_log10,QuantileRandomForest,AtomPair,3,test,0.5378603192333072,0.389479520899412,0.8555956884796592,0.3339577916030835,0.1009783368273934,0.8616352201257862,7.9
N2_msa_log10,QuantileRandomForest,AtomPair,3,train,0.2643612620087359,0.12186691863201164,0.9562969002434213,0.23532511877820625,0.3601924759405074,0.9921259842519685,7.9
N2_msa_log10,QuantileRandomForest,AtomPair,4,test,0.552943712182124,0.40598836844720304,0.8473829701268811,0.3792948770108245,0.11565338923829488,0.9056603773584906,8.0
N2_msa_log10,QuantileRandomForest,AtomPair,4,train,0.25582606454368256,0.13083991739025863,0.9590733508323402,0.22510294697495817,0.3542432195975503,0.9968503937007874,8.0
H2_msa_log10,QuantileRandomForest,Morgan,0,test,0.4363614723714384,0.28917840998492017,0.8581327588212628,0.44238392271691923,0.09041394335511982,0.9019607843137255,47.9
H2_msa_log10,QuantileRandomForest,Morgan,0,train,0.23964031237395497,0.13427423496252128,0.9379818343674441,0.09313661989092469,0.26030576030576025,0.9926289926289926,47.9
H2_msa_log10,QuantileRandomForest,Morgan,1,test,0.4520450372980889,0.30269461353105537,0.8477515997786831,0.4501844810243572,0.07298474945533767,0.8921568627450981,8.5
H2_msa_log10,QuantileRandomForest,Morgan,1,train,0.2058841997580164,0.12247847815494833,0.9542232242866792,0.12247586441272221,0.2775047775047775,0.9926289926289926,8.5
H2_msa_log10,QuantileRandomForest,Morgan,2,test,0.4493904196547525,0.3015753810888463,0.8495344954863637,0.49144031693408746,0.09694989106753808,0.9019607843137255,8.6
H2_msa_log10,QuantileRandomForest,Morgan,2,train,0.1976943268396106,0.12126253325701067,0.9577926995438966,0.082503338349574,0.27613977613977614,0.9926289926289926,8.6
H2_msa_log10,QuantileRandomForest,Morgan,3,test,0.4516279713874207,0.3001334992545509,0.8480324050983084,0.4782721788448206,0.08823529411764705,0.9019607843137255,7.9
H2_msa_log10,QuantileRandomForest,Morgan,3,train,0.19735096737185853,0.12613487378860666,0.9579391851938743,0.10056928307168606,0.2619437619437619,0.995085995085995,7.9
H2_msa_log10,QuantileRandomForest,Morgan,4,test,0.4412502583016998,0.3016313530300891,0.8549361259074111,0.4202076980505152,0.06688453159041391,0.9019607843137255,8.2
H2_msa_log10,QuantileRandomForest,Morgan,4,train,0.19696078189527605,0.12154990422224018,0.9581053388799903,0.06592998684843795,0.27040677040677036,0.9926289926289926,8.2
H2_msa_log10,DropoutMLP,Morgan,0,test,0.4451967013374142,0.2882800172656404,0.8523296847814026,-0.05638079513262577,0.16339869281045752,0.5588235294117647,45.3
H2_msa_log10,DropoutMLP,Morgan,0,train,0.257429734840915,0.17027704916972625,0.9284323789528245,0.24241629211203247,0.054736554736554754,0.8132678132678133,45.3
H2_msa_log10,DropoutMLP,Morgan,1,test,0.4548881983535871,0.3135009863090743,0.8458304284109655,0.16888227943296902,0.2450980392156863,0.5392156862745098,18.5
H2_msa_log10,DropoutMLP,Morgan,1,train,0.20055331992549463,0.1337142863343789,0.9565630949251318,0.2821168881006609,0.012803712803712803,0.8476658476658476,18.5
H2_msa_log10,DropoutMLP,Morgan,2,test,0.4789849225414122,0.3300589099955955,0.8290642065533866,0.035775879129889006,0.2679738562091503,0.47058823529411764,17.8
H2_msa_log10,DropoutMLP,Morgan,2,train,0.23810909432529015,0.15439644378895676,0.9387718512249907,0.1442737816977168,0.033715533715533735,0.8083538083538083,17.8
H2_msa_log10,DropoutMLP,Morgan,3,test,0.4855876631731673,0.32455389790087974,0.8243190725810721,0.01405137658254689,0.1938997821350763,0.5686274509803921,18.0
H2_msa_log10,DropoutMLP,Morgan,3,train,0.26889987937245996,0.18381864865308906,0.9219127052695286,0.1454921373785471,0.05555555555555558,0.7985257985257985,18.0
H2_msa_log10,DropoutMLP,Morgan,4,test,0.4333909591512923,0.2840490754974837,0.8600576955867596,0.0057392946604768996,0.1851851851851852,0.5784313725490197,18.7
H2_msa_log10,DropoutMLP,Morgan,4,train,0.21384031034105994,0.14067200230855492,0.9506169039229271,0.21397921195081437,0.01597051597051598,0.8697788697788698,18.7
H2_msa_log10,DropoutMLP,RDKit,0,test,0.5579120719507333,0.4149781033646261,0.7680892696205426,0.12807956980735194,0.2342047930283225,0.5980392156862745,47.3
H2_msa_log10,DropoutMLP,RDKit,0,train,0.3020585102195072,0.211290790275322,0.9014670887374814,0.25897062205378635,0.01198471198471198,0.8673218673218673,47.3
H2_msa_log10,DropoutMLP,RDKit,1,test,0.5633854718222463,0.4246785481312254,0.7635166257908433,0.09959231217239371,0.2047930283224401,0.5784313725490197,19.0
H2_msa_log10,DropoutMLP,RDKit,1,train,0.3169428445093416,0.23183638516552915,0.8915171552555453,0.07316612996126182,0.035626535626535644,0.8132678132678133,19.0
H2_msa_log10,DropoutMLP,RDKit,2,test,0.6781858193488546,0.5141375216547036,0.6573215960294962,0.37354043799582703,0.2864923747276689,0.43137254901960786,18.5
H2_msa_log10,DropoutMLP,RDKit,2,train,0.4246851953941092,0.3279107492477514,0.8052249135183824,0.24474852213188927,0.14974064974064977,0.6904176904176904,18.5
H2_msa_log10,DropoutMLP,RDKit,3,test,0.6156562456122846,0.4360595907300279,0.7175992111466746,0.22650140513765826,0.23638344226579525,0.5098039215686274,19.6
H2_msa_log10,DropoutMLP,RDKit,3,train,0.314364383202463,0.23251863638724224,0.8932750810661078,0.266468003790519,0.08012558012558015,0.800982800982801,19.6
H2_msa_log10,DropoutMLP,RDKit,4,test,0.5509619501417045,0.3882730696926098,0.7738312797166652,0.2039965846955912,0.16339869281045752,0.6274509803921569,18.5
H2_msa_log10,DropoutMLP,RDKit,4,train,0.2882324757684264,0.202896303900298,0.9102808838101005,0.21558398840346102,0.036882336882336865,0.8574938574938575,18.5
H2_msa_log10,QuantileRandomForest,MACCS,0,test,0.43089686083659295,0.31495805600288135,0.8616637538196114,0.3593066994606487,0.033986928104575154,0.7941176470588235,22.1
H2_msa_log10,QuantileRandomForest,MACCS,0,train,0.2578928979772921,0.09415601250463873,0.9281746208268008,-0.13482075661366025,0.30398580398580394,0.9803439803439803,22.1
H2_msa_log10,QuantileRandomForest,MACCS,1,test,0.42475450014510263,0.30400047402211766,0.8655795627030506,0.2790621416399762,0.04684095860566449,0.7745098039215687,7.1
H2_msa_log10,QuantileRandomForest,MACCS,1,train,0.19321160576741742,0.08652917762287148,0.9596851004213591,-0.17732595381763147,0.30480480480480476,0.9852579852579852,7.1
H2_msa_log10,QuantileRandomForest,MACCS,2,test,0.43731973281245606,0.3124128489722078,0.8575089868165211,0.3677857376977399,0.025490196078431362,0.8137254901960784,7.3
H2_msa_log10,QuantileRandomForest,MACCS,2,train,0.20143994875309185,0.08892225676707549,0.9561781843960826,-0.14060202917473907,0.30289380289380285,0.9901719901719902,7.3
H2_msa_log10,QuantileRandomForest,MACCS,3,test,0.466654337639664,0.3350707400296147,0.8377517801905243,0.37437510186370576,0.04291938997821352,0.8235294117647058,7.2
H2_msa_log10,QuantileRandomForest,MACCS,3,train,0.23175574934627152,0.09761089109887539,0.9419956991826601,-0.10575053422639205,0.29606879606879605,0.9803439803439803,7.2
H2_msa_log10,QuantileRandomForest,MACCS,4,test,0.4487348885547442,0.3238331359345603,0.849973146928366,0.3329016651817122,0.023311546840958604,0.8235294117647058,7.4
H2_msa_log10,QuantileRandomForest,MACCS,4,train,0.17777530798964977,0.08483750988941371,0.9658695478324283,-0.0856287834355862,0.3119028119028118,0.995085995085995,7.4
H2_msa_log10,DropoutMLP,MACCS,0,test,0.5082976106970885,0.38583031251912603,0.8075023363307013,0.3358703089041057,0.1982570806100218,0.6176470588235294,40.7
H2_msa_log10,DropoutMLP,MACCS,0,train,0.41072600970162665,0.2989354303967213,0.817818793292275,0.28230431374447607,0.122986622986623,0.7321867321867321,40.7
H2_msa_log10,DropoutMLP,MACCS,1,test,0.40121304818873715,0.30002333195637704,0.8800667994068866,0.28987678893531843,0.13725490196078438,0.7450980392156863,19.4
H2_msa_log10,DropoutMLP,MACCS,1,train,0.28487636485234363,0.21333852342604603,0.9123580563648754,0.25386883551183753,0.027163527163527195,0.8452088452088452,19.4
H2_msa_log10,DropoutMLP,MACCS,2,test,0.45870032146685974,0.3466907758307202,0.8432356105554433,0.1694816540477577,0.13616557734204796,0.6764705882352942,18.5
H2_msa_log10,DropoutMLP,MACCS,2,train,0.36546341123302306,0.2716901994095075,0.8557595828459041,0.13439557810754565,0.08028938028938032,0.7788697788697788,18.5
H2_msa_log10,DropoutMLP,MACCS,3,test,0.4006087255631893,0.29678559519583647,0.880427823367368,0.1078252314094916,0.10784313725490198,0.7352941176470589,18.7
H2_msa_log10,DropoutMLP,MACCS,3,train,0.3242835648547363,0.24059396255035564,0.8864338142709504,0.21152327744619834,0.060196560196560216,0.7886977886977887,18.7
H2_msa_log10,DropoutMLP,MACCS,4,test,0.3861663549472234,0.2746195847245939,0.8888938261711101,0.14029324120304662,0.0664488017429194,0.7549019607843137,18.8
H2_msa_log10,DropoutMLP,MACCS,4,train,0.2774024332994361,0.20806654530638147,0.9168964272725456,0.1425449447761821,0.021157521157521186,0.828009828009828,18.8
H2_msa_log10,DropoutMLP,TopologicalTorsion,0,test,0.526353921208347,0.3242188149784658,0.793583194951291,0.21947854408513381,0.3246187363834423,0.38235294117647056,48.6
H2_msa_log10,DropoutMLP,TopologicalTorsion,0,train,0.22171761120756941,0.14009521421418727,0.946911611293723,0.19641032724197025,0.13772863772863775,0.6732186732186732,48.6
H2_msa_log10,DropoutMLP,TopologicalTorsion,1,test,0.503999306254495,0.30438393051959267,0.8107441975050734,-0.0513370012044037,0.289760348583878,0.49019607843137253,19.4
H2_msa_log10,DropoutMLP,TopologicalTorsion,1,train,0.17738531275848893,0.1130559989391647,0.96601913118593,0.15521370795204467,0.027709527709527712,0.7960687960687961,19.4
H2_msa_log10,DropoutMLP,TopologicalTorsion,2,test,0.5217643372996367,0.3126592325709779,0.7971672356044621,0.2569451119869269,0.3355119825708061,0.3627450980392157,24.2
H2_msa_log10,DropoutMLP,TopologicalTorsion,2,train,0.16077203152223368,0.09268613168362408,0.9720861229258477,0.2336001671701469,0.045345345345345324,0.8353808353808354,24.2
H2_msa_log10,DropoutMLP,TopologicalTorsion,3,test,0.6006628075215167,0.37607316421464315,0.7311866645253028,0.17941091653425767,0.34422657952069724,0.3627450980392157,19.4
H2_msa_log10,DropoutMLP,TopologicalTorsion,3,train,0.2923878480380504,0.19149907291054483,0.9076753222803262,0.04851209313683958,0.18850668850668853,0.5995085995085995,19.4
H2_msa_log10,DropoutMLP,TopologicalTorsion,4,test,0.5050895329062304,0.30895683942080016,0.8099245341418295,-0.0435903670321344,0.2821350762527233,0.4117647058823529,18.9
H2_msa_log10,DropoutMLP,TopologicalTorsion,4,train,0.20845359591182527,0.12759678776798916,0.9530735236194319,0.14293812924644567,0.05773955773955776,0.7862407862407862,18.9
H2_msa_log10,QuantileRandomForest,RDKit,0,test,0.5033694418858724,0.34136136071643264,0.8112169402155347,0.2728460194797919,0.04139433551198257,0.8725490196078431,112.4
H2_msa_log10,QuantileRandomForest,RDKit,0,train,0.22012951168462283,0.10146315298400127,0.9476694013623087,0.09334101963408607,0.3132678132678132,0.9901719901719902,112.4
H2_msa_log10,QuantileRandomForest,RDKit,1,test,0.4815655533800654,0.3321974420088303,0.8272173404918312,0.35112639104751503,0.06753812636165574,0.8529411764705882,7.6
H2_msa_log10,QuantileRandomForest,RDKit,1,train,0.1835348078255899,0.09303488137297113,0.9636222322986993,0.04844744802624118,0.32254982254982256,0.9877149877149877,7.6
H2_msa_log10,QuantileRandomForest,RDKit,2,test,0.5047206016376801,0.3407573760316569,0.8102021054144009,0.2825444665842174,0.04575163398692808,0.8627450980392157,8.3
H2_msa_log10,QuantileRandomForest,RDKit,2,train,0.18078237750563061,0.09705164523425487,0.9647051492545313,0.09415806961629515,0.3088998088998089,0.9901719901719902,8.3
H2_msa_log10,QuantileRandomForest,RDKit,3,test,0.4821434175899496,0.32770665310709307,0.8268024236865583,0.2868508549898446,0.07080610021786489,0.8529411764705882,7.4
H2_msa_log10,QuantileRandomForest,RDKit,3,train,0.17941412878333782,0.09515977529399851,0.9652373845968355,0.05822817176942657,0.3203658203658204,0.9901719901719902,7.4
H2_msa_log10,QuantileRandomForest,RDKit,4,test,0.48034524763410863,0.33945643081838855,0.8280919068832249,0.26513879232752974,0.03333333333333331,0.8431372549019608,8.2
H2_msa_log10,QuantileRandomForest,RDKit,4,train,0.1681578092202089,0.09419732272728594,0.9694625166015655,0.0834897542993542,0.3228228228228228,0.9901719901719902,8.2
H2_msa_log10,DropoutMLP,AtomPair,0,test,0.47469502009705183,0.32114898419601573,0.8321123780052124,0.13965993972326987,0.20043572984749455,0.5588235294117647,46.8
H2_msa_log10,DropoutMLP,AtomPair,0,train,0.23747894018756932,0.14079124961348607,0.9390955021661811,0.06121983657480615,0.022140322140322133,0.8525798525798526,46.8
H2_msa_log10,DropoutMLP,AtomPair,1,test,0.4751717849099668,0.35068324928032973,0.8317749693396067,0.22298432013389805,0.30827886710239655,0.43137254901960786,19.8
H2_msa_log10,DropoutMLP,AtomPair,1,train,0.19365211521204187,0.14179198109736157,0.9595010603506622,0.19220277283157608,0.05801255801255804,0.7813267813267813,19.8
H2_msa_log10,DropoutMLP,AtomPair,2,test,0.4578580108533892,0.3159434812691113,0.8438108143061291,0.19429350130901155,0.2265795206971678,0.5392156862745098,22.2
H2_msa_log10,DropoutMLP,AtomPair,2,train,0.1724121620484252,0.11583364773945344,0.9678977880044864,0.19705270060239632,0.04780234780234779,0.8869778869778869,22.2
H2_msa_log10,DropoutMLP,AtomPair,3,test,0.49667327886964513,0.34770979049500067,0.8162061744909649,0.21419726210199547,0.2614379084967321,0.5294117647058824,20.1
H2_msa_log10,DropoutMLP,AtomPair,3,train,0.2050808047708269,0.1474867205937216,0.9545797846975288,0.16965936590683042,0.051733551733551764,0.828009828009828,20.1
H2_msa_log10,DropoutMLP,AtomPair,4,test,0.4627965888133208,0.3211280152528706,0.8404232467290966,0.17573550616055325,0.20370370370370375,0.5784313725490197,19.2
H2_msa_log10,DropoutMLP,AtomPair,4,train,0.1878746662643312,0.13775520778581582,0.961881517170087,0.15478011928316188,0.011111111111111113,0.8476658476658476,19.2
H2_msa_log10,torch-GNN,graph,0,test,0.45052712927112953,0.3198222041319771,0.848772343507957,,,0.0,1123.7
H2_msa_log10,torch-GNN,graph,0,train,0.3404056322215432,0.23725677112024868,0.8748610124929422,,,0.0,1123.7
H2_msa_log10,torch-GNN,graph,1,test,0.5563561437520982,0.3872109278189825,0.7693809903245702,,,0.0,26.8
H2_msa_log10,torch-GNN,graph,1,train,0.42979647052364506,0.31900556332611274,0.800508290457414,,,0.0,26.8
H2_msa_log10,torch-GNN,graph,2,test,0.7884639423887316,0.6354960446259582,0.5368165846491666,,,0.0,22.0
H2_msa_log10,torch-GNN,graph,2,train,0.6501501859514373,0.5403983385769076,0.5435149648593984,,,0.0,22.0
H2_msa_log10,torch-GNN,graph,3,test,0.5905143178910444,0.4566746652309189,0.7401933932753109,,,0.0,20.8
H2_msa_log10,torch-GNN,graph,3,train,0.4654378093122418,0.3712011987276396,0.7660503056551511,,,0.0,20.8
H2_msa_log10,torch-GNN,graph,4,test,0.48614544569233986,0.3452214866280638,0.8239152401197052,,,0.0,32.4
H2_msa_log10,torch-GNN,graph,4,train,0.38387878238125783,0.2775773729924343,0.8408570589796389,,,0.0,32.4
H2_msa_log10,torch-GREA,graph,0,test,0.5989665946136499,0.44383689582710395,0.7327027259294483,0.2609661833027583,0.24400871459694992,0.5882352941176471,8333.3
H2_msa_log10,torch-GREA,graph,0,train,0.5389021245514165,0.38839183956526024,0.6863690207780648,0.19834834014360836,0.2283647283647284,0.6486486486486487,8333.3
H2_msa_log10,torch-GREA,graph,1,test,0.6593853044237935,0.4937776115509928,0.6760575562227588,-0.012977025857925598,0.25054466230936817,0.5686274509803921,147.7
H2_msa_log10,torch-GREA,graph,1,train,0.5775329730338432,0.4193718671342831,0.6397925164564799,-0.00192302737621895,0.17239967239967247,0.7002457002457002,147.7
H2_msa_log10,torch-GREA,graph,2,test,0.6498360534445491,0.4864242694989501,0.6853723172139491,0.15282399540916208,0.24183006535947715,0.5980392156862745,146.3
H2_msa_log10,torch-GREA,graph,2,train,0.5196942896700331,0.37931728144417276,0.7083277900155291,0.0001742542853271544,0.15629265629265632,0.7567567567567568,146.3
H2_msa_log10,torch-GREA,graph,3,test,0.6964225987916597,0.5368080246299094,0.6386441938166427,0.11069236445516546,0.3660130718954248,0.3431372549019608,146.0
H2_msa_log10,torch-GREA,graph,3,train,0.560946376573754,0.4053742953776959,0.6601855389739021,0.09795608987996827,0.26494676494676495,0.5503685503685504,146.0
H2_msa_log10,torch-GREA,graph,4,test,0.7207100328624214,0.5382810907062046,0.6130004482343197,0.23431090101620075,0.3355119825708061,0.45098039215686275,146.4
H2_msa_log10,torch-GREA,graph,4,train,0.5245934306832966,0.3797485116371624,0.70280270107138,0.09642065808857417,0.2201747201747202,0.6191646191646192,146.4
H2_msa_log10,QuantileRandomForest,TopologicalTorsion,0,test,0.542615385624953,0.36909383793802003,0.7806318695525306,0.3714906105811965,0.02636165577342047,0.8529411764705882,49.7
H2_msa_log10,QuantileRandomForest,TopologicalTorsion,0,train,0.30682597858355654,0.15926143592865938,0.8983322017222815,0.1727111561669777,0.23518973518973516,0.9877149877149877,49.7
H2_msa_log10,QuantileRandomForest,TopologicalTorsion,1,test,0.5379565127141891,0.37162192663151034,0.7843826691334934,0.39141019395162796,0.027015250544662306,0.8431372549019608,7.4
H2_msa_log10,QuantileRandomForest,TopologicalTorsion,1,train,0.24990499565519428,0.14776893399300556,0.9325551119355268,0.1653723004375658,0.23983073983073983,0.9877149877149877,7.4
H2_msa_log10,QuantileRandomForest,TopologicalTorsion,2,test,0.5145695906109706,0.35065440427119526,0.8027224976639444,0.4078365517565764,0.013725490196078417,0.8627450980392157,7.2
H2_msa_log10,QuantileRandomForest,TopologicalTorsion,2,train,0.24963346177668225,0.14518226542897458,0.9327015965842436,0.07930826366906622,0.23791973791973792,0.9926289926289926,7.2
H2_msa_log10,QuantileRandomForest,TopologicalTorsion,3,test,0.5310206326054697,0.35816419033329633,0.7899067410501438,0.43966943092019206,0.02549019607843136,0.8529411764705882,7.1
H2_msa_log10,QuantileRandomForest,TopologicalTorsion,3,train,0.2435366978654904,0.14506020021126945,0.9359486940982206,0.11415824729885206,0.23983073983073983,0.995085995085995,7.1
H2_msa_log10,QuantileRandomForest,TopologicalTorsion,4,test,0.525569797449132,0.3654609948152138,0.7941977463158394,0.374574488633866,0.018736383442265796,0.8627450980392157,7.4
H2_msa_log10,QuantileRandomForest,TopologicalTorsion,4,train,0.2404971635367367,0.1483308979971613,0.937537540664465,0.16155440689980938,0.23164073164073162,1.0,7.4
H2_msa_log10,QuantileRandomForest,AtomPair,0,test,0.5270195535273023,0.3534072347810387,0.793060791418945,0.46610610373480477,0.0838779956427015,0.8823529411764706,90.9
H2_msa_log10,QuantileRandomForest,AtomPair,0,train,0.23501837399385217,0.0951967644534923,0.9403510508570307,0.15998442618555173,0.3632268632268632,0.995085995085995,90.9
H2_msa_log10,QuantileRandomForest,AtomPair,1,test,0.5067090515231151,0.3361241561976506,0.8087036643767287,0.4222269972223323,0.10675381263616555,0.9117647058823529,8.1
H2_msa_log10,QuantileRandomForest,AtomPair,1,train,0.18903104465997575,0.08532677333033954,0.9614108305535914,0.15274834632031054,0.3779688779688779,0.995085995085995,8.1
H2_msa_log10,QuantileRandomForest,AtomPair,2,test,0.5278509493190308,0.356803327847341,0.7924073655912517,0.4770510435532502,0.09041394335511982,0.8823529411764706,8.2
H2_msa_log10,QuantileRandomForest,AtomPair,2,train,0.18096287207213954,0.08233509400192944,0.9646346367514146,0.17571431049843375,0.3746928746928747,0.9926289926289926,8.2
H2_msa_log10,QuantileRandomForest,AtomPair,3,test,0.5403863102985547,0.3550945615926923,0.7824305052465196,0.5023706598003109,0.10675381263616554,0.8921568627450981,8.4
H2_msa_log10,QuantileRandomForest,AtomPair,3,train,0.17699920824281684,0.0810854466295677,0.9661668986389558,0.123277644226715,0.3768768768768768,0.9975429975429976,8.4
H2_msa_log10,QuantileRandomForest,AtomPair,4,test,0.5288952558015588,0.35933068969189336,0.7915851456657891,0.39203046676954484,0.06971677559912852,0.8725490196078431,8.1
H2_msa_log10,QuantileRandomForest,AtomPair,4,train,0.18827257290610294,0.0829308774474865,0.9617198811198464,0.11693904770050281,0.37605787605787605,0.9975429975429976,8.1
CO2_msa_log10,QuantileRandomForest,Morgan,0,test,0.7056821556972891,0.41276708464087825,0.6893907626232263,0.4574725424280595,0.029506990434142757,0.8211920529801324,75.8
CO2_msa_log10,QuantileRandomForest,Morgan,0,train,0.16529921334846212,0.04663795786425485,0.9807586709419728,0.05207933434016457,0.4202137460843929,0.9817578772802653,75.8
CO2_msa_log10,QuantileRandomForest,Morgan,1,test,0.7719938521201313,0.4178995564074396,0.6282732802100612,0.4924562862705849,0.01979396615158206,0.8344370860927153,7.2
CO2_msa_log10,QuantileRandomForest,Morgan,1,train,0.17779343429793448,0.049131337834037246,0.9777400117315146,-0.003050135534504983,0.41358024691358025,0.9834162520729685,7.2
CO2_msa_log10,QuantileRandomForest,Morgan,2,test,0.6986373376709697,0.37302502374331703,0.6955614252071951,0.39515590758513597,0.051140544518027936,0.8344370860927153,7.1
CO2_msa_log10,QuantileRandomForest,Morgan,2,train,0.15816221817941267,0.045554442240824715,0.9823843372320378,0.07193117745270536,0.42205638474295193,0.9900497512437811,7.1
CO2_msa_log10,QuantileRandomForest,Morgan,3,test,0.6944852063430236,0.3904309915284714,0.699169341869351,0.4387734295349384,0.04039735099337746,0.8344370860927153,6.9
CO2_msa_log10,QuantileRandomForest,Morgan,3,train,0.1835405025900439,0.049028882138997205,0.976277670908592,0.06274383868419503,0.4231619679380873,0.9767827529021559,6.9
CO2_msa_log10,QuantileRandomForest,Morgan,4,test,0.7099947515182375,0.41255920286063746,0.6855827445461218,0.45258997106426996,0.030389992641648284,0.8278145695364238,7.3
CO2_msa_log10,QuantileRandomForest,Morgan,4,train,0.14546567535600186,0.04209498402838708,0.9850990297229733,0.01626035094292217,0.4233462318039432,0.9917081260364843,7.3
CO2_msa_log10,DropoutMLP,Morgan,0,test,0.645386290293426,0.3455797877093505,0.7402021414122728,0.037075636110142904,0.28440029433406916,0.4304635761589404,59.2
CO2_msa_log10,DropoutMLP,Morgan,0,train,0.20293422621145576,0.12437218954072568,0.9709995929990494,0.35702836064994165,0.027215772986917283,0.8490878938640133,59.2
CO2_msa_log10,DropoutMLP,Morgan,1,test,0.7352706432904217,0.41237883833647215,0.6627976839948448,0.041551063088184036,0.33370125091979397,0.32450331125827814,20.2
CO2_msa_log10,DropoutMLP,Morgan,1,train,0.3708592689918663,0.2521602862776836,0.9031472917790215,0.15939269133639192,0.25843007186290773,0.5058043117744611,20.2
CO2_msa_log10,DropoutMLP,Morgan,2,test,0.6672084259963943,0.3646293492700545,0.7223362783998912,-0.04836528407110491,0.2630610743193525,0.3973509933774834,20.2
CO2_msa_log10,DropoutMLP,Morgan,2,train,0.25134594697911733,0.16218267435831438,0.9555125752679219,0.16032874942354955,0.08485351022664457,0.7529021558872305,20.2
CO2_msa_log10,DropoutMLP,Morgan,3,test,0.6900380401309416,0.3885419029279924,0.7030097705935496,0.05342976646915301,0.30500367917586463,0.4105960264900662,20.2
CO2_msa_log10,DropoutMLP,Morgan,3,train,0.2824745757374773,0.1860725019171801,0.9438108809334289,0.23859044090016138,0.14308089183711076,0.6733001658374793,20.2
CO2_msa_log10,DropoutMLP,Morgan,4,test,0.6794116823691763,0.38242125809189303,0.7120864421701902,0.1629313349599163,0.30721118469462844,0.3509933774834437,20.3
CO2_msa_log10,DropoutMLP,Morgan,4,train,0.23644222832963485,0.16530325588900027,0.9606319792840591,0.2987200364812535,0.13331490694674777,0.7064676616915423,20.3
CO2_msa_log10,QuantileRandomForest,RDKit,0,test,0.8291060652705741,0.46131604857644104,0.5712380077234516,0.3886079082118326,0.05702722590139811,0.7947019867549668,177.5
CO2_msa_log10,QuantileRandomForest,RDKit,0,train,0.17478158932160803,0.04562955402382145,0.9784877982846095,0.08222598087127597,0.4279528284503409,0.9867330016583747,177.5
CO2_msa_log10,QuantileRandomForest,RDKit,1,test,0.8163159287936933,0.4655453707838817,0.5843644965312693,0.3616068825633004,0.02641648270787343,0.8013245033112583,11.3
CO2_msa_log10,QuantileRandomForest,RDKit,1,train,0.19692314710149564,0.04969112442734133,0.9726921801731379,0.04377630472310696,0.4211350654136723,0.9817578772802653,11.3
CO2_msa_log10,QuantileRandomForest,RDKit,2,test,0.8182066780357687,0.45507650640987835,0.5824368785785532,0.45080091533249245,0.039661515820456204,0.8410596026490066,9.3
CO2_msa_log10,QuantileRandomForest,RDKit,2,train,0.1827819258626176,0.049877403374650124,0.9764733554494222,0.059624795468244354,0.41966095448682506,0.9867330016583747,9.3
CO2_msa_log10,QuantileRandomForest,RDKit,3,test,0.8222838230743814,0.4592198443042329,0.5782650545902903,0.4189360053888855,0.03995584988962472,0.8344370860927153,9.7
CO2_msa_log10,QuantileRandomForest,RDKit,3,train,0.1583031463460871,0.03814301983735234,0.9823529308809591,0.07885246048461536,0.4382716049382716,0.9800995024875622,9.7
CO2_msa_log10,QuantileRandomForest,RDKit,4,test,0.8252021007689269,0.47032314661628943,0.5752662758438554,0.3751064248916158,0.040691685062545994,0.8079470198675497,9.7
CO2_msa_log10,QuantileRandomForest,RDKit,4,train,0.1523921769574445,0.03887367047445295,0.9836461940803487,0.054445055536171204,0.43477059148700936,0.9900497512437811,9.7
CO2_msa_log10,DropoutMLP,AtomPair,0,test,0.6618654618542389,0.41213487481314354,0.7267655007316278,0.006744510282328336,0.28072111846946285,0.44370860927152317,55.3
CO2_msa_log10,DropoutMLP,AtomPair,0,train,0.2715421384972991,0.18436852932007464,0.9480760215443358,0.19874664651703527,0.05647687488483509,0.7744610281923715,55.3
CO2_msa_log10,DropoutMLP,AtomPair,1,test,0.6761470743965823,0.4070705317577502,0.7148466734908447,-0.04836528407110491,0.23289183222958057,0.5033112582781457,19.9
CO2_msa_log10,DropoutMLP,AtomPair,1,train,0.23076888404435864,0.14857599312530761,0.9624985557948643,0.06795569357892503,0.05341809471162702,0.8640132669983416,19.9
CO2_msa_log10,DropoutMLP,AtomPair,2,test,0.6761314659206408,0.4111734245574863,0.7148598385480721,-0.06682816312303938,0.23804267844002944,0.5298013245033113,18.6
CO2_msa_log10,DropoutMLP,AtomPair,2,train,0.2884069837675438,0.21459524704190672,0.9414259790198102,0.20099618516512943,0.09561451999262947,0.7810945273631841,18.6
CO2_msa_log10,DropoutMLP,AtomPair,3,test,0.6708761317966998,0.40802050838566384,0.7192752021580211,0.06103868943882885,0.28145695364238416,0.4503311258278146,18.9
CO2_msa_log10,DropoutMLP,AtomPair,3,train,0.2393112577549928,0.16855324785843107,0.9596707865593268,0.28461217487401824,0.03020084761378297,0.8126036484245439,18.9
CO2_msa_log10,DropoutMLP,AtomPair,4,test,0.7200868127905936,0.44416441298826126,0.6765807906891586,0.10526664342976645,0.311626195732156,0.4304635761589404,18.0
CO2_msa_log10,DropoutMLP,AtomPair,4,train,0.3908129310723976,0.28279451318999727,0.892444817049509,0.038059028305700376,0.19006817763036668,0.572139303482587,18.0
CO2_msa_log10,QuantileRandomForest,MACCS,0,test,0.7384251733277035,0.4375283635989499,0.6598980805061865,0.3031219338392272,0.065121412803532,0.9072847682119205,24.7
CO2_msa_log10,QuantileRandomForest,MACCS,0,train,0.40752687813941585,0.25871723540026986,0.8830484428968167,0.17031828784482317,0.18619863644739265,0.9817578772802653,24.7
CO2_msa_log10,QuantileRandomForest,MACCS,1,test,0.7595748522898126,0.43020339772117944,0.6401369541069176,0.2644807430025143,0.07601177336276672,0.9006622516556292,7.1
CO2_msa_log10,QuantileRandomForest,MACCS,1,train,0.38608227115932975,0.24990056135297586,0.8950328968335834,0.13413055044371866,0.18380320619126586,0.978441127694859,7.1
CO2_msa_log10,QuantileRandomForest,MACCS,2,test,0.7423752602407405,0.44262674629349713,0.6562497071104121,0.2998091527554334,0.05246504782928623,0.8675496688741722,7.2
CO2_msa_log10,QuantileRandomForest,MACCS,2,train,0.4257294251695412,0.2635303757439758,0.8723676310973087,0.18808873159806894,0.18619863644739265,0.988391376451078,7.2
CO2_msa_log10,QuantileRandomForest,MACCS,3,test,0.7479723789227344,0.44928611543882463,0.6510467745627209,0.32162461065842524,0.05172921265636496,0.9006622516556292,7.1
CO2_msa_log10,QuantileRandomForest,MACCS,3,train,0.4052299108112594,0.2569746150497171,0.8843630891770891,0.19197652549919456,0.1880412751059517,0.988391376451078,7.1
CO2_msa_log10,QuantileRandomForest,MACCS,4,test,0.7662792132362686,0.47299957413739724,0.6337562811898854,0.3259684252876473,0.02641648270787344,0.8940397350993378,7.4
CO2_msa_log10,QuantileRandomForest,MACCS,4,train,0.41459330663810645,0.26339075755278446,0.8789574495488396,0.1379140745385613,0.17680117928874145,0.9850746268656716,7.4
CO2_msa_log10,DropoutMLP,RDKit,0,test,0.7476811177349134,0.418263732229229,0.6513184871155242,-0.027734402230742417,0.2152317880794702,0.5761589403973509,66.0
CO2_msa_log10,DropoutMLP,RDKit,0,train,0.28544506643686407,0.20740553536782885,0.9426229024366417,0.29940876681913525,0.01792887414777962,0.8623548922056384,66.0
CO2_msa_log10,DropoutMLP,RDKit,1,test,0.757615158745913,0.4169143617441806,0.64199144298207,-0.03995468804461484,0.22406181015452542,0.5165562913907285,24.0
CO2_msa_log10,DropoutMLP,RDKit,1,train,0.28044258421546164,0.2026782074852013,0.9446163704134195,0.2356191146093475,0.05702966648240282,0.8009950248756219,24.0
CO2_msa_log10,DropoutMLP,RDKit,2,test,0.795301156146537,0.49091038153186095,0.6054888124788157,-0.0271523178807947,0.22479764532744667,0.5894039735099338,21.9
CO2_msa_log10,DropoutMLP,RDKit,2,train,0.450694260849254,0.3411118990021397,0.8569599844041867,0.09928805292583964,0.1460291136908053,0.6948590381426202,21.9
CO2_msa_log10,DropoutMLP,RDKit,3,test,0.795781175299138,0.47377056949238516,0.6050124392853939,-0.0342279539909376,0.2211184694628404,0.5033112582781457,22.8
CO2_msa_log10,DropoutMLP,RDKit,3,train,0.3615757808284113,0.2789544945692595,0.9079355085121624,0.21260926013920625,0.10199004975124379,0.7777777777777778,22.8
CO2_msa_log10,DropoutMLP,RDKit,4,test,0.7631498697354936,0.44549273211724605,0.6367415172385686,-0.05299058905541999,0.2579102281089037,0.4900662251655629,22.9
CO2_msa_log10,DropoutMLP,RDKit,4,train,0.30142234066697166,0.22914041173554744,0.9360199803402064,0.12586979296822964,0.07858853878754378,0.7611940298507462,22.9
CO2_msa_log10,DropoutMLP,TopologicalTorsion,0,test,0.7251464519508095,0.4247388744664531,0.6720198587639952,0.20280585569884974,0.3175128771155261,0.4105960264900662,61.3
CO2_msa_log10,DropoutMLP,TopologicalTorsion,0,train,0.30648220129788717,0.1968847900004803,0.9338539355332562,0.538664239691293,0.11894232540998712,0.724709784411277,61.3
CO2_msa_log10,DropoutMLP,TopologicalTorsion,1,test,0.7872934707133965,0.44969541407423175,0.6133932830535302,-0.07277797141861275,0.2777777777777778,0.423841059602649,22.3
CO2_msa_log10,DropoutMLP,TopologicalTorsion,1,train,0.37030330360538555,0.27537236163930706,0.9034374632606484,0.010287717864879033,0.22360420121614155,0.5522388059701493,22.3
CO2_msa_log10,DropoutMLP,TopologicalTorsion,2,test,0.728251716545557,0.39856779467727327,0.6692048528211265,-0.002150575113279888,0.25496688741721857,0.47019867549668876,22.9
CO2_msa_log10,DropoutMLP,TopologicalTorsion,2,train,0.28756684492479195,0.2026326318169893,0.9417667379983173,0.2595090377248431,0.12354892205638476,0.7313432835820896,22.9
CO2_msa_log10,DropoutMLP,TopologicalTorsion,3,test,0.7412750061759564,0.4340285758535343,0.6572678778602931,0.08509933774834436,0.29764532744665195,0.40397350993377484,22.8
CO2_msa_log10,DropoutMLP,TopologicalTorsion,3,train,0.2857770386010365,0.19813252272352314,0.9424893658815774,0.3954474070868075,0.12281186659296114,0.75787728026534,22.8
CO2_msa_log10,DropoutMLP,TopologicalTorsion,4,test,0.7352494127123633,0.4337069516446727,0.6628171568156365,0.11713140467061692,0.32045621780721123,0.3509933774834437,22.1
CO2_msa_log10,DropoutMLP,TopologicalTorsion,4,train,0.2566411641786866,0.18090476389659324,0.9536183572414614,0.24670091928861992,0.10438548000737058,0.7296849087893864,22.1
CO2_msa_log10,DropoutMLP,MACCS,0,test,0.6937997145041515,0.4119817291774233,0.6997629187688755,0.19991286162425928,0.28513612950699047,0.4304635761589404,55.4
CO2_msa_log10,DropoutMLP,MACCS,0,train,0.3229467790493908,0.2376114810507046,0.9265561545488821,0.06741074062483342,0.14879307167864383,0.6832504145936982,55.4
CO2_msa_log10,DropoutMLP,MACCS,1,test,0.6592729448149066,0.4448946789719737,0.7289018193889123,0.2623004531195538,0.32855040470934516,0.36423841059602646,19.6
CO2_msa_log10,DropoutMLP,MACCS,1,train,0.3609588359236346,0.2743485085708145,0.9082494137295304,0.0857805864081279,0.20775750875253365,0.5555555555555556,19.6
CO2_msa_log10,DropoutMLP,MACCS,2,test,0.6478746603659501,0.3999035715388508,0.738194910994196,0.2591843848030672,0.286607799852833,0.423841059602649,20.6
CO2_msa_log10,DropoutMLP,MACCS,2,train,0.34014148454452875,0.24905112393536027,0.9185271893381127,0.08199486823653837,0.15376819605675326,0.6633499170812603,20.6
CO2_msa_log10,DropoutMLP,MACCS,3,test,0.6854232372279812,0.4215891987124,0.7069688810770576,0.24373649355176016,0.30573951434878593,0.41721854304635764,22.1
CO2_msa_log10,DropoutMLP,MACCS,3,train,0.30476650704049474,0.21513420883079265,0.9345924369711937,0.06299846611916327,0.14308089183711076,0.6799336650082919,22.1
CO2_msa_log10,DropoutMLP,MACCS,4,test,0.669095525463575,0.4074469433778347,0.7207633964069982,0.26765423492506096,0.31309786607799855,0.3973509933774834,20.0
CO2_msa_log10,DropoutMLP,MACCS,4,train,0.3109650044733184,0.22262941659480473,0.9319047957145926,-0.009891303860009538,0.13294637921503594,0.6782752902155887,20.0
CO2_msa_log10,torch-GNN,graph,0,test,0.7168853229127861,0.4059437860316212,0.6794502269073046,,,0.0,972.1
CO2_msa_log10,torch-GNN,graph,0,train,0.3801227858837823,0.27322029581530666,0.8982483875374022,,,0.0,972.1
CO2_msa_log10,torch-GNN,graph,1,test,0.717469046959312,0.4037959911914651,0.6789279989220915,,,0.0,19.3
CO2_msa_log10,torch-GNN,graph,1,train,0.43417321698828804,0.31749216076101067,0.8672545781047005,,,0.0,19.3
CO2_msa_log10,torch-GNN,graph,2,test,0.7148339626044581,0.40596699430585703,0.6812821022581612,,,0.0,20.3
CO2_msa_log10,torch-GNN,graph,2,train,0.3950831287184285,0.2886166492858725,0.8900815838376205,,,0.0,20.3
CO2_msa_log10,torch-GNN,graph,3,test,0.7570379161332472,0.44644098619016503,0.6425367833544404,,,0.0,19.0
CO2_msa_log10,torch-GNN,graph,3,train,0.4302005228623483,0.3137870377487681,0.8696727111152384,,,0.0,19.0
CO2_msa_log10,torch-GNN,graph,4,test,0.7417959317953092,0.4264814476364865,0.6567860035906085,,,0.0,20.3
CO2_msa_log10,torch-GNN,graph,4,train,0.3955738537468256,0.2857213149793146,0.8898083592289051,,,0.0,20.3
CO2_msa_log10,torch-GREA,graph,0,test,0.9347640274246855,0.5596879419340088,0.45499551284111506,0.06690135935866154,0.2152317880794702,0.6556291390728477,6263.7
CO2_msa_log10,torch-GREA,graph,0,train,0.7269537841407203,0.5344815428527041,0.6278593632230293,0.01918623874507027,0.232448866777225,0.6401326699834162,6263.7
CO2_msa_log10,torch-GREA,graph,1,test,1.0320918340333896,0.6670451541980185,0.33559517204915323,0.18652492157546183,0.13944076526857987,0.7615894039735099,81.5
CO2_msa_log10,torch-GREA,graph,1,train,0.9066898725455826,0.6813791464705647,0.42109003826787594,0.4171024742892235,0.21125852220379585,0.693200663349917,81.5
CO2_msa_log10,torch-GREA,graph,2,test,0.9485289006794005,0.5691335798033024,0.4388264001365443,-0.14871732310909722,0.14532744665194997,0.7284768211920529,113.4
CO2_msa_log10,torch-GREA,graph,2,train,0.7416265190192037,0.5397862601562723,0.6126852869526942,-0.051562399197266,0.17551133222775014,0.714759535655058,113.4
CO2_msa_log10,torch-GREA,graph,3,test,1.128127927082181,0.7386984861893241,0.20619688891587462,0.2887208086441268,0.2512877115526122,0.6556291390728477,63.6
CO2_msa_log10,torch-GREA,graph,3,train,0.9288507846866955,0.7039998691029995,0.3924452818379872,0.24270104185675975,0.23852957435046987,0.6451077943615257,63.6
CO2_msa_log10,torch-GREA,graph,4,test,1.1402106632517155,0.7596858156171238,0.18910188243531034,-0.07259672359707214,0.17623252391464314,0.7086092715231788,47.4
CO2_msa_log10,torch-GREA,graph,4,train,0.9627923593899883,0.7246751612627113,0.3472321395522856,-0.11643732790288785,0.17348442970333522,0.6699834162520729,47.4
CO2_msa_log10,QuantileRandomForest,AtomPair,0,test,0.7808510771857005,0.4124236992190275,0.6196945726287282,0.38158609050231984,0.11883738042678438,0.9271523178807947,137.9
CO2_msa_log10,QuantileRandomForest,AtomPair,0,train,0.20148863695239505,0.06480903299417604,0.971411286589297,0.03168440951688173,0.4213193292795283,0.9917081260364843,137.9
CO2_msa_log10,QuantileRandomForest,AtomPair,1,test,0.7768295673149149,0.41517126935519266,0.6236017547796631,0.39556638012914713,0.11074319352465045,0.9205298013245033,12.8
CO2_msa_log10,QuantileRandomForest,AtomPair,1,train,0.21280903234507734,0.06755648185061223,0.9681085983552828,0.008143664618220858,0.41818684355997787,1.0,12.8
CO2_msa_log10,QuantileRandomForest,AtomPair,2,test,0.7730508142947947,0.4059242119772728,0.6272546968419497,0.42260067585134287,0.12766740250183956,0.9271523178807947,12.8
CO2_msa_log10,QuantileRandomForest,AtomPair,2,train,0.17013347515753613,0.0587662050175109,0.9796167683911283,0.036725318731231936,0.42353049566979917,1.0,12.8
CO2_msa_log10,QuantileRandomForest,AtomPair,3,test,0.7849385510303342,0.4190980910428375,0.6157026281305755,0.41289376982970427,0.12766740250183956,0.9271523178807947,13.0
CO2_msa_log10,QuantileRandomForest,AtomPair,3,train,0.19413437658673618,0.05925972686088293,0.9734601548805075,0.059885702881623995,0.42997973097475584,0.9900497512437811,13.0
CO2_msa_log10,QuantileRandomForest,AtomPair,4,test,0.7667139854081533,0.40218161590101165,0.6333405639237126,0.38313798310745584,0.1313465783664459,0.9072847682119205,12.7
CO2_msa_log10,QuantileRandomForest,AtomPair,4,train,0.15936123700592286,0.06049666384087268,0.9821162381621676,0.03975451246370405,0.4211350654136724,0.9966832504145937,12.7
CO2_msa_log10,QuantileRandomForest,TopologicalTorsion,0,test,0.8561864399324576,0.4396717474674134,0.5427720333646684,0.3029201373680055,0.07454010301692421,0.8410596026490066,75.7
CO2_msa_log10,QuantileRandomForest,TopologicalTorsion,0,train,0.16757074247814577,0.04527173679846613,0.9802262116600903,0.1636897884961676,0.43108531416989126,0.9834162520729685,75.7
CO2_msa_log10,QuantileRandomForest,TopologicalTorsion,1,test,0.8403671159755687,0.4250810195946916,0.5595118844188767,0.2821126600093265,0.06791758646063284,0.847682119205298,8.3
CO2_msa_log10,QuantileRandomForest,TopologicalTorsion,1,train,0.19069640762198847,0.05274536000351091,0.9743918316156911,0.1264001656942739,0.4194766906209692,0.9867330016583747,8.3
CO2_msa_log10,QuantileRandomForest,TopologicalTorsion,2,test,0.8540224027835648,0.42694049430033404,0.5450804274627523,0.2937435026199043,0.07086092715231787,0.8543046357615894,8.3
CO2_msa_log10,QuantileRandomForest,TopologicalTorsion,2,train,0.20682030009065325,0.06084890680193558,0.9698782762591197,0.12847632151988603,0.40436705362078496,0.9933665008291874,8.3
CO2_msa_log10,QuantileRandomForest,TopologicalTorsion,3,test,0.9146215134949218,0.4832995821097785,0.4782302212390195,0.3260827511045732,0.05408388520971303,0.8145695364238411,8.4
CO2_msa_log10,QuantileRandomForest,TopologicalTorsion,3,train,0.19490311226792326,0.05378750744705579,0.9732495531254763,0.165514016360743,0.4216878570112401,0.9751243781094527,8.4
CO2_msa_log10,QuantileRandomForest,TopologicalTorsion,4,test,0.860208357845361,0.4557380200819148,0.5384663063902262,0.31070011923798974,0.06659308314937454,0.8278145695364238,8.5
CO2_msa_log10,QuantileRandomForest,TopologicalTorsion,4,train,0.17226897342093733,0.04851755710631805,0.9791018604644733,0.14202159435993786,0.42279344020637555,0.9933665008291874,8.5
CH4_msa_log10,QuantileRandomForest,Morgan,0,test,0.5936881386363786,0.43045001626229584,0.8208886538442788,0.2690960939148179,0.03933495539334957,0.8248175182481752,65.5
CH4_msa_log10,QuantileRandomForest,Morgan,0,train,0.19890313946974558,0.05135231728886418,0.9815321098365221,-0.024276954155841593,0.4089052287581699,0.9816176470588235,65.5
CH4_msa_log10,QuantileRandomForest,Morgan,1,test,0.6349776178807114,0.4726525471745192,0.7951088556429375,0.42461936606324346,0.04744525547445257,0.8248175182481752,9.6
CH4_msa_log10,QuantileRandomForest,Morgan,1,train,0.22651857453473437,0.05307254231849367,0.976048007510572,0.014437698947129401,0.41748366013071897,0.9779411764705882,9.6
CH4_msa_log10,QuantileRandomForest,Morgan,2,test,0.6335929439786292,0.47483359452363144,0.7960014794988358,0.36792547494991823,0.05231143552311436,0.8394160583941606,9.3
CH4_msa_log10,QuantileRandomForest,Morgan,2,train,0.22353417644243653,0.05631906740168645,0.9766749882233854,0.008686620397055268,0.4072712418300653,0.9852941176470589,9.3
CH4_msa_log10,QuantileRandomForest,Morgan,3,test,0.6155306212001574,0.46012871493871993,0.8074667776816058,0.37673458577073166,0.051987023519870244,0.8321167883211679,9.3
CH4_msa_log10,QuantileRandomForest,Morgan,3,train,0.1914993934909779,0.048936209257169155,0.9828813775968553,-0.004677941315726719,0.4133986928104575,0.9889705882352942,9.3
CH4_msa_log10,QuantileRandomForest,Morgan,4,test,0.6190740268357029,0.46833186465005455,0.8052436974705615,0.36543196048218085,0.06123276561232766,0.7737226277372263,10.0
CH4_msa_log10,QuantileRandomForest,Morgan,4,train,0.19719238022618388,0.0508676580631888,0.9818484270543655,-0.02369589895925244,0.40870098039215685,0.9761029411764706,10.0
CH4_msa_log10,DropoutMLP,Morgan,0,test,0.5462997967076436,0.380181869592061,0.8483409150272847,0.23789833292885543,0.3337388483373885,0.29927007299270075,49.7
CH4_msa_log10,DropoutMLP,Morgan,0,train,0.21791196783895675,0.1390279452242004,0.9778335486503406,0.19923373475296144,0.16482843137254902,0.6875,49.7
CH4_msa_log10,DropoutMLP,Morgan,1,test,0.605610897334279,0.41554519788459576,0.8136223995505326,0.3281917971885675,0.3613138686131387,0.2773722627737226,19.7
CH4_msa_log10,DropoutMLP,Morgan,1,train,0.23476854903943561,0.12893851664657946,0.9742715372350949,0.23793788182818365,0.14440359477124184,0.6709558823529411,19.7
CH4_msa_log10,DropoutMLP,Morgan,2,test,0.5639132331244887,0.39840429592435495,0.8384038811693383,0.16185337987940335,0.3402270884022709,0.3284671532846715,18.4
CH4_msa_log10,DropoutMLP,Morgan,2,train,0.2850169855987101,0.19603774365919283,0.9620793745340581,0.16923579204097877,0.261233660130719,0.5386029411764706,18.4
CH4_msa_log10,DropoutMLP,Morgan,3,test,0.5881204726703333,0.44568209808102743,0.8242323489959213,0.08889334851681073,0.39456609894566097,0.24817518248175183,19.2
CH4_msa_log10,DropoutMLP,Morgan,3,train,0.270473669194221,0.19867931512621895,0.9658505280903521,-0.023584869093868976,0.2624591503267974,0.4577205882352941,19.2
CH4_msa_log10,DropoutMLP,Morgan,4,test,0.5763357936808308,0.43031333471046146,0.8312057925977895,0.03981462467563985,0.3734793187347932,0.24817518248175183,18.2
CH4_msa_log10,DropoutMLP,Morgan,4,train,0.274404745878206,0.19903335332494018,0.9648506544330193,0.07479084238490367,0.28349673202614384,0.49080882352941174,18.2
CH4_msa_log10,QuantileRandomForest,RDKit,0,test,0.5857958397187077,0.43405308129609804,0.8256190980575452,0.15897033206177957,0.06496350364963505,0.8759124087591241,163.8
CH4_msa_log10,QuantileRandomForest,RDKit,0,train,0.22948627607335204,0.06099676289875405,0.9754162888715122,0.015683919978726795,0.41094771241830064,0.9779411764705882,163.8
CH4_msa_log10,QuantileRandomForest,RDKit,1,test,0.6148690599980673,0.4645743244680826,0.8078804177403688,0.24592698387532952,0.036577453365774525,0.8759124087591241,16.0
CH4_msa_log10,QuantileRandomForest,RDKit,1,train,0.21680095889445852,0.05047325737929253,0.9780590006631039,0.04217904182683063,0.4285130718954248,0.9816176470588235,16.0
CH4_msa_log10,QuantileRandomForest,RDKit,2,test,0.5962357445551179,0.4507278820253525,0.8193481677435858,0.16759388038942974,0.05474452554744527,0.8394160583941606,15.5
CH4_msa_log10,QuantileRandomForest,RDKit,2,train,0.2658763835279847,0.07254569550368327,0.9670015506223353,0.08173443663117178,0.41013071895424835,0.9852941176470589,15.5
CH4_msa_log10,QuantileRandomForest,RDKit,3,test,0.5992734952666323,0.44521850142026487,0.8175026789096816,0.10569954716042633,0.06415247364152475,0.8832116788321168,15.3
CH4_msa_log10,QuantileRandomForest,RDKit,3,train,0.22939009702637103,0.0511818787652912,0.9754368909090121,0.027676185833496823,0.43014705882352944,0.9908088235294118,15.3
CH4_msa_log10,QuantileRandomForest,RDKit,4,test,0.6713771619860073,0.4800188723584288,0.7709451555707549,0.12156633956837415,0.06123276561232766,0.8467153284671532,15.9
CH4_msa_log10,QuantileRandomForest,RDKit,4,train,0.2748617120945332,0.06292510393511896,0.9647334885474542,0.005215590216905152,0.4160539215686274,0.9742647058823529,15.9
CH4_msa_log10,DropoutMLP,RDKit,0,test,0.602163433043851,0.47326997351960126,0.8157382838936886,-0.13480314372654806,0.2542579075425791,0.4744525547445255,47.7
CH4_msa_log10,DropoutMLP,RDKit,0,train,0.4121503398719974,0.30731500307985526,0.9207050861724264,0.014564406532038532,0.11621732026143795,0.6801470588235294,47.7
CH4_msa_log10,DropoutMLP,RDKit,1,test,0.5989483416290332,0.46021044074971845,0.8177006638698823,-0.14964437060130303,0.27453365774533656,0.41605839416058393,23.6
CH4_msa_log10,DropoutMLP,RDKit,1,train,0.31457345405966286,0.2175659505273876,0.9538067893522101,0.007133571660708481,0.07888071895424838,0.7444852941176471,23.6
CH4_msa_log10,DropoutMLP,RDKit,2,test,0.6179436741294186,0.4905898353457056,0.8059542500922074,0.058412828793846946,0.3353609083536091,0.36496350364963503,24.9
CH4_msa_log10,DropoutMLP,RDKit,2,train,0.28043046477155004,0.1875715974976669,0.9632899995031439,0.23664641182135582,0.034027777777777796,0.7959558823529411,24.9
CH4_msa_log10,DropoutMLP,RDKit,3,test,0.6355534555258382,0.48875723598703985,0.7947370707849464,-0.029360427128642633,0.3061638280616383,0.40875912408759124,21.1
CH4_msa_log10,DropoutMLP,RDKit,3,train,0.3545506822710381,0.2532636029011453,0.9413199253403896,0.23626201202768093,0.1550245098039216,0.6433823529411765,21.1
CH4_msa_log10,DropoutMLP,RDKit,4,test,0.670169305871297,0.5362806588605551,0.7717685866901101,-0.02722291709447981,0.32481751824817523,0.3795620437956204,20.7
CH4_msa_log10,DropoutMLP,RDKit,4,train,0.4287917057226169,0.3293938596192165,0.9141724414124959,0.12540914688141971,0.17422385620915037,0.6084558823529411,20.7
CH4_msa_log10,QuantileRandomForest,MACCS,0,test,0.7658427556283907,0.5444255912426628,0.7019524400527491,0.2861093485719203,0.010300081103000824,0.8759124087591241,23.5
CH4_msa_log10,QuantileRandomForest,MACCS,0,train,0.44091872708796614,0.2888540009996157,0.9092490673953693,0.28303589902753334,0.17463235294117646,0.9834558823529411,23.5
CH4_msa_log10,QuantileRandomForest,MACCS,1,test,0.804925773157348,0.5606589767823935,0.670755885460351,0.31329091500717415,0.03284671532846714,0.8686131386861314,7.5
CH4_msa_log10,QuantileRandomForest,MACCS,1,train,0.451774364868505,0.2885251028030449,0.9047253910528639,0.19640347489265142,0.16441993464052285,0.9816176470588235,7.5
CH4_msa_log10,QuantileRandomForest,MACCS,2,test,0.7495456218138035,0.5403399162497874,0.7145023768047483,0.35540805909277506,0.017923763179237655,0.9124087591240876,7.6
CH4_msa_log10,QuantileRandomForest,MACCS,2,train,0.4528179198008894,0.28878539330948927,0.9042847325026413,0.2061749328045914,0.170547385620915,0.9852941176470589,7.6
CH4_msa_log10,QuantileRandomForest,MACCS,3,test,0.7614324918840822,0.5346032170694262,0.705375292901579,0.23612243970245592,0.02003244120032444,0.8832116788321168,8.1
CH4_msa_log10,QuantileRandomForest,MACCS,3,train,0.444026108765424,0.2825865688069481,0.9079654227700917,0.2193233519464569,0.1868872549019608,0.9926470588235294,8.1
CH4_msa_log10,QuantileRandomForest,MACCS,4,test,0.711457349784634,0.5419514552730476,0.7427803789484366,0.2931989724952405,0.030251419302514213,0.8832116788321168,7.5
CH4_msa_log10,QuantileRandomForest,MACCS,4,train,0.4292143765951518,0.2819034413204418,0.9140031532099618,0.18242044716271277,0.1736111111111111,0.9779411764705882,7.5
CH4_msa_log10,DropoutMLP,MACCS,0,test,0.6365473663656465,0.47886351040372066,0.7940945675570021,0.03073254055668602,0.2899432278994323,0.3722627737226277,44.1
CH4_msa_log10,DropoutMLP,MACCS,0,train,0.4188709855240884,0.31331883933031657,0.9180979892724999,0.058523657321410995,0.18974673202614378,0.5955882352941176,44.1
CH4_msa_log10,DropoutMLP,MACCS,1,test,0.6003816561866492,0.4691854882620408,0.8168271162960278,0.11424477756827896,0.34995944849959454,0.38686131386861317,20.3
CH4_msa_log10,DropoutMLP,MACCS,1,train,0.3564251369210828,0.2585667758074705,0.9406978202215093,-0.03292473307433369,0.14971405228758172,0.6286764705882353,20.3
CH4_msa_log10,DropoutMLP,MACCS,2,test,0.5984213031061049,0.4741237910423196,0.81802134762305,0.045657774376015085,0.34752635847526364,0.35766423357664234,19.2
CH4_msa_log10,DropoutMLP,MACCS,2,train,0.4674425419207149,0.35220372626953256,0.898002276967719,0.03222227357160107,0.24468954248366018,0.49264705882352944,19.2
CH4_msa_log10,DropoutMLP,MACCS,3,test,0.5859741520815301,0.45265545646474337,0.8255129211235603,0.04329157877051169,0.30616382806163833,0.3722627737226277,19.1
CH4_msa_log10,DropoutMLP,MACCS,3,train,0.4082082258807252,0.2976024606155738,0.9222147036050593,0.061192094050859736,0.2144607843137255,0.5367647058823529,19.1
CH4_msa_log10,DropoutMLP,MACCS,4,test,0.5967167256204108,0.47115903898549777,0.8190565879163867,0.11333470233539306,0.3321167883211679,0.36496350364963503,18.7
CH4_msa_log10,DropoutMLP,MACCS,4,train,0.36653068637426617,0.268020817728982,0.9372874172439514,0.04595765266418797,0.16217320261437912,0.6415441176470589,18.7
CH4_msa_log10,QuantileRandomForest,TopologicalTorsion,0,test,0.5615876756981273,0.4371898975164111,0.8397339657899072,0.3165956672257767,0.034955393349553956,0.8394160583941606,58.9
CH4_msa_log10,QuantileRandomForest,TopologicalTorsion,0,train,0.3165116078897935,0.12672750781974146,0.9532358234791518,0.06632065029045119,0.3188316993464052,0.9852941176470589,58.9
CH4_msa_log10,QuantileRandomForest,TopologicalTorsion,1,test,0.59506374549859,0.463103777489393,0.8200576712914945,0.4346505091381185,0.03933495539334956,0.8394160583941606,7.0
CH4_msa_log10,QuantileRandomForest,TopologicalTorsion,1,train,0.2987722513827327,0.11928823966367098,0.9583308610525687,0.11905257015361966,0.335171568627451,0.9852941176470589,7.0
CH4_msa_log10,QuantileRandomForest,TopologicalTorsion,2,test,0.5577314076849362,0.434905818063343,0.8419274144398747,0.3183480308387094,0.025709651257096535,0.8175182481751825,7.1
CH4_msa_log10,QuantileRandomForest,TopologicalTorsion,2,train,0.33166397031906375,0.12910953922624438,0.9486511646769797,0.08129788698381503,0.32679738562091504,0.9834558823529411,7.1
CH4_msa_log10,QuantileRandomForest,TopologicalTorsion,3,test,0.5651484130590696,0.4428352426121287,0.8376951945444606,0.3371942290772126,0.03901054339010543,0.8613138686131386,7.2
CH4_msa_log10,QuantileRandomForest,TopologicalTorsion,3,train,0.30128917813158196,0.11406447762116402,0.9576258429061482,0.08553240780136946,0.3457924836601307,0.9871323529411765,7.2
CH4_msa_log10,QuantileRandomForest,TopologicalTorsion,4,test,0.6037035215208537,0.4623348350553307,0.8147945459446503,0.34591864953713264,0.03122465531224656,0.8394160583941606,7.1
CH4_msa_log10,QuantileRandomForest,TopologicalTorsion,4,train,0.3010543450859233,0.12552705125174074,0.9576918723231068,0.11667803689350452,0.3218954248366013,0.9669117647058824,7.1
CH4_msa_log10,DropoutMLP,TopologicalTorsion,0,test,0.5390865807943758,0.40145780766320815,0.8523194176821999,0.10961039445927528,0.3175182481751825,0.35766423357664234,59.4
CH4_msa_log10,DropoutMLP,TopologicalTorsion,0,train,0.24691414700390718,0.1752256939347101,0.9715405859504057,0.26976278574687007,0.10232843137254904,0.75,59.4
CH4_msa_log10,DropoutMLP,TopologicalTorsion,1,test,0.596472070126123,0.4326734397713628,0.8192049320899497,0.24881456867101012,0.35239253852392544,0.32116788321167883,25.1
CH4_msa_log10,DropoutMLP,TopologicalTorsion,1,train,0.2865290571890595,0.17546752010997727,0.9616759543875786,0.28988589505445844,0.1354166666666667,0.7003676470588235,25.1
CH4_msa_log10,DropoutMLP,TopologicalTorsion,2,test,0.648611219320268,0.4985235007528739,0.786215966491056,0.017949483823996113,0.3191403081914031,0.35766423357664234,21.0
CH4_msa_log10,DropoutMLP,TopologicalTorsion,2,train,0.49036072350368864,0.37303288481584407,0.8877554246674164,0.07903466977545744,0.286764705882353,0.4411764705882353,21.0
CH4_msa_log10,DropoutMLP,TopologicalTorsion,3,test,0.6246721148530407,0.48086596943229704,0.8017055345849754,0.19070509828812512,0.3678021086780211,0.30656934306569344,21.0
CH4_msa_log10,DropoutMLP,TopologicalTorsion,3,train,0.4484948891859918,0.33504202566220787,0.9061035865929807,0.08791775782287045,0.29534313725490197,0.4411764705882353,21.0
CH4_msa_log10,DropoutMLP,TopologicalTorsion,4,test,0.5453525838255447,0.4137929059666526,0.8488663733988137,0.11280732540556684,0.33779399837794,0.3722627737226277,23.3
CH4_msa_log10,DropoutMLP,TopologicalTorsion,4,train,0.2471763479971902,0.16377897004551634,0.9714801110949892,0.24742838997832392,0.0902777777777778,0.75,23.3
CH4_msa_log10,DropoutMLP,AtomPair,0,test,0.5377374172603689,0.40118697420494936,0.8530576884514748,-0.13567588253962326,0.2518248175182482,0.46715328467153283,53.8
CH4_msa_log10,DropoutMLP,AtomPair,0,train,0.3007248299170909,0.2056268629773235,0.9577844372735725,0.249428059023295,0.05984477124183009,0.7922794117647058,53.8
CH4_msa_log10,DropoutMLP,AtomPair,1,test,0.5951932327300465,0.4512158160610561,0.8199793510468664,-0.07807512087665912,0.2704785077047851,0.48175182481751827,21.9
CH4_msa_log10,DropoutMLP,AtomPair,1,train,0.3942417204679289,0.2869712206489077,0.9274463660303555,0.24174967873509584,0.16768790849673207,0.6415441176470589,21.9
CH4_msa_log10,DropoutMLP,AtomPair,2,test,0.5769773039840083,0.4381448795924473,0.8308298191166036,0.07684768607538223,0.3029197080291971,0.41605839416058393,22.7
CH4_msa_log10,DropoutMLP,AtomPair,2,train,0.3019869657716538,0.21792546308647825,0.95742933798494,0.0025567766769133515,0.1156045751633987,0.6727941176470589,22.7
CH4_msa_log10,DropoutMLP,AtomPair,3,test,0.6116602983151507,0.4790967469069016,0.8098803798346383,0.1304441167136483,0.345904298459043,0.34306569343065696,23.3
CH4_msa_log10,DropoutMLP,AtomPair,3,train,0.3021938127930878,0.2121230806471572,0.9573710001667236,0.023696529146404365,0.12908496732026148,0.6599264705882353,23.3
CH4_msa_log10,DropoutMLP,AtomPair,4,test,0.6494496001655773,0.5087123714518578,0.7856629440659944,0.06363526051486923,0.33779399837794,0.3284671532846715,22.2
CH4_msa_log10,DropoutMLP,AtomPair,4,train,0.406044828164021,0.2990572713791548,0.9230370026200516,0.3361949265488546,0.23263888888888895,0.5,22.2
CH4_msa_log10,torch-GNN,graph,0,test,0.552418537499711,0.4011466503125307,0.8449246246257732,,,0.0,1892.7
CH4_msa_log10,torch-GNN,graph,0,train,0.2594393230929161,0.16261128875033992,0.9685800411481249,,,0.0,1892.7
CH4_msa_log10,torch-GNN,graph,1,test,0.5528206353195289,0.40329568832365636,0.8446987880183692,,,0.0,41.1
CH4_msa_log10,torch-GNN,graph,1,train,0.28445019356090084,0.16940714116091582,0.9622300444154768,,,0.0,41.1
CH4_msa_log10,torch-GNN,graph,2,test,0.5074665247305331,0.37819620532060777,0.8691357104585041,,,0.0,38.7
CH4_msa_log10,torch-GNN,graph,2,train,0.2885351233542659,0.17234402966327286,0.9611374421498252,,,0.0,38.7
CH4_msa_log10,torch-GNN,graph,3,test,0.5110158159822201,0.3752526076430612,0.8672987428625438,,,0.0,40.7
CH4_msa_log10,torch-GNN,graph,3,train,0.2595508340196286,0.1623265091353801,0.9685530258009382,,,0.0,40.7
CH4_msa_log10,torch-GNN,graph,4,test,0.5496277592702795,0.4093878314286017,0.8464875258074223,,,0.0,17.6
CH4_msa_log10,torch-GNN,graph,4,train,0.2764663029313759,0.17223829721994022,0.96432052817793,,,0.0,17.6
CH4_msa_log10,torch-GREA,graph,0,test,0.5978296661316882,0.46995699462704,0.8183810008519563,0.09120841938256248,0.29643146796431474,0.4306569343065693,8016.3
CH4_msa_log10,torch-GREA,graph,0,train,0.5523007824760419,0.4211289054425102,0.8576080872659911,0.00619817785363253,0.27410130718954245,0.5275735294117647,8016.3
CH4_msa_log10,torch-GREA,graph,1,test,0.620050185118437,0.47742513400332504,0.8046290282871846,0.07323313937823438,0.29643146796431474,0.49635036496350365,152.3
CH4_msa_log10,torch-GREA,graph,1,train,0.6113508232866317,0.45526123780857963,0.8255323105148211,0.08742950688788463,0.25592320261437906,0.5533088235294118,152.3
CH4_msa_log10,torch-GREA,graph,2,test,0.6685747386514906,0.502469456514844,0.7728533793484008,0.18960878341377305,0.2883211678832117,0.5474452554744526,44.1
CH4_msa_log10,torch-GREA,graph,2,train,0.6643073057357082,0.5009168093538362,0.793997702436498,0.2352286040608752,0.26817810457516345,0.5735294117647058,44.1
CH4_msa_log10,torch-GREA,graph,3,test,0.5807786662394404,0.44871177799487605,0.8285933513616538,0.07509529548898959,0.3167072181670722,0.41605839416058393,146.1
CH4_msa_log10,torch-GREA,graph,3,train,0.6016253674690613,0.44689747648578715,0.8310390717729268,0.07358433061671295,0.2871732026143791,0.5018382352941176,146.1
CH4_msa_log10,torch-GREA,graph,4,test,0.5792262395831843,0.4413141584723745,0.8295084697260311,0.12406221195502061,0.25750202757502033,0.583941605839416,110.8
CH4_msa_log10,torch-GREA,graph,4,train,0.5795866376974647,0.42840227879540493,0.843191090186276,0.09120236635907003,0.2512254901960784,0.6084558823529411,110.8
CH4_msa_log10,QuantileRandomForest,AtomPair,0,test,0.5927254190652244,0.4660305703729283,0.8214690736923576,0.3352791211888951,0.06301703163017029,0.9343065693430657,132.4
CH4_msa_log10,QuantileRandomForest,AtomPair,0,train,0.32777995710846913,0.18481146274223018,0.9498467830456095,0.3410547595057806,0.3065767973856209,0.9926470588235294,132.4
CH4_msa_log10,QuantileRandomForest,AtomPair,1,test,0.6146348954981682,0.47340393038773376,0.8080267221240903,0.3211156252485165,0.06853203568532035,0.9416058394160584,12.6
CH4_msa_log10,QuantileRandomForest,AtomPair,1,train,0.3163373909093141,0.17492698180997426,0.9532872899734203,0.34207057702881843,0.3233251633986928,0.9926470588235294,12.6
CH4_msa_log10,QuantileRandomForest,AtomPair,2,test,0.5735388764706891,0.45155530414796896,0.8328401102522093,0.3488094238088703,0.07583130575831304,0.9343065693430657,11.2
CH4_msa_log10,QuantileRandomForest,AtomPair,2,train,0.3335509915511016,0.18565797890256733,0.9480651981575663,0.3492245988065316,0.31188725490196073,0.9944852941176471,11.2
CH4_msa_log10,QuantileRandomForest,AtomPair,3,test,0.5843964302880468,0.4556986986407796,0.8264512610052771,0.3404631669425924,0.07583130575831304,0.9343065693430657,11.2
CH4_msa_log10,QuantileRandomForest,AtomPair,3,train,0.3060671203041659,0.17307067630445472,0.9562712199359105,0.31047601984918166,0.32026143790849676,0.9963235294117647,11.2
CH4_msa_log10,QuantileRandomForest,AtomPair,4,test,0.6073502625043433,0.46250511933846006,0.8125502780206322,0.21990007724301458,0.07177615571776153,0.9416058394160584,11.3
CH4_msa_log10,QuantileRandomForest,AtomPair,4,train,0.3190879821970628,0.1802119314653303,0.9524714131007501,0.3169358868225725,0.31229575163398693,0.9871323529411765,11.3
