PID,CID1,CID2,Type,SMILES_CID1,SMILES_CID2,SMILES,Polymer Class
P373755,101960565,0,Polycondensation,CCCCCC1=CC2=C(C3=CC=CC=C3C(=C2C=C1)C4=CC=C(C=C4)O)C5=CC=C(C=C5)O,Clc1ccc2c(c1)C(c1ccc(N(c3ccccc3)c3ccccc3)cc1)(c1ccc(N(c3ccccc3)c3ccccc3)cc1)c1cc(Cl)ccc1-2,*Oc1ccc2c(c1)C(c1ccc(N(c3ccccc3)c3ccccc3)cc1)(c1ccc(N(c3ccccc3)c3ccccc3)cc1)c1cc(Oc3ccc(-c4c5ccccc5c(-c5ccc(*)cc5)c5ccc(CCCCC)cc45)cc3)ccc1-2,Polyoxides/ethers/acetals
P392705,14474483,0,Polycondensation,C(CCC(=O)Cl)CC(=O)O,Oc1ccc(cc1)C(=C\c1ccc(cc1)-c1ccc(\C=C(/c2ccccc2)c2ccc(O)cc2)cc1)\c1ccccc1,*Oc1ccc(/C(=C/c2ccc(-c3ccc(/C=C(\c4ccccc4)c4ccc(OC(=O)CCCCC(*)=O)cc4)cc3)cc2)c2ccccc2)cc1,Polyesters/thioesters
P433510,75498,0,Polycondensation,C1=CC2=C(C=C1C(=O)C3=CC4=C(C=C3)C(=O)OC4=O)C(=O)OC2=O,,*C(=O)c1ccc2c(c1)C(=O)N(c1ccc(Oc3ccc(Oc4ccccc4N4C(=O)c5ccc(*)cc5C4=O)cc3)cc1)C2=O,"Polyimides/thioimides, Polyoxides/ethers/acetals, Polyketones/thioketones"
P392501,174,169132,Polyaddition,C(CO)O,CC1(CC(CC(C1)(C)CN=C=O)N=C=O)C,*CCOC(=O)NCC1(C)CC(NC(=O)O*)CC(C)(C)C1,Polyurethanes/thiourethanes
P370295,174,948356,Polycondensation,C(CO)O,COC1=CC2=C(C=C1)N=C(C=C2Cl)Cl,*OCCOc1cc(*)nc2ccc(OC)cc12,"Polyoxides/ethers/acetals, Polyimines"
P110137,174,61009,Polyaddition,C(CO)O,C1=CC(=CC=C1N=C=O)N=C=O,*CCOC(=O)Nc1ccc(NC(=O)O*)cc1,Polyurethanes/thiourethanes
P110085,174,7570,Polyaddition,C(CO)O,C1=CC(=CC=C1CC2=CC=C(C=C2)N=C=O)N=C=O,*CCOC(=O)Nc1ccc(Cc2ccc(NC(=O)O*)cc2)cc1,Polyurethanes/thiourethanes
P110138,174,31262,Polyaddition,C(CO)O,C1=CC(=CC(=C1)N=C=O)N=C=O,*CCOC(=O)Nc1cccc(NC(=O)O*)c1,Polyurethanes/thiourethanes
P373078,174,101431758,Polycondensation,C(CO)O,C1CCN(CC1)C2=NC(=NC(=N2)OC3=C(C=CC4=CC=CC=C43)C(=O)Cl)OC5=C(C=CC6=CC=CC=C65)C(=O)Cl,*Oc1c(C(=O)OCCOC(=O)c2ccc3ccccc3c2Oc2nc(*)nc(N3CCCCC3)n2)ccc2ccccc12,"Polyoxides/ethers/acetals, Polyesters/thioesters, Polyimines"
P070451,174,61332,Polyaddition,C(CO)O,C1=CC(=CC=C1N=C=O)OC2=CC=C(C=C2)N=C=O,*Oc1ccc(NC(=O)OCCOC(=O)Nc2ccc(*)cc2)cc1,"Polyoxides/ethers/acetals, Polyurethanes/thiourethanes"
P110004,174,13192,Polyaddition,C(CO)O,C(CCCN=C=O)CCN=C=O,*CCOC(=O)NCCCCCCNC(=O)O*,Polyurethanes/thiourethanes
P110004,16402,31282,Polycondensation,C(CCCN)CCN,C(COC(=O)Cl)OC(=O)Cl,*CCOC(=O)NCCCCCCNC(=O)O*,Polyurethanes/thiourethanes
P390292,174,11004750,Polycondensation,C(CO)O,C1=CC(=CC=C1C(=O)OC2=CC=C(C=C2)C(=O)Cl)C(=O)OC3=CC=C(C=C3)C(=O)Cl,*Oc1ccc(C(=O)OCCOC(=O)c2ccc(OC(=O)c3ccc(C(*)=O)cc3)cc2)cc1,Polyesters/thioesters
P110198,174,11948447,Polyaddition,C(CO)O,C1=CC(=CC=C1N=C=O)S(=O)(=O)C2=CC=C(C=C2)N=C=O,*CCOC(=O)Nc1ccc(S(=O)(=O)c2ccc(NC(=O)O*)cc2)cc1,"Polyurethanes/thiourethanes, Polysulfones/sulfoxides/sufonates/sulfoamides"
P070002,177,0,Addition_polymerization,CC=O,,*OC(*)C,Polyoxides/ethers/acetals
P070005,180,0,Addition_polymerization,CC(=O)C,,*OC(*)(C)C,Polyoxides/ethers/acetals
P392070,196,15840539,Polycondensation/Polymer_reaction,C(CCC(=O)O)CC(=O)O,CCCCCCCCOC(=O)C(CC1=CC=C(C=C1)O)NC(=O)CCC2=CC=C(C=C2)O,*Oc1ccc(CC(NC(=O)CCc2ccc(OC(=O)CCCCC(*)=O)cc2)C(=O)OCCCCCCCC)cc1,"Polyesters/thioesters, Polyamides/thioamides"
P140001,196,0,Polycondensation,C(CCC(=O)O)CC(=O)O,,*OC(=O)CCCCC(*)=O,Polyanhydrides/thioanhydrides
P140001,567658,0,Ring_opening_polymerization,C1CCC(=O)OC(=O)C1,,*OC(=O)CCCCC(*)=O,Polyanhydrides/thioanhydrides
P392128,196,11857627,Polycondensation,C(CCC(=O)O)CC(=O)O,COC(=O)C(CC1=CC=C(C=C1)O)NC(=O)CCC2=CC=C(C=C2)O,*Oc1ccc(CC(NC(=O)CCc2ccc(OC(=O)CCCCC(*)=O)cc2)C(=O)OC)cc1,"Polyesters/thioesters, Polyamides/thioamides"
P090009,196,174,Polycondensation,C(CCC(=O)O)CC(=O)O,C(CO)O,*CCOC(=O)CCCCC(=O)O*,Polyesters/thioesters
P090009,8128,174,Polyaddition/Polymer_reaction,C(CCC#N)CC#N,C(CO)O,*CCOC(=O)CCCCC(=O)O*,Polyesters/thioesters
P090009,12329,174,Polycondensation,COC(=O)CCCCC(=O)OC,C(CO)O,*CCOC(=O)CCCCC(=O)O*,Polyesters/thioesters
P100044,196,101059190,Polycondensation,C(CCC(=O)O)CC(=O)O,CP(=O)(CCCCN)CCCN,*CCCCP(C)(=O)CCCNC(=O)CCCCC(=O)N*,Polyamides/thioamides
P090084,196,11506,Polycondensation,C(CCC(=O)O)CC(=O)O,C1=CC(=CC=C1CO)CO,*Cc1ccc(COC(=O)CCCCC(=O)O*)cc1,Polyesters/thioesters
P090084,8128,11506,Polyaddition/Polymer_reaction,C(CCC#N)CC#N,C1=CC(=CC=C1CO)CO,*Cc1ccc(COC(=O)CCCCC(=O)O*)cc1,Polyesters/thioesters
P373417,196,172052524,Polycondensation,C(CCC(=O)O)CC(=O)O,C1C(C2C(O1)C(CO2)OC3=CC=C(C=C3)N)OC4=CC=C(C=C4)N,*Oc1ccc(NC(=O)CCCCC(=O)Nc2ccc(OC3COC4C(*)COC34)cc2)cc1,"Polyoxides/ethers/acetals, Polyamides/thioamides"
P090052,196,8105,Polycondensation,C(CCC(=O)O)CC(=O)O,C(CCO)CCO,*CCCCCOC(=O)CCCCC(=O)O*,Polyesters/thioesters
P090052,12329,8105,Polycondensation,COC(=O)CCCCC(=O)OC,C(CCO)CCO,*CCCCCOC(=O)CCCCC(=O)O*,Polyesters/thioesters
P100045,196,54063852,Polycondensation,C(CCC(=O)O)CC(=O)O,CP(=O)(CCCN)CCCN,*CCCP(C)(=O)CCCNC(=O)CCCCC(=O)N*,Polyamides/thioamides
P392229,196,101353356,Polycondensation,C(CCC(=O)O)CC(=O)O,CCOC(=O)C(CC1=CC=C(C=C1)O)NC(=O)CC2=CC=C(C=C2)O,*Oc1ccc(CC(NC(=O)Cc2ccc(OC(=O)CCCCC(*)=O)cc2)C(=O)OCC)cc1,"Polyesters/thioesters, Polyamides/thioamides"
P392216,196,68931444,Polycondensation,C(CCC(=O)O)CC(=O)O,C1=CC=C(C=C1)COC(=O)C(CC2=CC=C(C=C2)O)NC(=O)CCC3=CC=C(C=C3)O,*Oc1ccc(CC(NC(=O)CCc2ccc(OC(=O)CCCCC(*)=O)cc2)C(=O)OCc2ccccc2)cc1,"Polyesters/thioesters, Polyamides/thioamides"
P460033,196,9321,Polycondensation/Polymer_reaction,C(CCC(=O)O)CC(=O)O,NN,*CCCCc1nnc(*)n1N,Polyimines
P392230,196,101353361,Polycondensation,C(CCC(=O)O)CC(=O)O,CCCCCCOC(=O)C(CC1=CC=C(C=C1)O)NC(=O)CC2=CC=C(C=C2)O,*Oc1ccc(CC(NC(=O)Cc2ccc(OC(=O)CCCCC(*)=O)cc2)C(=O)OCCCCCC)cc1,"Polyesters/thioesters, Polyamides/thioamides"
P070332,196,8117,Polycondensation,C(CCC(=O)O)CC(=O)O,C(COCCO)O,*CCOCCOC(=O)CCCCC(=O)O*,"Polyoxides/ethers/acetals, Polyesters/thioesters"
P070332,12329,8117,Polycondensation,COC(=O)CCCCC(=O)OC,C(COCCO)O,*CCOCCOC(=O)CCCCC(=O)O*,"Polyoxides/ethers/acetals, Polyesters/thioesters"
P392069,196,20657049,Polycondensation/Polymer_reaction,C(CCC(=O)O)CC(=O)O,CCCCCCOC(=O)C(CC1=CC=C(C=C1)O)NC(=O)CCC2=CC=C(C=C2)O,*Oc1ccc(CC(NC(=O)CCc2ccc(OC(=O)CCCCC(*)=O)cc2)C(=O)OCCCCCC)cc1,"Polyesters/thioesters, Polyamides/thioamides"
P392068,196,4686397,Polycondensation/Polymer_reaction,C(CCC(=O)O)CC(=O)O,CCOC(=O)C(CC1=CC=C(C=C1)O)NC(=O)CCC2=CC=C(C=C2)O,*Oc1ccc(CC(NC(=O)CCc2ccc(OC(=O)CCCCC(*)=O)cc2)C(=O)OCC)cc1,"Polyesters/thioesters, Polyamides/thioamides"
P370296,262,948356,Polycondensation,CC(C(C)O)O,COC1=CC2=C(C=C1)N=C(C=C2Cl)Cl,*OC(C)C(C)Oc1cc(*)nc2ccc(OC)cc12,"Polyoxides/ethers/acetals, Polyimines"
P432415,273,67191,Polycondensation,C(CCN)CCN,C1=CC2=C3C(=CC=C4C3=C1C5=C6C4=CC=C7C6=C(C=C5)C(=O)OC7=O)C(=O)OC2=O,*CCCCCn1c(=O)c2ccc3c4ccc5c(=O)n(*)c(=O)c6ccc(c7ccc(c1=O)c2c37)c4c56,Polyimides/thioimides
P500030,273,96240,Polycondensation,C(CCN)CCN,C1=CC(=CC(=C1)S(=O)(=O)Cl)S(=O)(=O)Cl,*c1cccc(S(=O)(=O)NCCCCCNS(*)(=O)=O)c1,Polysulfones/sulfoxides/sufonates/sulfoamides
P100205,273,385,Polycondensation,C(CCN)CCN,C(CCC(=O)O)CCC(=O)O,*CCCCCNC(=O)CCCCCC(=O)N*,Polyamides/thioamides
P100203,273,867,Polycondensation,C(CCN)CCN,C(C(=O)O)C(=O)O,*CCCCCNC(=O)CC(=O)N*,Polyamides/thioamides
P100003,273,196,Polycondensation,C(CCN)CCN,C(CCC(=O)O)CC(=O)O,*CCCCCNC(=O)CCCCC(=O)N*,Polyamides/thioamides
P100003,273,14474483,Polycondensation,C(CCN)CCN,C(CCC(=O)Cl)CC(=O)O,*CCCCCNC(=O)CCCCC(=O)N*,Polyamides/thioamides
P100758,273,10458,Polycondensation,C(CCN)CCN,C(CCCCCC(=O)O)CCCCCC(=O)O,*CCCCCNC(=O)CCCCCCCCCCCC(=O)N*,Polyamides/thioamides
P512143,289,0,Polycondensation,C1=CC=C(C(=C1)O)O,,*c1cc(O)c(O)cc1*,Polyphenylenes
P090237,385,37153,Polycondensation,C(CCC(=O)O)CCC(=O)O,C(CCCCCO)CCCCO,*CCCCCCCCCCOC(=O)CCCCCC(=O)O*,Polyesters/thioesters
P090100,385,8105,Polycondensation,C(CCC(=O)O)CCC(=O)O,C(CCO)CCO,*CCCCCOC(=O)CCCCCC(=O)O*,Polyesters/thioesters
P090100,74416,8105,Polycondensation,COC(=O)CCCCCC(=O)OC,C(CCO)CCO,*CCCCCOC(=O)CCCCCC(=O)O*,Polyesters/thioesters
P090012,385,10442,Polycondensation,C(CCC(=O)O)CCC(=O)O,C(CO)CO,*CCCOC(=O)CCCCCC(=O)O*,Polyesters/thioesters
P090599,385,1030,Polycondensation,C(CCC(=O)O)CCC(=O)O,CC(CO)O,*OC(C)COC(=O)CCCCCC(*)=O,Polyesters/thioesters
P373458,428,0,Polycondensation,C(CN)CN,,*Oc1ccc(C(=O)CNCCCNCC(=O)c2ccc(*)cc2)cc1,"Polyoxides/ethers/acetals, Polyimines, Polyketones/thioketones"
P100282,428,7488,Polycondensation,C(CN)CN,C1=CC(=CC=C1C(=O)Cl)C(=O)Cl,*CCCNC(=O)c1ccc(C(=O)N*)cc1,Polyamides/thioamides
P402254,428,75502,Polycondensation,C(CN)CN,C(CCCCCCCCCC(=O)O)CCCCCCCCC(=O)O,*CCCNC(=O)CCCCCCCCCCCCCCCCCCC(=O)N*,Polyamides/thioamides
P090175,441,0,Polycondensation,CC(CC(=O)O)O,,*OC(C)CC(*)=O,Polyesters/thioesters
P090175,18303,0,Ring_opening_polymerization,CC1CC(=O)O1,,*OC(C)CC(*)=O,Polyesters/thioesters
P090175,20708462,0,Ring_opening_polymerization,CC1CC(=O)OC(CC(=O)OC(CC(=O)O1)C)C,,*OC(C)CC(*)=O,Polyesters/thioesters
P370053,454,0,Addition_polymerization,CCCCCCCC=O,,*OC(*)CCCCCCC,Polyoxides/ethers/acetals
P070487,568,8484,Polycondensation,C1=CC=C2C(=C1)C3=CC=CC=C3O2,C1=CC(=CC=C1OC2=CC=C(C=C2)S(=O)(=O)Cl)S(=O)(=O)Cl,*c1ccc2oc3ccc(S(=O)(=O)c4ccc(Oc5ccc(S(*)(=O)=O)cc5)cc4)cc3c2c1,"Polyoxides/ethers/acetals, Polysulfones/sulfoxides/sufonates/sulfoamides"
P430371,712,102403035,Polycondensation,C=O,C1=CC(=CC=C1N2C(=O)C3=C(C2=O)C=C(C=C3)C(C4=CC5=C(C=C4)C(=O)N(C5=O)C6=CC=C(C=C6)I)(C(F)(F)F)C(F)(F)F)I,*c1ccc2c(c1)C(=O)N(c1ccc(C(=O)Nc3ccc(Oc4ccc(NC(=O)c5ccc(N6C(=O)c7ccc(C(*)(C(F)(F)F)C(F)(F)F)cc7C6=O)cc5)cc4)cc3)cc1)C2=O,"Polyimides/thioimides, Polyoxides/ethers/acetals, Polyamides/thioamides"
P430371,7579,100974156,Polycondensation,C1=CC(=CC=C1N)OC2=CC=C(C=C2)N,C1=CC(=CC=C1C(=O)O)N2C(=O)C3=C(C2=O)C=C(C=C3)C(C4=CC5=C(C=C4)C(=O)N(C5=O)C6=CC=C(C=C6)C(=O)O)(C(F)(F)F)C(F)(F)F,*c1ccc2c(c1)C(=O)N(c1ccc(C(=O)Nc3ccc(Oc4ccc(NC(=O)c5ccc(N6C(=O)c7ccc(C(*)(C(F)(F)F)C(F)(F)F)cc7C6=O)cc5)cc4)cc3)cc1)C2=O,"Polyimides/thioimides, Polyoxides/ethers/acetals, Polyamides/thioamides"
P460145,712,69080,Polycondensation,C=O,C1=CC=C(C=C1)CN(C2=CC=CC=C2)C3=CC=CC=C3,*c1ccc(Cc2ccc(N(*)Cc3ccccc3)cc2)cc1,Polyimines
P332291,712,7967,Polycondensation,C=O,C1CCC(=O)CC1,*CC1CCCC(*)(CO)C1=O,"Polyvinyls, Polyketones/thioketones"
P090437,743,8064,Polycondensation,C(CC(=O)O)CC(=O)O,C(CCO)CO,*CCCCOC(=O)CCCC(=O)O*,Polyesters/thioesters
P090437,13163,8064,Polycondensation,CCOC(=O)CCCC(=O)OCC,C(CCO)CO,*CCCCOC(=O)CCCC(=O)O*,Polyesters/thioesters
P090437,14242,8064,Polycondensation,COC(=O)CCCC(=O)OC,C(CCO)CO,*CCCCOC(=O)CCCC(=O)O*,Polyesters/thioesters
P090488,743,11506,Polycondensation,C(CC(=O)O)CC(=O)O,C1=CC(=CC=C1CO)CO,*Cc1ccc(COC(=O)CCCC(=O)O*)cc1,Polyesters/thioesters
P392125,743,20657049,Polycondensation,C(CC(=O)O)CC(=O)O,CCCCCCOC(=O)C(CC1=CC=C(C=C1)O)NC(=O)CCC2=CC=C(C=C2)O,*Oc1ccc(CC(NC(=O)CCc2ccc(OC(=O)CCCC(*)=O)cc2)C(=O)OCCCCCC)cc1,"Polyesters/thioesters, Polyamides/thioamides"
P390083,743,7896,Polycondensation,C(CC(=O)O)CC(=O)O,CC(CCO)O,*OC(C)CCOC(=O)CCCC(*)=O,Polyesters/thioesters
P390083,13163,7896,Polycondensation,CCOC(=O)CCCC(=O)OCC,CC(CCO)O,*OC(C)CCOC(=O)CCCC(*)=O,Polyesters/thioesters
P390083,14242,7896,Polycondensation,COC(=O)CCCC(=O)OC,CC(CCO)O,*OC(C)CCOC(=O)CCCC(*)=O,Polyesters/thioesters
P392123,743,4686397,Polycondensation,C(CC(=O)O)CC(=O)O,CCOC(=O)C(CC1=CC=C(C=C1)O)NC(=O)CCC2=CC=C(C=C2)O,*Oc1ccc(CC(NC(=O)CCc2ccc(OC(=O)CCCC(*)=O)cc2)C(=O)OCC)cc1,"Polyesters/thioesters, Polyamides/thioamides"
P094308,785,5989690,Polycondensation,C1=CC(=CC=C1O)O,C1=CC(=CC=C1C=CC(=O)Cl)C=CC(=O)Cl,*Oc1ccc(OC(=O)/C=C/c2ccc(/C=C/C(*)=O)cc2)cc1,Polyesters/thioesters
P392088,785,85753295,Polycondensation,C1=CC(=CC=C1O)O,C1=CC(=NC(=C1)C(=O)OC2=CC=C(C=C2)C(=O)Cl)C(=O)OC3=CC=C(C=C3)C(=O)Cl,*C(=O)Oc1ccc(C(=O)Oc2ccc(OC(=O)c3ccc(OC(=O)c4cccc(*)n4)cc3)cc2)cc1,"Polyesters/thioesters, Polyimines"
P370460,785,102272745,Polycondensation,C1=CC(=CC=C1O)O,C1=CC(=CC=C1C2=C(C(=C(C(=C2C3=CC=C(C=C3)F)C(=O)C4=CC=C(C=C4)F)C(=O)C5=CC=C(C=C5)F)C6=CC=C(C=C6)F)C7=CC=C(C=C7)F)F,*Oc1ccc(Oc2ccc(C(=O)c3c(C(=O)c4ccc(*)cc4)c(-c4ccc(F)cc4)c(-c4ccc(F)cc4)c(-c4ccc(F)cc4)c3-c3ccc(F)cc3)cc2)cc1,"Polyoxides/ethers/acetals, Polyketones/thioketones"
P430168,785,102076477,Polycondensation,C1=CC(=CC=C1O)O,C1=CC(=CC=C1C(=O)C2=CC3=C(C=C2)C(=O)N(C3=O)C4=CC=C(C=C4)N5C(=O)C6=C(C5=O)C=C(C=C6)C(=O)C7=CC=C(C=C7)F)F,*C(=O)c1ccc(Oc2ccc(Oc3ccc(C(=O)c4ccc5c(c4)C(=O)N(c4ccc(N6C(=O)c7ccc(*)cc7C6=O)cc4)C5=O)cc3)cc2)cc1,"Polyimides/thioimides, Polyoxides/ethers/acetals, Polyketones/thioketones"
P170035,785,12451965,Polycondensation,C1=CC(=CC=C1O)O,CCN(CC)[Si](C)(C1=CC=CC=C1)N(CC)CC,*O[Si](C)(Oc1ccc(*)cc1)c1ccccc1,"Polyoxides/ethers/acetals, Polysiloxanes/silanes"
P373245,785,0,Polycondensation,C1=CC(=CC=C1O)O,,*Oc1ccc(Oc2ccc(C(=O)c3ccc(*)c(S(=O)(=O)O)c3)cc2S(=O)(=O)O)cc1,"Polyoxides/ethers/acetals, Polyketones/thioketones"
P373324,785,129839026,Polycondensation,C1=CC(=CC=C1O)O,CCN(C1=CC=CC=C1)C2=NC(=NC(=N2)OC3=CC=CC=C3C(=O)Cl)OC4=CC=CC=C4C(=O)Cl,*Oc1ccccc1C(=O)Oc1ccc(OC(=O)c2ccccc2Oc2nc(*)nc(N(CC)c3ccccc3)n2)cc1,"Polyoxides/ethers/acetals, Polyesters/thioesters, Polyimines"
P373120,785,20283557,Polycondensation,C1=CC(=CC=C1O)O,C1CCC(CC1)OP(=O)(Cl)Cl,*OP(=O)(Oc1ccc(*)cc1)OC1CCCCC1,Polyoxides/ethers/acetals
P460177,798,0,Polycondensation,C1=CC=C2C(=C1)C=CN2,,*C1=NC2=CC(*)C=CC2=C1,Polyimines
P390119,867,11506,Polycondensation,C(C(=O)O)C(=O)O,C1=CC(=CC=C1CO)CO,*Cc1ccc(COC(=O)CC(=O)O*)cc1,Polyesters/thioesters
P090623,971,11506,Polycondensation,C(=O)(C(=O)O)O,C1=CC(=CC=C1CO)CO,*Cc1ccc(COC(=O)C(=O)O*)cc1,Polyesters/thioesters
P090440,971,8064,Polycondensation,C(=O)(C(=O)O)O,C(CCO)CO,*CCCCOC(=O)C(=O)O*,Polyesters/thioesters
P090440,7268,8064,Polycondensation,CCOC(=O)C(=O)OCC,C(CCO)CO,*CCCCOC(=O)C(=O)O*,Polyesters/thioesters
P100700,971,77699,Polycondensation,C(=O)(C(=O)O)O,C(CCCC(=O)NN)CCCC(=O)NN,*NNC(=O)C(=O)NNC(=O)CCCCCCCC(*)=O,Polyamides/thioamides
P090472,971,31344,Polycondensation,C(=O)(C(=O)O)O,CC(C)(CO)CO,*CC(C)(C)COC(=O)C(=O)O*,Polyesters/thioesters
P462302,995,15702182,Polycondensation,C1=CC=C2C(=C1)C=CC3=CC=CC=C32,CCCCC1=CC=C(C=C1)N(C2=CC=CC=C2)C3=CC=CC=C3,*c1ccc(-c2cc3c(ccc4ccccc43)cc2-c2ccc(N(*)c3ccc(C)cc3)cc2)cc1,Polyimines
P510075,996,116800,Polycondensation,C1=CC=C(C=C1)O,CCCCCCCCCCCCCCC1=CC=C(C=C1)O,*c1cccc(-c2cc(CCCCCCCCCCCCCC)cc(*)c2O)c1O,Polyphenylenes
P370406,1017,19007794,Polycondensation,C1=CC=C(C(=C1)C(=O)O)C(=O)O,C1=CC2=C(C=C(C=C2)OC3=CC=C(C=C3)N)C(=C1)OC4=CC=C(C=C4)N,*Oc1cccc2ccc(Oc3ccc(NC(=O)c4cccc(C(=O)Nc5ccc(*)cc5)c4)cc3)cc12,"Polyoxides/ethers/acetals, Polyamides/thioamides"
P090605,1030,12405380,Polycondensation,CC(CO)O,C(CCS(=O)(=O)CCCCC(=O)O)CC(=O)O,*OC(C)COC(=O)CCCCS(=O)(=O)CCCCC(*)=O,"Polyesters/thioesters, Polysulfones/sulfoxides/sufonates/sulfoamides"
P373101,1045,0,Polycondensation,C(CCN)CN,,*Oc1ccc(Oc2ccc(/C=N/CCCC/N=C/c3ccc(*)cc3)cc2)cc1,"Polyoxides/ethers/acetals, Polyimines"
P500029,1045,96240,Polycondensation,C(CCN)CN,C1=CC(=CC(=C1)S(=O)(=O)Cl)S(=O)(=O)Cl,*c1cccc(S(=O)(=O)NCCCCNS(*)(=O)=O)c1,Polysulfones/sulfoxides/sufonates/sulfoamides
P100201,1045,15816,Polycondensation,C(CCN)CN,C(CCCCC(=O)O)CCCCC(=O)O,*CCCCNC(=O)CCCCCCCCCC(=O)N*,Polyamides/thioamides
P400223,1045,7268,Polycondensation,C(CCN)CN,CCOC(=O)C(=O)OCC,*CCCCNC(=O)C(=O)N*,Polyamides/thioamides
P130102,1045,74574,Polycondensation,C(CCN)CN,C1=CC2=C(C=C1OC3=CC4=C(C=C3)C(=O)OC4=O)C(=O)OC2=O,*CCCCN1C(=O)c2ccc(Oc3ccc4c(c3)C(=O)N(*)C4=O)cc2C1=O,"Polyimides/thioimides, Polyoxides/ethers/acetals"
P100200,1045,5192,Polycondensation,C(CCN)CN,C(CCCCC(=O)O)CCCC(=O)O,*CCCCNC(=O)CCCCCCCCC(=O)N*,Polyamides/thioamides
P100200,1045,66072,Polycondensation,C(CCN)CN,C(CCCCC(=O)Cl)CCCC(=O)Cl,*CCCCNC(=O)CCCCCCCCC(=O)N*,Polyamides/thioamides
P392107,1110,15840539,Polycondensation,C(CC(=O)O)C(=O)O,CCCCCCCCOC(=O)C(CC1=CC=C(C=C1)O)NC(=O)CCC2=CC=C(C=C2)O,*Oc1ccc(CC(NC(=O)CCc2ccc(OC(=O)CCC(*)=O)cc2)C(=O)OCCCCCCCC)cc1,"Polyesters/thioesters, Polyamides/thioamides"
P392203,1110,101353366,Polycondensation,C(CC(=O)O)C(=O)O,CC(C)COC(=O)C(CC1=CC=C(C=C1)O)NC(=O)CCC2=CC=C(C=C2)O,*Oc1ccc(CC(NC(=O)CCc2ccc(OC(=O)CCC(*)=O)cc2)C(=O)OCC(C)C)cc1,"Polyesters/thioesters, Polyamides/thioamides"
P392226,1110,101353356,Polycondensation,C(CC(=O)O)C(=O)O,CCOC(=O)C(CC1=CC=C(C=C1)O)NC(=O)CC2=CC=C(C=C2)O,*Oc1ccc(CC(NC(=O)Cc2ccc(OC(=O)CCC(*)=O)cc2)C(=O)OCC)cc1,"Polyesters/thioesters, Polyamides/thioamides"
P090265,1110,4134690,Polycondensation,C(CC(=O)O)C(=O)O,C(CCCCCCCCCCO)CCCCCCCCCO,*CCCCCCCCCCCCCCCCCCCCOC(=O)CCC(=O)O*,Polyesters/thioesters
P090265,7820,4134690,Polycondensation,COC(=O)CCC(=O)OC,C(CCCCCCCCCCO)CCCCCCCCCO,*CCCCCCCCCCCCCCCCCCCCOC(=O)CCC(=O)O*,Polyesters/thioesters
P392227,1110,101353361,Polycondensation,C(CC(=O)O)C(=O)O,CCCCCCOC(=O)C(CC1=CC=C(C=C1)O)NC(=O)CC2=CC=C(C=C2)O,*Oc1ccc(CC(NC(=O)Cc2ccc(OC(=O)CCC(*)=O)cc2)C(=O)OCCCCCC)cc1,"Polyesters/thioesters, Polyamides/thioamides"
P372951,1110,101680013,Polycondensation,C(CC(=O)O)C(=O)O,CC1=C(C=CC(=C1)O)N[N+](=O)C2=C(C=C(C=C2)O)C,*Oc1ccc(-n2on2-c2ccc(OC(=O)CCC(*)=O)cc2C)c(C)c1,"Polyoxides/ethers/acetals, Polyesters/thioesters, Polyimines"
P090006,1110,37153,Polycondensation,C(CC(=O)O)C(=O)O,C(CCCCCO)CCCCO,*CCCCCCCCCCOC(=O)CCC(=O)O*,Polyesters/thioesters
P090006,7820,37153,Polycondensation,COC(=O)CCC(=O)OC,C(CCCCCO)CCCCO,*CCCCCCCCCCOC(=O)CCC(=O)O*,Polyesters/thioesters
P090006,31249,37153,Polycondensation,CCOC(=O)CCC(=O)OCC,C(CCCCCO)CCCCO,*CCCCCCCCCCOC(=O)CCC(=O)O*,Polyesters/thioesters
P090003,1110,174,Polycondensation,C(CC(=O)O)C(=O)O,C(CO)O,*CCOC(=O)CCC(=O)O*,Polyesters/thioesters
P090003,7820,174,Polycondensation,COC(=O)CCC(=O)OC,C(CO)O,*CCOC(=O)CCC(=O)O*,Polyesters/thioesters
P090003,31249,174,Polycondensation,CCOC(=O)CCC(=O)OCC,C(CO)O,*CCOC(=O)CCC(=O)O*,Polyesters/thioesters
P462243,1317,66221,Polycondensation,C(CCCCCN)CCCCN,CCOC(C)(OCC)OCC,*CCCCCCCCCCN/C(C)=N/*,Polyimines
P100702,1317,15651833,Polycondensation,C(CCCCCN)CCCCN,CCCCCCCCCCCCC(C(=O)OC1=CC=CC=C1)C(=O)OC2=CC=CC=C2,*CCCCCCCCCCNC(=O)C(CCCCCCCCCCCC)C(=O)N*,Polyamides/thioamides
P100304,1317,77926,Polycondensation,C(CCCCCN)CCCCN,C1=CC(=CC=C1CCC(=O)O)CCC(=O)O,*CCCCCCCCCCNC(=O)CCc1ccc(CCC(=O)N*)cc1,Polyamides/thioamides
P100301,1317,7488,Polycondensation,C(CCCCCN)CCCCN,C1=CC(=CC=C1C(=O)Cl)C(=O)Cl,*CCCCCCCCCCNC(=O)c1ccc(C(=O)N*)cc1,Polyamides/thioamides
P100303,1317,81760,Polycondensation,C(CCCCCN)CCCCN,C1=CC(=CC=C1CC(=O)O)CC(=O)O,*CCCCCCCCCCNC(=O)Cc1ccc(CC(=O)N*)cc1,Polyamides/thioamides
P432041,1317,102274583,Polycondensation,C(CCCCCN)CCCCN,CCOC(=O)C1=C(C=C(C=C1)C2=CC=C(C=C2)C3=CC(=C(C=C3)C(=O)OCC)C(=O)O)C(=O)O,*CCCCCCCCCCN1C(=O)c2ccc(-c3ccc(-c4ccc5c(c4)C(=O)N(*)C5=O)cc3)cc2C1=O,Polyimides/thioimides
P402219,1317,10459,Polycondensation,C(CCCCCN)CCCCN,C(CCCCCCCC(=O)O)CCCCCCC(=O)O,*CCCCCCCCCCNC(=O)CCCCCCCCCCCCCCC(=O)N*,Polyamides/thioamides
P100228,1317,75502,Polycondensation,C(CCCCCN)CCCCN,C(CCCCCCCCCC(=O)O)CCCCCCCCC(=O)O,*CCCCCCCCCCNC(=O)CCCCCCCCCCCCCCCCCCC(=O)N*,Polyamides/thioamides
P370396,2286,824040,Polyaddition,CC(C)(C1=CC=C(C=C1)OCC2CO2)C3=CC=C(C=C3)OCC4CO4,C1=CC(=CC(=C1)C(=O)NC2=CC(=CC=C2)O)C(=O)NC3=CC(=CC=C3)O,*CC(O)COc1ccc(C(C)(C)c2ccc(OCC(O)COc3cccc(NC(=O)c4cccc(C(=O)Nc5cccc(O*)c5)c4)c3)cc2)cc1,"Polyoxides/ethers/acetals, Polyamides/thioamides"
P372973,2286,6398,Polyaddition,CC(C)(C1=CC=C(C=C1)OCC2CO2)C3=CC=C(C=C3)OCC4CO4,C[Si](C)(Cl)Cl,*O[Si](C)(C)OC(CCl)COc1ccc(C(C)(C)c2ccc(OCC(*)CCl)cc2)cc1,"Polyoxides/ethers/acetals, Polysiloxanes/silanes"
P370032,2286,83310,Polyaddition,CC(C)(C1=CC=C(C=C1)OCC2CO2)C3=CC=C(C=C3)OCC4CO4,CC1=CC(=CC(=C1O)C)S(=O)(=O)C2=CC(=C(C(=C2)C)O)C,*CC(O)COc1ccc(C(C)(C)c2ccc(OCC(O)COc3c(C)cc(S(=O)(=O)c4cc(C)c(O*)c(C)c4)cc3C)cc2)cc1,"Polyoxides/ethers/acetals, Polysulfones/sulfoxides/sufonates/sulfoamides"
P372208,2286,14106,Ring_opening_polymerization,CC(C)(C1=CC=C(C=C1)OCC2CO2)C3=CC=C(C=C3)OCC4CO4,C1CC(CCC1C(=O)O)C(=O)O,*CC(O)COC(=O)C1CCC(C(=O)OCC(O)COc2ccc(C(C)(C)c3ccc(O*)cc3)cc2)CC1,"Polyoxides/ethers/acetals, Polyesters/thioesters"
P370390,2286,22326007,Polyaddition,CC(C)(C1=CC=C(C=C1)OCC2CO2)C3=CC=C(C=C3)OCC4CO4,C1=CC(=CC(=C1)O)NC(=O)CCCC(=O)NC2=CC(=CC=C2)O,*CC(O)COc1ccc(C(C)(C)c2ccc(OCC(O)COc3cccc(NC(=O)CCCC(=O)Nc4cccc(O*)c4)c3)cc2)cc1,"Polyoxides/ethers/acetals, Polyamides/thioamides"
P370040,2286,79717,Polyaddition,CC(C)(C1=CC=C(C=C1)OCC2CO2)C3=CC=C(C=C3)OCC4CO4,CC1=CC(=CC(=C1O)C)C(C)(C)C2=CC(=C(C(=C2)C)O)C,*CC(O)COc1ccc(C(C)(C)c2ccc(OCC(O)COc3c(C)cc(C(C)(C)c4cc(C)c(O*)c(C)c4)cc3C)cc2)cc1,Polyoxides/ethers/acetals
P370041,2286,6619,Polyaddition,CC(C)(C1=CC=C(C=C1)OCC2CO2)C3=CC=C(C=C3)OCC4CO4,CC(C)(C1=CC(=C(C(=C1)Cl)O)Cl)C2=CC(=C(C(=C2)Cl)O)Cl,*CC(O)COc1c(Cl)cc(C(C)(C)c2cc(Cl)c(OCC(O)COc3ccc(C(C)(C)c4ccc(O*)cc4)cc3)c(Cl)c2)cc1Cl,Polyoxides/ethers/acetals
P372204,2286,196,Ring_opening_polymerization,CC(C)(C1=CC=C(C=C1)OCC2CO2)C3=CC=C(C=C3)OCC4CO4,C(CCC(=O)O)CC(=O)O,*CC(O)COC(=O)CCCCC(=O)OCC(O)COc1ccc(C(C)(C)c2ccc(O*)cc2)cc1,"Polyoxides/ethers/acetals, Polyesters/thioesters"
P370398,2286,4602,Polyaddition,CC(C)(C1=CC=C(C=C1)OCC2CO2)C3=CC=C(C=C3)OCC4CO4,C1=CC=C(C(=C1)C(=O)NC2=CC=C(C=C2)O)O,*CC(O)COc1ccc(C(C)(C)c2ccc(OCC(O)COc3ccccc3C(=O)Nc3ccc(O*)cc3)cc2)cc1,"Polyoxides/ethers/acetals, Polyamides/thioamides"
P373684,2950,102299932,Polycondensation,C1=CC2=C(C(=C1)O)C(=O)C3=C(C2=O)C=CC=C3O,CN1CCN(CC1)C2=NC(=NC(=N2)OC3=CC4=C(C=C3)C=C(C=C4)C(=O)Cl)OC5=CC6=C(C=C5)C=C(C=C6)C(=O)Cl,*Oc1ccc2cc(C(=O)Oc3cccc4c3C(=O)c3c(OC(=O)c5ccc6cc(Oc7nc(*)nc(N8CCN(C)CC8)n7)ccc6c5)cccc3C4=O)ccc2c1,"Polyoxides/ethers/acetals, Polyesters/thioesters, Polyimines, Polyketones/thioketones"
P462079,2955,24007,Polycondensation,C1=CC(=CC=C1N)S(=O)(=O)C2=CC=C(C=C2)N,O=[Se]=O,*c1ccc(N[Se]Nc2ccc(S(*)(=O)=O)cc2)cc1,"Polyimines, Polysulfones/sulfoxides/sufonates/sulfoamides"
P402372,2955,101500546,Polycondensation,C1=CC(=CC=C1N)S(=O)(=O)C2=CC=C(C=C2)N,C1=CC=C2C(=C1)C(=O)N(C2=O)C3=CC(=CC(=C3)C4=NC5=C(N4)C=C(C=C5)C(=O)O)C6=NC7=C(N6)C=C(C=C7)C(=O)O,*C(=O)Nc1ccc(S(=O)(=O)c2ccc(NC(=O)c3ccc4[nH]c(-c5cc(-c6nc7cc(*)ccc7[nH]6)cc(N6C(=O)c7ccccc7C6=O)c5)nc4c3)cc2)cc1,"Polyamides/thioamides, Polyimines, Polysulfones/sulfoxides/sufonates/sulfoamides"
P433646,2955,1069197,Polycondensation,C1=CC(=CC=C1N)S(=O)(=O)C2=CC=C(C=C2)N,C1=CC(=CC(=C1)N2C(=O)C3=C(C2=O)C=C(C=C3)C(=O)O)N4C(=O)C5=C(C4=O)C=C(C=C5)C(=O)O,*C(=O)Nc1ccc(S(=O)(=O)c2ccc(NC(=O)c3ccc4c(c3)C(=O)N(c3cccc(N5C(=O)c6ccc(*)cc6C5=O)c3)C4=O)cc2)cc1,"Polyimides/thioimides, Polyamides/thioamides, Polysulfones/sulfoxides/sufonates/sulfoamides"
P373362,2955,0,Polycondensation,C1=CC(=CC=C1N)S(=O)(=O)C2=CC=C(C=C2)N,,*Oc1ccc(C(=O)Nc2ccc(S(=O)(=O)c3ccc(NC(=O)c4ccc(OC5COC6C(*)COC56)cc4)cc3)cc2)cc1,"Polyoxides/ethers/acetals, Polyamides/thioamides, Polysulfones/sulfoxides/sufonates/sulfoamides"
P433104,2955,0,Polycondensation,C1=CC(=CC=C1N)S(=O)(=O)C2=CC=C(C=C2)N,ClC(=O)c1ccc2C(=O)N(C(=O)c2c1)c1ccc(NC(=O)Nc2ccc(cc2)N2C(=O)c3ccc(cc3C2=O)C(Cl)=O)cc1,*C(=O)Nc1ccc(S(=O)(=O)c2ccc(NC(=O)c3ccc4c(c3)C(=O)N(c3ccc(NC(=O)Nc5ccc(N6C(=O)c7ccc(*)cc7C6=O)cc5)cc3)C4=O)cc2)cc1,"Polyimides/thioimides, Polyamides/thioamides, Polyureas/thioureas, Polysulfones/sulfoxides/sufonates/sulfoamides"
P433663,2955,101584336,Polycondensation,C1=CC(=CC=C1N)S(=O)(=O)C2=CC=C(C=C2)N,C1=CC=NC(=C1)C2=NN=C(O2)C3=CC(=CC(=C3)N4C(=O)C5=C(C4=O)C=C(C=C5)C(=O)O)N6C(=O)C7=C(C6=O)C=C(C=C7)C(=O)O,*C(=O)Nc1ccc(S(=O)(=O)c2ccc(NC(=O)c3ccc4c(c3)C(=O)N(c3cc(-c5nnc(-c6ccccn6)o5)cc(N5C(=O)c6ccc(*)cc6C5=O)c3)C4=O)cc2)cc1,"Polyimides/thioimides, Polyamides/thioamides, Polysulfones/sulfoxides/sufonates/sulfoamides"
P432724,2955,102012097,Polycondensation,C1=CC(=CC=C1N)S(=O)(=O)C2=CC=C(C=C2)N,C1=CC(=CC=C1C(=O)Cl)N2C(=O)C3=C(C2=O)SC4=C(S3)C(=O)N(C4=O)C5=CC=C(C=C5)C(=O)Cl,*c1ccc(C(=O)Nc2ccc(S(=O)(=O)c3ccc(NC(=O)c4ccc(-n5c(=O)c6sc7c(=O)n(*)c(=O)c7sc6c5=O)cc4)cc3)cc2)cc1,"Polyimides/thioimides, Polysulfides, Polyamides/thioamides, Polysulfones/sulfoxides/sufonates/sulfoamides"
P070611,3024,15250478,Polycondensation,C(Br)Br,CC(=CC1=CC=C(C=C1)O)C2=CC=C(C=C2)O,*COc1ccc(/C=C(\C)c2ccc(O*)cc2)cc1,Polyoxides/ethers/acetals
P462290,3301,6398,Polycondensation/Polymer_reaction,C(CN)N,C[Si](C)(Cl)Cl,*CCN[Si](C)(C)N*,"Polyimines, Polysiloxanes/silanes"
P500010,3301,96240,Polycondensation,C(CN)N,C1=CC(=CC(=C1)S(=O)(=O)Cl)S(=O)(=O)Cl,*c1cccc(S(=O)(=O)NCCNS(*)(=O)=O)c1,Polysulfones/sulfoxides/sufonates/sulfoamides
P402215,3301,10459,Polycondensation,C(CN)N,C(CCCCCCCC(=O)O)CCCCCCC(=O)O,*CCNC(=O)CCCCCCCCCCCCCCC(=O)N*,Polyamides/thioamides
P400349,3301,100961123,Polycondensation,C(CN)N,C1=CC=C(C=C1)SC2=C(C=CC(=C2)C(=O)Cl)C(=O)Cl,*CCNC(=O)c1ccc(C(=O)N*)c(Sc2ccccc2)c1,Polyamides/thioamides
P100194,3301,5192,Polycondensation,C(CN)N,C(CCCCC(=O)O)CCCC(=O)O,*CCNC(=O)CCCCCCCCC(=O)N*,Polyamides/thioamides
P110108,3301,75085,Polycondensation,C(CN)N,C(CCOC(=O)Cl)COC(=O)Cl,*CCCCOC(=O)NCCNC(=O)O*,Polyurethanes/thiourethanes
P402277,3301,19427599,Polycondensation,C(CN)N,C1=CC=C(C=C1)OC2=C(C=CC(=C2)C(=O)Cl)C(=O)Cl,*CCNC(=O)c1ccc(C(=O)N*)c(Oc2ccccc2)c1,Polyamides/thioamides
P110133,3301,19931074,Polycondensation,C(CN)N,C1CC(CCC1OC(=O)Cl)OC(=O)Cl,*OC1CCC(OC(=O)NCCNC(*)=O)CC1,Polyurethanes/thiourethanes
P400324,3301,534653,Polycondensation,C(CN)N,C(CCCC(=O)Cl)CCC(=O)Cl,*CCNC(=O)CCCCCCC(=O)N*,Polyamides/thioamides
P370249,3301,8484,Polycondensation,C(CN)N,C1=CC(=CC=C1OC2=CC=C(C=C2)S(=O)(=O)Cl)S(=O)(=O)Cl,*Oc1ccc(S(=O)(=O)NCCNS(=O)(=O)c2ccc(*)cc2)cc1,"Polyoxides/ethers/acetals, Polysulfones/sulfoxides/sufonates/sulfoamides"
P372617,3301,12547826,Polycondensation,C(CN)N,C1=C(OC(=C1)SC2=CC=C(O2)C=O)C=O,*/C=N/CC/N=C/c1ccc(Sc2ccc(*)o2)o1,"Polyoxides/ethers/acetals, Polysulfides, Polyimines"
P100575,3301,224167,Polycondensation,C(CN)N,C1=CC(=CC=C1C(=O)O)S(=O)(=O)C2=CC=C(C=C2)C(=O)O,*c1ccc(C(=O)NCCNC(=O)c2ccc(S(*)(=O)=O)cc2)cc1,"Polyamides/thioamides, Polysulfones/sulfoxides/sufonates/sulfoamides"
P462106,4650,69479,Polycondensation,C1=CC(=O)C=CC1=O,C1=CC(=NCl)C=CC1=NCl,*N=C1C=CC(=NC2=CC(=O)C(*)=CC2=O)C=C1,"Polyimines, Polyketones/thioketones"
P090056,4764,66072,Polycondensation,C1=CC=C2C(=C1)C(=O)OC2(C3=CC=C(C=C3)O)C4=CC=C(C=C4)O,C(CCCCC(=O)Cl)CCCC(=O)Cl,*c1ccc(OC(=O)CCCCCCCCC(=O)Oc2ccc(C3(*)OC(=O)c4ccccc43)cc2)cc1,Polyesters/thioesters
P430178,4764,102076480,Polycondensation,C1=CC=C2C(=C1)C(=O)OC2(C3=CC=C(C=C3)O)C4=CC=C(C=C4)O,C1=CC(=CC=C1C(=O)C2=CC3=C(C=C2)C(=O)N(C3=O)C4=CC=C(C=C4)OC5=CC=C(C=C5)N6C(=O)C7=C(C6=O)C=C(C=C7)C(=O)C8=CC=C(C=C8)F)F,*C(=O)c1ccc(Oc2ccc(C3(c4ccc(Oc5ccc(C(=O)c6ccc7c(c6)C(=O)N(c6ccc(Oc8ccc(N9C(=O)c%10ccc(*)cc%10C9=O)cc8)cc6)C7=O)cc5)cc4)OC(=O)c4ccccc43)cc2)cc1,"Polyimides/thioimides, Polyoxides/ethers/acetals, Polyesters/thioesters, Polyketones/thioketones"
P090065,4764,7489,Polycondensation,C1=CC=C2C(=C1)C(=O)OC2(C3=CC=C(C=C3)O)C4=CC=C(C=C4)O,C1=CC(=CC=C1C(=O)O)C(=O)O,*c1ccc(OC(=O)c2ccc(C(=O)Oc3ccc(C4(*)OC(=O)c5ccccc54)cc3)cc2)cc1,Polyesters/thioesters
P090065,4764,7488,Polycondensation,C1=CC=C2C(=C1)C(=O)OC2(C3=CC=C(C=C3)O)C4=CC=C(C=C4)O,C1=CC(=CC=C1C(=O)Cl)C(=O)Cl,*c1ccc(OC(=O)c2ccc(C(=O)Oc3ccc(C4(*)OC(=O)c5ccccc54)cc3)cc2)cc1,Polyesters/thioesters
P370404,4764,6625,Polycondensation,C1=CC=C2C(=C1)C(=O)OC2(C3=CC=C(C=C3)O)C4=CC=C(C=C4)O,C1=CC(=CC=C1S(=O)(=O)C2=CC=C(C=C2)Cl)Cl,*c1ccc(Oc2ccc(S(=O)(=O)c3ccc(Oc4ccc(C5(*)OC(=O)c6ccccc65)cc4)cc3)cc2)cc1,"Polyoxides/ethers/acetals, Polyesters/thioesters, Polysulfones/sulfoxides/sufonates/sulfoamides"
P370404,4764,67842,Polycondensation,C1=CC=C2C(=C1)C(=O)OC2(C3=CC=C(C=C3)O)C4=CC=C(C=C4)O,C1=CC(=CC=C1F)S(=O)(=O)C2=CC=C(C=C2)F,*c1ccc(Oc2ccc(S(=O)(=O)c3ccc(Oc4ccc(C5(*)OC(=O)c6ccccc65)cc4)cc3)cc2)cc1,"Polyoxides/ethers/acetals, Polyesters/thioesters, Polysulfones/sulfoxides/sufonates/sulfoamides"
P392083,4764,13249359,Polycondensation,C1=CC=C2C(=C1)C(=O)OC2(C3=CC=C(C=C3)O)C4=CC=C(C=C4)O,C1=CC=C(C=C1)[Si](C2=CC=CC=C2)(C3=CC=C(C=C3)C(=O)Cl)C4=CC=C(C=C4)C(=O)Cl,*c1ccc(OC(=O)c2ccc([Si](c3ccccc3)(c3ccccc3)c3ccc(C(=O)Oc4ccc(C5(*)OC(=O)c6ccccc65)cc4)cc3)cc2)cc1,"Polyesters/thioesters, Polysiloxanes/silanes"
P400188,4837,53747691,Polycondensation,C1CNCCN1,C1=CC=C(C=C1)P(=O)(CCC(=O)O)CCC(=O)O,*C(=O)CCP(=O)(CCC(=O)N1CCN(*)CC1)c1ccccc1,Polyamides/thioamides
P100801,4837,78213,Polycondensation,C1CNCCN1,C1=CC=C(C=C1)C2C(C(C2C(=O)O)C3=CC=CC=C3)C(=O)O,*C(=O)C1C(c2ccccc2)C(C(=O)N2CCN(*)CC2)C1c1ccccc1,Polyamides/thioamides
P400014,4837,220005,Polycondensation,C1CNCCN1,C1=CC(=CC=C1CC(=O)O)C(=O)O,*C(=O)Cc1ccc(C(=O)N2CCN(*)CC2)cc1,Polyamides/thioamides
P110153,4837,76207,Polycondensation,C1CNCCN1,C(CCCOC(=O)Cl)CCOC(=O)Cl,*C(=O)OCCCCCCOC(=O)N1CCN(*)CC1,Polyurethanes/thiourethanes
P390363,4837,102404161,Polycondensation,C1CNCCN1,C1=CC(=CC=C1C(=O)OCCOC(=O)Cl)C(=O)OCCOC(=O)Cl,*C(=O)OCCOC(=O)c1ccc(C(=O)OCCOC(=O)N2CCN(*)CC2)cc1,"Polyesters/thioesters, Polyurethanes/thiourethanes"
P110136,4837,31282,Polycondensation,C1CNCCN1,C(COC(=O)Cl)OC(=O)Cl,*C(=O)OCCOC(=O)N1CCN(*)CC1,Polyurethanes/thiourethanes
P110047,4837,101717240,Polycondensation,C1CNCCN1,C1C(C1COC(=O)Cl)COC(=O)Cl,*C(=O)OCC1CC1COC(=O)N1CCN(*)CC1,Polyurethanes/thiourethanes
P402269,4837,8041,Polyaddition,C1CNCCN1,C=CC(=O)NCNC(=O)C=C,*CCC(=O)NCNC(=O)CCN1CCN(*)CC1,"Polyamides/thioamides, Polyimines"
P150118,4837,101717389,Polycondensation,C1CNCCN1,C(CCOC(=O)SCl)COC(=O)SCl,*SC(=O)OCCCCOC(=O)SN1CCN(*)CC1,"Polycarbonates/thiocarbonates, Polyimines"
P100559,4837,12678480,Polycondensation,C1CNCCN1,C1C(C1C(=O)Cl)C(=O)Cl,*C(=O)C1CC1C(=O)N1CCN(*)CC1,Polyamides/thioamides
P100559,4837,12678480,Polycondensation,C1CNCCN1,C1C(C1C(=O)Cl)C(=O)Cl,*C(=O)C1CC1C(=O)N1CCN(*)CC1,Polyamides/thioamides
P370149,4943,0,Polycondensation,CC(C)C1=C(C(=CC=C1)C(C)C)O,,*Oc1c(C(C)C)cc(*)cc1C(C)C,Polyoxides/ethers/acetals
P372586,5054,9582,Polycondensation,C1=CC(=CC(=C1)O)O,C1=CC(=CC=C1C(=O)C2=CC=C(C=C2)F)F,*Oc1cccc(Oc2ccc(C(=O)c3ccc(*)cc3)cc2)c1,"Polyoxides/ethers/acetals, Polyketones/thioketones"
P373075,5054,101431758,Polycondensation,C1=CC(=CC(=C1)O)O,C1CCN(CC1)C2=NC(=NC(=N2)OC3=C(C=CC4=CC=CC=C43)C(=O)Cl)OC5=C(C=CC6=CC=CC=C65)C(=O)Cl,*Oc1c(C(=O)Oc2cccc(OC(=O)c3ccc4ccccc4c3Oc3nc(*)nc(N4CCCCC4)n3)c2)ccc2ccccc12,"Polyoxides/ethers/acetals, Polyesters/thioesters, Polyimines"
P372113,5054,6625,Polycondensation,C1=CC(=CC(=C1)O)O,C1=CC(=CC=C1S(=O)(=O)C2=CC=C(C=C2)Cl)Cl,*Oc1cccc(Oc2ccc(S(=O)(=O)c3ccc(*)cc3)cc2)c1,"Polyoxides/ethers/acetals, Polysulfones/sulfoxides/sufonates/sulfoamides"
P432555,5054,1278803,Polycondensation,C1=CC(=CC(=C1)O)O,C1C(=O)N(C(=S)N(C1=O)C2=CC=C(C=C2)Cl)C3=CC=C(C=C3)Cl,*c1ccc(Oc2cccc(Oc3ccc(N4C(=O)CC(=O)N(*)C4=S)cc3)c2)cc1,"Polyimides/thioimides, Polyoxides/ethers/acetals, Polyureas/thioureas"
P432555,5054,102078795,Polycondensation,C1=CC(=CC(=C1)O)O,C1C(=O)N(C(=S)N(C1=O)C2=CC=C(C=C2)F)C3=CC=C(C=C3)F,*c1ccc(Oc2cccc(Oc3ccc(N4C(=O)CC(=O)N(*)C4=S)cc3)c2)cc1,"Polyimides/thioimides, Polyoxides/ethers/acetals, Polyureas/thioureas"
P090575,5054,22057044,Polycondensation,C1=CC(=CC(=C1)O)O,CCCCCOC1=CC(=CC(=C1)C(=O)Cl)C(=O)Cl,*Oc1cccc(OC(=O)c2cc(OCCCCC)cc(C(*)=O)c2)c1,Polyesters/thioesters
P372146,5192,14344372,Polycondensation,C(CCCCC(=O)O)CCCC(=O)O,C1=CC(=CC=C1C(=O)C2=CC=C(C=C2)OC3=CC=C(C=C3)C(=O)C4=CC=C(C=C4)N)N,*Oc1ccc(C(=O)c2ccc(NC(=O)CCCCCCCCC(=O)Nc3ccc(C(=O)c4ccc(*)cc4)cc3)cc2)cc1,"Polyoxides/ethers/acetals, Polyamides/thioamides, Polyketones/thioketones"
P392238,5192,101353356,Polycondensation,C(CCCCC(=O)O)CCCC(=O)O,CCOC(=O)C(CC1=CC=C(C=C1)O)NC(=O)CC2=CC=C(C=C2)O,*Oc1ccc(CC(NC(=O)Cc2ccc(OC(=O)CCCCCCCCC(*)=O)cc2)C(=O)OCC)cc1,"Polyesters/thioesters, Polyamides/thioamides"
P392239,5192,101353361,Polycondensation,C(CCCCC(=O)O)CCCC(=O)O,CCCCCCOC(=O)C(CC1=CC=C(C=C1)O)NC(=O)CC2=CC=C(C=C2)O,*Oc1ccc(CC(NC(=O)Cc2ccc(OC(=O)CCCCCCCCC(*)=O)cc2)C(=O)OCCCCCC)cc1,"Polyesters/thioesters, Polyamides/thioamides"
P460028,5192,9321,Polycondensation/Polymer_reaction,C(CCCCC(=O)O)CCCC(=O)O,NN,*CCCCCCCCc1nnc(*)n1N,Polyimines
P392133,5192,101217068,Polycondensation,C(CCCCC(=O)O)CCCC(=O)O,CCCCCCCCCCCCOC(=O)C(CC1=CC=C(C=C1)O)NC(=O)CCC2=CC=C(C=C2)O,*Oc1ccc(CC(NC(=O)CCc2ccc(OC(=O)CCCCCCCCC(*)=O)cc2)C(=O)OCCCCCCCCCCCC)cc1,"Polyesters/thioesters, Polyamides/thioamides"
P090601,5192,1030,Polycondensation,C(CCCCC(=O)O)CCCC(=O)O,CC(CO)O,*OC(C)COC(=O)CCCCCCCCC(*)=O,Polyesters/thioesters
P090601,7829,1030,Polycondensation,COC(=O)CCCCCCCCC(=O)OC,CC(CO)O,*OC(C)COC(=O)CCCCCCCCC(*)=O,Polyesters/thioesters
P510076,6115,571906,Polycondensation,C1=CC=C(C=C1)N,CCCCCCCCCCCCCCCCC1=CC=C(C=C1)N,*c1cccc(-c2cc(CCCCCCCCCCCCCCCC)cc(*)c2N)c1N,Polyphenylenes
P460273,6115,0,Polycondensation/Polymer_reaction,C1=CC=C(C=C1)N,,*c1ccc(N(*)Cc2ccc(C(C)(C)C)cc2)cc1,Polyimines
P100657,6137,0,Polycondensation,CSCCC(C(=O)O)N,,*NC(CCSC)C(*)=O,Polyamides/thioamides
P330137,6325,7855,Addition_polymerization,C=C,C=CC#N,*CCCC(*)C#N,Polyvinyls
P010076,6325,8882,Addition_polymerization,C=C,C1CC=CC1,*CCC1CCCC1*,Polyolefins
P040321,6325,638144,Addition_polymerization,C=C,CCOC(=O)C=CC(=O)OCC,*CCC(C(=O)OCC)C(*)C(=O)OCC,"Polyacrylics, Polyvinyls"
P050023,6325,8301,Addition_polymerization,C=C,C(=C(F)F)(F)F,*CCC(F)(F)C(*)(F)F,Polyhalo-olefins
P050022,6325,6594,Polyaddition,C=C,C(=C(F)Cl)(F)F,*CCC(F)(F)C(*)(F)Cl,Polyhalo-olefins
P010001,6325,0,Addition_polymerization,C=C,,*C*,Polyolefins
P010001,6325,7845,Addition_polymerization/Polymer_reaction,C=C,C=CC=C,*C*,Polyolefins
P010001,7845,0,Addition_polymerization/Polymer_reaction,C=CC=C,,*C*,Polyolefins
P010001,9550,0,Polycondensation,C=[N+]=[N-],,*C*,Polyolefins
P010001,637538,0,Ring_opening_polymerization/Polymer_reaction,C1CCCCCC=CCCCC1,,*C*,Polyolefins
P010074,6326,0,Addition_polymerization/Polymer_reaction,C#C,,*/C=C/*,Polydienes
P010074,6326,0,Addition_polymerization,C#C,,*/C=C/*,Polydienes
P010074,12338408,0,Addition_polymerization/Polymer_reaction,C=CS(=O)C1=CC=C(C=C1)Cl,,*/C=C/*,Polydienes
P010074,13438016,0,Ring_opening_polymerization/Polymer_reaction,C1=CC2C1C3C=CC2C(=C3C(F)(F)F)C(F)(F)F,,*/C=C/*,Polydienes
P050002,6338,0,Addition_polymerization,C=CCl,,*CC(*)Cl,"Polyvinyls, Polyhalo-olefins"
P150029,6371,6618,Polycondensation,C(=O)(Cl)Cl,CC(C)(C1=CC(=C(C(=C1)Br)O)Br)C2=CC(=C(C(=C2)Br)O)Br,*Oc1c(Br)cc(C(C)(C)c2cc(Br)c(OC(*)=O)c(Br)c2)cc1Br,Polycarbonates/thiocarbonates
P150029,6618,10426,Polycondensation,CC(C)(C1=CC(=C(C(=C1)Br)O)Br)C2=CC(=C(C(=C2)Br)O)Br,C(=O)(OC(Cl)(Cl)Cl)Cl,*Oc1c(Br)cc(C(C)(C)c2cc(Br)c(OC(*)=O)c(Br)c2)cc1Br,Polycarbonates/thiocarbonates
P150107,6371,12627538,Polycondensation,C(=O)(Cl)Cl,CCCCC(C)(C1=CC=C(C=C1)O)C2=CC=C(C=C2)O,*Oc1ccc(C(C)(CCCC)c2ccc(OC(*)=O)cc2)cc1,Polycarbonates/thiocarbonates
P150047,6371,21951235,Polycondensation,C(=O)(Cl)Cl,C1=CC=C(C=C1)C(C#N)(C2=CC=C(C=C2)O)C3=CC=C(C=C3)O,*Oc1ccc(C(C#N)(c2ccccc2)c2ccc(OC(*)=O)cc2)cc1,Polycarbonates/thiocarbonates
P470104,6376,0,Polycondensation,C[SiH](Cl)Cl,,*c1cccc([SiH](*)C)c1,Polysiloxanes/silanes
P050006,6393,0,Polycondensation,C(F)(F)(F)F,,*C(*)(F)F,Polyhalo-olefins
P050006,8301,0,Addition_polymerization,C(=C(F)F)(F)F,,*C(*)(F)F,Polyhalo-olefins
P374302,6399,24811,Polycondensation,C[Si](Cl)(Cl)Cl,[SiH](Cl)(Cl)Cl,*O[SiH]1O[SiH2]O[Si](O[Si](O1)(C)**)(*)C,"Polyoxides/ethers/acetals,Polysiloxanes/silanes"
P070081,6407,7583,Polycondensation,C(=O)C(Cl)(Cl)Cl,C1=CC=C(C=C1)OC2=CC=CC=C2,*Oc1ccc(Cc2ccc(*)cc2)cc1,Polyoxides/ethers/acetals
P332222,6549,7904,Addition_polymerization,CC(=CCCC(C)(C=C)O)C,CC(=O)OC=C,*CC(OC(C)=O)C(CCC(C)(O)C=C)C(*)(C)C,Polyvinyls
P330171,6557,7855,Addition_polymerization,CC(=C)C=C,C=CC#N,*/C=C(\C)CC(C#N)CC*,Polyvinyls
P070008,6561,0,Addition_polymerization,CC(C)C=O,,*OC(*)C(C)C,Polyoxides/ethers/acetals
P400058,6567,12678480,Polycondensation,CC(CN)N,C1C(C1C(=O)Cl)C(=O)Cl,*NC(C)CNC(=O)C1CC1C(*)=O,Polyamides/thioamides
P120058,6567,107287,Polyaddition,CC(CN)N,COC(=O)C(CCCCN=C=O)N=C=O,*NC(C)CNC(=O)NC(CCCCNC(*)=O)C(=O)OC,Polyureas/thioureas
P370092,6576,0,Addition_polymerization,C(=O)C(Cl)Cl,,*OC(*)C(Cl)Cl,Polyoxides/ethers/acetals
P050005,6594,0,Addition_polymerization/Polymer_reaction,C(=C(F)Cl)(F)F,,*C(F)C(*)(F)F,Polyhalo-olefins
P050005,9665,0,Addition_polymerization,C(=C(F)F)F,,*C(F)C(*)(F)F,Polyhalo-olefins
P050005,6594,0,Addition_polymerization/Polymer_reaction,C(=C(F)Cl)(F)F,,*C(F)C(*)(F)F,Polyhalo-olefins
P370187,6594,67630,Polyaddition,C(=C(F)Cl)(F)F,C(N=O)(F)(F)F,*ON(C(F)(F)F)C(F)(Cl)C(*)(F)F,"Polyoxides/ethers/acetals, Polyimines"
P100643,6595,0,Addition_polymerization,CC(=C)C(=O)N,,*CC(C)C(=O)N*,Polyamides/thioamides
P090037,6619,196,Polycondensation,CC(C)(C1=CC(=C(C(=C1)Cl)O)Cl)C2=CC(=C(C(=C2)Cl)O)Cl,C(CCC(=O)O)CC(=O)O,*Oc1c(Cl)cc(C(C)(C)c2cc(Cl)c(OC(=O)CCCCC(*)=O)c(Cl)c2)cc1Cl,Polyesters/thioesters
P090037,6619,14474483,Polycondensation,CC(C)(C1=CC(=C(C(=C1)Cl)O)Cl)C2=CC(=C(C(=C2)Cl)O)Cl,C(CCC(=O)Cl)CC(=O)O,*Oc1c(Cl)cc(C(C)(C)c2cc(Cl)c(OC(=O)CCCCC(*)=O)c(Cl)c2)cc1Cl,Polyesters/thioesters
P372031,6623,0,Polycondensation,CC(C)(C1=CC=C(C=C1)O)C2=CC=C(C=C2)O,,*Oc1ccc(/C(=N/c2ccc(/N=C(\c3ccccc3)c3ccc(Oc4ccc(C(C)(C)c5ccc(*)cc5)cc4)cc3)cc2)c2ccccc2)cc1,"Polyoxides/ethers/acetals, Polyimines"
P372218,6623,85737363,Polyaddition,CC(C)(C1=CC=C(C=C1)O)C2=CC=C(C=C2)O,C1=CC=C(C=C1)P(=O)(OC2=CC=C(C=C2)N=C=O)OC3=CC=C(C=C3)N=C=O,*OP(=O)(Oc1ccc(NC(=O)Oc2ccc(C(C)(C)c3ccc(OC(=O)Nc4ccc(*)cc4)cc3)cc2)cc1)c1ccccc1,"Polyoxides/ethers/acetals, Polyurethanes/thiourethanes"
P373539,6623,12368,Polycondensation,CC(C)(C1=CC=C(C=C1)O)C2=CC=C(C=C2)O,C(CCCBr)CCBr,*CCCCCCOc1ccc(C(C)(C)c2ccc(O*)cc2)cc1,Polyoxides/ethers/acetals
P390404,6623,107125,Polycondensation,CC(C)(C1=CC=C(C=C1)O)C2=CC=C(C=C2)O,CC1(CC(C2=C1C=CC(=C2)C(=O)O)(C)C3=CC=C(C=C3)C(=O)O)C,*Oc1ccc(C(C)(C)c2ccc(OC(=O)c3ccc4c(c3)C(C)(c3ccc(C(*)=O)cc3)CC4(C)C)cc2)cc1,Polyesters/thioesters
P094587,6623,65578,Polycondensation,CC(C)(C1=CC=C(C=C1)O)C2=CC=C(C=C2)O,C(=O)(C(=O)Cl)Cl,*Oc1ccc(C(C)(C)c2ccc(OC(=O)C(*)=O)cc2)cc1,Polyesters/thioesters
P370045,6623,75183,Polycondensation,CC(C)(C1=CC=C(C=C1)O)C2=CC=C(C=C2)O,C1=CC(=CC=C1C(=O)O)OC2=CC=C(C=C2)C(=O)O,*Oc1ccc(C(C)(C)c2ccc(OC(=O)c3ccc(Oc4ccc(C(*)=O)cc4)cc3)cc2)cc1,"Polyoxides/ethers/acetals, Polyesters/thioesters"
P370045,75183,82437,Polycondensation,C1=CC(=CC=C1C(=O)O)OC2=CC=C(C=C2)C(=O)O,CC(=O)OC1=CC=C(C=C1)C(C)(C)C2=CC=C(C=C2)OC(=O)C,*Oc1ccc(C(C)(C)c2ccc(OC(=O)c3ccc(Oc4ccc(C(*)=O)cc4)cc3)cc2)cc1,"Polyoxides/ethers/acetals, Polyesters/thioesters"
P370736,6623,123072,Polycondensation/Polymer_reaction,CC(C)(C1=CC=C(C=C1)O)C2=CC=C(C=C2)O,C1=CC(=CC=C1C(=O)C(=O)C2=CC=C(C=C2)F)F,*c1ccc(Oc2ccc(C(C)(C)c3ccc(Oc4ccc(-c5nc(-c6ccccn6)nnc5*)cc4)cc3)cc2)cc1,"Polyoxides/ethers/acetals, Polyimines"
P452043,6623,6371,Polycondensation,CC(C)(C1=CC=C(C=C1)O)C2=CC=C(C=C2)O,C(=O)(Cl)Cl,*Oc1ccc(C(C)(C)c2ccc(OC(*)=O)cc2S(=O)(=O)O[Na])cc1,Polycarbonates/thiocarbonates
P170001,6623,78399,Polycondensation,CC(C)(C1=CC=C(C=C1)O)C2=CC=C(C=C2)O,CCN(CC)[Si](C)(C)N(CC)CC,*O[Si](C)(C)Oc1ccc(C(C)(C)c2ccc(*)cc2)cc1,"Polyoxides/ethers/acetals, Polysiloxanes/silanes"
P390004,6623,14401172,Polycondensation,CC(C)(C1=CC=C(C=C1)O)C2=CC=C(C=C2)O,CC(C)(C1=CC=C(C=C1)C(=O)Cl)C2=CC=C(C=C2)C(=O)Cl,*Oc1ccc(C(C)(C)c2ccc(OC(=O)c3ccc(C(C)(C)c4ccc(C(*)=O)cc4)cc3)cc2)cc1,Polyesters/thioesters
P390004,82437,5444001,Polycondensation,CC(=O)OC1=CC=C(C=C1)C(C)(C)C2=CC=C(C=C2)OC(=O)C,CC1=CC=C(C=C1)C2C(=C(C3=CC=C(C=C3)C)O)C(=O)C(=O)N2CC4CCCO4,*Oc1ccc(C(C)(C)c2ccc(OC(=O)c3ccc(C(C)(C)c4ccc(C(*)=O)cc4)cc3)cc2)cc1,Polyesters/thioesters
P432167,6623,15706787,Polycondensation,CC(C)(C1=CC=C(C=C1)O)C2=CC=C(C=C2)O,C1=CC(=CC=C1CC2=CC=C(C=C2)N3C(=O)C(=C(C3=O)Cl)Cl)N4C(=O)C(=C(C4=O)Cl)Cl,*c1ccc(Cc2ccc(N3C(=O)C(Cl)=C(Oc4ccc(C(C)(C)c5ccc(OC6=C(Cl)C(=O)N(*)C6=O)cc5)cc4)C3=O)cc2)cc1,"Polyimides/thioimides, Polyoxides/ethers/acetals"
P373350,6623,102145175,Polycondensation,CC(C)(C1=CC=C(C=C1)O)C2=CC=C(C=C2)O,C1=CC(=CC=C1C=NC2=CC=C(C=C2)OC3=CC=C(C=C3)C4=CC=C(C=C4)OC5=CC=C(C=C5)N=CC6=CC=C(C=C6)Cl)Cl,*Oc1ccc(/N=C/c2ccc(Oc3ccc(C(C)(C)c4ccc(Oc5ccc(/C=N/c6ccc(Oc7ccc(-c8ccc(*)cc8)cc7)cc6)cc5)cc4)cc3)cc2)cc1,"Polyoxides/ethers/acetals, Polyimines"
P372302,6623,86190573,Polycondensation,CC(C)(C1=CC=C(C=C1)O)C2=CC=C(C=C2)O,C1=CC(=CC=C1C(=O)C2=CC(=C(C=C2)[N+](=O)[O-])C(F)(F)F)C(=O)C3=CC(=C(C=C3)[N+](=O)[O-])C(F)(F)F,*Oc1ccc(C(C)(C)c2ccc(Oc3ccc(C(=O)c4ccc(C(=O)c5ccc(*)c(C(F)(F)F)c5)cc4)cc3C(F)(F)F)cc2)cc1,"Polyoxides/ethers/acetals, Polyketones/thioketones"
P390186,6623,13255340,Polycondensation,CC(C)(C1=CC=C(C=C1)O)C2=CC=C(C=C2)O,C1(=C(C(=C(C(=C1F)F)C(=O)Cl)F)F)C(=O)Cl,*Oc1ccc(C(C)(C)c2ccc(OC(=O)c3c(F)c(F)c(C(*)=O)c(F)c3F)cc2)cc1,Polyesters/thioesters
P370766,6623,74475,Polycondensation,CC(C)(C1=CC=C(C=C1)O)C2=CC=C(C=C2)O,C1=CC(=C(C=C1S(=O)(=O)C2=CC(=C(C=C2)Cl)[N+](=O)[O-])[N+](=O)[O-])Cl,*Oc1ccc(S(=O)(=O)c2ccc(Oc3ccc(C(C)(C)c4ccc(*)cc4)cc3)c([N+](=O)[O-])c2)cc1[N+](=O)[O-],"Polyoxides/ethers/acetals, Polysulfones/sulfoxides/sufonates/sulfoamides"
P370176,6623,13038,Polycondensation,CC(C)(C1=CC=C(C=C1)O)C2=CC=C(C=C2)O,C1=CC=C(C=C1)OP(=O)(Cl)Cl,*OP(=O)(Oc1ccccc1)Oc1ccc(C(C)(C)c2ccc(*)cc2)cc1,Polyoxides/ethers/acetals
P370176,57303444,13038,Polycondensation,C[Si](C)(C)C1=CC=C(C=C1)CC2=CC=C(C=C2)[Si](C)(C)C,C1=CC=C(C=C1)OP(=O)(Cl)Cl,*OP(=O)(Oc1ccccc1)Oc1ccc(C(C)(C)c2ccc(*)cc2)cc1,Polyoxides/ethers/acetals
P370605,6623,11338958,Polycondensation,CC(C)(C1=CC=C(C=C1)O)C2=CC=C(C=C2)O,C1=CC(=CC=C1C(=O)C2=CC=C(C=C2)F)OC3=CC=C(C=C3)C(=O)C4=CC=C(C=C4)F,*Oc1ccc(C(C)(C)c2ccc(Oc3ccc(C(=O)c4ccc(Oc5ccc(C(=O)c6ccc(*)cc6)cc5)cc4)cc3)cc2)cc1,"Polyoxides/ethers/acetals, Polyketones/thioketones"
P370765,6623,6625,Polycondensation/Polymer_reaction,CC(C)(C1=CC=C(C=C1)O)C2=CC=C(C=C2)O,C1=CC(=CC=C1S(=O)(=O)C2=CC=C(C=C2)Cl)Cl,*Oc1ccc(S(=O)(=O)c2ccc(Oc3ccc(C(C)(C)c4ccc(*)cc4)cc3[N+](=O)[O-])cc2)cc1,"Polyoxides/ethers/acetals, Polysulfones/sulfoxides/sufonates/sulfoamides"
P370760,6623,102403135,Polycondensation,CC(C)(C1=CC=C(C=C1)O)C2=CC=C(C=C2)O,C1=CC(=CC=C1C(=O)C2=CC=C(S2)Cl)C(=O)C3=CC=C(S3)Cl,*C(=O)c1ccc(C(=O)c2ccc(Oc3ccc(C(C)(C)c4ccc(Oc5ccc(*)s5)cc4)cc3)s2)cc1,"Polyoxides/ethers/acetals, Polysulfides, Polyketones/thioketones"
P070725,6623,102277868,Polycondensation,CC(C)(C1=CC=C(C=C1)O)C2=CC=C(C=C2)O,C1=CC(=CC=C1C(=O)NC2=CC(=C(C=C2)C3=C(C=C(C=C3)NC(=O)C4=CC=C(C=C4)F)C(F)(F)F)C(F)(F)F)F,*Oc1ccc(C(C)(C)c2ccc(Oc3ccc(C(=O)Nc4ccc(-c5ccc(NC(=O)c6ccc(*)cc6)cc5C(F)(F)F)c(C(F)(F)F)c4)cc3)cc2)cc1,"Polyoxides/ethers/acetals, Polyamides/thioamides"
P390244,6623,10210,Polycondensation,CC(C)(C1=CC=C(C=C1)O)C2=CC=C(C=C2)O,C1=CC=C(C(=C1)C2=CC=CC=C2C(=O)O)C(=O)O,*Oc1ccc(C(C)(C)c2ccc(OC(=O)c3ccccc3-c3ccccc3C(*)=O)cc2)cc1,Polyesters/thioesters
P070488,6625,101052334,Polycondensation,C1=CC(=CC=C1S(=O)(=O)C2=CC=C(C=C2)Cl)Cl,CC(C1CCCC(C1)C2=CC=C(C=C2)O)C3=CC=C(C=C3)O,*Oc1ccc(S(=O)(=O)c2ccc(Oc3ccc(C4CCCC(C(C)c5ccc(*)cc5)C4)cc3)cc2)cc1,"Polyoxides/ethers/acetals, Polysulfones/sulfoxides/sufonates/sulfoamides"
P373368,6625,93118,Polycondensation,C1=CC(=CC=C1S(=O)(=O)C2=CC=C(C=C2)Cl)Cl,CC(C1=CC=C(C=C1)O)(C2=CC=C(C=C2)O)C3=CC=C(C=C3)O,*Oc1ccc(S(=O)(=O)c2ccc(Oc3ccc(C(C)(c4ccc(*)cc4)c4ccc(O)cc4)cc3)cc2)cc1,"Polyoxides/ethers/acetals, Polysulfones/sulfoxides/sufonates/sulfoamides"
P070500,6626,7034,Polycondensation,C1=CC(=CC=C1O)S(=O)(=O)C2=CC=C(C=C2)O,C1=CC(=CC=C1C(=O)C2=CC=C(C=C2)Cl)Cl,*Oc1ccc(S(=O)(=O)c2ccc(Oc3ccc(C(=O)c4ccc(*)cc4)cc3)cc2)cc1,"Polyoxides/ethers/acetals, Polyketones/thioketones, Polysulfones/sulfoxides/sufonates/sulfoamides"
P390288,6626,11004750,Polycondensation,C1=CC(=CC=C1O)S(=O)(=O)C2=CC=C(C=C2)O,C1=CC(=CC=C1C(=O)OC2=CC=C(C=C2)C(=O)Cl)C(=O)OC3=CC=C(C=C3)C(=O)Cl,*Oc1ccc(S(=O)(=O)c2ccc(OC(=O)c3ccc(OC(=O)c4ccc(C(=O)Oc5ccc(C(*)=O)cc5)cc4)cc3)cc2)cc1,"Polyesters/thioesters, Polysulfones/sulfoxides/sufonates/sulfoamides"
P070673,6626,0,Polycondensation,C1=CC(=CC=C1O)S(=O)(=O)C2=CC=C(C=C2)O,,*Oc1ccc(S(=O)(=O)c2ccc(Oc3ccc(S(=O)(=O)c4ccc(-c5ccc(-c6ccc(S(=O)(=O)c7ccc(*)cc7)cc6)cc5)cc4)cc3)cc2)cc1,"Polyoxides/ethers/acetals, Polysulfones/sulfoxides/sufonates/sulfoamides"
P150117,6626,6371,Polycondensation,C1=CC(=CC=C1O)S(=O)(=O)C2=CC=C(C=C2)O,C(=O)(Cl)Cl,*Oc1ccc(S(=O)(=O)c2ccc(OC(*)=O)cc2)cc1,"Polycarbonates/thiocarbonates, Polysulfones/sulfoxides/sufonates/sulfoamides"
P150117,6626,10426,Polycondensation,C1=CC(=CC=C1O)S(=O)(=O)C2=CC=C(C=C2)O,C(=O)(OC(Cl)(Cl)Cl)Cl,*Oc1ccc(S(=O)(=O)c2ccc(OC(*)=O)cc2)cc1,"Polycarbonates/thiocarbonates, Polysulfones/sulfoxides/sufonates/sulfoamides"
P430177,6626,102076480,Polycondensation,C1=CC(=CC=C1O)S(=O)(=O)C2=CC=C(C=C2)O,C1=CC(=CC=C1C(=O)C2=CC3=C(C=C2)C(=O)N(C3=O)C4=CC=C(C=C4)OC5=CC=C(C=C5)N6C(=O)C7=C(C6=O)C=C(C=C7)C(=O)C8=CC=C(C=C8)F)F,*C(=O)c1ccc(Oc2ccc(C(C)(C)c3ccc(Oc4ccc(C(=O)c5ccc6c(c5)C(=O)N(c5ccc(Oc7ccc(N8C(=O)c9ccc(*)cc9C8=O)cc7)cc5)C6=O)cc4)cc3)cc2)cc1,"Polyimides/thioimides, Polyoxides/ethers/acetals, Polyketones/thioketones"
P370706,6626,3532979,Polycondensation,C1=CC(=CC=C1O)S(=O)(=O)C2=CC=C(C=C2)O,C1=CC=C(C=C1)P(=O)(C2=CC=C(C=C2)F)C3=CC=C(C=C3)F,*Oc1ccc(S(=O)(=O)c2ccc(Oc3ccc(P(=O)(c4ccccc4)c4ccc(*)cc4)cc3)cc2)cc1,"Polyoxides/ethers/acetals, Polysulfones/sulfoxides/sufonates/sulfoamides"
P370706,69930,6625,Polycondensation,C1=CC=C(C=C1)P(=O)(C2=CC=C(C=C2)O)C3=CC=C(C=C3)O,C1=CC(=CC=C1S(=O)(=O)C2=CC=C(C=C2)Cl)Cl,*Oc1ccc(S(=O)(=O)c2ccc(Oc3ccc(P(=O)(c4ccccc4)c4ccc(*)cc4)cc3)cc2)cc1,"Polyoxides/ethers/acetals, Polysulfones/sulfoxides/sufonates/sulfoamides"
P372840,6626,102090009,Polycondensation,C1=CC(=CC=C1O)S(=O)(=O)C2=CC=C(C=C2)O,C1COCCN1C2=NC(=NC(=N2)OC3=CC=CC=C3C(=O)Cl)OC4=CC=CC=C4C(=O)Cl,*Oc1ccccc1C(=O)Oc1ccc(S(=O)(=O)c2ccc(OC(=O)c3ccccc3Oc3nc(*)nc(N4CCOCC4)n3)cc2)cc1,"Polyoxides/ethers/acetals, Polyesters/thioesters, Polyimines, Polysulfones/sulfoxides/sufonates/sulfoamides"
P372163,6626,12585423,Polycondensation,C1=CC(=CC=C1O)S(=O)(=O)C2=CC=C(C=C2)O,COC1=CC=C(C=C1)OP(=O)(Cl)Cl,*OP(=O)(Oc1ccc(OC)cc1)Oc1ccc(S(=O)(=O)c2ccc(*)cc2)cc1,"Polyoxides/ethers/acetals, Polysulfones/sulfoxides/sufonates/sulfoamides"
P452028,6626,10967529,Polycondensation,C1=CC(=CC=C1O)S(=O)(=O)C2=CC=C(C=C2)O,CC1(C(C(C1OC(=O)Cl)(C)C)OC(=O)Cl)C,*Oc1ccc(S(=O)(=O)c2ccc(OC(=O)OC3C(C)(C)C(OC(*)=O)C3(C)C)cc2)cc1,"Polycarbonates/thiocarbonates, Polysulfones/sulfoxides/sufonates/sulfoamides"
P433124,6678,94652,Polycondensation,C1=CC2=C3C(=CC=C4C3=C1C(=O)OC4=O)C(=O)OC2=O,C1=CC(=CC=C1C(C2=CC=C(C=C2)OC3=CC=C(C=C3)N)(C(F)(F)F)C(F)(F)F)OC4=CC=C(C=C4)N,*c1ccc(Oc2ccc(C(c3ccc(Oc4ccc(-n5c(=O)c6ccc7c(=O)n(*)c(=O)c8ccc(c5=O)c6c78)cc4)cc3)(C(F)(F)F)C(F)(F)F)cc2)cc1,"Polyimides/thioimides, Polyoxides/ethers/acetals"
P150139,6749,102274575,Polycondensation,C1=CC2=C(C=CC=C2O)C(=C1)O,CC1=C(C=CC(=C1)OC(=O)OC2=CC=CC=C2)OC(=O)OC3=CC=CC=C3,*Oc1cccc2c(OC(=O)Oc3ccc(OC(*)=O)cc3C)cccc12,Polycarbonates/thiocarbonates
P150140,6749,102274576,Polycondensation,C1=CC2=C(C=CC=C2O)C(=C1)O,C1=CC=C(C=C1)OC(=O)OC2=CC(=C(C=C2)OC(=O)OC3=CC=CC=C3)Cl,*Oc1cccc2c(OC(=O)Oc3ccc(OC(*)=O)cc3Cl)cccc12,Polycarbonates/thiocarbonates
P390333,6778,87377235,Polycondensation,C1=CC=C(C=C1)OC(=O)C2=CC=CC=C2C(=O)OC3=CC=CC=C3,C(CO)CS(=O)(=O)CCCS(=O)(=O)CCCO,*CCCS(=O)(=O)CCCS(=O)(=O)CCCOC(=O)c1ccccc1C(=O)O*,"Polyesters/thioesters, Polysulfones/sulfoxides/sufonates/sulfoamides"
P462112,6836,0,Polycondensation,CCN1C2=CC=CC=C2C3=CC=CC=C31,,*c1ccc2c(c1)c1cc(*)ccc1n2CC,Polyimines
P362029,6853,0,Polycondensation,C1C2=CC=CC=C2C3=CC=CC=C31,,*c1ccc2c(c1)Cc1cc(*)ccc1-2,Polydienes
P462422,6854,6966,Polyaddition,C1=CC=C2C(=C1)C3=CC=CC=C3N2,C1=C2C(=CC3=C1C(=O)OC3=O)C(=O)OC2=O,*C(=O)c1cc(C(=O)c2ccc3[nH]c4ccc(*)cc4c3c2)c(C(=O)O)cc1C(=O)O,"Polyimines, Polyketones/thioketones"
P342259,6917,7923,Addition_polymerization/Polymer_reaction,C=CN1CCCC1=O,C1=CC(=O)OC1=O,*CC(C(C(=O)O[K])C(*)C(=O)O[K])N1CCCC1=O,"Polyacrylics, Polyvinyls"
P342261,6917,7923,Addition_polymerization/Polymer_reaction,C=CN1CCCC1=O,C1=CC(=O)OC1=O,*CC(C(C(=O)O[Li])C(*)C(=O)O[Li])N1CCCC1=O,"Polyacrylics, Polyvinyls"
P402404,6955,101538529,Polycondensation,C1=CC=C(C(=C1)C(=O)Cl)C(=O)Cl,C1=CC=NC(=C1)C2=NN=C(O2)C3=CC(=CC(=C3)N)N,*Nc1cc(NC(=O)c2ccccc2C(*)=O)cc(-c2nnc(-c3ccccn3)o2)c1,Polyamides/thioamides
P390181,6955,12890757,Polycondensation,C1=CC=C(C(=C1)C(=O)Cl)C(=O)Cl,C1=CC(=CC=C1CC2=CC=C(C=C2)CS)CS,*Cc1ccc(Cc2ccc(CSC(=O)c3ccccc3C(=O)S*)cc2)cc1,Polyesters/thioesters
P432060,6966,167270,Polyaddition/Polymer_reaction,C1=C2C(=CC3=C1C(=O)OC3=O)C(=O)OC2=O,C1=CC(=CC(=C1)OC2=CC=CC(=C2)N)N,*c1cccc(Oc2cccc(-n3c(=O)c4cc5c(=O)n(*)c(=O)c5cc4c3=O)c2)c1,"Polyimides/thioimides, Polyoxides/ethers/acetals"
P130053,6966,7577,Polyaddition/Polymer_reaction,C1=C2C(=CC3=C1C(=O)OC3=O)C(=O)OC2=O,C1=CC(=CC=C1CC2=CC=C(C=C2)N)N,*c1ccc(Cc2ccc(-n3c(=O)c4cc5c(=O)n(*)c(=O)c5cc4c3=O)cc2)cc1,Polyimides/thioimides
P130053,6966,7577,Polycondensation,C1=C2C(=CC3=C1C(=O)OC3=O)C(=O)OC2=O,C1=CC(=CC=C1CC2=CC=C(C=C2)N)N,*c1ccc(Cc2ccc(-n3c(=O)c4cc5c(=O)n(*)c(=O)c5cc4c3=O)cc2)cc1,Polyimides/thioimides
P130053,6966,7570,Polycondensation,C1=C2C(=CC3=C1C(=O)OC3=O)C(=O)OC2=O,C1=CC(=CC=C1CC2=CC=C(C=C2)N=C=O)N=C=O,*c1ccc(Cc2ccc(-n3c(=O)c4cc5c(=O)n(*)c(=O)c5cc4c3=O)cc2)cc1,Polyimides/thioimides
P433180,6966,86045366,Polycondensation,C1=C2C(=CC3=C1C(=O)OC3=O)C(=O)OC2=O,C1=CC(=CC=C1C2=CC(=CC(=N2)C3=CC=C(C=C3)N)C4=CC=C(C=C4)OCCCC#N)N,*c1ccc(-c2cc(-c3ccc(OCCCC#N)cc3)cc(-c3ccc(-n4c(=O)c5cc6c(=O)n(*)c(=O)c6cc5c4=O)cc3)n2)cc1,"Polyimides/thioimides, Polyimines"
P432315,6966,22020416,Polyaddition/Polymer_reaction,C1=C2C(=CC3=C1C(=O)OC3=O)C(=O)OC2=O,C1=CC(=C(C=C1N)F)C2=C(C=C(C=C2)N)F,*c1ccc(-c2ccc(-n3c(=O)c4cc5c(=O)n(*)c(=O)c5cc4c3=O)cc2F)c(F)c1,Polyimides/thioimides
P400215,6966,7577,Polyaddition,C1=C2C(=CC3=C1C(=O)OC3=O)C(=O)OC2=O,C1=CC(=CC=C1CC2=CC=C(C=C2)N)N,*Nc1ccc(Cc2ccc(NC(=O)c3cc(C(*)=O)c(C(=O)O)cc3C(=O)O)cc2)cc1,Polyamides/thioamides
P432476,6966,86199702,Polycondensation,C1=C2C(=CC3=C1C(=O)OC3=O)C(=O)OC2=O,CC1=CC(=CC(=C1N)C)C(C2=CC=CC3=CC=CC=C32)C4=CC(=C(C(=C4)C)N)C,*c1c(C)cc(C(c2cc(C)c(-n3c(=O)c4cc5c(=O)n(*)c(=O)c5cc4c3=O)c(C)c2)c2cccc3ccccc23)cc1C,Polyimides/thioimides
P130054,6966,12467095,Polycondensation,C1=C2C(=CC3=C1C(=O)OC3=O)C(=O)OC2=O,CC(C1=CC=C(C=C1)N)C2=CC=C(C=C2)N,*c1ccc(C(C)c2ccc(-n3c(=O)c4cc5c(=O)n(*)c(=O)c5cc4c3=O)cc2)cc1,Polyimides/thioimides
P400216,6966,2955,Polycondensation,C1=C2C(=CC3=C1C(=O)OC3=O)C(=O)OC2=O,C1=CC(=CC=C1N)S(=O)(=O)C2=CC=C(C=C2)N,*c1ccc(NC(=O)c2cc(C(=O)Nc3ccc(S(*)(=O)=O)cc3)c(C(=O)O)cc2C(=O)O)cc1,"Polyamides/thioamides, Polysulfones/sulfoxides/sufonates/sulfoamides"
P130056,6966,12467100,Polycondensation,C1=C2C(=CC3=C1C(=O)OC3=O)C(=O)OC2=O,CCCCCCC(C1=CC=C(C=C1)N)C2=CC=C(C=C2)N,*c1ccc(C(CCCCCC)c2ccc(-n3c(=O)c4cc5c(=O)n(*)c(=O)c5cc4c3=O)cc2)cc1,Polyimides/thioimides
P130057,6966,12467101,Polycondensation,C1=C2C(=CC3=C1C(=O)OC3=O)C(=O)OC2=O,CCCCCCCCC(C1=CC=C(C=C1)N)C2=CC=C(C=C2)N,*c1ccc(C(CCCCCCCC)c2ccc(-n3c(=O)c4cc5c(=O)n(*)c(=O)c5cc4c3=O)cc2)cc1,Polyimides/thioimides
P432758,6966,22664945,Polycondensation,C1=C2C(=CC3=C1C(=O)OC3=O)C(=O)OC2=O,CC(C)(C)C1=C(C=CC(=C1)CC2=CC(=C(C=C2)N)C(C)(C)C)N,*c1ccc(Cc2ccc(-n3c(=O)c4cc5c(=O)n(*)c(=O)c5cc4c3=O)c(C(C)(C)C)c2)cc1C(C)(C)C,Polyimides/thioimides
P432410,6966,634491,Polyaddition/Polymer_reaction,C1=C2C(=CC3=C1C(=O)OC3=O)C(=O)OC2=O,C1=CC=C(C=C1)C2=C(SC(=C2C3=CC=CC=C3)C4=CC=C(C=C4)N)C5=CC=C(C=C5)N,*c1ccc(-c2sc(-c3ccc(-n4c(=O)c5cc6c(=O)n(*)c(=O)c6cc5c4=O)cc3)c(-c3ccccc3)c2-c2ccccc2)cc1,"Polyimides/thioimides, Polysulfides"
P372521,6966,94652,Polycondensation,C1=C2C(=CC3=C1C(=O)OC3=O)C(=O)OC2=O,C1=CC(=CC=C1C(C2=CC=C(C=C2)OC3=CC=C(C=C3)N)(C(F)(F)F)C(F)(F)F)OC4=CC=C(C=C4)N,*=Nc1ccc(Oc2ccc(C(c3ccc(Oc4ccc(/N=C5/OC(=O)c6cc7c(cc65)C(=*)OC7=O)cc4)cc3)(C(F)(F)F)C(F)(F)F)cc2)cc1,"Polyoxides/ethers/acetals, Polyesters/thioesters, Polyimines"
P433531,6966,2305151,Polycondensation,C1=C2C(=CC3=C1C(=O)OC3=O)C(=O)OC2=O,C1=CC(=C(C=C1N)Br)OC2=C(C=C(C=C2)N)Br,*c1ccc(Oc2ccc(-n3c(=O)c4cc5c(=O)n(*)c(=O)c5cc4c3=O)cc2Br)c(Br)c1,"Polyimides/thioimides, Polyoxides/ethers/acetals"
P432983,6966,14344370,Polycondensation,C1=C2C(=CC3=C1C(=O)OC3=O)C(=O)OC2=O,C1=CC(=CC=C1C(=O)C2=CC=C(C=C2)OC3=CC=C(C=C3)N)OC4=CC=C(C=C4)N,*c1ccc(Oc2ccc(C(=O)c3ccc(Oc4ccc(-n5c(=O)c6cc7c(=O)n(*)c(=O)c7cc6c5=O)cc4)cc3)cc2)cc1,"Polyimides/thioimides, Polyoxides/ethers/acetals, Polyketones/thioketones"
P402307,6966,7064,Polyaddition/Polymer_reaction,C1=C2C(=CC3=C1C(=O)OC3=O)C(=O)OC2=O,C1=CC=C(C=C1)C2=NC(=NC(=N2)N)N,*NC(=O)c1cc(C(=O)Nc2nc(*)nc(-c3ccccc3)n2)c(C(=O)OC(=O)Nc2cc(NC(=O)OC)ccc2C)cc1C(=O)O,"Polyamides/thioamides, Polyimines"
P432400,6966,13628509,Polycondensation,C1=C2C(=CC3=C1C(=O)OC3=O)C(=O)OC2=O,C1CC2C3CC(C2C1CN)CC3CN,*CC1CC2CC1C1CCC(Cn3c(=O)c4cc5c(=O)n(*)c(=O)c5cc4c3=O)C21,Polyimides/thioimides
P430203,6966,21910210,Polycondensation,C1=C2C(=CC3=C1C(=O)OC3=O)C(=O)OC2=O,C1=CC(=NC=C1N)SC2=NC=C(C=C2)N,*c1ccc(Sc2ccc(-n3c(=O)c4cc5c(=O)n(*)c(=O)c5cc4c3=O)cn2)nc1,"Polyimides/thioimides, Polysulfides, Polyimines"
P433330,6966,91592857,Polycondensation,C1=C2C(=CC3=C1C(=O)OC3=O)C(=O)OC2=O,C1=CC(=NC(=C1)C(=O)C2=CC=C(C=C2)OC3=C(C=C(C=C3)N)C(F)(F)F)C(=O)C4=CC=C(C=C4)OC5=C(C=C(C=C5)N)C(F)(F)F,*c1ccc(Oc2ccc(C(=O)c3cccc(C(=O)c4ccc(Oc5ccc(-n6c(=O)c7cc8c(=O)n(*)c(=O)c8cc7c6=O)cc5C(F)(F)F)cc4)n3)cc2)c(C(F)(F)F)c1,"Polyimides/thioimides, Polyoxides/ethers/acetals, Polyimines, Polyketones/thioketones"
P433279,6966,74980,Polycondensation,C1=C2C(=CC3=C1C(=O)OC3=O)C(=O)OC2=O,CCC1=C(C(=C(C(=C1)C)N)CC)N,*c1c(CC)cc(C)c(-n2c(=O)c3cc4c(=O)n(*)c(=O)c4cc3c2=O)c1CC,Polyimides/thioimides
P130010,6966,14440436,Polycondensation,C1=C2C(=CC3=C1C(=O)OC3=O)C(=O)OC2=O,CC(CCCCN)CCN,*CCCCC(C)CCn1c(=O)c2cc3c(=O)n(*)c(=O)c3cc2c1=O,Polyimides/thioimides
P430185,6966,69966,Polycondensation,C1=C2C(=CC3=C1C(=O)OC3=O)C(=O)OC2=O,C(CCCCCN)CCCCCN,*CCCCCCCCCCCn1c(=O)c2cc3c(=O)n(*)c(=O)c3cc2c1=O,Polyimides/thioimides
P432023,6966,617636,Polycondensation,C1=C2C(=CC3=C1C(=O)OC3=O)C(=O)OC2=O,CC1=CC(=CC(=C1C2=C(C=C(C=C2C)N)C)C)N,*c1cc(C)c(-c2c(C)cc(-n3c(=O)c4cc5c(=O)n(*)c(=O)c5cc4c3=O)cc2C)c(C)c1,Polyimides/thioimides
P432747,6966,15935091,Polycondensation,C1=C2C(=CC3=C1C(=O)OC3=O)C(=O)OC2=O,CC(C)(C)C1=C(C=CC(=C1)OC2=CC=C(C=C2)N)OC3=CC=C(C=C3)N,*c1ccc(Oc2ccc(Oc3ccc(-n4c(=O)c5cc6c(=O)n(*)c(=O)c6cc5c4=O)cc3)cc2C(C)(C)C)cc1,"Polyimides/thioimides, Polyoxides/ethers/acetals"
P432021,6966,41206,Polycondensation,C1=C2C(=CC3=C1C(=O)OC3=O)C(=O)OC2=O,CC1=CC(=CC(=C1N)C)C2=CC(=C(C(=C2)C)N)C,*c1c(C)cc(-c2cc(C)c(-n3c(=O)c4cc5c(=O)n(*)c(=O)c5cc4c3=O)c(C)c2)cc1C,Polyimides/thioimides
P432034,6966,23668332,Polyaddition,C1=C2C(=CC3=C1C(=O)OC3=O)C(=O)OC2=O,C1=CC(=C(C=C1N)S(=O)(=O)[O][Na])N,*c1ccc(-n2c(=O)c3cc4c(=O)n(*)c(=O)c4cc3c2=O)c(S(=O)(=O)O[Na])c1,Polyimides/thioimides
P432346,6966,4107113,Polycondensation,C1=C2C(=CC3=C1C(=O)OC3=O)C(=O)OC2=O,CC1CC(CCC1CC2CCC(CC2C)N)N,*C1CCC(CC2CCC(n3c(=O)c4cc5c(=O)n(*)c(=O)c5cc4c3=O)C(C)C2)CC1C,Polyimides/thioimides
P130003,6966,19012,Polycondensation,C1=C2C(=CC3=C1C(=O)OC3=O)C(=O)OC2=O,C1=CC(=CC=C1N)OC2=CC=C(C=C2)OC3=CC=C(C=C3)N,*c1ccc(Oc2ccc(Oc3ccc(-n4c(=O)c5cc6c(=O)n(*)c(=O)c6cc5c4=O)cc3)cc2)cc1,"Polyimides/thioimides, Polyoxides/ethers/acetals"
P130003,19012,75871,Polycondensation,C1=CC(=CC=C1N)OC2=CC=C(C=C2)OC3=CC=C(C=C3)N,C1=CC(=CC(=C1)OC2=CC=C(C=C2)N)N,*c1ccc(Oc2ccc(Oc3ccc(-n4c(=O)c5cc6c(=O)n(*)c(=O)c6cc5c4=O)cc3)cc2)cc1,"Polyimides/thioimides, Polyoxides/ethers/acetals"
P130228,6966,75591,Polycondensation,C1=C2C(=CC3=C1C(=O)OC3=O)C(=O)OC2=O,CC(C)(C1=CC=C(C=C1)N)C2=CC=C(C=C2)N,*c1ccc(C(C)(C)c2ccc(-n3c(=O)c4cc5c(=O)n(*)c(=O)c5cc4c3=O)cc2)cc1,Polyimides/thioimides
P130002,6966,7579,Polyaddition/Polymer_reaction,C1=C2C(=CC3=C1C(=O)OC3=O)C(=O)OC2=O,C1=CC(=CC=C1N)OC2=CC=C(C=C2)N,*c1ccc(Oc2ccc(-n3c(=O)c4cc5c(=O)n(*)c(=O)c5cc4c3=O)cc2)cc1,"Polyimides/thioimides, Polyoxides/ethers/acetals"
P130002,6966,7579,Polycondensation,C1=C2C(=CC3=C1C(=O)OC3=O)C(=O)OC2=O,C1=CC(=CC=C1N)OC2=CC=C(C=C2)N,*c1ccc(Oc2ccc(-n3c(=O)c4cc5c(=O)n(*)c(=O)c5cc4c3=O)cc2)cc1,"Polyimides/thioimides, Polyoxides/ethers/acetals"
P130002,7579,0,Polycondensation/Polymer_reaction,C1=CC(=CC=C1N)OC2=CC=C(C=C2)N,,*c1ccc(Oc2ccc(-n3c(=O)c4cc5c(=O)n(*)c(=O)c5cc4c3=O)cc2)cc1,"Polyimides/thioimides, Polyoxides/ethers/acetals"
P130002,7579,101925010,Polycondensation/Polymer_reaction,C1=CC(=CC=C1N)OC2=CC=C(C=C2)N,CCOC(=O)C1=CC(=C(C=C1C(=O)Cl)C(=O)Cl)C(=O)OCC,*c1ccc(Oc2ccc(-n3c(=O)c4cc5c(=O)n(*)c(=O)c5cc4c3=O)cc2)cc1,"Polyimides/thioimides, Polyoxides/ethers/acetals"
P432582,6966,18624853,Polyaddition/Polymer_reaction,C1=C2C(=CC3=C1C(=O)OC3=O)C(=O)OC2=O,C1=CC=C(C=C1)P(=O)(C2=CC=CC(=C2)N)C3=CC=CC(=C3)N,*c1cccc(P(=O)(c2ccccc2)c2cccc(-n3c(=O)c4cc5c(=O)n(*)c(=O)c5cc4c3=O)c2)c1,Polyimides/thioimides
P433463,6966,101475503,Polycondensation,C1=C2C(=CC3=C1C(=O)OC3=O)C(=O)OC2=O,CC1(CC(C2=C1C=CC(=C2)OC3=C(C=C(C=C3)C4=CC=C(C=C4)N)C(F)(F)F)(C)C5=CC=C(C=C5)OC6=C(C=C(C=C6)C7=CC=C(C=C7)N)C(F)(F)F)C,*c1ccc(-c2ccc(Oc3ccc(C4(C)CC(C)(C)c5ccc(Oc6ccc(-c7ccc(-n8c(=O)c9cc%10c(=O)n(*)c(=O)c%10cc9c8=O)cc7)cc6C(F)(F)F)cc54)cc3)c(C(F)(F)F)c2)cc1,"Polyimides/thioimides, Polyoxides/ethers/acetals"
P430181,6966,17181,Polycondensation,C1=C2C(=CC3=C1C(=O)OC3=O)C(=O)OC2=O,C[Si](C)(CCCN)O[Si](C)(C)CCCN,*CCC[Si](C)(C)O[Si](C)(C)CCCn1c(=O)c2cc3c(=O)n(*)c(=O)c3cc2c1=O,"Polyimides/thioimides, Polysiloxanes/silanes"
P430427,6966,66537,Polycondensation,C1=C2C(=CC3=C1C(=O)OC3=O)C(=O)OC2=O,CC1=C(C=CC(=C1)N)C2=C(C=C(C=C2)N)C,*c1ccc(-c2ccc(-n3c(=O)c4cc5c(=O)n(*)c(=O)c5cc4c3=O)cc2C)c(C)c1,Polyimides/thioimides
P433489,6966,102039211,Polycondensation,C1=C2C(=CC3=C1C(=O)OC3=O)C(=O)OC2=O,CC(C)(C)C1=CC(=CC(=C1OC2=C(C=C(C=C2)N)C(F)(F)F)C(C)(C)C)C3=CC=C(C=C3)N,*c1ccc(-c2cc(C(C)(C)C)c(Oc3ccc(-n4c(=O)c5cc6c(=O)n(*)c(=O)c6cc5c4=O)cc3C(F)(F)F)c(C(C)(C)C)c2)cc1,"Polyimides/thioimides, Polyoxides/ethers/acetals"
P430332,6966,14580,Polycondensation,C1=C2C(=CC3=C1C(=O)OC3=O)C(=O)OC2=O,C1=CC=C(C(=C1)CC2=CC=C(C=C2)N)N,*c1ccc(Cc2ccccc2-n2c(=O)c3cc4c(=O)n(*)c(=O)c4cc3c2=O)cc1,Polyimides/thioimides
P432337,6966,17406,Polycondensation,C1=C2C(=CC3=C1C(=O)OC3=O)C(=O)OC2=O,C1CC(CC(C1)CN)CN,*CC1CCCC(Cn2c(=O)c3cc4c(=O)n(*)c(=O)c4cc3c2=O)C1,Polyimides/thioimides
P130067,6966,7935,Polycondensation,C1=C2C(=CC3=C1C(=O)OC3=O)C(=O)OC2=O,C1=CC(=CC(=C1)N)N,*c1cccc(-n2c(=O)c3cc4c(=O)n(*)c(=O)c4cc3c2=O)c1,Polyimides/thioimides
P430331,6966,146486,Polycondensation,C1=C2C(=CC3=C1C(=O)OC3=O)C(=O)OC2=O,C1=CC(=CC(=C1)N)CC2=CC(=CC=C2)N,*c1cccc(Cc2cccc(-n3c(=O)c4cc5c(=O)n(*)c(=O)c5cc4c3=O)c2)c1,Polyimides/thioimides
P130065,6966,8413,Polycondensation,C1=C2C(=CC3=C1C(=O)OC3=O)C(=O)OC2=O,CC1=C(C=CC(=C1)C2=CC(=C(C=C2)N)C)N,*c1ccc(-c2ccc(-n3c(=O)c4cc5c(=O)n(*)c(=O)c5cc4c3=O)c(C)c2)cc1C,Polyimides/thioimides
P130059,6966,12467096,Polycondensation,C1=C2C(=CC3=C1C(=O)OC3=O)C(=O)OC2=O,CC(C)C(C1=CC=C(C=C1)N)C2=CC=C(C=C2)N,*c1ccc(C(c2ccc(-n3c(=O)c4cc5c(=O)n(*)c(=O)c5cc4c3=O)cc2)C(C)C)cc1,Polyimides/thioimides
P402036,6966,11741,Polyaddition,C1=C2C(=CC3=C1C(=O)OC3=O)C(=O)OC2=O,C1=CC(=CC(=C1)S(=O)(=O)C2=CC=CC(=C2)N)N,*c1cccc(NC(=O)c2cc(C(=O)Nc3cccc(S(*)(=O)=O)c3)c(C(=O)O)cc2C(=O)O)c1,"Polyamides/thioamides, Polysulfones/sulfoxides/sufonates/sulfoamides"
P430046,6966,2955,Polyaddition/Polymer_reaction,C1=C2C(=CC3=C1C(=O)OC3=O)C(=O)OC2=O,C1=CC(=CC=C1N)S(=O)(=O)C2=CC=C(C=C2)N,*c1ccc(S(=O)(=O)c2ccc(-n3c(=O)c4cc5c(=O)n(*)c(=O)c5cc4c3=O)cc2)cc1,"Polyimides/thioimides, Polysulfones/sulfoxides/sufonates/sulfoamides"
P382120,6966,634491,Polyaddition,C1=C2C(=CC3=C1C(=O)OC3=O)C(=O)OC2=O,C1=CC=C(C=C1)C2=C(SC(=C2C3=CC=CC=C3)C4=CC=C(C=C4)N)C5=CC=C(C=C5)N,*c1ccc(NC(=O)c2cc(C(=O)Nc3ccc(-c4sc(*)c(-c5ccccc5)c4-c4ccccc4)cc3)c(C(=O)O)cc2C(=O)O)cc1,"Polysulfides, Polyamides/thioamides"
P130058,6966,12467097,Polycondensation,C1=C2C(=CC3=C1C(=O)OC3=O)C(=O)OC2=O,CCCC(C1=CC=C(C=C1)N)C2=CC=C(C=C2)N,*c1ccc(C(CCC)c2ccc(-n3c(=O)c4cc5c(=O)n(*)c(=O)c5cc4c3=O)cc2)cc1,Polyimides/thioimides
P130312,6966,571928,Polycondensation,C1=C2C(=CC3=C1C(=O)OC3=O)C(=O)OC2=O,C1=CC(=CC(=C1)C(=O)NC2=CC=C(C=C2)N)C(=O)NC3=CC=C(C=C3)N,*c1ccc(NC(=O)c2cccc(C(=O)Nc3ccc(-n4c(=O)c5cc6c(=O)n(*)c(=O)c6cc5c4=O)cc3)c2)cc1,"Polyimides/thioimides, Polyamides/thioamides"
P130312,7451,101696192,Polycondensation/Polymer_reaction,C1=CC(=CC(=C1)C(=O)Cl)C(=O)Cl,C1=CC(=CC=C1N)NC(=O)C2=CC(=C(C=C2C(=O)O)C(=O)NC3=CC=C(C=C3)N)C(=O)O,*c1ccc(NC(=O)c2cccc(C(=O)Nc3ccc(-n4c(=O)c5cc6c(=O)n(*)c(=O)c6cc5c4=O)cc3)c2)cc1,"Polyimides/thioimides, Polyamides/thioamides"
P432279,6966,622236,Polyaddition/Polymer_reaction,C1=C2C(=CC3=C1C(=O)OC3=O)C(=O)OC2=O,C1=CC(=CC=C1C(C2=CC=C(C=C2)N)(C(F)(F)F)C(F)(F)F)N,*c1ccc(C(c2ccc(-n3c(=O)c4cc5c(=O)n(*)c(=O)c5cc4c3=O)cc2)(C(F)(F)F)C(F)(F)F)cc1,Polyimides/thioimides
P130061,6966,104949,Polycondensation,C1=C2C(=CC3=C1C(=O)OC3=O)C(=O)OC2=O,C1=CC(=CC=C1C2=CC=C(C=C2)N)C3=CC=C(C=C3)N,*c1ccc(-c2ccc(-c3ccc(-n4c(=O)c5cc6c(=O)n(*)c(=O)c6cc5c4=O)cc3)cc2)cc1,Polyimides/thioimides
P130077,6966,94652,Polyaddition/Polymer_reaction,C1=C2C(=CC3=C1C(=O)OC3=O)C(=O)OC2=O,C1=CC(=CC=C1C(C2=CC=C(C=C2)OC3=CC=C(C=C3)N)(C(F)(F)F)C(F)(F)F)OC4=CC=C(C=C4)N,*c1ccc(Oc2ccc(C(c3ccc(Oc4ccc(-n5c(=O)c6cc7c(=O)n(*)c(=O)c7cc6c5=O)cc4)cc3)(C(F)(F)F)C(F)(F)F)cc2)cc1,"Polyimides/thioimides, Polyoxides/ethers/acetals"
P130077,6966,94652,Polycondensation,C1=C2C(=CC3=C1C(=O)OC3=O)C(=O)OC2=O,C1=CC(=CC=C1C(C2=CC=C(C=C2)OC3=CC=C(C=C3)N)(C(F)(F)F)C(F)(F)F)OC4=CC=C(C=C4)N,*c1ccc(Oc2ccc(C(c3ccc(Oc4ccc(-n5c(=O)c6cc7c(=O)n(*)c(=O)c7cc6c5=O)cc4)cc3)(C(F)(F)F)C(F)(F)F)cc2)cc1,"Polyimides/thioimides, Polyoxides/ethers/acetals"
P430097,6966,85725737,Polyaddition/Polymer_reaction,C1=C2C(=CC3=C1C(=O)OC3=O)C(=O)OC2=O,C1=CC(=CC(=C1)C(=O)NC2=CC=C(C=C2)C3=CC=C(C=C3)N)C(=O)NC4=CC=C(C=C4)C5=CC=C(C=C5)N,*c1ccc(-c2ccc(NC(=O)c3cccc(C(=O)Nc4ccc(-c5ccc(-n6c(=O)c7cc8c(=O)n(*)c(=O)c8cc7c6=O)cc5)cc4)c3)cc2)cc1,"Polyimides/thioimides, Polyamides/thioamides"
P070079,7041,0,Polycondensation,COC1=C(C(=CC=C1)OC)O,,*Oc1c(OC)cc(*)cc1OC,Polyoxides/ethers/acetals
P433361,7064,101854539,Polycondensation,C1=CC=C(C=C1)C2=NC(=NC(=N2)N)N,C1=CC2=C(C=CC=C2OC3=CC=C(C=C3)N4C(=O)C5=C(C4=O)C=C(C=C5)C(=O)O)C(=C1)N6C(=O)C7=C(C6=O)C=C(C=C7)C(=O)O,*C(=O)Nc1nc(NC(=O)c2ccc3c(c2)C(=O)N(c2ccc(Oc4cccc5c(N6C(=O)c7ccc(*)cc7C6=O)cccc45)cc2)C3=O)nc(-c2ccccc2)n1,"Polyimides/thioimides, Polyoxides/ethers/acetals, Polyamides/thioamides, Polyimines"
P164417,7071,623781,Polycondensation,C1=CC(=C(C=C1C2=CC(=C(C=C2)N)N)N)N,C1=CC=C(C=C1)OC(=O)C2=CC3=C(C=C2)C=C(C=C3)C(=O)OC4=CC=CC=C4,*c1ccc2cc(-c3nc4ccc(-c5ccc6nc(*)[nH]c6c5)cc4[nH]3)ccc2c1,Polyimines
P160065,7071,100828,Polycondensation,C1=CC(=C(C=C1C2=CC(=C(C=C2)N)N)N)N,C1=CC=C(C=C1)C(=O)C(=O)C2=CC(=CC=C2)C(=O)C(=O)C3=CC=CC=C3,*c1cccc(-c2nc3cc(-c4ccc5nc(-c6ccccc6)c(*)nc5c4)ccc3nc2-c2ccccc2)c1,Polyimines
P460118,7071,6928367,Polycondensation,C1=CC(=C(C=C1C2=CC(=C(C=C2)N)N)N)N,C1C(C1C(=O)O)C(=O)O,*c1nc2ccc(-c3ccc4nc(C5CC5*)[nH]c4c3)cc2[nH]1,Polyimines
P070639,7071,3106710,Polycondensation,C1=CC(=C(C=C1C2=CC(=C(C=C2)N)N)N)N,C1=CC=C(C=C1)C(=O)C(=O)C2=CC=C(C=C2)OC3=CC=C(C=C3)C(=O)C(=O)C4=CC=CC=C4,*c1ccc(Oc2ccc(-c3nc4cc(-c5ccc6nc(*)c(-c7ccccc7)nc6c5)ccc4nc3-c3ccccc3)cc2)cc1,"Polyoxides/ethers/acetals, Polyimines"
P460218,7071,10474666,Polycondensation,C1=CC(=C(C=C1C2=CC(=C(C=C2)N)N)N)N,C1C2CC3(CC1CC(C2)(C3)C(=O)OC4=CC=CC=C4)C(=O)OC5=CC=CC=C5,*c1nc2cc(-c3ccc4[nH]c(C56CC7CC(CC(*)(C7)C5)C6)nc4c3)ccc2[nH]1,Polyimines
P460015,7071,19427519,Polycondensation,C1=CC(=C(C=C1C2=CC(=C(C=C2)N)N)N)N,CCN(CC)C1=NC(=NC(=N1)NCCCCCC(=O)O)NCCCCCC(=O)O,*CCCCCNc1nc(NCCCCCc2nc3cc(-c4ccc5[nH]c(*)nc5c4)ccc3[nH]2)nc(N(CC)CC)n1,Polyimines
P160083,7071,2189560,Polycondensation,C1=CC(=C(C=C1C2=CC(=C(C=C2)N)N)N)N,C1=CC=C(C=C1)C(=O)C(=O)C2=CC=C(C=C2)C3=CC=C(C=C3)C(=O)C(=O)C4=CC=CC=C4,*c1ccc(-c2ccc(-c3nc4ccc(-c5ccc6nc(*)c(-c7ccccc7)nc6c5)cc4nc3-c3ccccc3)cc2)cc1,Polyimines
P460088,7071,5192,Polycondensation,C1=CC(=C(C=C1C2=CC(=C(C=C2)N)N)N)N,C(CCCCC(=O)O)CCCC(=O)O,*CCCCCCCCc1nc2ccc(-c3ccc4nc(*)[nH]c4c3)cc2[nH]1,Polyimines
P160087,7071,193358,Polycondensation,C1=CC(=C(C=C1C2=CC(=C(C=C2)N)N)N)N,C1=CC(=CC=C1C(=O)C=O)C(=O)C=O,*c1ccc(-c2cnc3cc(-c4ccc5nc(*)cnc5c4)ccc3n2)cc1,Polyimines
P070644,7071,102006089,Polycondensation,C1=CC(=C(C=C1C2=CC(=C(C=C2)N)N)N)N,C1=CC(=CC=C1C(=O)C=O)OC2=CC=C(C=C2)OC3=CC=C(C=C3)OC4=CC=C(C=C4)C(=O)C=O,*c1ccc(Oc2ccc(Oc3ccc(Oc4ccc(-c5cnc6cc(-c7ccc8nc(*)cnc8c7)ccc6n5)cc4)cc3)cc2)cc1,"Polyoxides/ethers/acetals, Polyimines"
P412174,7072,17651,Polyaddition,CC1=C(C=CC(=C1)C2=CC(=C(C=C2)N=C=O)C)N=C=O,C1=CC(=CC=C1N=NC2=CC=C(C=C2)[N+](=O)[O-])N(CCO)CCO,*CCN(CCOC(=O)Nc1ccc(-c2ccc(NC(=O)O*)c(C)c2)cc1C)c1ccc(/N=N/c2ccc([N+](=O)[O-])cc2)cc1,"Polyurethanes/thiourethanes, Polyimines"
P462109,7087,0,Polycondensation,CC1=CC2=C(C=C1)N=C(S2)C3=CC=C(C=C3)N,,*Nc1ccc(-c2nc3ccc(C)cc3s2)cc1*,Polyimines
P512179,7095,9905,Polycondensation,C1=CC=C(C=C1)C2=CC=CC=C2,C1=CC=C(C=C1)C(=O)C(F)(F)F,*c1ccc(-c2ccc(C(*)(c3ccccc3)C(F)(F)F)cc2)cc1,Polyphenylenes
P512181,7095,69564,Polycondensation,C1=CC=C(C=C1)C2=CC=CC=C2,C1=CC(=CC=C1C(=O)C(F)(F)F)F,*c1ccc(-c2ccc(C(*)(c3ccc(F)cc3)C(F)(F)F)cc2)cc1,Polyphenylenes
P460309,7111,101008748,Polycondensation,C1=CC(=CC=C1C2=CC=C(C=C2)N)N,C1=CC(=CC=C1C2=CC=C(C=C2)C(=C(C#N)C#N)Cl)C(=C(C#N)C#N)Cl,*Nc1ccc(-c2ccc(NC(=C(C#N)C#N)c3ccc(-c4ccc(C(*)=C(C#N)C#N)cc4)cc3)cc2)cc1,Polyimines
P402010,7111,85808150,Polycondensation,C1=CC(=CC=C1C2=CC=C(C=C2)N)N,CC1=CC(=C(C=C1CC(=O)Cl)C)CC(=O)Cl,*Nc1ccc(-c2ccc(NC(=O)Cc3cc(C)c(CC(*)=O)cc3C)cc2)cc1,Polyamides/thioamides
P100068,7111,8496,Polycondensation,C1=CC(=CC=C1C2=CC=C(C=C2)N)N,C1=CC(=CC(=C1)C(=O)O)C(=O)O,*Nc1ccc(-c2ccc(NC(=O)c3cccc(C(*)=O)c3)cc2)cc1,Polyamides/thioamides
P100068,7111,7451,Polycondensation,C1=CC(=CC=C1C2=CC=C(C=C2)N)N,C1=CC(=CC(=C1)C(=O)Cl)C(=O)Cl,*Nc1ccc(-c2ccc(NC(=O)c3cccc(C(*)=O)c3)cc2)cc1,Polyamides/thioamides
P433110,7111,0,Polycondensation,C1=CC(=CC=C1C2=CC=C(C=C2)N)N,,*C(=O)Nc1ccc(-c2ccc(NC(=O)c3ccc4c(c3)C(=O)N(c3ccc(NC(=O)Nc5ccc(N6C(=O)c7ccc(*)cc7C6=O)cc5)cc3)C4=O)cc2)cc1,"Polyimides/thioimides, Polyamides/thioamides, Polyureas/thioureas"
P462099,7111,8371,Polycondensation,C1=CC(=CC=C1C2=CC=C(C=C2)N)N,C1(=C(C(=O)C(=C(C1=O)Cl)Cl)Cl)Cl,*Nc1ccc(-c2ccc(NC3=C(Cl)C(=O)C(*)=C(Cl)C3=O)cc2)cc1,"Polyimines, Polyketones/thioketones"
P462102,7111,8371,Polycondensation/Polymer_reaction,C1=CC(=CC=C1C2=CC=C(C=C2)N)N,C1(=C(C(=O)C(=C(C1=O)Cl)Cl)Cl)Cl,*Nc1ccc(-c2ccc(NC3=C(OC(C)=O)C(=O)C(*)=C(OC(C)=O)C3=O)cc2)cc1,"Polyimines, Polyketones/thioketones"
P462288,7111,11380448,Polycondensation,C1=CC(=CC=C1C2=CC=C(C=C2)N)N,CCCCN1C2=C(C=C(C=C2)C=O)C3=C1C=CC(=C3)C=O,*/C=N/c1ccc(-c2ccc(/N=C/c3ccc4c(c3)c3cc(*)ccc3n4CCCC)cc2)cc1,Polyimines
P370427,7112,101922358,Polycondensation,C1=CC(=CC=C1C2=CC=C(C=C2)O)O,C1=CC2=C(C(=C1)C(=O)C3=CC=C(C=C3)F)C(=CC=C2)C(=O)C4=CC=C(C=C4)F,*Oc1ccc(-c2ccc(Oc3ccc(C(=O)c4cccc5cccc(C(=O)c6ccc(*)cc6)c45)cc3)cc2)cc1,"Polyoxides/ethers/acetals, Polyketones/thioketones"
P392048,7112,3483771,Polycondensation,C1=CC(=CC=C1C2=CC=C(C=C2)O)O,CCCCCCCCCCCCOC1=CC(=C(C=C1C(=O)Cl)OCCCCCCCCCCCC)C(=O)Cl,*Oc1ccc(-c2ccc(OC(=O)c3cc(OCCCCCCCCCCCC)c(C(*)=O)cc3OCCCCCCCCCCCC)cc2)cc1,Polyesters/thioesters
P392048,3483771,630207,Polycondensation,CCCCCCCCCCCCOC1=CC(=C(C=C1C(=O)Cl)OCCCCCCCCCCCC)C(=O)Cl,C[Si](C)(C)OC1=CC=C(C=C1)C2=CC=C(C=C2)O[Si](C)(C)C,*Oc1ccc(-c2ccc(OC(=O)c3cc(OCCCCCCCCCCCC)c(C(*)=O)cc3OCCCCCCCCCCCC)cc2)cc1,Polyesters/thioesters
P070672,7112,0,Polycondensation,C1=CC(=CC=C1C2=CC=C(C=C2)O)O,,*Oc1ccc(S(=O)(=O)c2ccc(-c3ccc(-c4ccc(S(=O)(=O)c5ccc(Oc6ccc(-c7ccc(*)cc7)cc6)cc5)cc4)cc3)cc2)cc1,"Polyoxides/ethers/acetals, Polysulfones/sulfoxides/sufonates/sulfoamides"
P090551,7112,155899310,Polycondensation,C1=CC(=CC=C1C2=CC=C(C=C2)O)O,CCCCCc1cc(C(=O)Cl)cc(C(=O)Cl)c1,*Oc1ccc(-c2ccc(OC(=O)c3cc(CCCCC)cc(C(*)=O)c3)cc2)cc1,Polyesters/thioesters
P372084,7112,101927999,Polycondensation,C1=CC(=CC=C1C2=CC=C(C=C2)O)O,C1=CC2=C(C=CC=C2S(=O)(=O)C3=CC=C(C=C3)F)C(=C1)S(=O)(=O)C4=CC=C(C=C4)F,*Oc1ccc(S(=O)(=O)c2cccc3c(S(=O)(=O)c4ccc(Oc5ccc(-c6ccc(*)cc6)cc5)cc4)cccc23)cc1,"Polyoxides/ethers/acetals, Polysulfones/sulfoxides/sufonates/sulfoamides"
P204529,7112,76950,Polycondensation,C1=CC(=CC=C1C2=CC=C(C=C2)O)O,C1=CC(=CC=C1C2=CC=C(C=C2)S(=O)(=O)Cl)S(=O)(=O)Cl,*OS(=O)(=O)c1ccc(-c2ccc(S(=O)(=O)Oc3ccc(-c4ccc(*)cc4)cc3)cc2)cc1,Polysulfones/sulfoxides/sufonates/sulfoamides
P430176,7112,102076480,Polycondensation,C1=CC(=CC=C1C2=CC=C(C=C2)O)O,C1=CC(=CC=C1C(=O)C2=CC3=C(C=C2)C(=O)N(C3=O)C4=CC=C(C=C4)OC5=CC=C(C=C5)N6C(=O)C7=C(C6=O)C=C(C=C7)C(=O)C8=CC=C(C=C8)F)F,*C(=O)c1ccc(Oc2ccc(-c3ccc(Oc4ccc(C(=O)c5ccc6c(c5)C(=O)N(c5ccc(Oc7ccc(N8C(=O)c9ccc(*)cc9C8=O)cc7)cc5)C6=O)cc4)cc3)cc2)cc1,"Polyimides/thioimides, Polyoxides/ethers/acetals, Polyketones/thioketones"
P370312,7112,3532979,Polycondensation,C1=CC(=CC=C1C2=CC=C(C=C2)O)O,C1=CC=C(C=C1)P(=O)(C2=CC=C(C=C2)F)C3=CC=C(C=C3)F,*Oc1ccc(P(=O)(c2ccccc2)c2ccc(Oc3ccc(-c4ccc(*)cc4)cc3)cc2)cc1,Polyoxides/ethers/acetals
P370312,3532979,15701539,Polycondensation,C1=CC=C(C=C1)P(=O)(C2=CC=C(C=C2)F)C3=CC=C(C=C3)F,C1=CC(=CC=C1C2=CC=C(C=C2)[O-])[O-].[K+].[K+],*Oc1ccc(P(=O)(c2ccccc2)c2ccc(Oc3ccc(-c4ccc(*)cc4)cc3)cc2)cc1,Polyoxides/ethers/acetals
P390218,7112,7488,Polycondensation,C1=CC(=CC=C1C2=CC=C(C=C2)O)O,C1=CC(=CC=C1C(=O)Cl)C(=O)Cl,*Oc1ccc(-c2ccc(OC(=O)c3ccc(C(*)=O)cc3)cc2)cc1,Polyesters/thioesters
P070668,7112,688263,Polycondensation,C1=CC(=CC=C1C2=CC=C(C=C2)O)O,C1=CC(=CC(=C1)C(=O)C2=CC=C(C=C2)F)C(=O)C3=CC=C(C=C3)F,*Oc1ccc(-c2ccc(Oc3ccc(C(=O)c4cccc(C(=O)c5ccc(*)cc5)c4)cc3)cc2)cc1,"Polyoxides/ethers/acetals, Polyketones/thioketones"
P392442,7112,71341555,Polycondensation,C1=CC(=CC=C1C2=CC=C(C=C2)O)O,CCCCCCCCCCCCCCOC(=O)C1=CC(=C(C=C1C(=O)O)C(=O)OCCCCCCCCCCCCCC)C(=O)O,*Oc1ccc(-c2ccc(OC(=O)c3cc(C(=O)OCCCCCCCCCCCCCC)c(C(*)=O)cc3C(=O)OCCCCCCCCCCCCCC)cc2)cc1,Polyesters/thioesters
P070480,7112,6625,Polycondensation,C1=CC(=CC=C1C2=CC=C(C=C2)O)O,C1=CC(=CC=C1S(=O)(=O)C2=CC=C(C=C2)Cl)Cl,*Oc1ccc(S(=O)(=O)c2ccc(Oc3ccc(-c4ccc(*)cc4)cc3)cc2)cc1,"Polyoxides/ethers/acetals, Polysulfones/sulfoxides/sufonates/sulfoamides"
P070480,7112,67842,Polycondensation,C1=CC(=CC=C1C2=CC=C(C=C2)O)O,C1=CC(=CC=C1F)S(=O)(=O)C2=CC=C(C=C2)F,*Oc1ccc(S(=O)(=O)c2ccc(Oc3ccc(-c4ccc(*)cc4)cc3)cc2)cc1,"Polyoxides/ethers/acetals, Polysulfones/sulfoxides/sufonates/sulfoamides"
P392440,7112,100927621,Polycondensation,C1=CC(=CC=C1C2=CC=C(C=C2)O)O,CCCCCCOC(=O)C1=CC(=C(C=C1C(=O)O)C(=O)OCCCCCC)C(=O)O,*Oc1ccc(-c2ccc(OC(=O)c3cc(C(=O)OCCCCCC)c(C(*)=O)cc3C(=O)OCCCCCC)cc2)cc1,Polyesters/thioesters
P070690,7112,67805632,Polycondensation,C1=CC(=CC=C1C2=CC=C(C=C2)O)O,C1=CC=C(C(=C1)C2=CC=CC=C2C(=O)C3=CC=C(C=C3)F)C(=O)C4=CC=C(C=C4)F,*Oc1ccc(-c2ccc(Oc3ccc(C(=O)c4ccccc4-c4ccccc4C(=O)c4ccc(*)cc4)cc3)cc2)cc1,"Polyoxides/ethers/acetals, Polyketones/thioketones"
P512177,7115,238288,Polycondensation,C1=CC=C(C=C1)C2=CC=C(C=C2)C3=CC=CC=C3,CCC(=O)C(F)(F)F,*c1ccc(-c2ccc(-c3ccc(C(*)(CC)C(F)(F)F)cc3)cc2)cc1,Polyphenylenes
P512186,7115,2825048,Polycondensation,C1=CC=C(C=C1)C2=CC=C(C=C2)C3=CC=CC=C3,CN(C)C1=CC=C(C=C1)C(=O)C(F)(F)F,*c1ccc(-c2ccc(-c3ccc(C(*)(c4ccc(N(C)C)cc4)C(F)(F)F)cc3)cc2)cc1,Polyphenylenes
P512180,7115,9905,Polycondensation,C1=CC=C(C=C1)C2=CC=C(C=C2)C3=CC=CC=C3,C1=CC=C(C=C1)C(=O)C(F)(F)F,*c1ccc(-c2ccc(-c3ccc(C(*)(c4ccccc4)C(F)(F)F)cc3)cc2)cc1,Polyphenylenes
P512182,7115,69564,Polycondensation,C1=CC=C(C=C1)C2=CC=C(C=C2)C3=CC=CC=C3,C1=CC(=CC=C1C(=O)C(F)(F)F)F,*c1ccc(-c2ccc(-c3ccc(C(*)(c4ccc(F)cc4)C(F)(F)F)cc3)cc2)cc1,Polyphenylenes
P390118,7198,1030,Polycondensation,COC(=O)C1CCC(CC1)C(=O)OC,CC(CO)O,*OC(C)COC(=O)C1CCC(C(*)=O)CC1,Polyesters/thioesters
P030187,7219,0,Addition_polymerization,C1C=CC2=CC=CC=C21,,*C1Cc2ccccc2C1*,Polydienes
P460065,7242,0,Polycondensation,CC1=CC=CC=C1N,,*Nc1ccc(*)cc1C,Polyimines
P460065,7934,0,Polycondensation,CC1=CC(=CC=C1)N,,*Nc1ccc(*)cc1C,Polyimines
P462130,7243,15262737,Polycondensation/Polymer_reaction,C1=CC=C(C(=C1)N)N,C1=CC=C(C=C1)C(=O)C2=C(C=CC(=C2)C3=CC(=C(C=C3)O)C(=O)C4=CC=CC=C4)O,*=Nc1ccccc1/N=C(\c1ccccc1)c1ccc(-c2ccc(O)c(C(=*)c3ccccc3)c2)cc1O,Polyimines
P382365,7243,0,Polycondensation,C1=CC=C(C(=C1)N)N,,*Sc1ccc(C(=O)CNc2ccccc2NCC(=O)c2ccc(*)cc2)cc1,"Polysulfides, Polyimines, Polyketones/thioketones"
P372081,7243,4657000,Polycondensation,C1=CC=C(C(=C1)N)N,CC(=O)C1=CC=C(C=C1)OC2=CC=C(C=C2)OC3=CC=C(C=C3)C(=O)C,*Oc1ccc(Oc2ccc(/C(C)=N/c3ccccc3/N=C(\C)c3ccc(*)cc3)cc2)cc1,"Polyoxides/ethers/acetals, Polyimines"
P462414,7243,0,Polycondensation,C1=CC=C(C(=C1)N)N,,*c1ccc(C(=O)CNc2ccccc2NCC(=O)c2ccc(S(*)(=O)=O)cc2)cc1,"Polyimines, Polyketones/thioketones, Polysulfones/sulfoxides/sufonates/sulfoamides"
P400035,7243,17887,Polycondensation,C1=CC=C(C(=C1)N)N,C(CC(=O)Cl)CC(=O)Cl,*Nc1ccccc1NC(=O)CCCC(*)=O,Polyamides/thioamides
P100360,7243,534653,Polycondensation,C1=CC=C(C(=C1)N)N,C(CCCC(=O)Cl)CCC(=O)Cl,*Nc1ccccc1NC(=O)CCCCCCC(*)=O,Polyamides/thioamides
P372861,7253,15376713,Polycondensation,CC1=C(C=CC(=C1)O)O,C1=CC(=CC=C1C(=O)O)OCCOCCOCCOCCOC2=CC=C(C=C2)C(=O)O,*Oc1ccc(OC(=O)c2ccc(OCCOCCOCCOCCOc3ccc(C(*)=O)cc3)cc2)cc1C,"Polyoxides/ethers/acetals, Polyesters/thioesters"
P392518,7253,11004750,Polycondensation,CC1=C(C=CC(=C1)O)O,C1=CC(=CC=C1C(=O)OC2=CC=C(C=C2)C(=O)Cl)C(=O)OC3=CC=C(C=C3)C(=O)Cl,*Oc1ccc(OC(=O)c2ccc(OC(=O)c3ccc(C(=O)Oc4ccc(C(*)=O)cc4)cc3)cc2)cc1C,Polyesters/thioesters
P432217,7261,13192,Polyaddition/Polymer_reaction,CC1=C(C=C(C=C1)N)N,C(CCCN=C=O)CCN=C=O,*CCCCCCN1C(=O)C(=O)N(c2ccc(C)c(N3C(=O)C(=O)N(*)C3=O)c2)C1=O,"Polyimides/thioimides, Polyureas/thioureas"
P432217,16402,11443,Polyaddition/Polymer_reaction,C(CCCN)CCN,CC1=C(C=C(C=C1)N=C=O)N=C=O,*CCCCCCN1C(=O)C(=O)N(c2ccc(C)c(N3C(=O)C(=O)N(*)C3=O)c2)C1=O,"Polyimides/thioimides, Polyureas/thioureas"
P373393,7261,101431758,Polycondensation,CC1=C(C=C(C=C1)N)N,C1CCN(CC1)C2=NC(=NC(=N2)OC3=C(C=CC4=CC=CC=C43)C(=O)Cl)OC5=C(C=CC6=CC=CC=C65)C(=O)Cl,*Oc1c(C(=O)Nc2ccc(NC(=O)c3ccc4ccccc4c3Oc3nc(*)nc(N4CCCCC4)n3)c(C)c2)ccc2ccccc12,"Polyoxides/ethers/acetals, Polyamides/thioamides, Polyimines"
P462138,7262,0,Polycondensation,C1=CC(=C(C=C1Cl)N)Cl,,*Nc1cc(Cl)c(*)cc1Cl,Polyimines
P070537,7268,8172,Polycondensation,CCOC(=O)C(=O)OCC,C(COCCOCCO)O,*CCOCCOCCOC(=O)C(=O)O*,"Polyoxides/ethers/acetals, Polyesters/thioesters"
P342002,7274,0,Addition_polymerization,CC(=C)C(=O)OCC=C,,*CC(*)(C)C(=O)OCC=C,"Polyacrylics, Polyvinyls"
P090087,7302,0,Ring_opening_polymerization,C1CC(=O)OC1,,*CCCC(=O)O*,Polyesters/thioesters
P450043,7303,0,Ring_opening_polymerization,C1COC(=O)O1,,*CCOC(=O)O*,Polycarbonates/thiocarbonates
P460063,7304,0,Polycondensation,CN1C=CC=C1,,*c1ccc(*)n1C,Polyimines
P040049,7343,0,Addition_polymerization,CCOC(=O)C(=C)C,,*CC(*)(C)C(=O)OCC,"Polyacrylics, Polyvinyls"
P040052,7354,0,Addition_polymerization,CCCCOC(=O)C(=C)C,,*CC(*)(C)C(=O)OCCCC,"Polyacrylics, Polyvinyls"
P090614,7362,136395,Polyaddition,C1=COC(=C1)C=O,CC(=C=O)C,*OC(c1ccco1)C(C)(C)C(*)=O,Polyesters/thioesters
P090030,7451,8064,Polycondensation,C1=CC(=CC(=C1)C(=O)Cl)C(=O)Cl,C(CCO)CO,*CCCCOC(=O)c1cccc(C(=O)O*)c1,Polyesters/thioesters
P090030,15088,8064,Polycondensation,COC(=O)C1=CC(=CC=C1)C(=O)OC,C(CCO)CO,*CCCCOC(=O)c1cccc(C(=O)O*)c1,Polyesters/thioesters
P090594,7451,79758,Polycondensation,C1=CC(=CC(=C1)C(=O)Cl)C(=O)Cl,C(CCCCCCO)CCCCCO,*CCCCCCCCCCCCOC(=O)c1cccc(C(=O)O*)c1,Polyesters/thioesters
P372355,7451,86191682,Polycondensation,C1=CC(=CC(=C1)C(=O)Cl)C(=O)Cl,C1=CC(=CC(=C1)OCCOCCOCCOC2=CC=CC(=C2)N)N,*CCOCCOCCOc1cccc(NC(=O)c2cccc(C(=O)Nc3cccc(O*)c3)c2)c1,"Polyoxides/ethers/acetals, Polyamides/thioamides"
P370231,7451,4058493,Polycondensation,C1=CC(=CC(=C1)C(=O)Cl)C(=O)Cl,C1=CC(=CC(=C1)C2=NNN=N2)C3=NNN=N3,*c1cccc(-c2nnc(*)o2)c1,"Polyoxides/ethers/acetals, Polyimines"
P370231,72700,0,Polycondensation,C1=CC(=CC(=C1)C(=O)NN)C(=O)NN,,*c1cccc(-c2nnc(*)o2)c1,"Polyoxides/ethers/acetals, Polyimines"
P370231,72700,7451,Polycondensation,C1=CC(=CC(=C1)C(=O)NN)C(=O)NN,C1=CC(=CC(=C1)C(=O)Cl)C(=O)Cl,*c1cccc(-c2nnc(*)o2)c1,"Polyoxides/ethers/acetals, Polyimines"
P373760,7451,0,Polycondensation,C1=CC(=CC(=C1)C(=O)Cl)C(=O)Cl,,*=Cc1ccc(C(=O)c2cccc(C(=O)c3ccc(/C=C4\CN(C)CC(=*)C4=O)o3)c2)o1,"Polyoxides/ethers/acetals, Polyimines, Polyketones/thioketones"
P390411,7451,6618,Polycondensation,C1=CC(=CC(=C1)C(=O)Cl)C(=O)Cl,CC(C)(C1=CC(=C(C(=C1)Br)O)Br)C2=CC(=C(C(=C2)Br)O)Br,*Oc1c(Br)cc(C(C)(C)c2cc(Br)c(OC(=O)c3cccc(C(*)=O)c3)c(Br)c2)cc1Br,Polyesters/thioesters
P373013,7451,0,Polycondensation/Polymer_reaction,C1=CC(=CC(=C1)C(=O)Cl)C(=O)Cl,,*Oc1cc(OC(=O)c2cccc(C(=O)Oc3ccc(C=O)c(O[Ni]*)c3)c2)ccc1C=O,"Polyoxides/ethers/acetals, Polyesters/thioesters"
P430403,7451,102402419,Polycondensation,C1=CC(=CC(=C1)C(=O)Cl)C(=O)Cl,C1=CC(=CC(=C1)NC(=O)C2=CC3=C(C=C2)C(=O)N(C3=O)C4=CC=CC(=C4)N)N,*C(=O)Nc1cccc(NC(=O)c2cccc(C(=O)Nc3cccc(N4C(=O)c5ccc(*)cc5C4=O)c3)c2)c1,"Polyimides/thioimides, Polyamides/thioamides"
P402114,7451,85845047,Polycondensation/Polymer_reaction,C1=CC(=CC(=C1)C(=O)Cl)C(=O)Cl,CC1=CC=C(C=C1)S(=O)(=O)NC2=CC(=C(C=C2N)N)NS(=O)(=O)C3=CC=C(C=C3)C,*Nc1cc(NC(=O)c2cccc(C(*)=O)c2)c(N)cc1N,Polyamides/thioamides
P373011,7451,0,Polycondensation/Polymer_reaction,C1=CC(=CC(=C1)C(=O)Cl)C(=O)Cl,,*Oc1cc(OC(=O)c2cccc(C(=O)Oc3ccc(C=O)c(O[Co]*)c3)c2)ccc1C=O,"Polyoxides/ethers/acetals, Polyesters/thioesters"
P090135,7451,37153,Polycondensation,C1=CC(=CC(=C1)C(=O)Cl)C(=O)Cl,C(CCCCCO)CCCCO,*CCCCCCCCCCOC(=O)c1cccc(C(=O)O*)c1,Polyesters/thioesters
P090135,37153,15088,Polycondensation,C(CCCCCO)CCCCO,COC(=O)C1=CC(=CC=C1)C(=O)OC,*CCCCCCCCCCOC(=O)c1cccc(C(=O)O*)c1,Polyesters/thioesters
P432371,7451,102275184,Polyaddition/Polymer_reaction,C1=CC(=CC(=C1)C(=O)Cl)C(=O)Cl,C1=CC(=CC=C1N)S(=O)(=O)C2=CC=C(C=C2)N3C(=O)C4=C(C3=O)C=C(C=C4)C(=O)C5=CC6=C(C=C5)C(=O)N(C6=O)C7=CC=C(C=C7)S(=O)(=O)C8=CC=C(C=C8)N,*C(=O)c1ccc2c(c1)C(=O)N(c1ccc(S(=O)(=O)c3ccc(NC(=O)c4cccc(C(=O)Nc5ccc(S(=O)(=O)c6ccc(N7C(=O)c8ccc(*)cc8C7=O)cc6)cc5)c4)cc3)cc1)C2=O,"Polyimides/thioimides, Polyamides/thioamides, Polyketones/thioketones, Polysulfones/sulfoxides/sufonates/sulfoamides"
P390182,7451,12890757,Polycondensation,C1=CC(=CC(=C1)C(=O)Cl)C(=O)Cl,C1=CC(=CC=C1CC2=CC=C(C=C2)CS)CS,*Cc1ccc(Cc2ccc(CSC(=O)c3cccc(C(=O)S*)c3)cc2)cc1,Polyesters/thioesters
P090528,7451,67831,Polycondensation,C1=CC(=CC(=C1)C(=O)Cl)C(=O)Cl,C(C(C(C(CO)(F)F)(F)F)(F)F)O,*CC(F)(F)C(F)(F)C(F)(F)COC(=O)c1cccc(C(=O)O*)c1,Polyesters/thioesters
P390193,7451,331832,Polycondensation,C1=CC(=CC(=C1)C(=O)Cl)C(=O)Cl,CC1=CC(=CC(=C1O)C)C2(C3=CC=CC=C3C4=CC=CC=C42)C5=CC(=C(C(=C5)C)O)C,*Oc1c(C)cc(C2(c3cc(C)c(OC(=O)c4cccc(C(*)=O)c4)c(C)c3)c3ccccc3-c3ccccc32)cc1C,Polyesters/thioesters
P070592,7451,21389460,Polycondensation,C1=CC(=CC(=C1)C(=O)Cl)C(=O)Cl,CC(C)C1=C(C(=CC=C1)C(C)C)OC2=CC=CC=C2,*Oc1c(C(C)C)cc(C(=O)c2cccc(C(=O)c3ccc(*)cc3)c2)cc1C(C)C,"Polyoxides/ethers/acetals, Polyketones/thioketones"
P140032,7451,8496,Polycondensation,C1=CC(=CC(=C1)C(=O)Cl)C(=O)Cl,C1=CC(=CC(=C1)C(=O)O)C(=O)O,*OC(=O)c1cccc(C(*)=O)c1,Polyanhydrides/thioanhydrides
P392046,7451,74071,Polycondensation,C1=CC(=CC(=C1)C(=O)Cl)C(=O)Cl,CC1(CC2(CC(C3=C2C=C(C=C3)O)(C)C)C4=C1C=CC(=C4)O)C,*Oc1ccc2c(c1)C1(CC2(C)C)CC(C)(C)c2ccc(OC(=O)c3cccc(C(*)=O)c3)cc21,Polyesters/thioesters
P372200,7451,316507,Polycondensation,C1=CC(=CC(=C1)C(=O)Cl)C(=O)Cl,C1=CC(=CC(=C1)OCCCCCOC2=CC=CC(=C2)N)N,*CCCCCOc1cccc(NC(=O)c2cccc(C(=O)Nc3cccc(O*)c3)c2)c1,"Polyoxides/ethers/acetals, Polyamides/thioamides"
P372361,7451,100951154,Polycondensation,C1=CC(=CC(=C1)C(=O)Cl)C(=O)Cl,C1=CC(=CC(=C1)OCCCCCCCCOC2=CC=CC(=C2)N)N,*CCCCCCCCOc1cccc(NC(=O)c2cccc(C(=O)Nc3cccc(O*)c3)c2)c1,"Polyoxides/ethers/acetals, Polyamides/thioamides"
P430096,7451,102275172,Polycondensation,C1=CC(=CC(=C1)C(=O)Cl)C(=O)Cl,C1=CC(=CC=C1C2=CC=C(C=C2)N3C(=O)C4=C(C3=O)C=C(C=C4)C(=O)C5=CC6=C(C=C5)C(=O)N(C6=O)C7=CC=C(C=C7)C8=CC=C(C=C8)N)N,*C(=O)c1ccc2c(c1)C(=O)N(c1ccc(-c3ccc(NC(=O)c4cccc(C(=O)Nc5ccc(-c6ccc(N7C(=O)c8ccc(*)cc8C7=O)cc6)cc5)c4)cc3)cc1)C2=O,"Polyimides/thioimides, Polyamides/thioamides, Polyketones/thioketones"
P430096,75498,85725737,Polyaddition/Polymer_reaction,C1=CC2=C(C=C1C(=O)C3=CC4=C(C=C3)C(=O)OC4=O)C(=O)OC2=O,C1=CC(=CC(=C1)C(=O)NC2=CC=C(C=C2)C3=CC=C(C=C3)N)C(=O)NC4=CC=C(C=C4)C5=CC=C(C=C5)N,*C(=O)c1ccc2c(c1)C(=O)N(c1ccc(-c3ccc(NC(=O)c4cccc(C(=O)Nc5ccc(-c6ccc(N7C(=O)c8ccc(*)cc8C7=O)cc6)cc5)c4)cc3)cc1)C2=O,"Polyimides/thioimides, Polyamides/thioamides, Polyketones/thioketones"
P392731,7451,0,Polycondensation,C1=CC(=CC(=C1)C(=O)Cl)C(=O)Cl,,*c1ccc(OC(=O)c2cccc(C(=O)Oc3ccc(-c4nc5ccccc5nc4*)cc3)c2)cc1,"Polyesters/thioesters, Polyimines"
P392703,7488,0,Polycondensation,C1=CC(=CC=C1C(=O)Cl)C(=O)Cl,,*Oc1ccc(/C(=C/c2ccc(-c3ccc(/C=C(\c4ccccc4)c4ccc(OC(=O)c5ccc(C(*)=O)cc5)cc4)cc3)cc2)c2ccccc2)cc1,Polyesters/thioesters
P140004,7488,470555,Polycondensation,C1=CC(=CC=C1C(=O)Cl)C(=O)Cl,C1=CC=C(C(=C1)C(=O)O)NC(=O)CCCCC(=O)NC2=CC=CC=C2C(=O)O,*OC(=O)c1ccccc1NC(=O)CCCCC(=O)Nc1ccccc1C(=O)OC(=O)c1ccc(C(*)=O)cc1,"Polyamides/thioamides, Polyanhydrides/thioanhydrides"
P402003,7488,2996234,Polycondensation,C1=CC(=CC=C1C(=O)Cl)C(=O)Cl,C1=CC=C2C(=C1)N=C(S2)C3=CC(=CC(=C3)N)N,*Nc1cc(NC(=O)c2ccc(C(*)=O)cc2)cc(-c2nc3ccccc3s2)c1,Polyamides/thioamides
P372383,7488,101039604,Polycondensation,C1=CC(=CC=C1C(=O)Cl)C(=O)Cl,C1=CC=C(C=C1)C2=CC=C(C=C2)C3=CC(=CC(=C3C4=CC=C(C=C4)N)C5=CC=C(C=C5)C6=CC=CC=C6)C7=CC=C(C=C7)OCCCCCCCCCCOC8=CC=C(C=C8)C9=CC(=C(C(=C9)C1=CC=C(C=C1)C1=CC=CC=C1)C1=CC=C(C=C1)N)C1=CC=C(C=C1)C1=CC=CC=C1,*CCCCCCCCCCOc1ccc(-c2cc(-c3ccc(-c4ccccc4)cc3)c(-c3ccc(NC(=O)c4ccc(C(=O)Nc5ccc(-c6c(-c7ccc(-c8ccccc8)cc7)cc(-c7ccc(O*)cc7)cc6-c6ccc(-c7ccccc7)cc6)cc5)cc4)cc3)c(-c3ccc(-c4ccccc4)cc3)c2)cc1,"Polyoxides/ethers/acetals, Polyamides/thioamides"
P392739,7488,101509340,Polycondensation,C1=CC(=CC=C1C(=O)Cl)C(=O)Cl,CC1=C(C=CC(=C1)C2(CCC3CCCCC3C2)C4=CC(=C(C=C4)O)C)O,*Oc1ccc(C2(c3ccc(OC(=O)c4ccc(C(*)=O)cc4)c(C)c3)CCC3CCCCC3C2)cc1C,Polyesters/thioesters
P090587,7488,101056885,Polycondensation,C1=CC(=CC=C1C(=O)Cl)C(=O)Cl,CC(C)(CO)CS(=O)(=O)CC(C)(C)CO,*CC(C)(C)CS(=O)(=O)CC(C)(C)COC(=O)c1ccc(C(=O)O*)cc1,"Polyesters/thioesters, Polysulfones/sulfoxides/sufonates/sulfoamides"
P373012,7488,0,Polycondensation/Polymer_reaction,C1=CC(=CC=C1C(=O)Cl)C(=O)Cl,,*Oc1cc(OC(=O)c2ccc(C(=O)Oc3ccc(C=O)c(O[Ni]*)c3)cc2)ccc1C=O,"Polyoxides/ethers/acetals, Polyesters/thioesters"
P400273,7488,23542871,Polycondensation,C1=CC(=CC=C1C(=O)Cl)C(=O)Cl,C1=CC=C(C=C1)C2=CC=C(C=C2)OC(=O)C3=CC(=CC(=C3)N)N,*Nc1cc(NC(=O)c2ccc(C(*)=O)cc2)cc(C(=O)Oc2ccc(-c3ccccc3)cc2)c1,Polyamides/thioamides
P390214,7488,3110879,Polycondensation,C1=CC(=CC=C1C(=O)Cl)C(=O)Cl,C1=CC=C2C(=C1)C(=O)OC2(C3=CC=C(C=C3)C(=O)NN)C4=CC=C(C=C4)C(=O)NN,*c1ccc(C(=O)NNC(=O)c2ccc(C(=O)NNC(=O)c3ccc(C4(*)OC(=O)c5ccccc54)cc3)cc2)cc1,"Polyesters/thioesters, Polyamides/thioamides"
P390172,7488,101717488,Polycondensation,C1=CC(=CC=C1C(=O)Cl)C(=O)Cl,CC(C)C1=CC(=CC(=C1O)C(C)C)C(=O)OC2=CC(=CC=C2)OC(=O)C3=CC(=C(C(=C3)C(C)C)O)C(C)C,*Oc1cccc(OC(=O)c2cc(C(C)C)c(OC(=O)c3ccc(C(=O)Oc4c(C(C)C)cc(C(*)=O)cc4C(C)C)cc3)c(C(C)C)c2)c1,Polyesters/thioesters
P400275,7488,102404480,Polycondensation,C1=CC(=CC=C1C(=O)Cl)C(=O)Cl,C1=CC=C(C=C1)C(C2=CC=CC=C2)OC(=O)C3=CC(=CC(=C3)N)N,*Nc1cc(NC(=O)c2ccc(C(*)=O)cc2)cc(C(=O)OC(c2ccccc2)c2ccccc2)c1,Polyamides/thioamides
P392362,7488,102277535,Polycondensation,C1=CC(=CC=C1C(=O)Cl)C(=O)Cl,CCN(CCOC(=O)C1=CC(=CC(=C1)O)O)C2=CC=C(C=C2)N=NC3=CC=C(C=C3)[N+](=O)[O-],*Oc1cc(OC(=O)c2ccc(C(*)=O)cc2)cc(C(=O)OCCN(CC)c2ccc(/N=N/c3ccc([N+](=O)[O-])cc3)cc2)c1,Polyesters/thioesters
P392612,7488,86214881,Polycondensation,C1=CC(=CC=C1C(=O)Cl)C(=O)Cl,C1=CC(=CC=C1CNC(=O)CCCO)CNC(=O)CCCO,*CCCC(=O)NCc1ccc(CNC(=O)CCCOC(=O)c2ccc(C(=O)O*)cc2)cc1,"Polyesters/thioesters, Polyamides/thioamides"
P392613,7488,86214875,Polycondensation,C1=CC(=CC=C1C(=O)Cl)C(=O)Cl,C1=CC(=CC=C1NC(=O)CCCO)NC(=O)CCCO,*CCCC(=O)Nc1ccc(NC(=O)CCCOC(=O)c2ccc(C(=O)O*)cc2)cc1,"Polyesters/thioesters, Polyamides/thioamides"
P370063,7488,19431850,Polycondensation,C1=CC(=CC=C1C(=O)Cl)C(=O)Cl,COC1=C(C=CC(=C1)C(=O)O)OCCOC2=C(C=C(C=C2)C(=O)O)OC,*CCOc1ccc(C(=O)OC(=O)c2ccc(C(=O)OC(=O)c3ccc(O*)c(OC)c3)cc2)cc1OC,"Polyoxides/ethers/acetals, Polyanhydrides/thioanhydrides"
P390183,7488,12890757,Polycondensation,C1=CC(=CC=C1C(=O)Cl)C(=O)Cl,C1=CC(=CC=C1CC2=CC=C(C=C2)CS)CS,*Cc1ccc(Cc2ccc(CSC(=O)c3ccc(C(=O)S*)cc3)cc2)cc1,Polyesters/thioesters
P372307,7488,6759563,Polycondensation,C1=CC(=CC=C1C(=O)Cl)C(=O)Cl,C1=CC(=CNC2=CC=C(C=C2)OC3=CC=C(C=C3)NC=C4C=CC=CC4=O)C(=O)C=C1,*Oc1ccc(/N=C/c2ccccc2OC(=O)c2ccc(C(=O)Oc3ccccc3/C=N/c3ccc(*)cc3)cc2)cc1,"Polyoxides/ethers/acetals, Polyesters/thioesters, Polyimines"
P373551,7488,102145904,Polycondensation/Polymer_reaction,C1=CC(=CC=C1C(=O)Cl)C(=O)Cl,CCCCCCCCCCOC1=C(SC(=C1OCCCCCCCCCC)C(=O)NN)C(=O)NN,*c1ccc(-c2nnc(-c3sc(-c4nnc(*)o4)c(OCCCCCCCCCC)c3OCCCCCCCCCC)o2)cc1,"Polyoxides/ethers/acetals, Polysulfides, Polyimines"
P392181,7488,5383316,Polycondensation,C1=CC(=CC=C1C(=O)Cl)C(=O)Cl,C1=CC=C(C(=C1)NC=C2C=CC(=CN=C3C=CC=CC3=O)C=C2)O,*Oc1ccccc1/C=N/c1ccc(/N=C/c2ccccc2OC(=O)c2ccc(C(*)=O)cc2)cc1,"Polyesters/thioesters, Polyimines"
P373008,7488,0,Polycondensation/Polymer_reaction,C1=CC(=CC=C1C(=O)Cl)C(=O)Cl,,*O[Fe]Oc1cc(OC(=O)c2ccc(C(=O)Oc3ccc(C=O)c(*)c3)cc2)ccc1C=O,"Polyoxides/ethers/acetals, Polyesters/thioesters"
P402047,7488,29942460,Polycondensation,C1=CC(=CC=C1C(=O)Cl)C(=O)Cl,CN(C)C1=CC=C(C=C1)C=CC2=CC(=C(C=C2N)[N+](=O)[O-])N,*Nc1cc([N+](=O)[O-])c(NC(=O)c2ccc(C(*)=O)cc2)cc1/C=C/c1ccc(N(C)C)cc1,Polyamides/thioamides
P400269,7488,101926884,Polycondensation,C1=CC(=CC=C1C(=O)Cl)C(=O)Cl,C[Si](C)(C)NC1=CC=C(C=C1)C2=C(C=CC(=C2)Br)N[Si](C)(C)C,*Nc1ccc(Br)cc1-c1ccc(NC(=O)c2ccc(C(*)=O)cc2)cc1,Polyamides/thioamides
P100061,7488,1069143,Polycondensation,C1=CC(=CC=C1C(=O)Cl)C(=O)Cl,C1=CC=C(C(=C1)C(=O)O)NC(=O)C2=CC=C(C=C2)C(=O)NC3=CC=CC=C3C(=O)O,*OC(=O)c1ccccc1NC(=O)c1ccc(C(=O)Nc2ccccc2C(=O)OC(=O)c2ccc(C(*)=O)cc2)cc1,"Polyamides/thioamides, Polyanhydrides/thioanhydrides"
P392709,7488,11351964,Polycondensation,C1=CC(=CC=C1C(=O)Cl)C(=O)Cl,CCN1C2=C(C=CC(=C2)[N+](=O)[O-])N=C1C3=CC=C(C=C3)N=NC4=CC=C(C=C4)N(CCO)CCO,*CCN(CCOC(=O)c1ccc(C(=O)O*)cc1)c1ccc(/N=N/c2ccc(-c3nc4ccc([N+](=O)[O-])cc4n3CC)cc2)cc1,"Polyesters/thioesters, Polyimines"
P100415,7488,220228,Polycondensation,C1=CC(=CC=C1C(=O)Cl)C(=O)Cl,CCNC1=CC=C(C=C1)C2=CC=C(C=C2)NCC,*C(=O)c1ccc(C(=O)N(CC)c2ccc(-c3ccc(N(*)CC)cc3)cc2)cc1,Polyamides/thioamides
P392118,7488,6804278,Polycondensation,C1=CC(=CC=C1C(=O)Cl)C(=O)Cl,C1=CC2=C(C(=C1)O)NC(=CC=C3C=CC(=O)C=C3)C=C2,*/C=C/c1ccc(OC(=O)c2ccc(C(=O)Oc3cccc4ccc(*)nc34)cc2)cc1,"Polyesters/thioesters, Polyimines"
P090359,7488,6749546,Polycondensation,C1=CC(=CC=C1C(=O)Cl)C(=O)Cl,COC1=CC(=CNC2=CC=CC3=C2C=CC=C3NC=C4C=CC(=O)C(=C4)OC)C=CC1=O,*Oc1ccc(/C=N/c2cccc3c(/N=C/c4ccc(OC(=O)c5ccc(C(*)=O)cc5)c(OC)c4)cccc23)cc1OC,"Polyesters/thioesters, Polyimines"
P372201,7488,100951154,Polycondensation,C1=CC(=CC=C1C(=O)Cl)C(=O)Cl,C1=CC(=CC(=C1)OCCCCCCCCOC2=CC=CC(=C2)N)N,*CCCCCCCCOc1cccc(NC(=O)c2ccc(C(=O)Nc3cccc(O*)c3)cc2)c1,"Polyoxides/ethers/acetals, Polyamides/thioamides"
P390443,7488,373780,Polycondensation,C1=CC(=CC=C1C(=O)Cl)C(=O)Cl,C1=CC(=CC=C1CS)C2=CC=C(C=C2)CS,*Cc1ccc(-c2ccc(CSC(=O)c3ccc(C(=O)S*)cc3)cc2)cc1,Polyesters/thioesters
P390090,7488,20700545,Polycondensation,C1=CC(=CC=C1C(=O)Cl)C(=O)Cl,C(CCC(=O)NCCO)CCO,*CCCCCC(=O)NCCOC(=O)c1ccc(C(=O)O*)cc1,"Polyesters/thioesters, Polyamides/thioamides"
P390090,8441,20700545,Polycondensation,COC(=O)C1=CC=C(C=C1)C(=O)OC,C(CCC(=O)NCCO)CCO,*CCCCCC(=O)NCCOC(=O)c1ccc(C(=O)O*)cc1,"Polyesters/thioesters, Polyamides/thioamides"
P402024,7488,85651267,Polycondensation,C1=CC(=CC=C1C(=O)Cl)C(=O)Cl,C[Si](C)(C)NC1=CC(=C(C=C1)N[Si](C)(C)C)OC2=CC=CC=C2,*Nc1ccc(NC(=O)c2ccc(C(*)=O)cc2)cc1Oc1ccccc1,Polyamides/thioamides
P400222,7488,21209,Polycondensation/Polymer_reaction,C1=CC(=CC=C1C(=O)Cl)C(=O)Cl,C1=CC(=C(C=C1N)N)Cl,*C(=O)c1ccc(C(=O)N(C)c2ccc(Cl)c(N(*)C)c2)cc1,Polyamides/thioamides
P020001,7501,0,Addition_polymerization,C=CC1=CC=CC=C1,,*CC(*)c1ccccc1,"Polystyrenes, Polyvinyls"
P432533,7501,101937791,Addition_polymerization,C=CC1=CC=CC=C1,C1=CC(=CC=C1C#N)C2=CC=C(C=C2)OCCCN3C(=O)C=CC3=O,*CC(c1ccccc1)C1C(=O)N(CCCOc2ccc(-c3ccc(C#N)cc3)cc2)C(=O)C1*,Polyimides/thioimides
P430132,7501,7923,Addition_polymerization/Polymer_reaction,C=CC1=CC=CC=C1,C1=CC(=O)OC1=O,*CC(c1ccccc1)C1C(=O)N(CCN(CC)c2ccc(/N=N/c3ccc([N+](=O)[O-])cc3)cc2)C(=O)C1*,Polyimides/thioimides
P462308,7567,69373,Polycondensation,CN(C)C1=CC=C(C=C1)CC2=CC=C(C=C2)N(C)C,C1=CC(=CC(=C1)CBr)CBr,*Cc1ccc(C[N+](C)(C)c2ccc(Cc3ccc([N+](*)(C)C)cc3)cc2)cc1,Polyimines
P462308,7567,69373,Polycondensation/Polymer_reaction,CN(C)C1=CC=C(C=C1)CC2=CC=C(C=C2)N(C)C,C1=CC(=CC(=C1)CBr)CBr,*Cc1ccc(C[N+](C)(C)c2ccc(Cc3ccc([N+](*)(C)C)cc3)cc2)cc1,Polyimines
P462307,7567,221483,Polycondensation,CN(C)C1=CC=C(C=C1)CC2=CC=C(C=C2)N(C)C,C(CCCCCBr)CCCCBr,*CCCCCCCCCC[N+](C)(C)c1ccc(Cc2ccc([N+](*)(C)C)cc2)cc1,Polyimines
P462307,7567,221483,Polycondensation/Polymer_reaction,CN(C)C1=CC=C(C=C1)CC2=CC=C(C=C2)N(C)C,C(CCCCCBr)CCCCBr,*CCCCCCCCCC[N+](C)(C)c1ccc(Cc2ccc([N+](*)(C)C)cc2)cc1,Polyimines
P460080,7570,0,Polycondensation/Polymer_reaction,C1=CC(=CC=C1CC2=CC=C(C=C2)N=C=O)N=C=O,,*=Nc1ccc(Cc2ccc(NC(=*)OCC)cc2)cc1,Polyimines
P110237,7570,566338,Polyaddition,C1=CC(=CC=C1CC2=CC=C(C=C2)N=C=O)N=C=O,C1=COC(=C1)C(C(C2=CC=CO2)O)O,*OC(c1ccco1)C(OC(=O)Nc1ccc(Cc2ccc(NC(*)=O)cc2)cc1)c1ccco1,Polyurethanes/thiourethanes
P412173,7570,17651,Polyaddition,C1=CC(=CC=C1CC2=CC=C(C=C2)N=C=O)N=C=O,C1=CC(=CC=C1N=NC2=CC=C(C=C2)[N+](=O)[O-])N(CCO)CCO,*CCN(CCOC(=O)Nc1ccc(Cc2ccc(NC(=O)O*)cc2)cc1)c1ccc(/N=N/c2ccc([N+](=O)[O-])cc2)cc1,"Polyurethanes/thiourethanes, Polyimines"
P110236,7570,566112,Polyaddition,C1=CC(=CC=C1CC2=CC=C(C=C2)N=C=O)N=C=O,C1=COC(=C1)C(CO)O,*OC(COC(=O)Nc1ccc(Cc2ccc(NC(*)=O)cc2)cc1)c1ccco1,Polyurethanes/thiourethanes
P460079,7570,0,Polycondensation/Polymer_reaction,C1=CC(=CC=C1CC2=CC=C(C=C2)N=C=O)N=C=O,,*=Nc1ccc(Cc2ccc(NC(=*)OC)cc2)cc1,Polyimines
P432879,7570,8861,Polyaddition/Polymer_reaction,C1=CC(=CC=C1CC2=CC=C(C=C2)N=C=O)N=C=O,C1=CC(=NC(=C1)N)N,*c1cccc(N2C(=O)C(=O)N(c3ccc(Cc4ccc(N5C(=O)C(=O)N(*)C5=O)cc4)cc3)C2=O)n1,"Polyimides/thioimides, Polyureas/thioureas, Polyimines"
P430359,7570,0,Polyaddition,C1=CC(=CC=C1CC2=CC=C(C=C2)N=C=O)N=C=O,,*c1ccc(Cc2ccc(N3C(=O)N(*)C3=O)cc2)cc1,"Polyimides/thioimides, Polyureas/thioureas"
P382437,7570,0,Polyaddition,C1=CC(=CC=C1CC2=CC=C(C=C2)N=C=O)N=C=O,,*c1ccc(/C=C2\CCC/C(=C\c3ccc(-c4csc(NC(=O)Nc5ccc(Cc6ccc(NC(=O)Nc7nc(*)cs7)cc6)cc5)n4)cc3)C2=O)cc1,"Polysulfides, Polyureas/thioureas, Polyimines, Polyketones/thioketones"
P412122,7570,18471975,Polyaddition,C1=CC(=CC=C1CC2=CC=C(C=C2)N=C=O)N=C=O,CC1=C(C=CC(=C1)N(CCO)CCO)N=NC2=C(C=C(C=C2)[N+](=O)[O-])C,*CCN(CCOC(=O)Nc1ccc(Cc2ccc(NC(=O)O*)cc2)cc1)c1ccc(/N=N/c2ccc([N+](=O)[O-])cc2C)c(C)c1,"Polyurethanes/thiourethanes, Polyimines"
P460075,7570,0,Polycondensation,C1=CC(=CC=C1CC2=CC=C(C=C2)N=C=O)N=C=O,,*=C=Nc1ccc(Cc2ccc(N=*)cc2)cc1,Polyimines
P402182,7570,102372310,Polycondensation,C1=CC(=CC=C1CC2=CC=C(C=C2)N=C=O)N=C=O,C1=CC=C(C=C1)C=CC(=O)OC2=CC(=CC(=C2)C(=O)O)C(=O)O,*Nc1ccc(Cc2ccc(NC(=O)c3cc(OC(=O)/C=C/c4ccccc4)cc(C(*)=O)c3)cc2)cc1,Polyamides/thioamides
P090159,7570,20325704,Polyaddition,C1=CC(=CC=C1CC2=CC=C(C=C2)N=C=O)N=C=O,C(CCOC(=O)CS)CCOC(=O)CS,*CCCCCOC(=O)CSC(=O)Nc1ccc(Cc2ccc(NC(=O)SCC(=O)O*)cc2)cc1,"Polyesters/thioesters, Polyurethanes/thiourethanes"
P090158,7570,61059,Polyaddition,C1=CC(=CC=C1CC2=CC=C(C=C2)N=C=O)N=C=O,C(COC(=O)CS)OC(=O)CS,*CCOC(=O)CSC(=O)Nc1ccc(Cc2ccc(NC(=O)SCC(=O)O*)cc2)cc1,"Polyesters/thioesters, Polyurethanes/thiourethanes"
P412218,7570,101231376,Polyaddition,C1=CC(=CC=C1CC2=CC=C(C=C2)N=C=O)N=C=O,CCCCCCCCOC1=CC=C(C=C1)N=NC2=CC=C(C=C2)OCCCCCN(CCO)CCO,*CCN(CCCCCOc1ccc(/N=N/c2ccc(OCCCCCCCC)cc2)cc1)CCOC(=O)Nc1ccc(Cc2ccc(NC(=O)O*)cc2)cc1,"Polyurethanes/thiourethanes, Polyimines"
P110203,7570,14494,Polyaddition,C1=CC(=CC=C1CC2=CC=C(C=C2)N=C=O)N=C=O,C(CCCCCS)CCCCS,*CCCCCCCCCCSC(=O)Nc1ccc(Cc2ccc(NC(=O)S*)cc2)cc1,Polyurethanes/thiourethanes
P433548,7570,101512458,Polyaddition,C1=CC(=CC=C1CC2=CC=C(C=C2)N=C=O)N=C=O,CC(C)CC(C(=O)NC1=CC=C(C=C1)OC2=CC=C(C=C2)N)N3C(=O)C4=CC5=C(C=C4C3=O)C(=O)N(C5=O)C(CC(C)C)C(=O)NC6=CC=C(C=C6)OC7=CC=C(C=C7)N,*C(CC(C)C)C(=O)Nc1ccc(Oc2ccc(NC(=O)Nc3ccc(Cc4ccc(NC(=O)Nc5ccc(Oc6ccc(NC(=O)C(CC(C)C)n7c(=O)c8cc9c(=O)n(*)c(=O)c9cc8c7=O)cc6)cc5)cc4)cc3)cc2)cc1,"Polyimides/thioimides, Polyoxides/ethers/acetals, Polyamides/thioamides, Polyureas/thioureas"
P462133,7577,371779,Polycondensation,C1=CC(=CC=C1CC2=CC=C(C=C2)N)N,CCCC(OCC)(OCC)OCC,*=Nc1ccc(Cc2ccc(NC(=*)CCC)cc2)cc1,Polyimines
P460278,7577,6780,Polycondensation,C1=CC(=CC=C1CC2=CC=C(C=C2)N)N,C1=CC=C2C(=C1)C(=O)C3=CC=CC=C3C2=O,*N=C1c2ccccc2C(=Nc2ccc(Cc3ccc(*)cc3)cc2)c2ccccc21,Polyimines
P450032,7577,101717389,Polycondensation,C1=CC(=CC=C1CC2=CC=C(C=C2)N)N,C(CCOC(=O)SCl)COC(=O)SCl,*CCCCOC(=O)SNc1ccc(Cc2ccc(NSC(=O)O*)cc2)cc1,"Polycarbonates/thiocarbonates, Polyimines"
P402007,7577,60845782,Polycondensation,C1=CC(=CC=C1CC2=CC=C(C=C2)N)N,C1=CN=CC=C1C(=O)NC2=CC(=CC(=C2)C(=O)O)C(=O)O,*Nc1ccc(Cc2ccc(NC(=O)c3cc(NC(=O)c4ccncc4)cc(C(*)=O)c3)cc2)cc1,Polyamides/thioamides
P100143,7577,7488,Polycondensation,C1=CC(=CC=C1CC2=CC=C(C=C2)N)N,C1=CC(=CC=C1C(=O)Cl)C(=O)Cl,*Nc1ccc(Cc2ccc(NC(=O)c3ccc(C(*)=O)cc3)cc2)cc1,Polyamides/thioamides
P430238,7577,102403192,Polycondensation,C1=CC(=CC=C1CC2=CC=C(C=C2)N)N,C1=CC2=C(C=C1C(=O)C3=CC4=C(C=C3)C(=O)N(C4=O)CCCCCCCCCCC(=O)O)C(=O)N(C2=O)CCCCCCCCCCC(=O)O,*CCCCCCCCCCC(=O)Nc1ccc(Cc2ccc(NC(=O)CCCCCCCCCCN3C(=O)c4ccc(C(=O)c5ccc6c(c5)C(=O)N(*)C6=O)cc4C3=O)cc2)cc1,"Polyimides/thioimides, Polyamides/thioamides, Polyketones/thioketones"
P373400,7577,0,Polycondensation,C1=CC(=CC=C1CC2=CC=C(C=C2)N)N,,*CC(=O)Nc1ccc(Cc2ccc(NC(=O)COc3ccc4ccccc4c3Sc3c(O*)ccc4ccccc34)cc2)cc1,"Polyoxides/ethers/acetals, Polysulfides, Polyamides/thioamides"
P382366,7577,0,Polycondensation,C1=CC(=CC=C1CC2=CC=C(C=C2)N)N,,*Sc1ccc(C(=O)CNc2ccc(Cc3ccc(NCC(=O)c4ccc(*)cc4)cc3)cc2)cc1,"Polysulfides, Polyimines, Polyketones/thioketones"
P430152,7577,101684082,Polycondensation,C1=CC(=CC=C1CC2=CC=C(C=C2)N)N,C1=CC=C2C(=C1)C(=O)NC2(C3=CC=C(C=C3)OC4=CC=C(C=C4)N5C(=O)C6=C(C5=O)C=C(C=C6)C(=O)O)C7=CC=C(C=C7)OC8=CC=C(C=C8)N9C(=O)C1=C(C9=O)C=C(C=C1)C(=O)O,*C(=O)Nc1ccc(Cc2ccc(NC(=O)c3ccc4c(c3)C(=O)N(c3ccc(Oc5ccc(C6(c7ccc(Oc8ccc(N9C(=O)c%10ccc(*)cc%10C9=O)cc8)cc7)NC(=O)c7ccccc76)cc5)cc3)C4=O)cc2)cc1,"Polyimides/thioimides, Polyoxides/ethers/acetals, Polyamides/thioamides"
P402069,7577,11807754,Polycondensation,C1=CC(=CC=C1CC2=CC=C(C=C2)N)N,CC1=C(C=CC(=C1)C2=CC(=C(C=C2)C(=O)O)C)C(=O)O,*Nc1ccc(Cc2ccc(NC(=O)c3ccc(-c4ccc(C(*)=O)c(C)c4)cc3C)cc2)cc1,Polyamides/thioamides
P432183,7577,85754828,Polycondensation,C1=CC(=CC=C1CC2=CC=C(C=C2)N)N,CCOC(=O)C1=C(C(=CC=C1)OC2=CC=C(C=C2)C(=O)O)C(=O)O,*c1ccc(Cc2ccc(NC(=O)c3ccc(Oc4cccc5c4C(=O)N(*)C5=O)cc3)cc2)cc1,"Polyimides/thioimides, Polyoxides/ethers/acetals, Polyamides/thioamides"
P433107,7577,0,Polycondensation,C1=CC(=CC=C1CC2=CC=C(C=C2)N)N,,*C(=O)Nc1ccc(Cc2ccc(NC(=O)c3ccc4c(c3)C(=O)N(c3ccc(NC(=O)Nc5ccc(N6C(=O)c7ccc(*)cc7C6=O)cc5)cc3)C4=O)cc2)cc1,"Polyimides/thioimides, Polyamides/thioamides, Polyureas/thioureas"
P432219,7577,13192,Polyaddition/Polymer_reaction,C1=CC(=CC=C1CC2=CC=C(C=C2)N)N,C(CCCN=C=O)CCN=C=O,*CCCCCCN1C(=O)C(=O)N(c2ccc(Cc3ccc(N4C(=O)C(=O)N(*)C4=O)cc3)cc2)C1=O,"Polyimides/thioimides, Polyureas/thioureas"
P433661,7577,101584336,Polycondensation,C1=CC(=CC=C1CC2=CC=C(C=C2)N)N,C1=CC=NC(=C1)C2=NN=C(O2)C3=CC(=CC(=C3)N4C(=O)C5=C(C4=O)C=C(C=C5)C(=O)O)N6C(=O)C7=C(C6=O)C=C(C=C7)C(=O)O,*C(=O)Nc1ccc(Cc2ccc(NC(=O)c3ccc4c(c3)C(=O)N(c3cc(-c5nnc(-c6ccccn6)o5)cc(N5C(=O)c6ccc(*)cc6C5=O)c3)C4=O)cc2)cc1,"Polyimides/thioimides, Polyamides/thioamides"
P422022,7577,98619,Polyaddition,C1=CC(=CC=C1CC2=CC=C(C=C2)N)N,C1=CC(=CC=C1CCC2=CC=C(C=C2)N=C=O)N=C=O,*Nc1ccc(Cc2ccc(NC(=O)Nc3ccc(CCc4ccc(NC(*)=O)cc4)cc3)cc2)cc1,Polyureas/thioureas
P400137,7577,835293,Polycondensation,C1=CC(=CC=C1CC2=CC=C(C=C2)N)N,C1=CC=C(C=C1)C(=O)NC2=CC(=CC(=C2)C(=O)O)C(=O)O,*Nc1ccc(Cc2ccc(NC(=O)c3cc(NC(=O)c4ccccc4)cc(C(*)=O)c3)cc2)cc1,Polyamides/thioamides
P380020,7577,101717379,Polycondensation,C1=CC(=CC=C1CC2=CC=C(C=C2)N)N,C(CCCSSC(=O)Cl)CCSSC(=O)Cl,*CCCCCCSSC(=O)Nc1ccc(Cc2ccc(NC(=O)SS*)cc2)cc1,"Polysulfides, Polyurethanes/thiourethanes"
P432108,7577,102403755,Polycondensation,C1=CC(=CC=C1CC2=CC=C(C=C2)N)N,C1=CC=C(C=C1)C2=C(SC(=C2C3=CC=CC=C3)C4=CC=C(C=C4)N5C(=O)C6=C(C5=O)C=C(C=C6)C(=O)O)C7=CC=C(C=C7)N8C(=O)C9=C(C8=O)C=C(C=C9)C(=O)O,*C(=O)Nc1ccc(Cc2ccc(NC(=O)c3ccc4c(c3)C(=O)N(c3ccc(-c5sc(-c6ccc(N7C(=O)c8ccc(*)cc8C7=O)cc6)c(-c6ccccc6)c5-c5ccccc5)cc3)C4=O)cc2)cc1,"Polyimides/thioimides, Polysulfides, Polyamides/thioamides"
P372615,7577,12547826,Polycondensation,C1=CC(=CC=C1CC2=CC=C(C=C2)N)N,C1=C(OC(=C1)SC2=CC=C(O2)C=O)C=O,*/C=N/c1ccc(Cc2ccc(/N=C/c3ccc(Sc4ccc(*)o4)o3)cc2)cc1,"Polyoxides/ethers/acetals, Polysulfides, Polyimines"
P402234,7577,101209150,Polycondensation,C1=CC(=CC=C1CC2=CC=C(C=C2)N)N,C1=CC=C2C(=C1)C(=O)N(C2=O)CCCCCC(=O)NC3=CC(=CC(=C3)C(=O)O)C(=O)O,*Nc1ccc(Cc2ccc(NC(=O)c3cc(NC(=O)CCCCCN4C(=O)c5ccccc5C4=O)cc(C(*)=O)c3)cc2)cc1,Polyamides/thioamides
P100373,7577,5192,Polycondensation,C1=CC(=CC=C1CC2=CC=C(C=C2)N)N,C(CCCCC(=O)O)CCCC(=O)O,*Nc1ccc(Cc2ccc(NC(=O)CCCCCCCCC(*)=O)cc2)cc1,Polyamides/thioamides
P373453,7577,0,Polycondensation,C1=CC(=CC=C1CC2=CC=C(C=C2)N)N,,*Oc1ccc(C(=O)CNc2ccc(Cc3ccc(NCC(=O)c4ccc(*)cc4)cc3)cc2)cc1,"Polyoxides/ethers/acetals, Polyimines, Polyketones/thioketones"
P373461,7579,0,Polycondensation,C1=CC(=CC=C1N)OC2=CC=C(C=C2)N,,*Oc1ccc(NCC(=O)c2ccc(S(=O)(=O)c3ccc(C(=O)CNc4ccc(*)cc4)cc3)cc2)cc1,"Polyoxides/ethers/acetals, Polyimines, Polyketones/thioketones, Polysulfones/sulfoxides/sufonates/sulfoamides"
P372025,7579,24007,Polycondensation,C1=CC(=CC=C1N)OC2=CC=C(C=C2)N,O=[Se]=O,*Oc1ccc(N[Se]Nc2ccc(*)cc2)cc1,"Polyoxides/ethers/acetals, Polyimines"
P373460,7579,0,Polycondensation,C1=CC(=CC=C1N)OC2=CC=C(C=C2)N,,*Oc1ccc(NCC(=O)c2ccc(Sc3ccc(C(=O)CNc4ccc(*)cc4)cc3)cc2)cc1,"Polyoxides/ethers/acetals, Polysulfides, Polyimines, Polyketones/thioketones"
P372193,7579,11192445,Polyaddition,C1=CC(=CC=C1N)OC2=CC=C(C=C2)N,CC(C)(C1=CC=C(C=C1)OC(=O)C2=CC3=C(C=C2)C(=O)OC3=O)C4=CC=C(C=C4)OC(=O)C5=CC6=C(C=C5)C(=O)OC6=O,*Oc1ccc(NC(=O)c2cc(C(=O)Oc3ccc(C(C)(C)c4ccc(OC(=O)c5ccc(C(=O)O)c(C(=O)Nc6ccc(*)cc6)c5)cc4)cc3)ccc2C(=O)O)cc1,"Polyoxides/ethers/acetals, Polyesters/thioesters, Polyamides/thioamides"
P433357,7579,0,Polyaddition,C1=CC(=CC=C1N)OC2=CC=C(C=C2)N,,*c1ccc(-c2cc(-c3ccc(-c4ccccc4)cc3)cc(-c3ccc(N4C(=O)c5ccc(NC(=O)Nc6ccc(Oc7ccc(NC(=O)Nc8ccc9c(c8)C(=O)N(*)C9=O)cc7)cc6)cc5C4=O)cc3)n2)cc1,"Polyimides/thioimides, Polyoxides/ethers/acetals, Polyureas/thioureas, Polyimines"
P130050,7579,363538,Polycondensation,C1=CC(=CC=C1N)OC2=CC=C(C=C2)N,C1=CC(=CC=C1N2C(=O)C3=C(C2=O)C=C(C=C3)C(=O)O)S(=O)(=O)C4=CC=C(C=C4)N5C(=O)C6=C(C5=O)C=C(C=C6)C(=O)O,*C(=O)Nc1ccc(Oc2ccc(NC(=O)c3ccc4c(c3)C(=O)N(c3ccc(S(=O)(=O)c5ccc(N6C(=O)c7ccc(*)cc7C6=O)cc5)cc3)C4=O)cc2)cc1,"Polyimides/thioimides, Polyoxides/ethers/acetals, Polyamides/thioamides, Polysulfones/sulfoxides/sufonates/sulfoamides"
P130050,101052369,7579,Polycondensation,C1=CC(=CC=C1C2=CC3=C(C=C2C(=O)Cl)C(=O)NC3=O)S(=O)(=O)C4=CC=C(C=C4)C5=CC6=C(C=C5C(=O)Cl)C(=O)NC6=O,C1=CC(=CC=C1N)OC2=CC=C(C=C2)N,*C(=O)Nc1ccc(Oc2ccc(NC(=O)c3ccc4c(c3)C(=O)N(c3ccc(S(=O)(=O)c5ccc(N6C(=O)c7ccc(*)cc7C6=O)cc5)cc3)C4=O)cc2)cc1,"Polyimides/thioimides, Polyoxides/ethers/acetals, Polyamides/thioamides, Polysulfones/sulfoxides/sufonates/sulfoamides"
P130079,7579,101693522,Polycondensation/Polymer_reaction,C1=CC(=CC=C1N)OC2=CC=C(C=C2)N,CCOC(=O)C1=C(C=C(C=C1)C2=CC(=C(C=C2)C(=O)Cl)C(=O)OCC)C(=O)Cl,*c1ccc(Oc2ccc(N3C(=O)c4ccc(-c5ccc6c(c5)C(=O)N(*)C6=O)cc4C3=O)cc2)cc1,"Polyimides/thioimides, Polyoxides/ethers/acetals"
P130079,75494,7579,Polycondensation,C1=CC2=C(C=C1C3=CC4=C(C=C3)C(=O)OC4=O)C(=O)OC2=O,C1=CC(=CC=C1N)OC2=CC=C(C=C2)N,*c1ccc(Oc2ccc(N3C(=O)c4ccc(-c5ccc6c(c5)C(=O)N(*)C6=O)cc4C3=O)cc2)cc1,"Polyimides/thioimides, Polyoxides/ethers/acetals"
P370782,7579,101008749,Polycondensation,C1=CC(=CC=C1N)OC2=CC=C(C=C2)N,C1=CC(=CC=C1C2=CC=C(C=C2)C(=C(C#N)C#N)Cl)C3=CC=C(C=C3)C(=C(C#N)C#N)Cl,*Oc1ccc(NC(=C(C#N)C#N)c2ccc(-c3ccc(-c4ccc(C(Nc5ccc(*)cc5)=C(C#N)C#N)cc4)cc3)cc2)cc1,"Polyoxides/ethers/acetals, Polyimines"
P370186,7579,835293,Polycondensation,C1=CC(=CC=C1N)OC2=CC=C(C=C2)N,C1=CC=C(C=C1)C(=O)NC2=CC(=CC(=C2)C(=O)O)C(=O)O,*Oc1ccc(NC(=O)c2cc(NC(=O)c3ccccc3)cc(C(=O)Nc3ccc(*)cc3)c2)cc1,"Polyoxides/ethers/acetals, Polyamides/thioamides"
P433232,7579,0,Polycondensation,C1=CC(=CC=C1N)OC2=CC=C(C=C2)N,,*c1ccc(Oc2ccc(N3C(=O)c4ccc(Oc5c(C)cc(Cc6cc(C)c(Oc7ccc8c(c7)C(=O)N(*)C8=O)c(C)c6)cc5C)cc4C3=O)cc2)cc1,"Polyimides/thioimides, Polyoxides/ethers/acetals"
P370282,7579,20273573,Polycondensation,C1=CC(=CC=C1N)OC2=CC=C(C=C2)N,C1=CC(=CC=C1C(=O)CCC(=O)O)OC2=CC=C(C=C2)C(=O)CCC(=O)O,*Oc1ccc(NC(=O)CCC(=O)c2ccc(Oc3ccc(C(=O)CCC(=O)Nc4ccc(*)cc4)cc3)cc2)cc1,"Polyoxides/ethers/acetals, Polyamides/thioamides, Polyketones/thioketones"
P370692,7579,2831813,Polycondensation,C1=CC(=CC=C1N)OC2=CC=C(C=C2)N,C1=CC(=CC=C1C(=O)Cl)C(C2=CC=C(C=C2)C(=O)Cl)(C(F)(F)F)C(F)(F)F,*Oc1ccc(NC(=O)c2ccc(C(c3ccc(C(=O)Nc4ccc(*)cc4)cc3)(C(F)(F)F)C(F)(F)F)cc2)cc1,"Polyoxides/ethers/acetals, Polyamides/thioamides"
P432823,7579,0,Polycondensation,C1=CC(=CC=C1N)OC2=CC=C(C=C2)N,,*c1ccc(Oc2ccc(N3C(=O)C4CCC(C5CCC6C(=O)N(*)C(=O)C6C5)CC4C3=O)cc2)cc1,"Polyimides/thioimides, Polyoxides/ethers/acetals"
P433108,7579,0,Polycondensation,C1=CC(=CC=C1N)OC2=CC=C(C=C2)N,,*C(=O)Nc1ccc(Oc2ccc(NC(=O)c3ccc4c(c3)C(=O)N(c3ccc(NC(=O)Nc5ccc(N6C(=O)c7ccc(*)cc7C6=O)cc5)cc3)C4=O)cc2)cc1,"Polyimides/thioimides, Polyoxides/ethers/acetals, Polyamides/thioamides, Polyureas/thioureas"
P070588,7579,10457,Polycondensation,C1=CC(=CC=C1N)OC2=CC=C(C=C2)N,C(CCCC(=O)O)CCC(=O)O,*Oc1ccc(NC(=O)CCCCCCC(=O)Nc2ccc(*)cc2)cc1,"Polyoxides/ethers/acetals, Polyamides/thioamides"
P433652,7579,0,Polycondensation,C1=CC(=CC=C1N)OC2=CC=C(C=C2)N,,*C(=O)Nc1ccc(Oc2ccc(N3C(=O)CC(N4C(=O)c5ccc(*)cc5C4=O)C3=O)cc2)cc1,"Polyimides/thioimides, Polyoxides/ethers/acetals, Polyamides/thioamides"
P370535,7579,101999873,Polycondensation,C1=CC(=CC=C1N)OC2=CC=C(C=C2)N,C1=CC(=CC=C1C(=O)C2=CC=C(C=C2)S(=O)(=O)C3=CC=C(C=C3)C(=O)C4=CC=C(C=C4)OC5=CC=C(C=C5)C(=O)O)OC6=CC=C(C=C6)C(=O)O,*Oc1ccc(NC(=O)c2ccc(Oc3ccc(C(=O)c4ccc(S(=O)(=O)c5ccc(C(=O)c6ccc(Oc7ccc(C(=O)Nc8ccc(*)cc8)cc7)cc6)cc5)cc4)cc3)cc2)cc1,"Polyoxides/ethers/acetals, Polyamides/thioamides, Polyketones/thioketones, Polysulfones/sulfoxides/sufonates/sulfoamides"
P373017,7579,84376780,Polycondensation,C1=CC(=CC=C1N)OC2=CC=C(C=C2)N,C1=CC=C2C(=C1)C(=O)N(C2=O)CCC(=O)NC3=CC(=CC(=C3)C(=O)O)C(=O)O,*Oc1ccc(NC(=O)c2cc(NC(=O)CCN3C(=O)c4ccccc4C3=O)cc(C(=O)Nc3ccc(*)cc3)c2)cc1,"Polyoxides/ethers/acetals, Polyamides/thioamides"
P130020,7579,82136,Polycondensation,C1=CC(=CC=C1N)OC2=CC=C(C=C2)N,C1=CC(=C(C=C1OC2=CC(=C(C=C2)C(=O)O)C(=O)O)C(=O)O)C(=O)O,*c1ccc(Oc2ccc(N3C(=O)c4ccc(Oc5ccc6c(c5)C(=O)N(*)C6=O)cc4C3=O)cc2)cc1,"Polyimides/thioimides, Polyoxides/ethers/acetals"
P130020,74574,7579,Polycondensation,C1=CC2=C(C=C1OC3=CC4=C(C=C3)C(=O)OC4=O)C(=O)OC2=O,C1=CC(=CC=C1N)OC2=CC=C(C=C2)N,*c1ccc(Oc2ccc(N3C(=O)c4ccc(Oc5ccc6c(c5)C(=O)N(*)C6=O)cc4C3=O)cc2)cc1,"Polyimides/thioimides, Polyoxides/ethers/acetals"
P130020,74574,7579,Polyaddition/Polymer_reaction,C1=CC2=C(C=C1OC3=CC4=C(C=C3)C(=O)OC4=O)C(=O)OC2=O,C1=CC(=CC=C1N)OC2=CC=C(C=C2)N,*c1ccc(Oc2ccc(N3C(=O)c4ccc(Oc5ccc6c(c5)C(=O)N(*)C6=O)cc4C3=O)cc2)cc1,"Polyimides/thioimides, Polyoxides/ethers/acetals"
P430219,7579,1901615,Polycondensation,C1=CC(=CC=C1N)OC2=CC=C(C=C2)N,C1=CC2=C(C=C1C(=O)C3=CC4=C(C=C3)C(=O)N(C4=O)CC(=O)O)C(=O)N(C2=O)CC(=O)O,*CC(=O)Nc1ccc(Oc2ccc(NC(=O)CN3C(=O)c4ccc(C(=O)c5ccc6c(c5)C(=O)N(*)C6=O)cc4C3=O)cc2)cc1,"Polyimides/thioimides, Polyoxides/ethers/acetals, Polyamides/thioamides, Polyketones/thioketones"
P372503,7579,101925010,Polycondensation,C1=CC(=CC=C1N)OC2=CC=C(C=C2)N,CCOC(=O)C1=CC(=C(C=C1C(=O)Cl)C(=O)Cl)C(=O)OCC,*Oc1ccc(NC(=O)c2cc(C(=O)OCC)c(C(=O)Nc3ccc(*)cc3)cc2C(=O)OCC)cc1,"Polyoxides/ethers/acetals, Polyamides/thioamides"
P370713,7579,6780,Polycondensation,C1=CC(=CC=C1N)OC2=CC=C(C=C2)N,C1=CC=C2C(=C1)C(=O)C3=CC=CC=C3C2=O,*Oc1ccc(N=C2c3ccccc3C(=Nc3ccc(*)cc3)c3ccccc32)cc1,"Polyoxides/ethers/acetals, Polyimines"
P373227,7579,86039852,Polycondensation,C1=CC(=CC=C1N)OC2=CC=C(C=C2)N,C1=CC=C(C=C1)SC2=NC(=NC(=N2)OC3=CC=CC(=C3)C(=O)O)OC4=CC=CC(=C4)C(=O)O,*Oc1cccc(C(=O)Nc2ccc(Oc3ccc(NC(=O)c4cccc(Oc5nc(*)nc(Sc6ccccc6)n5)c4)cc3)cc2)c1,"Polyoxides/ethers/acetals, Polyamides/thioamides, Polyimines"
P432179,7579,85754826,Polycondensation,C1=CC(=CC=C1N)OC2=CC=C(C=C2)N,CCOC(=O)C1=C(C=C(C=C1)OC2=CC=C(C=C2)C(=O)O)C(=O)O,*c1ccc(Oc2ccc(NC(=O)c3ccc(Oc4ccc5c(c4)C(=O)N(*)C5=O)cc3)cc2)cc1,"Polyimides/thioimides, Polyoxides/ethers/acetals, Polyamides/thioamides"
P373034,7579,0,Polycondensation,C1=CC(=CC=C1N)OC2=CC=C(C=C2)N,,*c1ccc(Oc2ccc(-[n+]3c(-c4ccccc4)cc(-c4ccc(-c5cc(-c6ccccc6)[n+](*)c(-c6ccccc6)c5)cc4)cc3-c3ccccc3)cc2)cc1,"Polyoxides/ethers/acetals, Polyimines"
P432185,7579,102091795,Polycondensation,C1=CC(=CC=C1N)OC2=CC=C(C=C2)N,CCOC(=O)C1=C(C=C(C=C1)OC2=CC=CC(=C2)C(=O)O)C(=O)O,*c1ccc(Oc2ccc(NC(=O)c3cccc(Oc4ccc5c(c4)C(=O)N(*)C5=O)c3)cc2)cc1,"Polyimides/thioimides, Polyoxides/ethers/acetals, Polyamides/thioamides"
P070579,7579,12736,Polycondensation,C1=CC(=CC=C1N)OC2=CC=C(C=C2)N,C(CCCCCC(=O)O)CCCCC(=O)O,*Oc1ccc(NC(=O)CCCCCCCCCCC(=O)Nc2ccc(*)cc2)cc1,"Polyoxides/ethers/acetals, Polyamides/thioamides"
P372577,7579,98619,Polyaddition,C1=CC(=CC=C1N)OC2=CC=C(C=C2)N,C1=CC(=CC=C1CCC2=CC=C(C=C2)N=C=O)N=C=O,*Oc1ccc(NC(=O)Nc2ccc(CCc3ccc(NC(=O)Nc4ccc(*)cc4)cc3)cc2)cc1,"Polyoxides/ethers/acetals, Polyureas/thioureas"
P372604,7579,101925010,Polycondensation,C1=CC(=CC=C1N)OC2=CC=C(C=C2)N,CCOC(=O)C1=CC(=C(C=C1C(=O)Cl)C(=O)Cl)C(=O)OCC,*Oc1ccc(NC(=O)c2cc(C(=O)Nc3ccc(*)cc3)c(C(=O)OCC)cc2C(=O)OCC)cc1,"Polyoxides/ethers/acetals, Polyamides/thioamides"
P372638,7579,101008747,Polycondensation,C1=CC(=CC=C1N)OC2=CC=C(C=C2)N,C1=CC2=C(C=CC(=C2)C(=C(C#N)C#N)Cl)C=C1C(=C(C#N)C#N)Cl,*Oc1ccc(NC(=C(C#N)C#N)c2ccc3cc(C(Nc4ccc(*)cc4)=C(C#N)C#N)ccc3c2)cc1,"Polyoxides/ethers/acetals, Polyimines"
P430121,7579,102068474,Polycondensation,C1=CC(=CC=C1N)OC2=CC=C(C=C2)N,C1=CC(=CC(=C1)N2C(=O)C3=C(C2=O)C=C(C=C3)C4=C5C(=CC=C4)C(=O)N(C5=O)C6=CC=CC(=C6)C(=O)O)C(=O)O,*c1cccc(C(=O)Nc2ccc(Oc3ccc(NC(=O)c4cccc(N5C(=O)c6ccc(-c7cccc8c7C(=O)N(*)C8=O)cc6C5=O)c4)cc3)cc2)c1,"Polyimides/thioimides, Polyoxides/ethers/acetals, Polyamides/thioamides"
P373479,7579,819489,Polycondensation,C1=CC(=CC=C1N)OC2=CC=C(C=C2)N,C1=CC=C(C=C1)N(C2=CC=C(C=C2)C=O)C3=CC=C(C=C3)C=O,*Oc1ccc(/N=C/c2ccc(N(c3ccccc3)c3ccc(/C=N/c4ccc(*)cc4)cc3)cc2)cc1,"Polyoxides/ethers/acetals, Polyimines"
P373652,7579,0,Polycondensation,C1=CC(=CC=C1N)OC2=CC=C(C=C2)N,,*Oc1ccc(Nc2ccc(C(=O)c3ccc(C(=O)c4ccc(Nc5ccc(*)cc5)cc4)cc3)cc2)cc1,"Polyoxides/ethers/acetals, Polyimines, Polyketones/thioketones"
P373749,7583,9905,Polycondensation,C1=CC=C(C=C1)OC2=CC=CC=C2,C1=CC=C(C=C1)C(=O)C(F)(F)F,*Oc1ccc(C(c2ccccc2)(c2ccc(*)cc2)C(F)(F)F)cc1,Polyoxides/ethers/acetals
P373747,7583,9871,Polycondensation,C1=CC=C(C=C1)OC2=CC=CC=C2,CC(=O)C(F)(F)F,*Oc1ccc(C(C)(c2ccc(*)cc2)C(F)(F)F)cc1,Polyoxides/ethers/acetals
P432622,7597,0,Polycondensation,C1=CC=C(C=C1)OC(=O)OC2=CC=CC=C2,,*CCCCCCOC(=O)OCCCCCCN1C(=O)c2ccc(-c3ccc4c(c3)C(=O)N(*)C4=O)cc2C1=O,"Polyimides/thioimides, Polycarbonates/thiocarbonates"
P460244,7670,0,Polycondensation,CCNC1=CC=CC=C1,,*c1ccc(N(*)CC)cc1,Polyimines
P400398,7673,0,Addition_polymerization,C1=CC=C(C=C1)N=C=S,,*C(=S)N(*)c1ccccc1,Polyamides/thioamides
P390146,7735,2733323,Polycondensation,C1CC(CCC1CO)CO,C1=CC(=CC=C1C(=O)Cl)N=C=O,*CC1CCC(COC(=O)c2ccc(NC(=O)O*)cc2)CC1,"Polyesters/thioesters, Polyurethanes/thiourethanes"
P210006,7809,0,Polycondensation,CC1=CC=C(C=C1)C,,*CCc1ccc(*)cc1,Polyphenylenes
P210006,12171,0,Polycondensation,C1=CC(=CC=C1CCl)CCl,,*CCc1ccc(*)cc1,Polyphenylenes
P210006,74210,0,Ring_opening_polymerization,C1CC2=CC=C(CCC3=CC=C1C=C3)C=C2,,*CCc1ccc(*)cc1,Polyphenylenes
P210006,136327,0,Addition_polymerization,C=C1C=CC(=C)C=C1,,*CCc1ccc(*)cc1,Polyphenylenes
P402163,7814,102014802,Polycondensation,C1=CC(=CC=C1N)N,C[Si](C)(C1=CC=C(C=C1)C(=O)NC2=CC=C(C=C2)C(=O)O)C3=CC=C(C=C3)C(=O)NC4=CC=C(C=C4)C(=O)O,*Nc1ccc(NC(=O)c2ccc(NC(=O)c3ccc([Si](C)(C)c4ccc(C(=O)Nc5ccc(C(*)=O)cc5)cc4)cc3)cc2)cc1,"Polyamides/thioamides, Polysiloxanes/silanes"
P402189,7814,89309911,Polycondensation,C1=CC(=CC=C1N)N,CCOC(=O)C1=C(C=CC(=C1)C(C2=CC(=C(C=C2)C(=O)O)C(=O)OCC)(C(F)(F)F)C(F)(F)F)C(=O)O,*Nc1ccc(NC(=O)c2ccc(C(c3ccc(C(*)=O)c(C(=O)OCC)c3)(C(F)(F)F)C(F)(F)F)cc2C(=O)OCC)cc1,Polyamides/thioamides
P460279,7814,6780,Polycondensation,C1=CC(=CC=C1N)N,C1=CC=C2C(=C1)C(=O)C3=CC=CC=C3C2=O,*N=C1c2ccccc2C(=Nc2ccc(*)cc2)c2ccccc21,Polyimines
P433637,7814,155899416,Polycondensation,C1=CC(=CC=C1N)N,C1=CC=C2C(=C1)N=C(O2)C3=CC(=CC(=C3)N4C(=O)C5=C(C4=O)C=C(C=C5)C(=O)O)N6C(=O)C7=C(C6=O)C=C(C=C7)C(=O)O,*C(=O)Nc1ccc(NC(=O)c2ccc3c(c2)C(=O)N(c2cc(-c4nc5ccccc5o4)cc(N4C(=O)c5ccc(*)cc5C4=O)c2)C3=O)cc1,"Polyimides/thioimides, Polyamides/thioamides"
P402005,7814,60845782,Polycondensation,C1=CC(=CC=C1N)N,C1=CN=CC=C1C(=O)NC2=CC(=CC(=C2)C(=O)O)C(=O)O,*Nc1ccc(NC(=O)c2cc(NC(=O)c3ccncc3)cc(C(*)=O)c2)cc1,Polyamides/thioamides
P110146,7814,81320,Polycondensation,C1=CC(=CC=C1N)N,CC(C)(COC(=O)Cl)COC(=O)Cl,*CC(C)(C)COC(=O)Nc1ccc(NC(=O)O*)cc1,Polyurethanes/thiourethanes
P402328,7814,101864313,Polycondensation,C1=CC(=CC=C1N)N,CC(C(=O)NC1=CC=C(C=C1)C(=O)NC2=CC(=CC(=C2)C(=O)O)C(=O)O)N3C(=O)C4=CC=CC=C4C3=O,*Nc1ccc(NC(=O)c2cc(NC(=O)c3ccc(NC(=O)C(C)N4C(=O)c5ccccc5C4=O)cc3)cc(C(*)=O)c2)cc1,Polyamides/thioamides
P370539,7814,21922391,Polycondensation,C1=CC(=CC=C1N)N,C1=CC(=CC=C1C(=O)O)OC2=CC=C(C=C2)OC3=CC=C(C=C3)C(=O)O,*Oc1ccc(Oc2ccc(C(=O)Nc3ccc(NC(=O)c4ccc(*)cc4)cc3)cc2)cc1,"Polyoxides/ethers/acetals, Polyamides/thioamides"
P462038,7814,31214,Polycondensation,C1=CC(=CC=C1N)N,CCOC(OCC)OCC,*=CNc1ccc(N=*)cc1,Polyimines
P462029,7814,62539,Polycondensation,C1=CC(=CC=C1N)N,CCC(=O)C(=O)CC,*=Nc1ccc(/N=C(\CC)C(=*)CC)cc1,Polyimines
P400121,7814,73893903,Polycondensation,C1=CC(=CC=C1N)N,C1=CC(=CC=C1N=C2C(=O)NC(=O)NC2=O)N=C3C(=O)NC(=O)NC3=O,*=Nc1ccc(N=C2NC(=O)C(=Nc3ccc(N=C4C(=O)NC(=*)NC4=O)cc3)C(=O)N2)cc1,"Polyamides/thioamides, Polyimines"
P400335,7814,5989690,Polycondensation,C1=CC(=CC=C1N)N,C1=CC(=CC=C1C=CC(=O)Cl)C=CC(=O)Cl,*Nc1ccc(NC(=O)/C=C/c2ccc(/C=C/C(*)=O)cc2)cc1,Polyamides/thioamides
P433388,7814,102388618,Addition_polymerization,C1=CC(=CC=C1N)N,CC1=CC(=CC(=C1N2C(=O)C=CC2=O)C)C(C3=CN=CC=C3)C4=CC(=C(C(=C4)C)N5C(=O)C=CC5=O)C,*c1c(C)cc(C(c2cccnc2)c2cc(C)c(N3C(=O)CC(Nc4ccc(NC5CC(=O)N(*)C5=O)cc4)C3=O)c(C)c2)cc1C,"Polyimides/thioimides, Polyimines"
P100359,7814,534653,Polycondensation,C1=CC(=CC=C1N)N,C(CCCC(=O)Cl)CCC(=O)Cl,*Nc1ccc(NC(=O)CCCCCCC(*)=O)cc1,Polyamides/thioamides
P402340,7814,101842322,Polycondensation,C1=CC(=CC=C1N)N,C1=CC(=CC=C1C=CC(=O)NC2=CC=C(C=C2)C(=O)O)C=CC(=O)NC3=CC=C(C=C3)C(=O)O,*Nc1ccc(NC(=O)c2ccc(NC(=O)/C=C/c3ccc(/C=C/C(=O)Nc4ccc(C(*)=O)cc4)cc3)cc2)cc1,Polyamides/thioamides
P462073,7814,13888,Polycondensation,C1=CC(=CC=C1N)N,CC(=O)C1=CC=C(C=C1)C(=O)C,*=Nc1ccc(/N=C(\C)c2ccc(C(=*)C)cc2)cc1,Polyimines
P462502,7814,6724,Polycondensation,C1=CC(=CC=C1N)N,C1=CC2=C3C(=C1)C(=O)C(=O)C3=CC=C2,*/N=c1/c(=N/c2ccc(*)cc2)c2cccc3cccc1c32,Polyimines
P402190,7814,104044,Polycondensation,C1=CC(=CC=C1N)N,CCOC(=O)C1=C(C=CC(=C1)C(=O)C2=CC(=C(C=C2)C(=O)O)C(=O)OCC)C(=O)O,*Nc1ccc(NC(=O)c2ccc(C(=O)c3ccc(C(*)=O)c(C(=O)OCC)c3)cc2C(=O)OCC)cc1,"Polyamides/thioamides, Polyketones/thioketones"
P430240,7814,2251397,Polycondensation,C1=CC(=CC=C1N)N,C1=CC2=C(C=C1C(=O)C3=CC4=C(C=C3)C(=O)N(C4=O)CCC(=O)O)C(=O)N(C2=O)CCC(=O)O,*CCC(=O)Nc1ccc(NC(=O)CCN2C(=O)c3ccc(C(=O)c4ccc5c(c4)C(=O)N(*)C5=O)cc3C2=O)cc1,"Polyimides/thioimides, Polyamides/thioamides, Polyketones/thioketones"
P430447,7814,102402494,Polycondensation,C1=CC(=CC=C1N)N,C1=CC(=CC2=C1C=CC(=C2)OC3=CC=C(C=C3)N4C(=O)C5=C(C4=O)C=C(C=C5)C(=O)O)OC6=CC=C(C=C6)N7C(=O)C8=C(C7=O)C=C(C=C8)C(=O)O,*C(=O)Nc1ccc(NC(=O)c2ccc3c(c2)C(=O)N(c2ccc(Oc4ccc5ccc(Oc6ccc(N7C(=O)c8ccc(*)cc8C7=O)cc6)cc5c4)cc2)C3=O)cc1,"Polyimides/thioimides, Polyoxides/ethers/acetals, Polyamides/thioamides"
P462539,7814,6200,Polycondensation,C1=CC(=CC=C1N)N,C1=CC(=CC=C1C=O)C2=CC=C(C=C2)C=O,*=Cc1ccc(-c2ccc(/C=N/c3ccc(N=*)cc3)cc2)cc1,Polyimines
P460312,7814,606648,Polycondensation,C1=CC(=CC=C1N)N,COC1=CC(=C(C=C1C=O)OC)C=O,*=Cc1cc(OC)c(/C=N/c2ccc(N=*)cc2)cc1OC,Polyimines
P373450,7814,0,Polycondensation,C1=CC(=CC=C1N)N,,*Oc1ccc(C(=O)CNc2ccc(NCC(=O)c3ccc(*)cc3)cc2)cc1,"Polyoxides/ethers/acetals, Polyimines, Polyketones/thioketones"
P430242,7814,3110122,Polycondensation,C1=CC(=CC=C1N)N,C1=CC2=C(C=C1C(=O)C3=CC4=C(C=C3)C(=O)N(C4=O)CCCCCC(=O)O)C(=O)N(C2=O)CCCCCC(=O)O,*CCCCCC(=O)Nc1ccc(NC(=O)CCCCCN2C(=O)c3ccc(C(=O)c4ccc5c(c4)C(=O)N(*)C5=O)cc3C2=O)cc1,"Polyimides/thioimides, Polyamides/thioamides, Polyketones/thioketones"
P462078,7816,54393513,Polycondensation,CC1CNC(CN1)C,C1=CC(=CC(=C1)C(=C(C#N)C#N)Cl)C(=C(C#N)C#N)Cl,*C(=C(C#N)C#N)c1cccc(C(=C(C#N)C#N)N2CC(C)N(*)CC2C)c1,Polyimines
P110145,7816,81320,Polycondensation,CC1CNC(CN1)C,CC(C)(COC(=O)Cl)COC(=O)Cl,*C(=O)OCC(C)(C)COC(=O)N1CC(C)N(*)CC1C,Polyurethanes/thiourethanes
P040007,7819,0,Addition_polymerization,CC(C)COC(=O)C=C,,*CC(*)C(=O)OCC(C)C,"Polyacrylics, Polyvinyls"
P090005,7820,8064,Polycondensation,COC(=O)CCC(=O)OC,C(CCO)CO,*CCCCOC(=O)CCC(=O)O*,Polyesters/thioesters
P090005,7922,8064,Polycondensation,C1CC(=O)OC1=O,C(CCO)CO,*CCCCOC(=O)CCC(=O)O*,Polyesters/thioesters
P090005,8064,1110,Polycondensation,C(CCO)CO,C(CC(=O)O)C(=O)O,*CCCCOC(=O)CCC(=O)O*,Polyesters/thioesters
P090005,31249,8064,Polycondensation,CCOC(=O)CCC(=O)OCC,C(CCO)CO,*CCCCOC(=O)CCC(=O)O*,Polyesters/thioesters
P373215,7829,101348974,Polycondensation,COC(=O)CCCCCCCCC(=O)OC,C1=CC(=CC(=C1)OCCCCCCCCCCCO)C2=NN=C(S2)C3=NN=C(S3)C4=CC(=CC=C4)OCCCCCCCCCCCO,*c1cccc(OCCCCCCCCCCCOC(=O)CCCCCCCCC(=O)OCCCCCCCCCCCOc2cccc(-c3nnc(-c4nnc(*)s4)s3)c2)c1,"Polyoxides/ethers/acetals, Polysulfides, Polyesters/thioesters, Polyimines"
P390135,7829,18049,Polycondensation,COC(=O)CCCCCCCCC(=O)OC,CC(CCC(C)O)O,*OC(C)CCC(C)OC(=O)CCCCCCCCC(*)=O,Polyesters/thioesters
P372556,7835,6623,Polycondensation/Polymer_reaction,C1C(O1)CCl,CC(C)(C1=CC=C(C=C1)O)C2=CC=C(C=C2)O,*CC(COc1ccc(C(C)(C)c2ccc(O*)cc2)cc1)OC(=O)/C=C/c1ccccc1,Polyoxides/ethers/acetals
P070417,7835,6619,Polycondensation Copy Link to Highlight,C1C(O1)CCl,CC(C)(C1=CC(=C(C(=C1)Cl)O)Cl)C2=CC(=C(C(=C2)Cl)O)Cl,*CC(O)COc1c(Cl)cc(C(C)(C)c2cc(Cl)c(O*)c(Cl)c2)cc1Cl,Polyoxides/ethers/acetals
P070417,200719,6619,Polyaddition Translate Selection to English,CC(C)(C1=CC(=C(C(=C1)Cl)OCC2CO2)Cl)C3=CC(=C(C(=C3)Cl)OCC4CO4)Cl,CC(C)(C1=CC(=C(C(=C1)Cl)O)Cl)C2=CC(=C(C(=C2)Cl)O)Cl,*CC(O)COc1c(Cl)cc(C(C)(C)c2cc(Cl)c(O*)c(Cl)c2)cc1Cl,Polyoxides/ethers/acetals
P070370,7835,12111,Polycondensation,C1C(O1)CCl,C1=CC(=CC=C1CC2=CC=C(C=C2)O)O,*CC(O)COc1ccc(Cc2ccc(O*)cc2)cc1,Polyoxides/ethers/acetals
P070015,7835,0,Ring_opening_polymerization,C1C(O1)CCl,,*CC(CCl)O*,Polyoxides/ethers/acetals
P070369,7835,6623,Polyaddition,C1C(O1)CCl,CC(C)(C1=CC=C(C=C1)O)C2=CC=C(C=C2)O,*CC(O)COc1ccc(C(C)(C)c2ccc(O*)cc2)cc1,Polyoxides/ethers/acetals
P010003,7844,0,Addition_polymerization,CCC=C,,*CC(*)CC,Polyolefins
P010003,7845,0,Addition_polymerization/Polymer_reaction,C=CC=C,,*CC(*)CC,Polyolefins
P500038,7845,1119,Polyaddition,C=CC=C,O=S=O,*C/C=C/CS(*)(=O)=O,Polysulfones/sulfoxides/sufonates/sulfoamides
P010072,7845,0,Addition_polymerization,C=CC=C,,*/C=C/CC*,Polydienes
P010072,82916,0,Ring_opening_polymerization,C1CC=CCCC=C1,,*/C=C/CC*,Polydienes
P010070,7845,0,Addition_polymerization,C=CC=C,,*/C=C/CC*,Polydienes
P030010,7855,0,Addition_polymerization,C=CC#N,,*CC(*)C#N,Polyvinyls
P440016,7858,7923,Addition_polymerization,C=CCO,C1=CC(=O)OC1=O,*C(O)C(C)C1C(=O)OC(=O)C1*,Polyanhydrides/thioanhydrides
P440008,7861,13010,Addition_polymerization,COC=C,CC1=C(C(=O)OC1=O)C,*CC(OC)C1(C)C(=O)OC(=O)C1(*)C,Polyanhydrides/thioanhydrides
P430339,7904,101342,Addition_polymerization,CC(=O)OC=C,C1=CC(=CC(=C1)F)N2C(=O)C=CC2=O,*CC(OC(C)=O)C1C(=O)N(c2cccc(F)c2)C(=O)C1*,Polyimides/thioimides
P090113,7923,174,Polycondensation,C1=CC(=O)OC1=O,C(CO)O,*CCOC(=O)/C=C/C(=O)O*,Polyesters/thioesters
P440015,7923,0,Addition_polymerization,C1=CC(=O)OC1=O,,*CC(c1ccccc1)C1C(=O)OC(=O)C1*,Polyanhydrides/thioanhydrides
P442011,7923,22620656,Addition_polymerization,C1=CC(=O)OC1=O,CCOCCOC(=O)C1CC2CC1C=C2,*C1C(=O)OC(=O)C1C1C2CC(C(=O)OCCOCC)C(C2)C1*,Polyanhydrides/thioanhydrides
P070075,7933,0,Polycondensation,C1=CC(=CC(=C1)Cl)O,,*Oc1cccc(*)c1,Polyoxides/ethers/acetals
P070075,23683192,0,Polycondensation,C1=CC(=CC(=C1)Cl)[O-].[K+],,*Oc1cccc(*)c1,Polyoxides/ethers/acetals
P433235,7935,0,Polycondensation,C1=CC(=CC(=C1)N)N,,*c1cccc(N2C(=O)c3ccc(Oc4c(C)cc(Cc5cc(C)c(Oc6ccc7c(c6)C(=O)N(*)C7=O)c(C)c5)cc4C)cc3C2=O)c1,"Polyimides/thioimides, Polyoxides/ethers/acetals"
P402348,7935,4915422,Polycondensation,C1=CC(=CC(=C1)N)N,C1=CC(=CC=C1C2=NC3=C(N2)C=C(C=C3)C(=O)O)C(=O)O,*C(=O)Nc1cccc(NC(=O)c2ccc(-c3nc4cc(*)ccc4[nH]3)cc2)c1,"Polyamides/thioamides, Polyimines"
P402360,7935,101487214,Polycondensation,C1=CC(=CC(=C1)N)N,CSCCC(C(=O)NC1=CC(=CC(=C1)C(=O)O)C(=O)O)N2C(=O)C3=CC=CC=C3C2=O,*Nc1cccc(NC(=O)c2cc(NC(=O)C(CCSC)N3C(=O)c4ccccc4C3=O)cc(C(*)=O)c2)c1,Polyamides/thioamides
P402039,7935,101928870,Polycondensation,C1=CC(=CC(=C1)N)N,C1=CC=C(C=C1)C(=O)NC2=CC=C(C=C2)C(=O)NC3=CC(=CC(=C3)C(=O)O)C(=O)O,*Nc1cccc(NC(=O)c2cc(NC(=O)c3ccc(NC(=O)c4ccccc4)cc3)cc(C(*)=O)c2)c1,Polyamides/thioamides
P462041,7935,31214,Polycondensation,C1=CC(=CC(=C1)N)N,CCOC(OCC)OCC,*=CNc1cccc(N=*)c1,Polyimines
P433150,7935,156621376,Polycondensation,C1=CC(=CC(=C1)N)N,CC1=CC=C(C=C1)N=NC2=CC=C(C=C2)N(CCOC(=O)C3=CC4=C(C=C3)C(=O)OC4=O)CCOC(=O)C5=CC6=C(C=C5)C(=O)OC6=O,*C(=O)OCCN(CCOC(=O)c1ccc2c(c1)C(=O)N(c1cccc(N3C(=O)c4ccc(*)cc4C3=O)c1)C2=O)c1ccc(/N=N/c2ccc(C)cc2)cc1,"Polyimides/thioimides, Polyesters/thioesters, Polyimines"
P402164,7935,102014802,Polycondensation,C1=CC(=CC(=C1)N)N,C[Si](C)(C1=CC=C(C=C1)C(=O)NC2=CC=C(C=C2)C(=O)O)C3=CC=C(C=C3)C(=O)NC4=CC=C(C=C4)C(=O)O,*Nc1cccc(NC(=O)c2ccc(NC(=O)c3ccc([Si](C)(C)c4ccc(C(=O)Nc5ccc(C(*)=O)cc5)cc4)cc3)cc2)c1,"Polyamides/thioamides, Polysiloxanes/silanes"
P462233,7935,54393513,Polycondensation,C1=CC(=CC(=C1)N)N,C1=CC(=CC(=C1)C(=C(C#N)C#N)Cl)C(=C(C#N)C#N)Cl,*Nc1cccc(NC(=C(C#N)C#N)c2cccc(C(*)=C(C#N)C#N)c2)c1,Polyimines
P382364,7935,0,Polycondensation,C1=CC(=CC(=C1)N)N,,*Sc1ccc(C(=O)CNc2cccc(NCC(=O)c3ccc(*)cc3)c2)cc1,"Polysulfides, Polyimines, Polyketones/thioketones"
P430141,7935,101684082,Polycondensation,C1=CC(=CC(=C1)N)N,C1=CC=C2C(=C1)C(=O)NC2(C3=CC=C(C=C3)OC4=CC=C(C=C4)N5C(=O)C6=C(C5=O)C=C(C=C6)C(=O)O)C7=CC=C(C=C7)OC8=CC=C(C=C8)N9C(=O)C1=C(C9=O)C=C(C=C1)C(=O)O,*C(=O)Nc1cccc(NC(=O)c2ccc3c(c2)C(=O)N(c2ccc(Oc4ccc(C5(c6ccc(Oc7ccc(N8C(=O)c9ccc(*)cc9C8=O)cc7)cc6)NC(=O)c6ccccc65)cc4)cc2)C3=O)c1,"Polyimides/thioimides, Polyoxides/ethers/acetals, Polyamides/thioamides"
P402327,7935,101864313,Polycondensation,C1=CC(=CC(=C1)N)N,CC(C(=O)NC1=CC=C(C=C1)C(=O)NC2=CC(=CC(=C2)C(=O)O)C(=O)O)N3C(=O)C4=CC=CC=C4C3=O,*Nc1cccc(NC(=O)c2cc(NC(=O)c3ccc(NC(=O)C(C)N4C(=O)c5ccccc5C4=O)cc3)cc(C(*)=O)c2)c1,Polyamides/thioamides
P400040,7935,17887,Polycondensation,C1=CC(=CC(=C1)N)N,C(CC(=O)Cl)CC(=O)Cl,*Nc1cccc(NC(=O)CCCC(*)=O)c1,Polyamides/thioamides
P400043,7935,10610863,Polycondensation,C1=CC(=CC(=C1)N)N,C(CCCCC(=O)Cl)CCCCC(=O)Cl,*Nc1cccc(NC(=O)CCCCCCCCCC(*)=O)c1,Polyamides/thioamides
P460062,7935,79485,Polycondensation,C1=CC(=CC(=C1)N)N,C1=CC(=NC(=C1)C=O)C=O,*/C=N/c1cccc(/N=C/c2cccc(*)n2)c1,Polyimines
P462261,7935,0,Polycondensation,C1=CC(=CC(=C1)N)N,,*Nc1ccc(*)cc1N,Polyimines
P462261,7243,0,Polycondensation,C1=CC=C(C(=C1)N)N,,*Nc1ccc(*)cc1N,Polyimines
P402390,7935,84378185,Polycondensation,C1=CC(=CC(=C1)N)N,C1C2CC3CC1CC(C2)(C3)C(=O)NC4=CC(=CC(=C4)C(=O)O)C(=O)O,*Nc1cccc(NC(=O)c2cc(NC(=O)C34CC5CC(CC(C5)C3)C4)cc(C(*)=O)c2)c1,Polyamides/thioamides
P402303,7940,0,Polycondensation,C1CC(=O)OC(=O)C1,,*CCCC1(C)CCN(C(=O)CCCC(=O)N2CCC(*)(C)CC2)CC1,Polyamides/thioamides
P462550,7949,0,Ring_opening_polymerization/Polymer_reaction,CC1=CC(=CC(=C1)N)C,,*CC(O)CN(*)c1cc(C)c(/N=N/c2ccc([N+](=O)[O-])cc2C)c(C)c1,Polyimines
P010004,8004,0,Addition_polymerization,CCCC=C,,*CC(*)CCC,Polyolefins
P452029,8013,74843,Polycondensation,C(CS)CS,CC(C)(C1=CC=C(C=C1)OC(=O)Cl)C2=CC=C(C=C2)OC(=O)Cl,*Oc1ccc(C(C)(C)c2ccc(OC(=O)SCCCSC(*)=O)cc2)cc1,Polycarbonates/thiocarbonates
P030019,8023,0,Addition_polymerization,CCOC=C,,*CC(*)OCC,Polyvinyls
P382237,8030,15253976,Polycondensation,C1=CSC=C1,CCCCCCCCN(C)C1=CC=C(C=C1)C=O,*/C(c1ccc(N(C)CCCCCCCC)cc1)=c1\cc/c(=C(/c2ccc(N(C)CCCCCCCC)cc2)c2ccc(*)s2)s1,Polysulfides
P070010,8063,0,Addition_polymerization,CCCCC=O,,*OC(*)CCCC,Polyoxides/ethers/acetals
P410016,8064,21202,Polyaddition,C(CCO)CO,C1CC(CCC1CC2CCC(CC2)N=C=O)N=C=O,*CCCCOC(=O)NC1CCC(CC2CCC(NC(=O)O*)CC2)CC1,Polyurethanes/thiourethanes
P390106,8064,637665,Polycondensation,C(CCO)CO,C(CCC(=O)Cl)CCN=C=O,*CCCCOC(=O)CCCCCNC(=O)O*,"Polyesters/thioesters, Polyurethanes/thiourethanes"
P450056,8064,19931074,Polycondensation,C(CCO)CO,C1CC(CCC1OC(=O)Cl)OC(=O)Cl,*OC1CCC(OC(=O)OCCCCOC(*)=O)CC1,Polycarbonates/thiocarbonates
P373423,8064,101253854,Polycondensation,C(CCO)CO,C1C(C2C(O1)C(CO2)OC(=O)OC3=CC=C(C=C3)[N+](=O)[O-])OC(=O)OC4=CC=C(C=C4)[N+](=O)[O-],*OC(=O)OCCCCOC(=O)OC1COC2C(*)COC12,"Polyoxides/ethers/acetals, Polycarbonates/thiocarbonates"
P110013,8064,13192,Polyaddition,C(CCO)CO,C(CCCN=C=O)CCN=C=O,*CCCCOC(=O)NCCCCCCNC(=O)O*,Polyurethanes/thiourethanes
P110013,16402,75085,Polycondensation,C(CCCN)CCN,C(CCOC(=O)Cl)COC(=O)Cl,*CCCCOC(=O)NCCCCCCNC(=O)O*,Polyurethanes/thiourethanes
P100807,8070,7488,Polycondensation,CNCCNC,C1=CC(=CC=C1C(=O)Cl)C(=O)Cl,*CCN(C)C(=O)c1ccc(C(=O)N(*)C)cc1,Polyamides/thioamides
P200009,8079,1119,Polyaddition,C1CCC=CC1,O=S=O,*C1CCCCC1S(*)(=O)=O,Polysulfones/sulfoxides/sufonates/sulfoamides
P200009,9247,0,Ring_opening_polymerization/Polymer_reaction,C1CCC2C(C1)S2,,*C1CCCCC1S(*)(=O)=O,Polysulfones/sulfoxides/sufonates/sulfoamides
P462516,8084,8056,Polyaddition,CN(C)CCCN(C)C,C(CCBr)CBr,*CCCC[N+](C)(C)CCC[N+](*)(C)C,Polyimines
P462521,8097,521177,Polyaddition,CN(C)CCCCCCN(C)C,C(CCCCCCCCBr)CCCCCCCBr,*CCCCCCCCCCCCCCCC[N+](C)(C)CCCCCC[N+](*)(C)C,Polyimines
P462520,8097,221483,Polyaddition,CN(C)CCCCCCN(C)C,C(CCCCCBr)CCCCBr,*CCCCCCCCCC[N+](C)(C)CCCCCC[N+](*)(C)C,Polyimines
P462312,8097,69373,Polycondensation,CN(C)CCCCCCN(C)C,C1=CC(=CC(=C1)CBr)CBr,*CCCCCC[N+](C)(C)Cc1ccc(C[N+](*)(C)C)cc1,Polyimines
P462312,8097,69373,Polycondensation/Polymer_reaction,CN(C)CCCCCCN(C)C,C1=CC(=CC(=C1)CBr)CBr,*CCCCCC[N+](C)(C)Cc1ccc(C[N+](*)(C)C)cc1,Polyimines
P090379,8105,5214895,Polycondensation,C(CCO)CCO,C1=CC(=CC(=C1)N=C=O)C(=O)Cl,*CCCCCOC(=O)c1cccc(NC(=O)O*)c1,"Polyesters/thioesters, Polyurethanes/thiourethanes"
P110020,8105,13192,Polyaddition,C(CCO)CCO,C(CCCN=C=O)CCN=C=O,*CCCCCOC(=O)NCCCCCCNC(=O)O*,Polyurethanes/thiourethanes
P110020,16402,20566886,Polycondensation,C(CCCN)CCN,C(CCOC(=O)Cl)CCOC(=O)Cl,*CCCCCOC(=O)NCCCCCCNC(=O)O*,Polyurethanes/thiourethanes
P090380,8105,2733323,Polycondensation,C(CCO)CCO,C1=CC(=CC=C1C(=O)Cl)N=C=O,*CCCCCOC(=O)c1ccc(NC(=O)O*)cc1,"Polyesters/thioesters, Polyurethanes/thiourethanes"
P110224,8105,102249695,Polyaddition,C(CCO)CCO,C1C(C1C(=O)N=C=O)C(=O)N=C=O,*CCCCCOC(=O)NC(=O)C1CC1C(=O)NC(=O)O*,"Polyimides/thioimides, Polyurethanes/thiourethanes"
P110224,8105,0,Polyaddition,C(CCO)CCO,,*CCCCCOC(=O)NC(=O)C1CC1C(=O)NC(=O)O*,"Polyimides/thioimides, Polyurethanes/thiourethanes"
P372797,8111,11443,Polyaddition,C(CNCCN)N,CC1=C(C=C(C=C1)N=C=O)N=C=O,*/C=N/c1cc(NC(=O)NCCNCCNO*)ccc1C,"Polyoxides/ethers/acetals, Polyureas/thioureas, Polyimines"
P370293,8117,607503,Polycondensation,C(COCCO)O,C1=CC=C2C(=C1)C(=CC(=N2)Cl)Cl,*OCCOCCOc1cc(*)nc2ccccc12,"Polyoxides/ethers/acetals, Polyimines"
P370313,8117,7198,Polycondensation,C(COCCO)O,COC(=O)C1CCC(CC1)C(=O)OC,*CCOCCOC(=O)C1CCC(C(=O)O*)CC1,"Polyoxides/ethers/acetals, Polyesters/thioesters"
P372170,8117,7766,Polycondensation,C(COCCO)O,CCOC(=O)OCC,*CCOCCOC(=O)O*,"Polyoxides/ethers/acetals, Polycarbonates/thiocarbonates"
P373079,8117,101431758,Polycondensation,C(COCCO)O,C1CCN(CC1)C2=NC(=NC(=N2)OC3=C(C=CC4=CC=CC=C43)C(=O)Cl)OC5=C(C=CC6=CC=CC=C65)C(=O)Cl,*Oc1c(C(=O)OCCOCCOC(=O)c2ccc3ccccc3c2Oc2nc(*)nc(N3CCCCC3)n2)ccc2ccccc12,"Polyoxides/ethers/acetals, Polyesters/thioesters, Polyimines"
P373685,8117,102299932,Polycondensation,C(COCCO)O,CN1CCN(CC1)C2=NC(=NC(=N2)OC3=CC4=C(C=C3)C=C(C=C4)C(=O)Cl)OC5=CC6=C(C=C5)C=C(C=C6)C(=O)Cl,*Oc1ccc2cc(C(=O)OCCOCCOC(=O)c3ccc4cc(Oc5nc(*)nc(N6CCN(C)CC6)n5)ccc4c3)ccc2c1,"Polyoxides/ethers/acetals, Polyesters/thioesters, Polyimines"
P312008,8125,7845,Addition_polymerization/Polymer_reaction,CCCCCCC=C,C=CC=C,*CCCCCC(*)CCCCCC,Polyolefins
P100191,8128,712,Polyaddition,C(CCC#N)CC#N,C=O,*CNC(=O)CCCCC(=O)N*,Polyamides/thioamides
P372551,8172,102078490,Polycondensation,C(COCCOCCO)O,CCOC1=CC=C(C=C1)N=NC2=CC(=C(C=C2)C3=C(C=C(C=C3)N=NC4=CC=C(C=C4)OCC)C(=O)Cl)C(=O)Cl,*CCOCCOCCOC(=O)c1cc(/N=N/c2ccc(OCC)cc2)ccc1-c1ccc(/N=N/c2ccc(OCC)cc2)cc1C(=O)O*,"Polyoxides/ethers/acetals, Polyesters/thioesters"
P370280,8172,4246116,Polycondensation,C(COCCOCCO)O,C1=CC(=CC=C1C(=O)Cl)N=NC2=CC=C(C=C2)C(=O)Cl,*CCOCCOCCOC(=O)c1ccc(/N=N/c2ccc(C(=O)O*)cc2)cc1,"Polyoxides/ethers/acetals, Polyesters/thioesters, Polyimines"
P372946,8172,101609611,Polycondensation,C(COCCOCCO)O,C1=CC(=CC=C1C(=O)Cl)N[N+](=O)C2=CC=C(C=C2)C(=O)Cl,*CCOCCOCCOC(=O)c1ccc(-n2on2-c2ccc(C(=O)O*)cc2)cc1,"Polyoxides/ethers/acetals, Polyesters/thioesters, Polyimines"
P373080,8172,101431758,Polycondensation,C(COCCOCCO)O,C1CCN(CC1)C2=NC(=NC(=N2)OC3=C(C=CC4=CC=CC=C43)C(=O)Cl)OC5=C(C=CC6=CC=CC=C65)C(=O)Cl,*Oc1c(C(=O)OCCOCCOCCOC(=O)c2ccc3ccccc3c2Oc2nc(*)nc(N3CCCCC3)n2)ccc2ccccc12,"Polyoxides/ethers/acetals, Polyesters/thioesters, Polyimines"
P372175,8172,12007623,Polycondensation,C(COCCOCCO)O,C1=CC(=CC=C1C(=O)O)C(=O)OC2=CC=C(C=C2)OC(=O)C3=CC=C(C=C3)C(=O)O,*Oc1ccc(OC(=O)c2ccc(C(=O)OCCOCCOCCOC(=O)c3ccc(C(*)=O)cc3)cc2)cc1,"Polyoxides/ethers/acetals, Polyesters/thioesters"
P372928,8200,7570,Polyaddition/Polymer_reaction,C(COCCOCCOCCO)O,C1=CC(=CC=C1CC2=CC=C(C=C2)N=C=O)N=C=O,*CCOCCOCCOCCOC(=O)Nc1ccc(Cc2ccc(NC(=O)O*)cc2)cc1,"Polyoxides/ethers/acetals, Polyurethanes/thiourethanes"
P010044,8217,0,Addition_polymerization,CCCCCCCCCCCCCCCCC=C,,*CC(*)CCCCCCCCCCCCCCCC,Polyolefins
P200020,8252,1119,Addition_polymerization,CC=C,O=S=O,*CC(C)S(*)(=O)=O,Polysulfones/sulfoxides/sufonates/sulfoamides
P010002,8252,0,Addition_polymerization,CC=C,,*CC(*)C,Polyolefins
P010002,638070,0,Addition_polymerization/Polymer_reaction,CC=CC(=C)C,,*CC(*)C,Polyolefins
P010002,638070,0,Addition_polymerization,CC=CC(=C)C,,*CC(*)C,Polyolefins
P010014,8255,0,Addition_polymerization,CC(=C)C,,*CC(*)(C)C,Polyolefins
P070629,8301,102006123,Polyaddition,C(=C(F)F)(F)F,C(C(F)(F)Br)(N=O)(F)F,*ON(C(F)(F)C(*)(F)F)C(F)(F)C(F)(F)Br,"Polyoxides/ethers/acetals, Polyimines"
P412137,8358,7570,Polyaddition,C1=CC2=C(C=C(C=C2)O)C(=C1)N,C1=CC(=CC=C1CC2=CC=C(C=C2)N=C=O)N=C=O,*Oc1ccc2cccc(NC(=O)Nc3ccc(Cc4ccc(NC(*)=O)cc4)cc3)c2c1,"Polyurethanes/thiourethanes, Polyureas/thioureas"
P433379,8411,138456016,Polycondensation,COC1=C(C=CC(=C1)C2=CC(=C(C=C2)N)OC)N,C1=CC=C2C(=C1)C3=CC=CC=C3C2(C4=CC=C(C=C4)NC(=O)C5=CC6=C(C=C5)C(=O)OC6=O)C7=CC=C(C=C7)NC(=O)C8=CC9=C(C=C8)C(=O)OC9=O,*C(=O)Nc1ccc(C2(c3ccc(NC(=O)c4ccc5c(c4)C(=O)N(c4ccc(-c6ccc(N7C(=O)c8ccc(*)cc8C7=O)c(OC)c6)cc4OC)C5=O)cc3)c3ccccc3-c3ccccc32)cc1,"Polyimides/thioimides, Polyamides/thioamides"
P372199,8411,85550822,Polycondensation,COC1=C(C=CC(=C1)C2=CC(=C(C=C2)N)OC)N,C1=CC(=C(C=C1OCCCCCCCCCCOC2=CC(=C(C=C2)C=O)O)O)C=O,*CCCCCCCCCCOc1ccc(/C=N/c2ccc(-c3ccc(/N=C/c4ccc(O*)cc4O)c(OC)c3)cc2OC)c(O)c1,"Polyoxides/ethers/acetals, Polyimines"
P462326,8413,0,Polycondensation,CC1=C(C=CC(=C1)C2=CC(=C(C=C2)N)C)N,,*c1ccc(-c2ccc(-[n+]3c(-c4ccccc4)cc(-c4ccc(-c5cc(-c6ccccc6)[n+](*)c(-c6ccccc6)c5)cc4)cc3-c3ccccc3)c(C)c2)cc1C,Polyimines
P433156,8413,0,Polycondensation,CC1=C(C=CC(=C1)C2=CC(=C(C=C2)N)C)N,,*C(=O)Nc1ccc(/N=N/c2ccc([N+](=O)[O-])cc2)c(NC(=O)c2ccc3c(c2)C(=O)N(c2ccc(-c4ccc(N5C(=O)c6ccc(*)cc6C5=O)c(C)c4)cc2C)C3=O)c1,"Polyimides/thioimides, Polyamides/thioamides"
P430193,8413,11192445,Polycondensation,CC1=C(C=CC(=C1)C2=CC(=C(C=C2)N)C)N,CC(C)(C1=CC=C(C=C1)OC(=O)C2=CC3=C(C=C2)C(=O)OC3=O)C4=CC=C(C=C4)OC(=O)C5=CC6=C(C=C5)C(=O)OC6=O,*C(=O)Oc1ccc(C(C)(C)c2ccc(OC(=O)c3ccc4c(c3)C(=O)N(c3ccc(-c5ccc(N6C(=O)c7ccc(*)cc7C6=O)c(C)c5)cc3C)C4=O)cc2)cc1,"Polyimides/thioimides, Polyesters/thioesters"
P462063,8413,0,Polycondensation/Polymer_reaction,CC1=C(C=CC(=C1)C2=CC(=C(C=C2)N)C)N,,*/N=N/c1ccc(-c2ccc(*)c(C)c2)cc1C,Polyimines
P412204,8416,13192,Polyaddition,C1=CC=C(C=C1)N(CCO)CCO,C(CCCN=C=O)CCN=C=O,*CCN(CCOC(=O)NCCCCCCNC(=O)O*)c1ccccc1,"Polyurethanes/thiourethanes, Polyimines"
P090191,8441,69420,Polycondensation,COC(=O)C1=CC=C(C=C1)C(=O)OC,C(CCCCO)CCCO,*CCCCCCCCOC(=O)c1ccc(C(=O)O*)cc1,Polyesters/thioesters
P090191,7489,69420,Polycondensation,C1=CC(=CC=C1C(=O)O)C(=O)O,C(CCCCO)CCCO,*CCCCCCCCOC(=O)c1ccc(C(=O)O*)cc1,Polyesters/thioesters
P100141,8441,92950,Polycondensation,COC(=O)C1=CC=C(C=C1)C(=O)OC,CC(CCN)CC(C)(C)CN,*CCC(C)CC(C)(C)CNC(=O)c1ccc(C(=O)N*)cc1,Polyamides/thioamides
P100141,92950,7489,Polycondensation,CC(CCN)CC(C)(C)CN,C1=CC(=CC=C1C(=O)O)C(=O)O,*CCC(C)CC(C)(C)CNC(=O)c1ccc(C(=O)N*)cc1,Polyamides/thioamides
P392456,8441,14548420,Polycondensation,COC(=O)C1=CC=C(C=C1)C(=O)OC,C(CCCNC(=O)CCCO)CCNC(=O)CCCO,*CCCC(=O)NCCCCCCNC(=O)CCCOC(=O)c1ccc(C(=O)O*)cc1,"Polyesters/thioesters, Polyamides/thioamides"
P090406,8441,5013205,Polycondensation,COC(=O)C1=CC=C(C=C1)C(=O)OC,C1=CC(=CC=C1CCO)CCO,*CCc1ccc(CCOC(=O)c2ccc(C(=O)O*)cc2)cc1,Polyesters/thioesters
P462045,8445,0,Polycondensation,CC1=CC(=C(C=C1)OC)N,,*Nc1cc(C)c(*)cc1OC,Polyimines
P070485,8484,12611574,Polycondensation,C1=CC(=CC=C1OC2=CC=C(C=C2)S(=O)(=O)Cl)S(=O)(=O)Cl,C1CCC(CC1)(C2=CC(=C(C(=C2)Br)O)Br)C3=CC(=C(C(=C3)Br)O)Br,*OS(=O)(=O)c1ccc(Oc2ccc(S(=O)(=O)Oc3c(Br)cc(C4(c5cc(Br)c(*)c(Br)c5)CCCCC4)cc3Br)cc2)cc1,"Polyoxides/ethers/acetals, Polysulfones/sulfoxides/sufonates/sulfoamides"
P090392,8554,8105,Polycondensation,COC(=O)C1=CC=CC=C1C(=O)OC,C(CCO)CCO,*CCCCCOC(=O)c1ccccc1C(=O)O*,Polyesters/thioesters
P390122,8554,11506,Polycondensation,COC(=O)C1=CC=CC=C1C(=O)OC,C1=CC(=CC=C1CO)CO,*Cc1ccc(COC(=O)c2ccccc2C(=O)O*)cc1,Polyesters/thioesters
P430417,8765,363539,Polycondensation,C1=CC(=CC=C1N)SC2=CC=C(C=C2)N,C1=CC(=CC=C1N2C(=O)C3=C(C2=O)C=C(C=C3)C(=O)O)OC4=CC=C(C=C4)N5C(=O)C6=C(C5=O)C=C(C=C6)C(=O)O,*C(=O)Nc1ccc(Sc2ccc(NC(=O)c3ccc4c(c3)C(=O)N(c3ccc(Oc5ccc(N6C(=O)c7ccc(*)cc7C6=O)cc5)cc3)C4=O)cc2)cc1,"Polyimides/thioimides, Polyoxides/ethers/acetals, Polysulfides, Polyamides/thioamides"
P040006,8846,0,Addition_polymerization,CCCCOC(=O)C=C,,*CC(*)C(=O)OCCCC,"Polyacrylics, Polyvinyls"
P040060,8906,0,Addition_polymerization,CCCCCCCCCCCCOC(=O)C(=C)C,,*CC(*)(C)C(=O)OCCCCCCCCCCCC,"Polyacrylics, Polyvinyls"
P382144,9006,0,Polycondensation,C[Si](C1=CC=CC=C1)(Cl)Cl,,*c1ccc([Si](*)(C)c2ccccc2)s1,"Polysulfides, Polysiloxanes/silanes"
P382144,100946649,0,Polycondensation,C[Si](C1=CC=CC=C1)(OS(=O)(=O)C(F)(F)F)OS(=O)(=O)C(F)(F)F,,*c1ccc([Si](*)(C)c2ccccc2)s1,"Polysulfides, Polysiloxanes/silanes"
P520021,9231,0,Polycondensation,C1=CC=C2C=CC=C2C=C1,,*c1cc2cccccc-2c1*,Other polymers
P452050,9246,0,Ring_opening_polymerization,C1CCC2C(C1)O2,,*OC1CCCCC1OC(*)=O,Polycarbonates/thiocarbonates
P080085,9247,0,Ring_opening_polymerization,C1CCC2C(C1)S2,,*SC1CCCCC1*,Polysulfides
P500006,9251,0,Ring_opening_polymerization/Polymer_reaction,C1CSC1,,*CCCS(*)=O,Polysulfones/sulfoxides/sufonates/sulfoamides
P010027,9309,0,Addition_polymerization,C=CCC1=CC=CC=C1,,*CC(*)Cc1ccccc1,Polyvinyls
P070457,9321,14512921,Polycondensation,NN,C1=CC=C(C=C1)OC(=O)CCCCCCCCCCC(=O)OC2=CC=CC=C2,*CCCCCCCCCCc1nnc(*)o1,"Polyoxides/ethers/acetals, Polyimines"
P070457,53957523,0,Polycondensation,C(CCCCCOC(=O)NN)CCCCOC(=O)NN,,*CCCCCCCCCCc1nnc(*)o1,"Polyoxides/ethers/acetals, Polyimines"
P373456,9321,0,Polycondensation,NN,,*Oc1ccc(C(=O)CNNCC(=O)c2ccc(*)cc2)cc1,"Polyoxides/ethers/acetals, Polyimines, Polyketones/thioketones"
P462494,9582,541697,Polycondensation,C1=CC(=CC=C1C(=O)C2=CC=C(C=C2)F)F,CNCCCCCCCCNC,*CCCCCCCCN(C)c1ccc(C(=O)c2ccc(N(*)C)cc2)cc1,"Polyimines, Polyketones/thioketones"
P370798,9582,0,Polycondensation,C1=CC(=CC=C1C(=O)C2=CC=C(C=C2)F)F,,*c1ccc(Oc2ccc(C(=O)c3ccc(Oc4ccc(-c5nc(-c6ccc(-c7nc(*)c(-c8ccccc8)[nH]7)cc6)[nH]c5-c5ccccc5)cc4)cc3)cc2)cc1,"Polyoxides/ethers/acetals, Polyimines, Polyketones/thioketones"
P080161,9865,7673,Polyaddition,C1CS1,C1=CC=C(C=C1)N=C=S,*CCS/C(=N\c1ccccc1)S*,Polysulfides
P433262,10006,0,Polycondensation,C1C(=O)NC(=O)N1,,*C(=O)N1CC(=O)N(C(=O)c2ccc3c(c2)C(=O)N(c2cccc(P(=O)(c4ccccc4)c4cccc(N5C(=O)c6ccc(*)cc6C5=O)c4)c2)C3=O)C1=O,"Polyimides/thioimides, Polyureas/thioureas, Polyketones/thioketones"
P060016,10037,0,Addition_polymerization,C=C=C,,*CC(*)=C,Polydienes
P150088,10040,623849,Polycondensation,C(=S)(Cl)Cl,CC(C1=CC=CC=C1)(C2=CC=C(C=C2)O)C3=CC=C(C=C3)O,*Oc1ccc(C(C)(c2ccccc2)c2ccc(OC(*)=S)cc2)cc1,Polycarbonates/thiocarbonates
P430323,10292,75498,Polycondensation,C1=CC=C(C(=C1)C2=CC=C(C=C2)N)N,C1=CC2=C(C=C1C(=O)C3=CC4=C(C=C3)C(=O)OC4=O)C(=O)OC2=O,*C(=O)c1ccc2c(c1)C(=O)N(c1ccc(-c3ccccc3N3C(=O)c4ccc(*)cc4C3=O)cc1)C2=O,"Polyimides/thioimides, Polyketones/thioketones"
P402410,10366,101538529,Polycondensation,C1=C(C=NC=C1C(=O)O)C(=O)O,C1=CC=NC(=C1)C2=NN=C(O2)C3=CC(=CC(=C3)N)N,*C(=O)Nc1cc(NC(=O)c2cncc(*)c2)cc(-c2nnc(-c3ccccn3)o2)c1,"Polyamides/thioamides, Polyimines"
P090544,10436,7451,Polycondensation,CC1=CC(=CC(=C1)O)O,C1=CC(=CC(=C1)C(=O)Cl)C(=O)Cl,*Oc1cc(C)cc(OC(=O)c2cccc(C(*)=O)c2)c1,Polyesters/thioesters
P392344,10442,102078490,Polycondensation,C(CO)CO,CCOC1=CC=C(C=C1)N=NC2=CC(=C(C=C2)C3=C(C=C(C=C3)N=NC4=CC=C(C=C4)OCC)C(=O)Cl)C(=O)Cl,*CCCOC(=O)c1cc(/N=N/c2ccc(OCC)cc2)ccc1-c1ccc(/N=N/c2ccc(OCC)cc2)cc1C(=O)O*,Polyesters/thioesters
P110065,10442,11443,Polyaddition,C(CO)CO,CC1=C(C=C(C=C1)N=C=O)N=C=O,*CCCOC(=O)Nc1cc(NC(=O)O*)ccc1C,Polyurethanes/thiourethanes
P090010,10442,196,Polycondensation,C(CO)CO,C(CCC(=O)O)CC(=O)O,*CCCOC(=O)CCCCC(=O)O*,Polyesters/thioesters
P090010,10442,8844,Polycondensation,C(CO)CO,CCOC(=O)CCCCC(=O)OCC,*CCCOC(=O)CCCCC(=O)O*,Polyesters/thioesters
P090010,12329,10442,Polycondensation,COC(=O)CCCCC(=O)OC,C(CO)CO,*CCCOC(=O)CCCCC(=O)O*,Polyesters/thioesters
P460031,10457,9321,Polycondensation/Polymer_reaction,C(CCCC(=O)O)CCC(=O)O,NN,*CCCCCCc1nnc(*)n1N,Polyimines
P090476,10457,31344,Polycondensation,C(CCCC(=O)O)CCC(=O)O,CC(C)(CO)CO,*CC(C)(C)COC(=O)CCCCCCC(=O)O*,Polyesters/thioesters
P392224,10457,101353365,Polycondensation,C(CCCC(=O)O)CCC(=O)O,CC(C)OC(=O)C(CC1=CC=C(C=C1)O)NC(=O)CCC2=CC=C(C=C2)O,*Oc1ccc(CC(NC(=O)CCc2ccc(OC(=O)CCCCCCC(*)=O)cc2)C(=O)OC(C)C)cc1,"Polyesters/thioesters, Polyamides/thioamides"
P392237,10457,101353362,Polycondensation,C(CCCC(=O)O)CCC(=O)O,CCCCCCCCOC(=O)C(CC1=CC=C(C=C1)O)NC(=O)CC2=CC=C(C=C2)O,*Oc1ccc(CC(NC(=O)Cc2ccc(OC(=O)CCCCCCC(*)=O)cc2)C(=O)OCCCCCCCC)cc1,"Polyesters/thioesters, Polyamides/thioamides"
P090102,10457,12374,Polycondensation,C(CCCC(=O)O)CCC(=O)O,C(CCCO)CCO,*CCCCCCOC(=O)CCCCCCC(=O)O*,Polyesters/thioesters
P090102,15611,12374,Polycondensation,COC(=O)CCCCCCC(=O)OC,C(CCCO)CCO,*CCCCCCOC(=O)CCCCCCC(=O)O*,Polyesters/thioesters
P090102,534653,12374,Polycondensation,C(CCCC(=O)Cl)CCC(=O)Cl,C(CCCO)CCO,*CCCCCCOC(=O)CCCCCCC(=O)O*,Polyesters/thioesters
P372955,10457,101680013,Polycondensation,C(CCCC(=O)O)CCC(=O)O,CC1=C(C=CC(=C1)O)N[N+](=O)C2=C(C=C(C=C2)O)C,*Oc1ccc(-n2on2-c2ccc(OC(=O)CCCCCCC(*)=O)cc2C)c(C)c1,"Polyoxides/ethers/acetals, Polyesters/thioesters, Polyimines"
P010008,10566,0,Addition_polymerization/Polymer_reaction,CC(=C)C(=C)C,,*CC(*)CC(C)C,Polyolefins
P010008,12724,0,Addition_polymerization,CC(C)CC=C,,*CC(*)CC(C)C,Polyolefins
P080040,10902,14494,Polycondensation,C(CS)S,C(CCCCCS)CCCCS,*CCCCCCCCCCSSCCSS*,Polysulfides
P080040,10590507,14494,Polycondensation,CCOC(=O)SSCCSSC(=O)OCC,C(CCCCCS)CCCCS,*CCCCCCCCCCSSCCSS*,Polysulfides
P373662,10970,12597,Polycondensation,C(CC(=O)Cl)C(=O)Cl,C1C(C2C(O1)C(CO2)O)O,*OC(=O)CCC(=O)OC1COC2C(*)COC12,"Polyoxides/ethers/acetals, Polyesters/thioesters"
P430364,11089,7577,Polycondensation,C1=CC2=C(C=C1C(=O)O)C(=O)OC2=O,C1=CC(=CC=C1CC2=CC=C(C=C2)N)N,*C(=O)Nc1ccc(Cc2ccc(N3C(=O)c4ccc(*)cc4C3=O)cc2)cc1,"Polyimides/thioimides, Polyamides/thioamides"
P430364,70998,7577,Polycondensation,C1=CC2=C(C=C1C(=O)Cl)C(=O)OC2=O,C1=CC(=CC=C1CC2=CC=C(C=C2)N)N,*C(=O)Nc1ccc(Cc2ccc(N3C(=O)c4ccc(*)cc4C3=O)cc2)cc1,"Polyimides/thioimides, Polyamides/thioamides"
P462319,11107,12560377,Polyaddition,C1=CN=CC=C1C2=CC=NC=C2,CC1=CC=C(C=C1)S(=O)(=O)OCC2=CC=CC=C2COS(=O)(=O)C3=CC=C(C=C3)C,*Cc1ccccc1C[n+]1ccc(-c2cc[n+](*)cc2)cc1,Polyimines
P010016,11239,0,Addition_polymerization,CC(C)C=C,,*CCC(*)(C)C,Polyolefins
P010006,11239,0,Addition_polymerization,CC(C)C=C,,*CC(*)C(C)C,Polyolefins
P010015,11240,0,Addition_polymerization,CCC(=C)C,,*CC(*)(C)CC,Polyolefins
P010017,11249,0,Addition_polymerization,CC(C)C(=C)C,,*CC(C)C(*)(C)C,Polyolefins
P462036,11357,0,Polycondensation,CCC1=CC=CC=C1N,,*Nc1ccc(*)cc1CC,Polyimines
P373659,11443,0,Polyaddition,CC1=C(C=C(C=C1)N=C=O)N=C=O,,*CCOC(=O)Nc1ccc(C)c(NC(=O)OCCOc2cc([N+](=O)[O-])ccc2/N=N/c2cn(*)c3ccccc23)c1,"Polyoxides/ethers/acetals, Polyurethanes/thiourethanes, Polyimines"
P402366,11443,91114655,Polycondensation,CC1=C(C=C(C=C1)N=C=O)N=C=O,CC(C)CC(C(=O)NC1=CC=C(C=C1)C(=O)NC2=CC(=CC(=C2)C(=O)O)C(=O)O)N3C(=O)C4=CC=CC=C4C3=O,*Nc1cc(NC(=O)c2cc(NC(=O)c3ccc(NC(=O)C(CC(C)C)N4C(=O)c5ccccc5C4=O)cc3)cc(C(*)=O)c2)ccc1C,Polyamides/thioamides
P410010,11443,71387840,Polyaddition,CC1=C(C=C(C=C1)N=C=O)N=C=O,CC1=C(C=CC(=C1)[N+](=O)[O-])N=NC2=CC=C(C=C2)N(CCO)CCO,*CCN(CCOC(=O)Nc1ccc(C)c(NC(=O)O*)c1)c1ccc(/N=N/c2ccc([N+](=O)[O-])cc2C)cc1,"Polyurethanes/thiourethanes, Polyimines"
P110069,11443,0,Polyaddition,CC1=C(C=C(C=C1)N=C=O)N=C=O,,*CC1CC1COC(=O)Nc1ccc(C)c(NC(=O)O*)c1,Polyurethanes/thiourethanes
P110069,11443,10964425,Polyaddition,CC1=C(C=C(C=C1)N=C=O)N=C=O,C1[C@@H]([C@@H]1CO)CO,*CC1CC1COC(=O)Nc1ccc(C)c(NC(=O)O*)c1,Polyurethanes/thiourethanes
P373610,11443,459111,Addition_polymerization,CC1=C(C=C(C=C1)N=C=O)N=C=O,C1=CC(=CC=C1C2=CSC(=N2)N)OC3=CC=C(C=C3)C4=CSC(=N4)N,*c1ccc(Oc2ccc(-c3csc(NC(=O)Nc4ccc(C)c(NC(=O)Nc5nc(*)cs5)c4)n3)cc2)cc1,"Polyoxides/ethers/acetals, Polysulfides, Polyureas/thioureas, Polyimines"
P412121,11443,18471975,Polyaddition,CC1=C(C=C(C=C1)N=C=O)N=C=O,CC1=C(C=CC(=C1)N(CCO)CCO)N=NC2=C(C=C(C=C2)[N+](=O)[O-])C,*CCN(CCOC(=O)Nc1ccc(C)c(NC(=O)O*)c1)c1ccc(/N=N/c2ccc([N+](=O)[O-])cc2C)c(C)c1,"Polyurethanes/thiourethanes, Polyimines"
P392468,11443,101251747,Polyaddition,CC1=C(C=C(C=C1)N=C=O)N=C=O,C1=CC=C(C(=C1)C(=O)[O-])C(=O)OCCCCCO.C1=CC=C(C(=C1)C(=O)[O-])C(=O)OCCCCCO.[Pb+2],*CCCCCOC(=O)c1ccccc1C(=O)O[Pb]OC(=O)c1ccccc1C(=O)OCCCCCOC(=O)Nc1ccc(C)c(NC(=O)O*)c1,"Polyesters/thioesters, Polyurethanes/thiourethanes"
P412231,11443,6787876,Polyaddition,CC1=C(C=C(C=C1)N=C=O)N=C=O,C1=CC(=O)C=CC1=NC=CNC2=CC=C(C=C2)O,*Oc1ccc(/N=C/C=N/c2ccc(OC(=O)Nc3cc(NC(*)=O)ccc3C)cc2)cc1,"Polyurethanes/thiourethanes, Polyimines"
P412037,11443,0,Polyaddition,CC1=C(C=C(C=C1)N=C=O)N=C=O,,*CCN(CCOC(=O)Nc1ccc(C)c(NC(=O)O*)c1)CCC(=O)Nc1ccc(/N=N/c2ccccc2)cc1,"Polyurethanes/thiourethanes, Polyimines"
P070452,11443,8172,Polyaddition,CC1=C(C=C(C=C1)N=C=O)N=C=O,C(COCCOCCO)O,*CCCOCCOCCOC(=O)Nc1ccc(C)c(NC(=O)O*)c1,"Polyoxides/ethers/acetals, Polyurethanes/thiourethanes"
P390126,11506,0,Polycondensation,C1=CC(=CC=C1CO)CO,,*Cc1ccc(COC(=O)c2cccc(Cc3cccc(C(=O)O*)c3)c2)cc1,Polyesters/thioesters
P392085,11568,301652,Polycondensation,C1=CC(=CC(=C1)O)N,C[Si](C)(C1=CC=C(C=C1)C(=O)Cl)C2=CC=C(C=C2)C(=O)Cl,*Oc1cccc(NC(=O)c2ccc([Si](C)(C)c3ccc(C(*)=O)cc3)cc2)c1,"Polyesters/thioesters, Polyamides/thioamides, Polysiloxanes/silanes"
P010007,11597,0,Addition_polymerization,CCCCC=C,,*CC(*)CCCC,Polyolefins
P080037,11598,79148,Polyaddition,C=CCCC=C,C(CCS)CS,*CCCCCCSCCCCS*,Polysulfides
P080037,13403202,12368,Polycondensation,C(CC[S-])C[S-].[Na+].[Na+],C(CCCBr)CCBr,*CCCCCCSCCCCS*,Polysulfides
P490017,11598,712,Addition_polymerization,C=CCCC=C,C=O,*CC(=O)C1CCC(*)C(=O)C1,	Polyketones/thioketones
P010009,11610,0,Addition_polymerization,CCCCCC=C,,*CC(*)CCCCC,Polyolefins
P100152,11741,2266,Polycondensation,C1=CC(=CC(=C1)S(=O)(=O)C2=CC=CC(=C2)N)N,C(CCCC(=O)O)CCCC(=O)O,*c1cccc(NC(=O)CCCCCCCC(=O)Nc2cccc(S(*)(=O)=O)c2)c1,"Polyamides/thioamides, Polysulfones/sulfoxides/sufonates/sulfoamides"
P430100,11741,102401579,Polycondensation,C1=CC(=CC(=C1)S(=O)(=O)C2=CC=CC(=C2)N)N,C1=CC(=CC=C1C(=O)Cl)N2C(=O)C3=C(C2=O)C=C(C=C3)C4=CC5=C(C=C4)C(=O)N(C5=O)C6=CC=C(C=C6)C(=O)Cl,*c1ccc(C(=O)Nc2cccc(S(=O)(=O)c3cccc(NC(=O)c4ccc(N5C(=O)c6ccc(-c7ccc8c(c7)C(=O)N(*)C8=O)cc6C5=O)cc4)c3)c2)cc1,"Polyimides/thioimides, Polyamides/thioamides, Polysulfones/sulfoxides/sufonates/sulfoamides"
P430114,11741,102401581,Polycondensation,C1=CC(=CC(=C1)S(=O)(=O)C2=CC=CC(=C2)N)N,C1=CC(=C2C(=C1)C(=O)N(C2=O)C3=CC=C(C=C3)C(=O)Cl)C4=CC5=C(C=C4)C(=O)N(C5=O)C6=CC=C(C=C6)C(=O)Cl,*c1ccc(C(=O)Nc2cccc(S(=O)(=O)c3cccc(NC(=O)c4ccc(N5C(=O)c6ccc(-c7cccc8c7C(=O)N(*)C8=O)cc6C5=O)cc4)c3)c2)cc1,"Polyimides/thioimides, Polyamides/thioamides, Polysulfones/sulfoxides/sufonates/sulfoamides"
P100157,11741,12736,Polycondensation,C1=CC(=CC(=C1)S(=O)(=O)C2=CC=CC(=C2)N)N,C(CCCCCC(=O)O)CCCCC(=O)O,*c1cccc(NC(=O)CCCCCCCCCCC(=O)Nc2cccc(S(*)(=O)=O)c2)c1,"Polyamides/thioamides, Polysulfones/sulfoxides/sufonates/sulfoamides"
P430044,11741,89309911,Polycondensation,C1=CC(=CC(=C1)S(=O)(=O)C2=CC=CC(=C2)N)N,CCOC(=O)C1=C(C=CC(=C1)C(C2=CC(=C(C=C2)C(=O)O)C(=O)OCC)(C(F)(F)F)C(F)(F)F)C(=O)O,*c1ccc2c(c1)C(=O)N(c1cccc(S(=O)(=O)c3cccc(N4C(=O)c5ccc(C(*)(C(F)(F)F)C(F)(F)F)cc5C4=O)c3)c1)C2=O,"Polyimides/thioimides, Polysulfones/sulfoxides/sufonates/sulfoamides"
P430044,70677,11741,Polycondensation,C1=CC2=C(C=C1C(C3=CC4=C(C=C3)C(=O)OC4=O)(C(F)(F)F)C(F)(F)F)C(=O)OC2=O,C1=CC(=CC(=C1)S(=O)(=O)C2=CC=CC(=C2)N)N,*c1ccc2c(c1)C(=O)N(c1cccc(S(=O)(=O)c3cccc(N4C(=O)c5ccc(C(*)(C(F)(F)F)C(F)(F)F)cc5C4=O)c3)c1)C2=O,"Polyimides/thioimides, Polysulfones/sulfoxides/sufonates/sulfoamides"
P430044,70677,11741,Polyaddition/Polymer_reaction,C1=CC2=C(C=C1C(C3=CC4=C(C=C3)C(=O)OC4=O)(C(F)(F)F)C(F)(F)F)C(=O)OC2=O,C1=CC(=CC(=C1)S(=O)(=O)C2=CC=CC(=C2)N)N,*c1ccc2c(c1)C(=O)N(c1cccc(S(=O)(=O)c3cccc(N4C(=O)c5ccc(C(*)(C(F)(F)F)C(F)(F)F)cc5C4=O)c3)c1)C2=O,"Polyimides/thioimides, Polysulfones/sulfoxides/sufonates/sulfoamides"
P430122,11741,102068474,Polycondensation,C1=CC(=CC(=C1)S(=O)(=O)C2=CC=CC(=C2)N)N,C1=CC(=CC(=C1)N2C(=O)C3=C(C2=O)C=C(C=C3)C4=C5C(=CC=C4)C(=O)N(C5=O)C6=CC=CC(=C6)C(=O)O)C(=O)O,*c1cccc(C(=O)Nc2cccc(S(=O)(=O)c3cccc(NC(=O)c4cccc(N5C(=O)c6ccc(-c7cccc8c7C(=O)N(*)C8=O)cc6C5=O)c4)c3)c2)c1,"Polyimides/thioimides, Polyamides/thioamides, Polysulfones/sulfoxides/sufonates/sulfoamides"
P100162,11741,5192,Polycondensation,C1=CC(=CC(=C1)S(=O)(=O)C2=CC=CC(=C2)N)N,C(CCCCC(=O)O)CCCC(=O)O,*c1cccc(NC(=O)CCCCCCCCC(=O)Nc2cccc(S(*)(=O)=O)c2)c1,"Polyamides/thioamides, Polysulfones/sulfoxides/sufonates/sulfoamides"
P462139,11844,0,Polycondensation,C1=CC(=C(C(=C1)Cl)Cl)N,,*Nc1ccc(*)c(Cl)c1Cl,Polyimines
P462389,11978,0,Addition_polymerization,CC1=CC2=C(C=C1)NC=C2,,*C1Nc2ccc(C)cc2C1*,Polyimines
P380049,12024,0,Addition_polymerization,CC1=CSC=C1,,*C1C=C(C)C(*)S1,Polysulfides
P430435,12062,15027174,Polycondensation,C1=C(C=C(C=C1N)N)C(=O)O,C1=C2C(=CC(=C1C(=O)C3=C(C=C4C(=C3)C(=O)OC4=O)Cl)Cl)C(=O)OC2=O,*C(=O)c1cc2c(cc1Cl)C(=O)N(c1cc(C(=O)O)cc(N3C(=O)c4cc(*)c(Cl)cc4C3=O)c1)C2=O,"Polyimides/thioimides, Polyketones/thioketones"
P150073,12111,10040,Polycondensation,C1=CC(=CC=C1CC2=CC=C(C=C2)O)O,C(=S)(Cl)Cl,*Oc1ccc(Cc2ccc(OC(*)=S)cc2)cc1,Polycarbonates/thiocarbonates
P090040,12111,7451,Polycondensation,C1=CC(=CC=C1CC2=CC=C(C=C2)O)O,C1=CC(=CC(=C1)C(=O)Cl)C(=O)Cl,*Oc1ccc(Cc2ccc(OC(=O)c3cccc(C(*)=O)c3)cc2)cc1,Polyesters/thioesters
P370599,12111,22023798,Polycondensation,C1=CC(=CC=C1CC2=CC=C(C=C2)O)O,C1=CC(=CC(=C1)C(=O)C2=CC=C(C=C2)Cl)C(=O)C3=CC=C(C=C3)Cl,*Oc1ccc(C(=O)c2cccc(C(=O)c3ccc(Oc4ccc(Cc5ccc(*)cc5)cc4)cc3)c2)cc1,"Polyoxides/ethers/acetals, Polyketones/thioketones"
P500009,12111,3368486,Polycondensation,C1=CC(=CC=C1CC2=CC=C(C=C2)O)O,C1=CC(=CC=C1CC2=CC=C(C=C2)S(=O)(=O)Cl)S(=O)(=O)Cl,*OS(=O)(=O)c1ccc(Cc2ccc(S(=O)(=O)Oc3ccc(Cc4ccc(*)cc4)cc3)cc2)cc1,Polysulfones/sulfoxides/sufonates/sulfoamides
P462043,12138,31214,Polycondensation,C1=CC(=CC=C1CCC2=CC=C(C=C2)N)N,CCOC(OCC)OCC,*=CNc1ccc(CCc2ccc(N=*)cc2)cc1,Polyimines
P400250,12138,7451,Polycondensation,C1=CC(=CC=C1CCC2=CC=C(C=C2)N)N,C1=CC(=CC(=C1)C(=O)Cl)C(=O)Cl,*Nc1ccc(CCc2ccc(NC(=O)c3cccc(C(*)=O)c3)cc2)cc1,Polyamides/thioamides
P422019,12138,102249732,Polyaddition,C1=CC(=CC=C1CCC2=CC=C(C=C2)N)N,C1=CC=C(C(=C1)CCC2=CC=C(C=C2)N=C=O)N=C=O,*Nc1ccccc1CCc1ccc(NC(=O)Nc2ccc(CCc3ccc(NC(*)=O)cc3)cc2)cc1,Polyureas/thioureas
P422019,18793326,98619,Polyaddition,C1=CC=C(C(=C1)CCC2=CC=C(C=C2)N)N,C1=CC(=CC=C1CCC2=CC=C(C=C2)N=C=O)N=C=O,*Nc1ccccc1CCc1ccc(NC(=O)Nc2ccc(CCc3ccc(NC(*)=O)cc3)cc2)cc1,Polyureas/thioureas
P020041,12161,0,Addition_polymerization,CC1=CC=C(C=C1)C=C,,*CC(*)c1ccc(C)cc1,"Polystyrenes, Polyvinyls"
P372808,12161,0,Addition_polymerization,CC1=CC=C(C=C1)C=C,,*CC(OO*)c1ccc(C)cc1,Polyoxides/ethers/acetals
P470120,12173,0,Polycondensation,C1=CC(=CC=C1C=O)C=O,,*c1ccc(/C=C/c2ccc(/C=C/c3ccc([Si](*)(CCCC)CCCC)cc3)cc2)cc1,Polysiloxanes/silanes
P430036,12173,101718075,Polycondensation,C1=CC(=CC=C1C=O)C=O,C1C(=O)N(C(=S)S1)CCCCCCCCCCCCN2C(=O)CSC2=S,*CCCCCCCCCCCCN1C(=O)/C(=C\c2ccc(/C=C3/SC(=S)N(*)C3=O)cc2)SC1=S,"Polyimides/thioimides, Polyurethanes/thiourethanes"
P390085,12204,7896,Polycondensation,CCOC(=O)CCCCCCCC(=O)OCC,CC(CCO)O,*OC(C)CCOC(=O)CCCCCCCC(*)=O,Polyesters/thioesters
P390085,2266,7896,Polycondensation,C(CCCC(=O)O)CCCC(=O)O,CC(CCO)O,*OC(C)CCOC(=O)CCCCCCCC(*)=O,Polyesters/thioesters
P390100,12292,8064,Polycondensation,CC(CCC(=O)O)CC(=O)O,C(CCO)CO,*CCCCOC(=O)CCC(C)CC(=O)O*,Polyesters/thioesters
P372966,12292,102063620,Polycondensation,CC(CCC(=O)O)CC(=O)O,C1=CC(=CC=C1N[N+](=O)C2=CC=C(C=C2)O)O,*Oc1ccc(-n2on2-c2ccc(OC(=O)CC(C)CCC(*)=O)cc2)cc1,"Polyoxides/ethers/acetals, Polyesters/thioesters, Polyimines"
P390101,12292,8105,Polycondensation,CC(CCC(=O)O)CC(=O)O,C(CCO)CCO,*CCCCCOC(=O)CCC(C)CC(=O)O*,Polyesters/thioesters
P390071,12292,82437,Polycondensation,CC(CCC(=O)O)CC(=O)O,CC(=O)OC1=CC=C(C=C1)C(C)(C)C2=CC=C(C=C2)OC(=O)C,*Oc1ccc(C(C)(C)c2ccc(OC(=O)CC(C)CCC(*)=O)cc2)cc1,Polyesters/thioesters
P090223,12292,37153,Polycondensation,CC(CCC(=O)O)CC(=O)O,C(CCCCCO)CCCCO,*CCCCCCCCCCOC(=O)CCC(C)CC(=O)O*,Polyesters/thioesters
P390099,12292,10442,Polycondensation,CC(CCC(=O)O)CC(=O)O,C(CO)CO,*CCCOC(=O)CCC(C)CC(=O)O*,Polyesters/thioesters
P090252,12292,4134690,Polycondensation,CC(CCC(=O)O)CC(=O)O,C(CCCCCCCCCCO)CCCCCCCCCO,*CCCCCCCCCCCCCCCCCCCCOC(=O)CCC(C)CC(=O)O*,Polyesters/thioesters
P370075,12292,8117,Polycondensation,CC(CCC(=O)O)CC(=O)O,C(COCCO)O,*CCOCCOC(=O)CCC(C)CC(=O)O*,"Polyoxides/ethers/acetals, Polyesters/thioesters"
P070065,12374,0,Polycondensation,C(CCCO)CCO,,*CCCCCCO*,Polyoxides/ethers/acetals
P110025,12374,11948527,Polyaddition,C(CCCO)CCO,C(CN=C=O)CN=C=O,*CCCCCCOC(=O)NCCCNC(=O)O*,Polyurethanes/thiourethanes
P370658,12374,44720398,Polycondensation,C(CCCO)CCO,C1CC1(CI)CI,*CCCCCCOCC1(CO*)CC1,Polyoxides/ethers/acetals
P392345,12374,102078490,Polycondensation,C(CCCO)CCO,CCOC1=CC=C(C=C1)N=NC2=CC(=C(C=C2)C3=C(C=C(C=C3)N=NC4=CC=C(C=C4)OCC)C(=O)Cl)C(=O)Cl,*CCCCCCOC(=O)c1cc(/N=N/c2ccc(OCC)cc2)ccc1-c1ccc(/N=N/c2ccc(OCC)cc2)cc1C(=O)O*,Polyesters/thioesters
P373192,12374,101253854,Polycondensation,C(CCCO)CCO,C1C(C2C(O1)C(CO2)OC(=O)OC3=CC=C(C=C3)[N+](=O)[O-])OC(=O)OC4=CC=C(C=C4)[N+](=O)[O-],*OC(=O)OCCCCCCOC(=O)OC1COC2C(*)COC12,"Polyoxides/ethers/acetals, Polycarbonates/thiocarbonates"
P390296,12374,11004750,Polycondensation,C(CCCO)CCO,C1=CC(=CC=C1C(=O)OC2=CC=C(C=C2)C(=O)Cl)C(=O)OC3=CC=C(C=C3)C(=O)Cl,*Oc1ccc(C(=O)OCCCCCCOC(=O)c2ccc(OC(=O)c3ccc(C(*)=O)cc3)cc2)cc1,Polyesters/thioesters
P070092,12374,17379,Polycondensation,C(CCCO)CCO,CCCCOCOCCCC,*CCCCCCOCO*,Polyoxides/ethers/acetals
P373721,12374,11443,Polyaddition,C(CCCO)CCO,,*CCCCCCOC(=O)Nc1cc(NC(=O)OCCCCCCOC(=O)Nc2ccc(C)c(NC(=O)OCCCCCCOc3ccc(-c4ccc(O*)cc4)cc3)c2)ccc1C,"Polyoxides/ethers/acetals, Polyurethanes/thiourethanes"
P382134,12374,100958821,Polycondensation,C(CCCO)CCO,C1=CC(=CC=C1C2=NN=C(S2)C3=CC=C(C=C3)C(=O)Cl)C(=O)Cl,*c1ccc(C(=O)OCCCCCCOC(=O)c2ccc(-c3nnc(*)s3)cc2)cc1,"Polysulfides, Polyesters/thioesters, Polyimines"
P390322,12374,85795161,Polycondensation,C(CCCO)CCO,CCCOC(=O)C1=CC=C(C=C1)C2=CC=C(C=C2)C3=CC=C(C=C3)C(=O)OCCC,*CCCCCCOC(=O)c1ccc(-c2ccc(-c3ccc(C(=O)O*)cc3)cc2)cc1,Polyesters/thioesters
P390108,12374,637665,Polycondensation,C(CCCO)CCO,C(CCC(=O)Cl)CCN=C=O,*CCCCCCOC(=O)CCCCCNC(=O)O*,"Polyesters/thioesters, Polyurethanes/thiourethanes"
P390281,12381,11004750,Polycondensation,C(CCCO)CCCO,C1=CC(=CC=C1C(=O)OC2=CC=C(C=C2)C(=O)Cl)C(=O)OC3=CC=C(C=C3)C(=O)Cl,*Oc1ccc(C(=O)OCCCCCCCOC(=O)c2ccc(OC(=O)c3ccc(C(*)=O)cc3)cc2)cc1,Polyesters/thioesters
P312012,12395,7845,Addition_polymerization/Polymer_reaction,CCCCCCCCCCCCCCC=C,C=CC=C,*CCCCCC(*)CCCCCCCCCCCCCC,Polyolefins
P020112,12507,0,Addition_polymerization,COC1=CC=C(C=C1)C=C,,*CC(*)c1ccc(OC)cc1,"Polystyrenes, Polyvinyls"
P462365,12561,0,Polycondensation,CC(C)C1=CC=CC=C1N,,*Nc1ccc(*)cc1C(C)C,Polyimines
P210003,12648,0,Polycondensation,CC(C1=CC=CC=C1)Cl,,*c1ccc(C(*)C)cc1,Polyphenylenes
P010018,12724,0,Addition_polymerization,CC(C)CC=C,,*CCCC(*)(C)C,Polyolefins
P090193,12736,10442,Polycondensation,C(CCCCCC(=O)O)CCCCC(=O)O,C(CO)CO,*CCCOC(=O)CCCCCCCCCCC(=O)O*,Polyesters/thioesters
P140007,12736,0,Polycondensation,C(CCCCCC(=O)O)CCCCC(=O)O,,*OC(=O)CCCCCCCCCCC(*)=O,Polyanhydrides/thioanhydrides
P372962,12736,102063620,Polycondensation,C(CCCCCC(=O)O)CCCCC(=O)O,C1=CC(=CC=C1N[N+](=O)C2=CC=C(C=C2)O)O,*Oc1ccc(-n2on2-c2ccc(OC(=O)CCCCCCCCCCC(*)=O)cc2)cc1,"Polyoxides/ethers/acetals, Polyesters/thioesters, Polyimines"
P390086,12736,7896,Polycondensation,C(CCCCCC(=O)O)CCCCC(=O)O,CC(CCO)O,*OC(C)CCOC(=O)CCCCCCCCCCC(*)=O,Polyesters/thioesters
P390086,82650,7896,Polycondensation,CCOC(=O)CCCCCCCCCCC(=O)OCC,CC(CCO)O,*OC(C)CCOC(=O)CCCCCCCCCCC(*)=O,Polyesters/thioesters
P010025,12757,0,Addition_polymerization,C=CC1CCCCC1,,*CC(*)C1CCCCC1,Polyolefins
P433051,12799,102028021,Polycondensation,C1CCC2(CC1)C(=O)NC(=O)N2,CC(C(=O)Cl)N1C(=O)C2=CC3=C(C=C2C1=O)C(=O)N(C3=O)C(C)C(=O)Cl,*C(C)C(=O)N1C(=O)N(C(=O)C(C)n2c(=O)c3cc4c(=O)n(*)c(=O)c4cc3c2=O)C(=O)C12CCCCC2,"Polyimides/thioimides, Polyureas/thioureas, Polyketones/thioketones"
P010055,12984,0,Addition_polymerization,CC(C)(C)CC=C,,*CC(*)CC(C)(C)C,Polyolefins
P030026,13037,0,Addition_polymerization,C=COC(=O)C1=CC=CC=C1,,*CC(*)OC(=O)c1ccccc1,Polyvinyls
P372385,13084,100979483,Polycondensation,C1=CC(=CC=C1C2=CC=C(C=C2)C(=O)O)C(=O)O,C1CC2CC1CC2(C3=CC=C(C=C3)OC4=CC=C(C=C4)N)C5=CC=C(C=C5)OC6=CC=C(C=C6)N,*Oc1ccc(NC(=O)c2ccc(-c3ccc(C(=O)Nc4ccc(Oc5ccc(C6(c7ccc(*)cc7)CC7CCC6C7)cc5)cc4)cc3)cc2)cc1,"Polyoxides/ethers/acetals, Polyamides/thioamides"
P402248,13084,57701293,Polycondensation,C1=CC(=CC=C1C2=CC=C(C=C2)C(=O)O)C(=O)O,C1=CC=C2C(=C1)C3=CC=CC=C3P(=O)(O2)C(C4=CC=C(C=C4)N)(C5=CC=C(C=C5)N)P6(=O)C7=CC=CC=C7C8=CC=CC=C8O6,*Nc1ccc(C(c2ccc(NC(=O)c3ccc(-c4ccc(C(*)=O)cc4)cc3)cc2)(P2(=O)Oc3ccccc3-c3ccccc32)P2(=O)Oc3ccccc3-c3ccccc32)cc1,Polyamides/thioamides
P090276,13084,174,Polycondensation,C1=CC(=CC=C1C2=CC=C(C=C2)C(=O)O)C(=O)O,C(CO)O,*CCOC(=O)c1ccc(-c2ccc(C(=O)O*)cc2)cc1,Polyesters/thioesters
P090383,13099,8105,Polycondensation,COC(=O)C1=CC=C(C=C1)C2=CC=C(C=C2)C(=O)OC,C(CCO)CCO,*CCCCCOC(=O)c1ccc(-c2ccc(C(=O)O*)cc2)cc1,Polyesters/thioesters
P090383,261553,8105,Polycondensation,CCOC(=O)C1=CC=C(C=C1)C2=CC=C(C=C2)C(=O)OCC,C(CCO)CCO,*CCCCCOC(=O)c1ccc(-c2ccc(C(=O)O*)cc2)cc1,Polyesters/thioesters
P090367,13099,69420,Polycondensation,COC(=O)C1=CC=C(C=C1)C2=CC=C(C=C2)C(=O)OC,C(CCCCO)CCCO,*CCCCCCCCOC(=O)c1ccc(-c2ccc(C(=O)O*)cc2)cc1,Polyesters/thioesters
P392398,13185,82184,Polycondensation,C(CCCCCCC(=O)O)CCCCCC(=O)O,C(CCCCCCCCO)CCCCCCCO,*CCCCCCCCCCCCCCCCOC(=O)CCCCCCCCCCCCC(=O)O*,Polyesters/thioesters
P392397,13185,92866,Polycondensation,C(CCCCCCC(=O)O)CCCCCC(=O)O,CCCCCCCCCCC(CO)O,*CCCCCCCCCCCCOC(=O)CCCCCCCCCCCCC(=O)O*,Polyesters/thioesters
P392464,13192,101251747,Polyaddition,C(CCCN=C=O)CCN=C=O,C1=CC=C(C(=C1)C(=O)[O-])C(=O)OCCCCCO.C1=CC=C(C(=C1)C(=O)[O-])C(=O)OCCCCCO.[Pb+2],*CCCCCOC(=O)c1ccccc1C(=O)O[Pb]OC(=O)c1ccccc1C(=O)OCCCCCOC(=O)NCCCCCCNC(=O)O*,"Polyesters/thioesters, Polyurethanes/thiourethanes"
P422048,13192,8861,Polyaddition,C(CCCN=C=O)CCN=C=O,C1=CC(=NC(=C1)N)N,*NC(=O)NCCCCCCNC(=O)Nc1cccc(*)n1,"Polyureas/thioureas, Polyimines"
P433434,13192,0,Polyaddition,C(CCCN=C=O)CCN=C=O,,*C(CC)COC(=O)NCCCCCCNC(=O)OCC(CC)n1c(=O)c2cc3c(=O)n(*)c(=O)c3cc2c1=O,"Polyimides/thioimides, Polyurethanes/thiourethanes"
P110045,13192,10964425,Polyaddition,C(CCCN=C=O)CCN=C=O,C1C(C1CO)CO,*CC1CC1COC(=O)NCCCCCCNC(=O)O*,Polyurethanes/thiourethanes
P412192,13192,71387839,Polyaddition,C(CCCN=C=O)CCN=C=O,C1=CC(=CC=C1N=NC2=CC=C(C=C2)F)N(CCO)CCO,*CCN(CCOC(=O)NCCCCCCNC(=O)O*)c1ccc(/N=N/c2ccc(F)cc2)cc1,"Polyurethanes/thiourethanes, Polyimines"
P402184,13192,102372310,Polycondensation,C(CCCN=C=O)CCN=C=O,C1=CC=C(C=C1)C=CC(=O)OC2=CC(=CC(=C2)C(=O)O)C(=O)O,*CCCCCCNC(=O)c1cc(OC(=O)/C=C/c2ccccc2)cc(C(=O)N*)c1,Polyamides/thioamides
P410024,13192,15348370,Polyaddition,C(CCCN=C=O)CCN=C=O,CC(CN(C)C)(CO)CO,*CC(C)(COC(=O)NCCCCCCNC(=O)O*)CN(C)C,Polyurethanes/thiourethanes
P412020,13192,102404881,Polyaddition,C(CCCN=C=O)CCN=C=O,C1=CC(=CC=C1C=CC2=CC=C(C=C2)OCCCCCCN(CCO)CCO)[N+](=O)[O-],*CCN(CCCCCCOc1ccc(/C=C/c2ccc([N+](=O)[O-])cc2)cc1)CCOC(=O)NCCCCCCNC(=O)O*,"Polyurethanes/thiourethanes, Polyimines"
P010013,13381,0,Addition_polymerization,CCCCCCCCC=C,,*CC(*)CCCCCCCC,Polyolefins
P040004,13550,0,Addition_polymerization,CCCOC(=O)C=C,,*CC(*)C(=O)OCCC,"Polyacrylics, Polyvinyls"
P060020,13555,0,Addition_polymerization,CC(=CC=C)C,,*CC(*)C=C(C)C,Polydienes
P034502,13585,0,Addition_polymerization,CCCCCCCCCCCCCCCCCCOC=C,,*CC(*)OCCCCCCCCCCCCCCCCCC,Polyvinyls
P070021,13589,0,Ring_opening_polymerization,COCC1CO1,,*CC(COC)O*,Polyoxides/ethers/acetals
P080007,14072,0,Ring_opening_polymerization,CC1CS1,,*CC(C)S*,Polysulfides
P372268,14116,9582,Polycondensation,C1=CC=C(C=C1)C2=C(C=CC(=C2)O)O,C1=CC(=CC=C1C(=O)C2=CC=C(C=C2)F)F,*Oc1ccc(Oc2ccc(C(=O)c3ccc(*)cc3)cc2)cc1-c1ccccc1,"Polyoxides/ethers/acetals, Polyketones/thioketones"
P392519,14116,11004750,Polycondensation,C1=CC=C(C=C1)C2=C(C=CC(=C2)O)O,C1=CC(=CC=C1C(=O)OC2=CC=C(C=C2)C(=O)Cl)C(=O)OC3=CC=C(C=C3)C(=O)Cl,*Oc1ccc(OC(=O)c2ccc(OC(=O)c3ccc(C(=O)Oc4ccc(C(*)=O)cc4)cc3)cc2)cc1-c1ccccc1,Polyesters/thioesters
P312011,14260,7845,Addition_polymerization/Polymer_reaction,CCCCCCCCCCCCC=C,C=CC=C,*CCCCCC(*)CCCCCCCCCCCC,Polyolefins
P372496,14357,399966,Polycondensation,C1=CC2=C(C=CC(=C2)C(=O)O)C=C1C(=O)O,C1C2CC3CC1CC(C2)C3(C4=CC=C(C=C4)OC5=CC=C(C=C5)N)C6=CC=C(C=C6)OC7=CC=C(C=C7)N,*Oc1ccc(NC(=O)c2ccc3cc(C(=O)Nc4ccc(Oc5ccc(C6(c7ccc(*)cc7)C7CC8CC(C7)CC6C8)cc5)cc4)ccc3c2)cc1,"Polyoxides/ethers/acetals, Polyamides/thioamides"
P402290,14357,101771601,Polycondensation,C1=CC2=C(C=CC(=C2)C(=O)O)C=C1C(=O)O,C1=CC=C(C=C1)C(=O)C=CC2=CC=C(C=C2)OCCOC(=O)C3=CC(=CC(=C3)N)N,*Nc1cc(NC(=O)c2ccc3cc(C(*)=O)ccc3c2)cc(C(=O)OCCOc2ccc(/C=C/C(=O)c3ccccc3)cc2)c1,Polyamides/thioamides
P080038,14491,101059139,Polycondensation,C(CCCS)CCS,C1=CC=C(C=C1)COC(=O)SSCCCCSSC(=O)OCC2=CC=CC=C2,*CCCCCCSSCCCCSS*,Polysulfides
P080038,79148,101717379,Polycondensation,C(CCS)CS,C(CCCSSC(=O)Cl)CCSSC(=O)Cl,*CCCCCCSSCCCCSS*,Polysulfides
P432008,14550,7501,Addition_polymerization,C1=CC=C(C(=C1)N2C(=O)C=CC2=O)Cl,C=CC1=CC=CC=C1,*CC(c1ccccc1)C1C(=O)N(c2ccccc2Cl)C(=O)C1*,Polyimides/thioimides
P362030,14896,0,Ring_opening_polymerization,CC1(C2CCC(=C)C1C2)C,,*CC(C)(C)C1CC=C(*)CC1,Polydienes
P372257,15088,17472,Polycondensation,COC(=O)C1=CC(=CC=C1)C(=O)OC,C(COCCOCCOCCOCCOCCO)O,*CCOCCOCCOCCOCCOCCOC(=O)c1cccc(C(=O)O*)c1,"Polyoxides/ethers/acetals, Polyesters/thioesters"
P373217,15088,101348974,Polycondensation,COC(=O)C1=CC(=CC=C1)C(=O)OC,C1=CC(=CC(=C1)OCCCCCCCCCCCO)C2=NN=C(S2)C3=NN=C(S3)C4=CC(=CC=C4)OCCCCCCCCCCCO,*c1cccc(OCCCCCCCCCCCOC(=O)c2cccc(C(=O)OCCCCCCCCCCCOc3cccc(-c4nnc(-c5nnc(*)s5)s4)c3)c2)c1,"Polyoxides/ethers/acetals, Polysulfides, Polyesters/thioesters, Polyimines"
P390184,15088,69420,Polycondensation,COC(=O)C1=CC(=CC=C1)C(=O)OC,C(CCCCO)CCCO,*CCCCCCCCOC(=O)c1cccc(C(=O)O*)c1,Polyesters/thioesters
P090467,15088,7896,Polycondensation,COC(=O)C1=CC(=CC=C1)C(=O)OC,CC(CCO)O,*OC(C)CCOC(=O)c1cccc(C(*)=O)c1,Polyesters/thioesters
P070535,15088,8172,Polycondensation,COC(=O)C1=CC(=CC=C1)C(=O)OC,C(COCCOCCO)O,*CCOCCOCCOC(=O)c1cccc(C(=O)O*)c1,"Polyoxides/ethers/acetals, Polyesters/thioesters"
P090163,15088,8105,Polycondensation,COC(=O)C1=CC(=CC=C1)C(=O)OC,C(CCO)CCO,*CCCCCOC(=O)c1cccc(C(=O)O*)c1,Polyesters/thioesters
P090028,15088,174,Polycondensation,COC(=O)C1=CC(=CC=C1)C(=O)OC,C(CO)O,*CCOC(=O)c1cccc(C(=O)O*)c1,Polyesters/thioesters
P090028,8496,174,Polycondensation,C1=CC(=CC(=C1)C(=O)O)C(=O)O,C(CO)O,*CCOC(=O)c1cccc(C(=O)O*)c1,Polyesters/thioesters
P400204,15123,0,Addition_polymerization,C=CCN=C=O,,*C(=O)N(*)CC=C,Polyamides/thioamides
P100051,15133,75379,Polycondensation,C1=CC(=CC(=C1)CN)CN,CC(C)(C)C1=CC(=CC(=C1)C(=O)O)C(=O)O,*Cc1cccc(CNC(=O)c2cc(C(=O)N*)cc(C(C)(C)C)c2)c1,Polyamides/thioamides
P462155,15143,0,Polycondensation,C=CN1C2=CC=CC=C2C3=CC=CC=C31,,*c1ccc2c(c1)c1cc(*)ccc1n2C=C,Polyimines
P330057,15143,0,Addition_polymerization,C=CN1C2=CC=CC=C2C3=CC=CC=C31,,*CC(*)n1c2ccccc2c2cc3ccccc3cc21,Polyvinyls
P030015,15143,0,Addition_polymerization,C=CN1C2=CC=CC=C2C3=CC=CC=C31,,*CC(*)n1c2ccccc2c2ccccc21,Polyvinyls
P370068,15145,0,Addition_polymerization,CC1=CCCO1,,*C1CCOC1(*)C,Polyoxides/ethers/acetals
P332067,15394,0,Addition_polymerization/Polymer_reaction,CCC(=O)C=C,,*/C=C(/*)C(=O)CC,Polyvinyls
P432380,15399,0,Addition_polymerization/Polymer_reaction,CC1=CC=C(C=C1)N2C(=O)C=CC2=O,,*C1C(=O)N(c2ccc(COC(C)(C)C)cc2)C(=O)C1*,Polyimides/thioimides
P070442,15452,56980992,Polycondensation,C(COCCC#N)C#N,CC1=C(C(=C(C(=C1COC(=O)C)C)C)COC(=O)C)C,*CCC(=O)NCc1c(C)c(C)c(CNC(=O)CCO*)c(C)c1C,"Polyoxides/ethers/acetals, Polyamides/thioamides"
P040010,15458,0,Addition_polymerization,CC(C)(C)OC(=O)C=C,,*CC(*)C(=O)OC(C)(C)C,"Polyacrylics, Polyvinyls"
P470055,15589,0,Polycondensation,CC[Si](CC)(Cl)Cl,,*[Si](*)(CC)CC,Polysiloxanes/silanes
P090091,15596,0,Ring_opening_polymerization,C1CCCCCCOC(=O)CCCCC1,,*CCCCCCCCCCCCC(=O)O*,Polyesters/thioesters
P490010,15627,712,Polyaddition,CC(C)(C)C1=CC=C(C=C1)C=C,C=O,*CC(=O)C(*)c1ccc(C(C)(C)C)cc1,	Polyketones/thioketones
P490010,15627,712,Polycondensation,CC(C)(C)C1=CC=C(C=C1)C=C,C=O,*CC(=O)C(*)c1ccc(C(C)(C)C)cc1,	Polyketones/thioketones
P312002,15627,0,Addition_polymerization/Polymer_reaction,CC(C)(C)C1=CC=C(C=C1)C=C,,*CC(*)C1CCC(C(C)(C)C)CC1,Polyolefins
P100059,15660,12736,Polycondensation,C1CC(CCC1CC2CCC(CC2)N)N,C(CCCCCC(=O)O)CCCCC(=O)O,*NC1CCC(CC2CCC(NC(=O)CCCCCCCCCCC(*)=O)CC2)CC1,Polyamides/thioamides
P402023,15660,102403734,Polycondensation,C1CC(CCC1CC2CCC(CC2)N)N,CCCCCCCC(CCCCCCC(=O)O)CC(=O)O,*NC1CCC(CC2CCC(NC(=O)C(CCCCCCC)CCCCCCCC(*)=O)CC2)CC1,Polyamides/thioamides
P450034,15735,101717389,Polycondensation,CNC1=CC=C(C=C1)CC2=CC=C(C=C2)NC,C(CCOC(=O)SCl)COC(=O)SCl,*CCCCOC(=O)SN(C)c1ccc(Cc2ccc(N(C)SC(=O)O*)cc2)cc1,"Polycarbonates/thiocarbonates, Polyimines"
P380022,15735,101717379,Polycondensation,CNC1=CC=C(C=C1)CC2=CC=C(C=C2)NC,C(CCCSSC(=O)Cl)CCSSC(=O)Cl,*CCCCCCSSC(=O)N(C)c1ccc(Cc2ccc(N(C)C(=O)SS*)cc2)cc1,"Polysulfides, Polyurethanes/thiourethanes"
P100417,15735,7488,Polycondensation,CNC1=CC=C(C=C1)CC2=CC=C(C=C2)NC,C1=CC(=CC=C1C(=O)Cl)C(=O)Cl,*C(=O)c1ccc(C(=O)N(C)c2ccc(Cc3ccc(N(*)C)cc3)cc2)cc1,Polyamides/thioamides
P462037,15759,0,Polycondensation,CCCC1=CC=CC=C1N,,*Nc1ccc(*)cc1CCC,Polyimines
P090195,15816,10442,Polycondensation,C(CCCCC(=O)O)CCCCC(=O)O,C(CO)CO,*CCCOC(=O)CCCCCCCCCC(=O)O*,Polyesters/thioesters
P140028,15816,0,Polycondensation,C(CCCCC(=O)O)CCCCC(=O)O,,*OC(=O)CCCCCCCCCC(*)=O,Polyanhydrides/thioanhydrides
P040082,15905,0,Addition_polymerization,CC(=C)C(=O)OCCCl,,*CC(*)(C)C(=O)OCCCl,"Polyacrylics, Polyvinyls"
P370428,16043,101922358,Polycondensation,CC(C)(C)C1=C(C=CC(=C1)O)O,C1=CC2=C(C(=C1)C(=O)C3=CC=C(C=C3)F)C(=CC=C2)C(=O)C4=CC=C(C=C4)F,*Oc1ccc(Oc2ccc(C(=O)c3cccc4cccc(C(=O)c5ccc(*)cc5)c34)cc2)cc1C(C)(C)C,"Polyoxides/ethers/acetals, Polyketones/thioketones"
P070305,16069,6371,Polycondensation,C1=CC(=CC=C1O)OC2=CC=C(C=C2)O,C(=O)(Cl)Cl,*Oc1ccc(Oc2ccc(OC(*)=O)cc2)cc1,"Polyoxides/ethers/acetals, Polycarbonates/thiocarbonates"
P070305,16069,94429,Polycondensation,C1=CC(=CC=C1O)OC2=CC=C(C=C2)O,C(=O)(OC(Cl)(Cl)Cl)OC(Cl)(Cl)Cl,*Oc1ccc(Oc2ccc(OC(*)=O)cc2)cc1,"Polyoxides/ethers/acetals, Polycarbonates/thiocarbonates"
P070305,16069,94429,Polycondensation,C1=CC(=CC=C1O)OC2=CC=C(C=C2)O,C(=O)(OC(Cl)(Cl)Cl)OC(Cl)(Cl)Cl,*Oc1ccc(Oc2ccc(OC(*)=O)cc2)cc1,"Polyoxides/ethers/acetals, Polycarbonates/thiocarbonates"
P370224,16069,76950,Polycondensation,C1=CC(=CC=C1O)OC2=CC=C(C=C2)O,C1=CC(=CC=C1C2=CC=C(C=C2)S(=O)(=O)Cl)S(=O)(=O)Cl,*OS(=O)(=O)c1ccc(Oc2ccc(S(=O)(=O)Oc3ccc(Oc4ccc(*)cc4)cc3)cc2)cc1,"Polyoxides/ethers/acetals, Polysulfones/sulfoxides/sufonates/sulfoamides"
P430350,16069,102402965,Polycondensation,C1=CC(=CC=C1O)OC2=CC=C(C=C2)O,CC(C)(C)C1=CC(=CC(=C1)C(=O)N=C=O)C(=O)N=C=O,*Oc1ccc(Oc2ccc(OC(=O)NC(=O)c3cc(C(=O)NC(*)=O)cc(C(C)(C)C)c3)cc2)cc1,"Polyimides/thioimides, Polyoxides/ethers/acetals, Polyurethanes/thiourethanes"
P460095,16081,15549,Polycondensation,CCNC1=NC(=NC(=N1)C2=CC=CC=C2)NCC,C1=CC=C(C=C1)C2=NC(=NC(=N2)Cl)Cl,*c1nc(-c2ccccc2)nc(N(*)CC)n1,Polyimines
P460105,16084,7954,Polycondensation,C1=CC=C(C=C1)NC2=NC(=NC(=N2)NC3=CC=CC=C3)NC4=CC=CC=C4,C1(=NC(=NC(=N1)Cl)Cl)Cl,*c1nc(Cl)nc(N(c2ccccc2)c2nc(Nc3ccccc3)nc(N(*)c3ccccc3)n2)n1,Polyimines
P460099,16085,15549,Polycondensation,CC1=NC(=NC(=N1)NC)NC,C1=CC=C(C=C1)C2=NC(=NC(=N2)Cl)Cl,*c1nc(C)nc(N(C)c2nc(-c3ccccc3)nc(N(*)C)n2)n1,Polyimines
P373650,16305,0,Polycondensation,C1=CC(=CC=C1OC2=CC=C(C=C2)Br)Br,,*Nc1ccc(Oc2ccc(Nc3ccc4c(c3)c3cc(*)ccc3n4CC(CC)CCCC)cc2)cc1,"Polyoxides/ethers/acetals, Polyimines"
P402217,16402,10459,Polycondensation,C(CCCN)CCN,C(CCCCCCCC(=O)O)CCCCCCC(=O)O,*CCCCCCNC(=O)CCCCCCCCCCCCCCC(=O)N*,Polyamides/thioamides
P500017,16402,15994,Polycondensation,C(CCCN)CCN,C1=CC2=C(C=CC=C2S(=O)(=O)Cl)C(=C1)S(=O)(=O)Cl,*c1cccc2c(S(=O)(=O)NCCCCCCNS(*)(=O)=O)cccc12,Polysulfones/sulfoxides/sufonates/sulfoamides
P080153,16402,101717379,Polycondensation,C(CCCN)CCN,C(CCCSSC(=O)Cl)CCSSC(=O)Cl,*CCCCCCSSC(=O)NCCCCCCNC(=O)SS*,"Polysulfides, Polyurethanes/thiourethanes"
P450027,16402,101717389,Polycondensation,C(CCCN)CCN,C(CCOC(=O)SCl)COC(=O)SCl,*CCCCOC(=O)SNCCCCCCNSC(=O)O*,"Polycarbonates/thiocarbonates, Polyimines"
P100793,16402,12868,Polycondensation,C(CCCN)CCN,C1(=C(C(=C(C(=C1Cl)Cl)C(=O)Cl)Cl)Cl)C(=O)Cl,*CCCCCCNC(=O)c1c(Cl)c(Cl)c(C(=O)N*)c(Cl)c1Cl,Polyamides/thioamides
P100520,16402,54261606,Polycondensation,C(CCCN)CCN,C(CCCOCCCC(=O)O)CCC(=O)O,*CCCCCCC(=O)NCCCCCCNC(=O)CCCO*,"Polyoxides/ethers/acetals, Polyamides/thioamides"
P110055,16402,101046314,Polycondensation,C(CCCN)CCN,C(C(C(C(COC(=O)Cl)(F)F)(F)F)(F)F)OC(=O)Cl,*CC(F)(F)C(F)(F)C(F)(F)COC(=O)NCCCCCCNC(=O)O*,Polyurethanes/thiourethanes
P100722,16402,101047145,Polycondensation,C(CCCN)CCN,CCCCCCC(C(=O)OC1=CC=CC=C1)C(=O)OC2=CC=CC=C2,*CCCCCCNC(=O)C(CCCCCC)C(=O)N*,Polyamides/thioamides
P100523,16402,54333921,Polycondensation,C(CCCN)CCN,C(CCCCOCCCCC(=O)O)CCCC(=O)O,*CCCCCCCCC(=O)NCCCCCCNC(=O)CCCCO*,"Polyoxides/ethers/acetals, Polyamides/thioamides"
P100721,16402,101047110,Polycondensation,C(CCCN)CCN,CCCCCCCCCCCCCCCCC(C(=O)OC1=CC=CC=C1)C(=O)OC2=CC=CC=C2,*CCCCCCNC(=O)C(CCCCCCCCCCCCCCCC)C(=O)N*,Polyamides/thioamides
P432216,16402,13192,Polyaddition/Polymer_reaction,C(CCCN)CCN,C(CCCN=C=O)CCN=C=O,*CCCCCCN1C(=O)C(=O)N(*)C1=O,"Polyimides/thioimides, Polyureas/thioureas"
P070173,16402,54531792,Polycondensation,C(CCCN)CCN,C(CCC(=O)O)CCOCCCCCC(=O)O,*CCCCCC(=O)NCCCCCCNC(=O)CCCCCO*,"Polyoxides/ethers/acetals, Polyamides/thioamides"
P070172,16402,253062,Polycondensation,C(CCCN)CCN,C(CCOCCCCC(=O)O)CC(=O)O,*CCCCC(=O)NCCCCCCNC(=O)CCCCO*,"Polyoxides/ethers/acetals, Polyamides/thioamides"
P370082,16402,54567272,Polycondensation,C(CCCN)CCN,C(CCC(=O)O)CCOCCCCC(=O)O,*CCCCCC(=O)NCCCCCCNC(=O)CCCCO*,"Polyoxides/ethers/acetals, Polyamides/thioamides"
P100526,16402,19099842,Polycondensation,C(CCCN)CCN,C(CCC(=O)O)CCOCCCC(=O)O,*CCCCCC(=O)NCCCCCCNC(=O)CCCO*,"Polyoxides/ethers/acetals, Polyamides/thioamides"
P100718,16402,15651833,Polycondensation,C(CCCN)CCN,CCCCCCCCCCCCC(C(=O)OC1=CC=CC=C1)C(=O)OC2=CC=CC=C2,*CCCCCCNC(=O)C(CCCCCCCCCCCC)C(=O)N*,Polyamides/thioamides
P422029,16402,22719339,Polyaddition,C(CCCN)CCN,C1=CC=C(C(=C1)CCC2=CC=CC=C2N=C=O)N=C=O,*Nc1ccccc1CCc1ccccc1NC(=O)NCCCCCCNC(*)=O,Polyureas/thioureas
P070174,16402,57121607,Polycondensation,C(CCCN)CCN,C(CCCOCCCCCCC(=O)O)CCC(=O)O,*CCCCCCC(=O)NCCCCCCNC(=O)CCCCCCO*,"Polyoxides/ethers/acetals, Polyamides/thioamides"
P373638,16402,0,Polycondensation,C(CCCN)CCN,,*CCOCCOCCOCCOC(=O)/C=C/C(=O)NCCCCCCNC(=O)/C=C/C(=O)O*,"Polyoxides/ethers/acetals, Polyesters/thioesters, Polyamides/thioamides"
P400076,16402,101717489,Polycondensation,C(CCCN)CCN,CC(C)(CCC(=O)O)C1=CC=C(C=C1)C(C)(C)CCC(=O)O,*CCCCCCNC(=O)CCC(C)(C)c1ccc(C(C)(C)CCC(=O)N*)cc1,Polyamides/thioamides
P400130,16402,13255340,Polycondensation,C(CCCN)CCN,C1(=C(C(=C(C(=C1F)F)C(=O)Cl)F)F)C(=O)Cl,*CCCCCCNC(=O)c1c(F)c(F)c(C(=O)N*)c(F)c1F,Polyamides/thioamides
P402279,16402,19427599,Polycondensation,C(CCCN)CCN,C1=CC=C(C=C1)OC2=C(C=CC(=C2)C(=O)Cl)C(=O)Cl,*CCCCCCNC(=O)c1ccc(C(=O)N*)c(Oc2ccccc2)c1,Polyamides/thioamides
P120004,16402,13192,Polyaddition,C(CCCN)CCN,C(CCCN=C=O)CCN=C=O,*CCCCCCNC(=O)N*,Polyureas/thioureas
P100288,16402,81760,Polycondensation,C(CCCN)CCN,C1=CC(=CC=C1CC(=O)O)CC(=O)O,*CCCCCCNC(=O)Cc1ccc(CC(=O)N*)cc1,Polyamides/thioamides
P100211,16402,13185,Polycondensation,C(CCCN)CCN,C(CCCCCCC(=O)O)CCCCCC(=O)O,*CCCCCCNC(=O)CCCCCCCCCCCCC(=O)N*,Polyamides/thioamides
P500022,16402,350630,Polycondensation,C(CCCN)CCN,C1CC(CCC1S(=O)(=O)Cl)S(=O)(=O)Cl,*C1CCC(S(=O)(=O)NCCCCCCNS(*)(=O)=O)CC1,Polysulfones/sulfoxides/sufonates/sulfoamides
P402345,16402,69614,Polycondensation,C(CCCN)CCN,C(=O)(C(F)(F)S(=O)(=O)F)F,*C(F)(F)C(=O)NCCCCCCNS(*)(=O)=O,"Polyamides/thioamides, Polysulfones/sulfoxides/sufonates/sulfoamides"
P500021,16402,12244525,Polycondensation,C(CCCN)CCN,C(CCCS(=O)(=O)Cl)CCS(=O)(=O)Cl,*CCCCCCS(=O)(=O)NCCCCCCNS(*)(=O)=O,Polysulfones/sulfoxides/sufonates/sulfoamides
P382212,16720,101085630,Polycondensation,C1=CC2=C(C=CC=C2N)C(=C1)N,C1=CC=C(C=C1)C2=C(SC(=C2C3=CC=CC=C3)C4=CC=C(C=C4)CC(=O)O)C5=CC=C(C=C5)CC(=O)O,*c1ccc(CC(=O)Nc2cccc3c(NC(=O)Cc4ccc(-c5sc(*)c(-c6ccccc6)c5-c5ccccc5)cc4)cccc23)cc1,"Polysulfides, Polyamides/thioamides"
P433513,16720,102040848,Polycondensation,C1=CC2=C(C=CC=C2N)C(=C1)N,C1=CC(=CC=C1N2C(=O)C3=C(C2=O)C=C(C=C3)C(=O)O)OCCCOC4=CC=C(C=C4)N5C(=O)C6=C(C5=O)C=C(C=C6)C(=O)O,*C(=O)Nc1cccc2c(NC(=O)c3ccc4c(c3)C(=O)N(c3ccc(OCCCOc5ccc(N6C(=O)c7ccc(*)cc7C6=O)cc5)cc3)C4=O)cccc12,"Polyimides/thioimides, Polyoxides/ethers/acetals, Polyamides/thioamides"
P402337,16720,101842322,Polycondensation,C1=CC2=C(C=CC=C2N)C(=C1)N,C1=CC(=CC=C1C=CC(=O)NC2=CC=C(C=C2)C(=O)O)C=CC(=O)NC3=CC=C(C=C3)C(=O)O,*Nc1cccc2c(NC(=O)c3ccc(NC(=O)/C=C/c4ccc(/C=C/C(=O)Nc5ccc(C(*)=O)cc5)cc4)cc3)cccc12,Polyamides/thioamides
P462003,16720,24007,Polycondensation,C1=CC2=C(C=CC=C2N)C(=C1)N,O=[Se]=O,*Nc1cccc2c(N[Se]*)cccc12,Polyimines
P402168,16720,102014802,Polycondensation,C1=CC2=C(C=CC=C2N)C(=C1)N,C[Si](C)(C1=CC=C(C=C1)C(=O)NC2=CC=C(C=C2)C(=O)O)C3=CC=C(C=C3)C(=O)NC4=CC=C(C=C4)C(=O)O,*Nc1cccc2c(NC(=O)c3ccc(NC(=O)c4ccc([Si](C)(C)c5ccc(C(=O)Nc6ccc(C(*)=O)cc6)cc5)cc4)cc3)cccc12,"Polyamides/thioamides, Polysiloxanes/silanes"
P433366,16720,101854539,Polycondensation,C1=CC2=C(C=CC=C2N)C(=C1)N,C1=CC2=C(C=CC=C2OC3=CC=C(C=C3)N4C(=O)C5=C(C4=O)C=C(C=C5)C(=O)O)C(=C1)N6C(=O)C7=C(C6=O)C=C(C=C7)C(=O)O,*C(=O)Nc1cccc2c(NC(=O)c3ccc4c(c3)C(=O)N(c3ccc(Oc5cccc6c(N7C(=O)c8ccc(*)cc8C7=O)cccc56)cc3)C4=O)cccc12,"Polyimides/thioimides, Polyoxides/ethers/acetals, Polyamides/thioamides"
P460104,16766,0,Polycondensation,C1=CC=C(C=C1)NC2=NC(=NC(=N2)Cl)Cl,,*c1nc(Cl)nc(N(*)c2ccccc2)n1,Polyimines
P370724,16918,75183,Polycondensation/Polymer_reaction,C1=CC(=C(C=C1C2=CC(=C(C=C2)N)O)O)N,C1=CC(=CC=C1C(=O)O)OC2=CC=C(C=C2)C(=O)O,*c1ccc(Oc2ccc(-c3nc4ccc(-c5ccc6nc(*)oc6c5)cc4o3)cc2)cc1,"Polyoxides/ethers/acetals, Polyimines"
P370252,16918,6928367,Polycondensation,C1=CC(=C(C=C1C2=CC(=C(C=C2)N)O)O)N,C1C(C1C(=O)O)C(=O)O,*c1nc2ccc(-c3ccc4nc(C5CC5*)oc4c3)cc2o1,"Polyoxides/ethers/acetals, Polyimines"
P370720,16918,102274467,Polycondensation/Polymer_reaction,C1=CC(=C(C=C1C2=CC(=C(C=C2)N)O)O)N,C1=CC=C(C=C1)C(C2=CC=C(C=C2)C(=O)Cl)(C3=CC=C(C=C3)C(=O)Cl)C(F)(F)F,*c1ccc(C(c2ccccc2)(c2ccc(-c3nc4ccc(-c5ccc6nc(*)oc6c5)cc4o3)cc2)C(F)(F)F)cc1,"Polyoxides/ethers/acetals, Polyimines"
P370244,16918,7489,Polycondensation,C1=CC(=C(C=C1C2=CC(=C(C=C2)N)O)O)N,C1=CC(=CC=C1C(=O)O)C(=O)O,*c1ccc(-c2nc3ccc(-c4ccc5nc(*)oc5c4)cc3o2)cc1,"Polyoxides/ethers/acetals, Polyimines"
P370244,16918,7488,Polycondensation/Polymer_reaction,C1=CC(=C(C=C1C2=CC(=C(C=C2)N)O)O)N,C1=CC(=CC=C1C(=O)Cl)C(=O)Cl,*c1ccc(-c2nc3ccc(-c4ccc5nc(*)oc5c4)cc3o2)cc1,"Polyoxides/ethers/acetals, Polyimines"
P400191,16918,7488,Polycondensation,C1=CC(=C(C=C1C2=CC(=C(C=C2)N)O)O)N,C1=CC(=CC=C1C(=O)Cl)C(=O)Cl,*Nc1ccc(-c2ccc(NC(=O)c3ccc(C(*)=O)cc3)c(O)c2)cc1O,Polyamides/thioamides
P020152,16952,0,Addition_polymerization,CC(C)C1=CC=C(C=C1)C(=C)C,,*CC(*)(C)c1ccc(C(C)C)cc1,"Polystyrenes, Polyvinyls"
P460137,16989,0,Polycondensation,C1=CC(=NC(=C1)Cl)Cl,,*c1cccc(*)n1,Polyimines
P462187,17048,7472,Polyaddition,C1C(O1)CCCCC2CO2,CN(C)C1=CC=C(C=C1)N,*CC(O)CCCCC(O)CN(*)c1ccc(N(C)C)cc1,Polyimines
P070029,17049,0,Ring_opening_polymerization,CCCCOCC1CO1,,*CC(COCCCC)O*,Polyoxides/ethers/acetals
P452067,17049,0,Ring_opening&addition_Polymerization,CCCCOCC1CO1,,*OC(COCCCC)COC(*)=O,Polycarbonates/thiocarbonates
P010089,17095,0,Addition_polymerization,CCCCCCCCCCCC=C,,*CC(*)CCCCCCCCCCC,Polyolefins
P342160,17111,0,Addition_polymerization,CN(C)CCOC(=O)C=C,,*CC(*)C(=O)OCCN(C)C,"Polyacrylics, Polyvinyls"
P360017,17125,0,Addition_polymerization,C=CC1=C2C=CC=CC2=CC3=CC=CC=C31,,*CC=C1c2ccccc2C(*)c2ccccc21,Polydienes
P370440,17127,12455998,Polycondensation,CC(C)(C1=CC=C(C=C1)[O-])C2=CC=C(C=C2)[O-].[Na+].[Na+],C1=CC(=CC=C1C2=CC=C(C=C2)Br)C3=CC=C(C=C3)Br,*Oc1ccc(-c2ccc(-c3ccc(Oc4ccc(C(C)(C)c5ccc(*)cc5)cc4)cc3)cc2)cc1,Polyoxides/ethers/acetals
P432769,17181,100928562,Polycondensation,C[Si](C)(CCCN)O[Si](C)(C)CCCN,C1=CC(=CC=C1CC2=CC=C(C=C2)N3C(=O)C4=C(C3=O)C=C(C=C4)C(=O)Cl)N5C(=O)C6=C(C5=O)C=C(C=C6)C(=O)Cl,*C(=O)NCCC[Si](C)(C)O[Si](C)(C)CCCNC(=O)c1ccc2c(c1)C(=O)N(c1ccc(Cc3ccc(N4C(=O)c5ccc(*)cc5C4=O)cc3)cc1)C2=O,"Polyimides/thioimides, Polyamides/thioamides, Polysiloxanes/silanes"
P433381,17201,138456016,Polycondensation,C1=CC(=CC(=C1)OC2=CC=C(C=C2)N)OC3=CC=C(C=C3)N,C1=CC=C2C(=C1)C3=CC=CC=C3C2(C4=CC=C(C=C4)NC(=O)C5=CC6=C(C=C5)C(=O)OC6=O)C7=CC=C(C=C7)NC(=O)C8=CC9=C(C=C8)C(=O)OC9=O,*C(=O)Nc1ccc(C2(c3ccc(NC(=O)c4ccc5c(c4)C(=O)N(c4ccc(Oc6cccc(Oc7ccc(N8C(=O)c9ccc(*)cc9C8=O)cc7)c6)cc4)C5=O)cc3)c3ccccc3-c3ccccc32)cc1,"Polyimides/thioimides, Polyoxides/ethers/acetals, Polyamides/thioamides"
P430305,17201,74574,Polycondensation,C1=CC(=CC(=C1)OC2=CC=C(C=C2)N)OC3=CC=C(C=C3)N,C1=CC2=C(C=C1OC3=CC4=C(C=C3)C(=O)OC4=O)C(=O)OC2=O,*c1ccc(Oc2ccc(Oc3ccc(Oc4ccc(N5C(=O)c6ccc(Oc7ccc8c(c7)C(=O)N(*)C8=O)cc6C5=O)cc4)cc3)cc2)cc1,"Polyimides/thioimides, Polyoxides/ethers/acetals"
P370420,17201,7489,Polycondensation,C1=CC(=CC(=C1)OC2=CC=C(C=C2)N)OC3=CC=C(C=C3)N,C1=CC(=CC=C1C(=O)O)C(=O)O,*Oc1cccc(Oc2ccc(NC(=O)c3ccc(C(=O)Nc4ccc(*)cc4)cc3)cc2)c1,"Polyoxides/ethers/acetals, Polyamides/thioamides"
P433679,17201,101807852,Polycondensation,C1=CC(=CC(=C1)OC2=CC=C(C=C2)N)OC3=CC=C(C=C3)N,C1=CC(=C(C(=C1)OC2=CC=C(C=C2)N3C(=O)C4=C(C3=O)C=C(C=C4)C(=O)Cl)C#N)OC5=CC=C(C=C5)N6C(=O)C7=C(C6=O)C=C(C=C7)C(=O)Cl,*C(=O)Nc1ccc(Oc2cccc(Oc3ccc(NC(=O)c4ccc5c(c4)C(=O)N(c4ccc(Oc6cccc(Oc7ccc(N8C(=O)c9ccc(*)cc9C8=O)cc7)c6C#N)cc4)C5=O)cc3)c2)cc1,"Polyimides/thioimides, Polyoxides/ethers/acetals, Polyamides/thioamides"
P130186,17201,71365266,Polycondensation,C1=CC(=CC(=C1)OC2=CC=C(C=C2)N)OC3=CC=C(C=C3)N,C1=CC2=C(C(=C1)OC3=CC=C(C=C3)C4=CC=C(C=C4)OC5=CC=CC6=C5C(=O)OC6=O)C(=O)OC2=O,*c1ccc(Oc2cccc(Oc3ccc(N4C(=O)c5cccc(Oc6ccc(-c7ccc(Oc8cccc9c8C(=O)N(*)C9=O)cc7)cc6)c5C4=O)cc3)c2)cc1,"Polyimides/thioimides, Polyoxides/ethers/acetals"
P432799,17201,100974156,Polycondensation,C1=CC(=CC(=C1)OC2=CC=C(C=C2)N)OC3=CC=C(C=C3)N,C1=CC(=CC=C1C(=O)O)N2C(=O)C3=C(C2=O)C=C(C=C3)C(C4=CC5=C(C=C4)C(=O)N(C5=O)C6=CC=C(C=C6)C(=O)O)(C(F)(F)F)C(F)(F)F,*c1ccc2c(c1)C(=O)N(c1ccc(C(=O)Nc3ccc(Oc4cccc(Oc5ccc(NC(=O)c6ccc(N7C(=O)c8ccc(C(*)(C(F)(F)F)C(F)(F)F)cc8C7=O)cc6)cc5)c4)cc3)cc1)C2=O,"Polyimides/thioimides, Polyoxides/ethers/acetals, Polyamides/thioamides"
P372284,17201,101692623,Polycondensation,C1=CC(=CC(=C1)OC2=CC=C(C=C2)N)OC3=CC=C(C=C3)N,C1=C(C=C(C=C1C(=O)Cl)N2C(=O)C3=C(C2=O)C(=C(C(=C3Cl)Cl)Cl)Cl)C(=O)Cl,*Oc1cccc(Oc2ccc(NC(=O)c3cc(C(=O)Nc4ccc(*)cc4)cc(N4C(=O)c5c(Cl)c(Cl)c(Cl)c(Cl)c5C4=O)c3)cc2)c1,"Polyoxides/ethers/acetals, Polyamides/thioamides"
P432805,17201,101988860,Polycondensation,C1=CC(=CC(=C1)OC2=CC=C(C=C2)N)OC3=CC=C(C=C3)N,C1=CC(=CC(=C1)N2C(=O)C3=C(C2=O)C=C(C=C3)C(C4=CC5=C(C=C4)C(=O)N(C5=O)C6=CC=CC(=C6)C(=O)O)(C(F)(F)F)C(F)(F)F)C(=O)O,*c1ccc2c(c1)C(=O)N(c1cccc(C(=O)Nc3ccc(Oc4cccc(Oc5ccc(NC(=O)c6cccc(N7C(=O)c8ccc(C(*)(C(F)(F)F)C(F)(F)F)cc8C7=O)c6)cc5)c4)cc3)c1)C2=O,"Polyimides/thioimides, Polyoxides/ethers/acetals, Polyamides/thioamides"
P373480,17201,819489,Polycondensation,C1=CC(=CC(=C1)OC2=CC=C(C=C2)N)OC3=CC=C(C=C3)N,C1=CC=C(C=C1)N(C2=CC=C(C=C2)C=O)C3=CC=C(C=C3)C=O,*Oc1cccc(Oc2ccc(/N=C/c3ccc(N(c4ccccc4)c4ccc(/C=N/c5ccc(*)cc5)cc4)cc3)cc2)c1,"Polyoxides/ethers/acetals, Polyimines"
P040073,17236,0,Addition_polymerization,CC(=C)C(=O)OCC1=CC=CC=C1,,*CC(*)(C)C(=O)OCc1ccccc1,"Polyacrylics, Polyvinyls"
P342211,17318,0,Addition_polymerization,CC(=C)C(=O)OCCC[Si](OC)(OC)OC,,*CC(*)(C)C(=O)OCCC[Si](OC)(OC)OC,"Polyacrylics, Polyvinyls"
P100666,17406,196,Polycondensation,C1CC(CC(C1)CN)CN,C(CCC(=O)O)CC(=O)O,*CC1CCCC(CNC(=O)CCCCC(=O)N*)C1,Polyamides/thioamides
P100667,17406,12736,Polycondensation,C1CC(CC(C1)CN)CN,C(CCCCCC(=O)O)CCCCC(=O)O,*CC1CCCC(CNC(=O)CCCCCCCCCCC(=O)N*)C1,Polyamides/thioamides
P372256,17472,0,Polycondensation,C(COCCOCCOCCOCCOCCO)O,,*CCOCCOCCOCCOCCOCCOC(=O)c1cc(OCCCCCCOc2ccc(-c3ccc(OC)cc3)cc2)cc(C(=O)O*)c1,"Polyoxides/ethers/acetals, Polyesters/thioesters"
P373549,17570,100974683,Polycondensation,C1=CC(=CC=C1O)SC2=CC=C(C=C2)O,C1=CC(=C(C=C1C2=CC=C(S2)C3=CC(=C(C=C3)F)C(F)(F)F)C(F)(F)F)F,*c1ccc(Oc2ccc(Sc3ccc(Oc4ccc(-c5ccc(*)s5)cc4C(F)(F)F)cc3)cc2)c(C(F)(F)F)c1,"Polyoxides/ethers/acetals, Polysulfides"
P373547,17570,101039158,Polycondensation,C1=CC(=CC=C1O)SC2=CC=C(C=C2)O,C1=CC(=CC=C1C2=CC=C(C=C2)C3=CC(=C(C=C3)F)C(F)(F)F)C4=CC(=C(C=C4)F)C(F)(F)F,*Oc1ccc(Sc2ccc(Oc3ccc(-c4ccc(-c5ccc(-c6ccc(*)c(C(F)(F)F)c6)cc5)cc4)cc3C(F)(F)F)cc2)cc1,"Polyoxides/ethers/acetals, Polysulfides"
P100235,17727,244872,Polycondensation,C(CCCCCCN)CCCCCN,C(CCCCCCCCCCC(=O)O)CCCCCCCCCC(=O)O,*CCCCCCCCCCCCNC(=O)CCCCCCCCCCCCCCCCCCCCC(=O)N*,Polyamides/thioamides
P130181,17727,31422,Polycondensation,C(CCCCCCN)CCCCCN,C1=CC(=C2C(=CC=C(C2=C1C(=O)O)C(=O)O)C(=O)O)C(=O)O,*CCCCCCCCCCCCn1c(=O)c2ccc3c(=O)n(*)c(=O)c4ccc(c1=O)c2c34,Polyimides/thioimides
P430019,17727,82136,Polycondensation,C(CCCCCCN)CCCCCN,C1=CC(=C(C=C1OC2=CC(=C(C=C2)C(=O)O)C(=O)O)C(=O)O)C(=O)O,*CCCCCCCCCCCCN1C(=O)c2ccc(Oc3ccc4c(c3)C(=O)N(*)C4=O)cc2C1=O,"Polyimides/thioimides, Polyoxides/ethers/acetals"
P402053,17727,75374,Polycondensation,C(CCCCCCN)CCCCCN,C1=CC(=CC=C1C2=CC=C(C=C2)C(=O)Cl)C(=O)Cl,*CCCCCCCCCCCCNC(=O)c1ccc(-c2ccc(C(=O)N*)cc2)cc1,Polyamides/thioamides
P070376,17858,0,Ring_opening_polymerization,CCCCCCCCCCC1CO1,,*CC(CCCCCCCCCC)O*,Polyoxides/ethers/acetals
P392339,17887,100917347,Polycondensation,C(CC(=O)Cl)CC(=O)Cl,CCCCCCCCCCCCOC1=CC=C(C=C1)C(=O)OC2=CC(=C(C=C2O)OC(=O)C3=CC=C(C=C3)OCCCCCCCCCCCC)O,*Oc1cc(OC(=O)c2ccc(OCCCCCCCCCCCC)cc2)c(OC(=O)CCCC(*)=O)cc1OC(=O)c1ccc(OCCCCCCCCCCCC)cc1,Polyesters/thioesters
P372545,17887,102076849,Polycondensation,C(CC(=O)Cl)CC(=O)Cl,CCCCOC1=CC=C(C=C1)C2=NC(=C(C(=N2)OCCO)C3=CC=C(C=C3)OC)OCCO,*OCCOC(=O)CCCC(=O)OCCOc1nc(-c2ccc(OCCCC)cc2)nc(*)c1-c1ccc(OC)cc1,"Polyoxides/ethers/acetals, Polyesters/thioesters, Polyimines"
P392340,17887,102425859,Polycondensation,C(CC(=O)Cl)CC(=O)Cl,CCC(C)COC1=CC=C(C=C1)C(=O)OC2=CC(=C(C=C2O)OC(=O)C3=CC=C(C=C3)OCC(C)CC)O,*Oc1cc(OC(=O)c2ccc(OCC(C)CC)cc2)c(OC(=O)CCCC(*)=O)cc1OC(=O)c1ccc(OCC(C)CC)cc1,Polyesters/thioesters
P392337,17887,102275250,Polycondensation,C(CC(=O)Cl)CC(=O)Cl,CCCOC1=CC=C(C=C1)C(=O)OC2=CC(=C(C=C2O)OC(=O)C3=CC=C(C=C3)OCCC)O,*Oc1cc(OC(=O)c2ccc(OCCC)cc2)c(OC(=O)CCCC(*)=O)cc1OC(=O)c1ccc(OCCC)cc1,Polyesters/thioesters
P412030,18049,7570,Polyaddition,CC(CCC(C)O)O,C1=CC(=CC=C1CC2=CC=C(C=C2)N=C=O)N=C=O,*OC(C)CCC(C)OC(=O)Nc1ccc(Cc2ccc(NC(*)=O)cc2)cc1,Polyurethanes/thiourethanes
P070030,18126,0,Ring_opening_polymerization,CCCCCCC1CO1,,*CC(CCCCCC)O*,Polyoxides/ethers/acetals
P430370,18374,712,Polycondensation,C1CC(CCC1N)N,C=O,*C(=O)NC1CCC(NC(=O)c2ccc(N3C(=O)c4ccc(*)cc4C3=O)cc2)CC1,"Polyimides/thioimides, Polyamides/thioamides"
P110134,18374,31282,Polycondensation,,C(COC(=O)Cl)OC(=O)Cl,*CCOC(=O)NC1CCC(NC(=O)O*)CC1,Polyurethanes/thiourethanes
P433406,18374,3092369,Polycondensation,C1CC(CCC1N)N,C1=CC(=CC=C1OC(=O)C2=CC3=C(C=C2)C(=O)OC3=O)OC(=O)C4=CC5=C(C=C4)C(=O)OC5=O,*C(=O)Oc1ccc(OC(=O)c2ccc3c(c2)C(=O)N(C2CCC(N4C(=O)c5ccc(*)cc5C4=O)CC2)C3=O)cc1,"Polyimides/thioimides, Polyesters/thioesters"
P382320,18453,22603579,Polycondensation,C1=C(SC(=C1)Br)Br,B1(OC(C(O1)(C)C)(C)C)C2=CC=C(C=C2)N(C3=CC=C(C=C3)B4OC(C(O4)(C)C)(C)C)C5=CC=C(C=C5)CCCC,*c1ccc(N(c2ccc(CCCC)cc2)c2ccc(-c3ccc(*)s3)cc2)cc1,"Polysulfides, Polyimines"
P070050,18632,0,Ring_opening_polymerization,CC1C(O1)C,,*OC(C)C(*)C,Polyoxides/ethers/acetals
P070050,92162,0,Ring_opening_polymerization,CC1C(O1)C,,*OC(C)C(*)C,Polyoxides/ethers/acetals
P070050,6432237,0,Ring_opening_polymerization,CC1C(O1)C,,*OC(C)C(*)C,Polyoxides/ethers/acetals
P372725,18659,8035,Polycondensation,C[SiH](C)O[SiH](C)C,CC(=O)CCC(=O)C,*O[Si](C)(C)O[Si](C)(C)OC(C)CCC(*)C,"Polyoxides/ethers/acetals, Polysiloxanes/silanes"
P020042,18940,0,Addition_polymerization,CCC1=CC=C(C=C1)C=C,,*CC(*)c1ccc(CC)cc1,"Polystyrenes, Polyvinyls"
P432115,19012,102403755,Polycondensation,C1=CC(=CC=C1N)OC2=CC=C(C=C2)OC3=CC=C(C=C3)N,C1=CC=C(C=C1)C2=C(SC(=C2C3=CC=CC=C3)C4=CC=C(C=C4)N5C(=O)C6=C(C5=O)C=C(C=C6)C(=O)O)C7=CC=C(C=C7)N8C(=O)C9=C(C8=O)C=C(C=C9)C(=O)O,*C(=O)Nc1ccc(Oc2ccc(Oc3ccc(NC(=O)c4ccc5c(c4)C(=O)N(c4ccc(-c6sc(-c7ccc(N8C(=O)c9ccc(*)cc9C8=O)cc7)c(-c7ccccc7)c6-c6ccccc6)cc4)C5=O)cc3)cc2)cc1,"Polyimides/thioimides, Polyoxides/ethers/acetals, Polysulfides, Polyamides/thioamides"
P370419,19012,7489,Polycondensation,C1=CC(=CC=C1N)OC2=CC=C(C=C2)OC3=CC=C(C=C3)N,C1=CC(=CC=C1C(=O)O)C(=O)O,*Oc1ccc(Oc2ccc(NC(=O)c3ccc(C(=O)Nc4ccc(*)cc4)cc3)cc2)cc1,"Polyoxides/ethers/acetals, Polyamides/thioamides"
P430112,19012,102401581,Polycondensation,C1=CC(=CC=C1N)OC2=CC=C(C=C2)OC3=CC=C(C=C3)N,C1=CC(=C2C(=C1)C(=O)N(C2=O)C3=CC=C(C=C3)C(=O)Cl)C4=CC5=C(C=C4)C(=O)N(C5=O)C6=CC=C(C=C6)C(=O)Cl,*c1ccc(C(=O)Nc2ccc(Oc3ccc(Oc4ccc(NC(=O)c5ccc(N6C(=O)c7ccc(-c8cccc9c8C(=O)N(*)C9=O)cc7C6=O)cc5)cc4)cc3)cc2)cc1,"Polyimides/thioimides, Polyoxides/ethers/acetals, Polyamides/thioamides"
P372283,19012,101692623,Polycondensation,C1=CC(=CC=C1N)OC2=CC=C(C=C2)OC3=CC=C(C=C3)N,C1=C(C=C(C=C1C(=O)Cl)N2C(=O)C3=C(C2=O)C(=C(C(=C3Cl)Cl)Cl)Cl)C(=O)Cl,*Oc1ccc(Oc2ccc(NC(=O)c3cc(C(=O)Nc4ccc(*)cc4)cc(N4C(=O)c5c(Cl)c(Cl)c(Cl)c(Cl)c5C4=O)c3)cc2)cc1,"Polyoxides/ethers/acetals, Polyamides/thioamides"
P432181,19012,85754826,Polycondensation,C1=CC(=CC=C1N)OC2=CC=C(C=C2)OC3=CC=C(C=C3)N,CCOC(=O)C1=C(C=C(C=C1)OC2=CC=C(C=C2)C(=O)O)C(=O)O,*c1ccc(Oc2ccc(Oc3ccc(NC(=O)c4ccc(Oc5ccc6c(c5)C(=O)N(*)C6=O)cc4)cc3)cc2)cc1,"Polyimides/thioimides, Polyoxides/ethers/acetals, Polyamides/thioamides"
P130007,19012,3092369,Polycondensation,C1=CC(=CC=C1N)OC2=CC=C(C=C2)OC3=CC=C(C=C3)N,C1=CC(=CC=C1OC(=O)C2=CC3=C(C=C2)C(=O)OC3=O)OC(=O)C4=CC5=C(C=C4)C(=O)OC5=O,*C(=O)Oc1ccc(OC(=O)c2ccc3c(c2)C(=O)N(c2ccc(Oc4ccc(Oc5ccc(N6C(=O)c7ccc(*)cc7C6=O)cc5)cc4)cc2)C3=O)cc1,"Polyimides/thioimides, Polyoxides/ethers/acetals, Polyesters/thioesters"
P373555,19012,75379,Polycondensation,C1=CC(=CC=C1N)OC2=CC=C(C=C2)OC3=CC=C(C=C3)N,CC(C)(C)C1=CC(=CC(=C1)C(=O)O)C(=O)O,*Oc1ccc(Oc2ccc(NC(=O)c3cc(C(=O)Nc4ccc(*)cc4)cc(C(C)(C)C)c3)cc2)cc1,"Polyoxides/ethers/acetals, Polyamides/thioamides"
P432178,19012,11806679,Polycondensation,C1=CC(=CC=C1N)OC2=CC=C(C=C2)OC3=CC=C(C=C3)N,CCOC(=O)C1=C(C=C(C=C1)C(=O)O)C(=O)O,*C(=O)Nc1ccc(Oc2ccc(Oc3ccc(N4C(=O)c5ccc(*)cc5C4=O)cc3)cc2)cc1,"Polyimides/thioimides, Polyoxides/ethers/acetals, Polyamides/thioamides"
P432804,19012,101988860,Polycondensation,C1=CC(=CC=C1N)OC2=CC=C(C=C2)OC3=CC=C(C=C3)N,C1=CC(=CC(=C1)N2C(=O)C3=C(C2=O)C=C(C=C3)C(C4=CC5=C(C=C4)C(=O)N(C5=O)C6=CC=CC(=C6)C(=O)O)(C(F)(F)F)C(F)(F)F)C(=O)O,*c1ccc2c(c1)C(=O)N(c1cccc(C(=O)Nc3ccc(Oc4ccc(Oc5ccc(NC(=O)c6cccc(N7C(=O)c8ccc(C(*)(C(F)(F)F)C(F)(F)F)cc8C7=O)c6)cc5)cc4)cc3)c1)C2=O,"Polyimides/thioimides, Polyoxides/ethers/acetals, Polyamides/thioamides"
P432068,19012,13782543,Polycondensation,C1=CC(=CC=C1N)OC2=CC=C(C=C2)OC3=CC=C(C=C3)N,C1=CC=C(C=C1)C2=C(C(=O)OC2=O)C3=CC=C(C=C3)C4=C(C(=O)OC4=O)C5=CC=CC=C5,*c1ccc(Oc2ccc(Oc3ccc(N4C(=O)C(c5ccccc5)=C(c5ccc(C6=C(c7ccccc7)C(=O)N(*)C6=O)cc5)C4=O)cc3)cc2)cc1,"Polyimides/thioimides, Polyoxides/ethers/acetals"
P433349,19012,175380,Polycondensation,C1=CC(=CC=C1N)OC2=CC=C(C=C2)OC3=CC=C(C=C3)N,CC1=CC(CC2C1C(=O)OC2=O)C3CC(=O)OC3=O,*c1ccc(Oc2ccc(Oc3ccc(N4C(=O)CC(C5C=C(C)C6C(=O)N(*)C(=O)C6C5)C4=O)cc3)cc2)cc1,"Polyimides/thioimides, Polyoxides/ethers/acetals"
P432669,19012,101056143,Polycondensation,C1=CC(=CC=C1N)OC2=CC=C(C=C2)OC3=CC=C(C=C3)N,C1=CC2=C(C=C1C(C3=CC4=C(C=C3)C(=O)N(C4=O)CC(=O)Cl)(C(F)(F)F)C(F)(F)F)C(=O)N(C2=O)CC(=O)Cl,*CC(=O)Nc1ccc(Oc2ccc(Oc3ccc(NC(=O)CN4C(=O)c5ccc(C(c6ccc7c(c6)C(=O)N(*)C7=O)(C(F)(F)F)C(F)(F)F)cc5C4=O)cc3)cc2)cc1,"Polyimides/thioimides, Polyoxides/ethers/acetals, Polyamides/thioamides"
P100188,19242,0,Ring_opening_polymerization,CC1CCCNC(=O)C1,,*CCCC(C)CC(=O)N*,Polyamides/thioamides
P010019,19589,0,Addition_polymerization,CCC(C)CC=C,,*CCCC(*)(C)CC,Polyolefins
P392660,19835,444305,Polycondensation,C(CCCCO)CCCCO,C(C(C(=O)O)O)(C(=O)O)O,*CCCCCCCCCOC(=O)C(O)C(O)C(=O)O*,Polyesters/thioesters
P390298,19835,11004750,Polycondensation,C(CCCCO)CCCCO,C1=CC(=CC=C1C(=O)OC2=CC=C(C=C2)C(=O)Cl)C(=O)OC3=CC=C(C=C3)C(=O)Cl,*Oc1ccc(C(=O)OCCCCCCCCCOC(=O)c2ccc(OC(=O)c3ccc(C(*)=O)cc3)cc2)cc1,Polyesters/thioesters
P070026,19919,0,Ring_opening_polymerization,CCOCC1CO1,,*CC(COCC)O*,Polyoxides/ethers/acetals
P373493,19920,0,Ring_opening_polymerization,CC(C)OCC1CO1,,*CC(COC(C)C)O*,Polyoxides/ethers/acetals
P332050,20010,0,Addition_polymerization,CCN(CC)CC#C,,*/C=C(/*)CN(CC)CC,Polyvinyls
P370303,20617,20621,Polycondensation,C1=C(C=C(C(=C1Cl)O)Br)Cl,C1=C(C=C(C(=C1Cl)O)Br)Br,*Oc1c(Cl)cc(*)cc1Br,Polyoxides/ethers/acetals
P432838,20992,7577,Addition_polymerization,C1=CC(=O)N(C1=O)CCCCCCN2C(=O)C=CC2=O,C1=CC(=CC=C1CC2=CC=C(C=C2)N)N,*CCCCCCN1C(=O)CC(Nc2ccc(Cc3ccc(NC4CC(=O)N(*)C4=O)cc3)cc2)C1=O,"Polyimides/thioimides, Polyimines"
P010048,21122,0,Addition_polymerization,CC(C)CCCC=C,,*CC(*)CCCC(C)C,Polyolefins
P070054,21159,0,Ring_opening_polymerization,CC1(C(O1)(C)C)C,,*OC(C)(C)C(*)(C)C,Polyoxides/ethers/acetals
P460316,21379,11084236,Polycondensation,COC1=C(C=CC(=C1)N)N,C1=C(C(=CC(=C1O)C=O)O)C=O,*=Cc1cc(O)c(/C=N/c2ccc(N=*)c(OC)c2)cc1O,Polyimines
P370357,21450,19427599,Polycondensation,C1=CC(=CC=C1C(=O)NN)N,C1=CC=C(C=C1)OC2=C(C=CC(=C2)C(=O)Cl)C(=O)Cl,*c1ccc(C(=O)Nc2ccc(-c3nnc(*)o3)cc2)c(Oc2ccccc2)c1,"Polyoxides/ethers/acetals, Polyamides/thioamides, Polyimines"
P370387,21450,101692623,Polycondensation/Polymer_reaction,C1=CC(=CC=C1C(=O)NN)N,C1=C(C=C(C=C1C(=O)Cl)N2C(=O)C3=C(C2=O)C(=C(C(=C3Cl)Cl)Cl)Cl)C(=O)Cl,*c1cc(C(=O)Nc2ccc(-c3nnc(*)o3)cc2)cc(N2C(=O)c3c(Cl)c(Cl)c(Cl)c(Cl)c3C2=O)c1,"Polyoxides/ethers/acetals, Polyamides/thioamides, Polyimines"
P370386,21450,101055925,Polycondensation/Polymer_reaction,C1=CC(=CC=C1C(=O)NN)N,C1=CC=C2C(=C1)C(=O)N(C2=O)C3=CC(=C(C=C3)C(=O)Cl)C(=O)Cl,*c1cc(C(=O)Nc2ccc(-c3nnc(*)o3)cc2)cc(N2C(=O)c3ccccc3C2=O)c1,"Polyoxides/ethers/acetals, Polyamides/thioamides, Polyimines"
P400257,21450,101692623,Polycondensation,C1=CC(=CC=C1C(=O)NN)N,C1=C(C=C(C=C1C(=O)Cl)N2C(=O)C3=C(C2=O)C(=C(C(=C3Cl)Cl)Cl)Cl)C(=O)Cl,*NNC(=O)c1ccc(NC(=O)c2cc(C(*)=O)cc(N3C(=O)c4c(Cl)c(Cl)c(Cl)c(Cl)c4C3=O)c2)cc1,Polyamides/thioamides
P020143,21476,0,Addition_polymerization,CC1=CC(=CC(=C1)C=C)C,,*CC(*)c1cc(C)cc(C)c1,"Polystyrenes, Polyvinyls"
P070057,23352,0,Ring_opening_polymerization,CC1(COC1)C,,*CC(C)(C)CO*,Polyoxides/ethers/acetals
P372859,23546,11397,Polycondensation,C1=CC(=CC=C1C(=O)Cl)OC2=CC=C(C=C2)C(=O)Cl,C1=CC(=CC2=C1C=CC(=C2)O)O,*Oc1ccc2ccc(OC(=O)c3ccc(Oc4ccc(C(*)=O)cc4)cc3)cc2c1,"Polyoxides/ethers/acetals, Polyesters/thioesters"
P100219,24250,75502,Polycondensation,C(CCCCN)CCCN,C(CCCCCCCCCC(=O)O)CCCCCCCCC(=O)O,*CCCCCCCCNC(=O)CCCCCCCCCCCCCCCCCCC(=O)N*,Polyamides/thioamides
P100018,24250,244872,Polycondensation,C(CCCCN)CCCN,C(CCCCCCCCCCC(=O)O)CCCCCCCCCC(=O)O,*CCCCCCCCNC(=O)CCCCCCCCCCCCCCCCCCCCC(=O)N*,Polyamides/thioamides
P100469,24250,15610180,Polycondensation,C(CCCCN)CCCN,C1=CC(=NC=C1C(=O)Cl)C(=O)Cl,*C(=O)NCCCCCCCCNC(=O)c1ccc(*)nc1,"Polyamides/thioamides, Polyimines"
P400111,24250,59538839,Polycondensation,C(CCCCN)CCCN,C1=C(NC(=CC1=O)C(=O)Cl)C(=O)Cl,*C(=O)NCCCCCCCCNC(=O)c1cc(O)cc(*)n1,"Polyamides/thioamides, Polyimines"
P100094,24250,81760,Polycondensation,C(CCCCN)CCCN,C1=CC(=CC=C1CC(=O)O)CC(=O)O,*CCCCCCCCNC(=O)Cc1ccc(CC(=O)N*)cc1,Polyamides/thioamides
P402079,24250,86121135,Polycondensation,C(CCCCN)CCCN,C1=CC=C2C(=C1)N=C(C(=N2)C3=CC=C(C=C3)C(=O)Cl)C4=CC=C(C=C4)C(=O)Cl,*c1ccc(C(=O)NCCCCCCCCNC(=O)c2ccc(-c3nc4ccccc4nc3*)cc2)cc1,"Polyamides/thioamides, Polyimines"
P100300,24250,77926,Polycondensation,C(CCCCN)CCCN,C1=CC(=CC=C1CCC(=O)O)CCC(=O)O,*CCCCCCCCNC(=O)CCc1ccc(CCC(=O)N*)cc1,Polyamides/thioamides
P100471,24250,264789,Polycondensation,C(CCCCN)CCCN,C1=C(C=NC=C1C(=O)Cl)C(=O)Cl,*C(=O)NCCCCCCCCNC(=O)c1cncc(*)c1,"Polyamides/thioamides, Polyimines"
P100216,24250,2266,Polycondensation,C(CCCCN)CCCN,C(CCCC(=O)O)CCCC(=O)O,*CCCCCCCCNC(=O)CCCCCCCC(=O)N*,Polyamides/thioamides
P100217,24250,13185,Polycondensation,C(CCCCN)CCCN,C(CCCCCCC(=O)O)CCCCCC(=O)O,*CCCCCCCCNC(=O)CCCCCCCCCCCCC(=O)N*,Polyamides/thioamides
P080036,24807,14494,Polycondensation,S(SCl)Cl,C(CCCCCS)CCCCS,*CCCCCCCCCCSSSS*,Polysulfides
P044526,24827,0,Addition_polymerization,CCOC(=O)C(=C)CO,,*CC(*)(CO)C(=O)OCC,"Polyacrylics, Polyvinyls"
P432101,25689,75682,Polycondensation,C1=CC(=CC=C1N)OC2=CC=C(C=C2)S(=O)(=O)C3=CC=C(C=C3)OC4=CC=C(C=C4)N,C1=CC2=C(C=C1S(=O)(=O)C3=CC4=C(C=C3)C(=O)OC4=O)C(=O)OC2=O,*c1ccc(Oc2ccc(S(=O)(=O)c3ccc(Oc4ccc(N5C(=O)c6ccc(S(=O)(=O)c7ccc8c(c7)C(=O)N(*)C8=O)cc6C5=O)cc4)cc3)cc2)cc1,"Polyimides/thioimides, Polyoxides/ethers/acetals, Polysulfones/sulfoxides/sufonates/sulfoamides"
P430459,25689,102402494,Polycondensation,C1=CC(=CC=C1N)OC2=CC=C(C=C2)S(=O)(=O)C3=CC=C(C=C3)OC4=CC=C(C=C4)N,C1=CC(=CC2=C1C=CC(=C2)OC3=CC=C(C=C3)N4C(=O)C5=C(C4=O)C=C(C=C5)C(=O)O)OC6=CC=C(C=C6)N7C(=O)C8=C(C7=O)C=C(C=C8)C(=O)O,*C(=O)Nc1ccc(Oc2ccc(S(=O)(=O)c3ccc(Oc4ccc(NC(=O)c5ccc6c(c5)C(=O)N(c5ccc(Oc7ccc8ccc(Oc9ccc(N%10C(=O)c%11ccc(*)cc%11C%10=O)cc9)cc8c7)cc5)C6=O)cc4)cc3)cc2)cc1,"Polyimides/thioimides, Polyoxides/ethers/acetals, Polyamides/thioamides, Polysulfones/sulfoxides/sufonates/sulfoamides"
P390174,25972,0,Polycondensation,CC(C)C1=CC(=CC(=C1O)C(C)C)C(=O)O,,*Oc1c(C(C)C)cc(C(*)=O)cc1C(C)C,Polyesters/thioesters
P462404,27513,0,Polycondensation,C1=CC2=C(C=CN2)C=C1C#N,,*c1[nH]c2ccc(C#N)cc2c1*,Polyimines
P462409,28114,0,Polycondensation,C1=CC(=C(N=C1)N)O,,*Nc1cnc(*)c(O)c1,Polyimines
P070509,31289,0,Addition_polymerization,CCCCCCCCC=O,,*OC(*)CCCCCCCC,Polyoxides/ethers/acetals
P430348,31344,102402965,Polycondensation,CC(C)(CO)CO,CC(C)(C)C1=CC(=CC(=C1)C(=O)N=C=O)C(=O)N=C=O,*CC(C)(C)COC(=O)NC(=O)c1cc(C(=O)NC(=O)O*)cc(C(C)(C)C)c1,"Polyimides/thioimides, Polyurethanes/thiourethanes"
P390325,31344,85795161,Polycondensation,CC(C)(CO)CO,CCCOC(=O)C1=CC=C(C=C1)C2=CC=C(C=C2)C3=CC=C(C=C3)C(=O)OCCC,*CC(C)(C)COC(=O)c1ccc(-c2ccc(-c3ccc(C(=O)O*)cc3)cc2)cc1,Polyesters/thioesters
P030011,31368,0,Addition_polymerization,CC(=C)C#N,,*CC(*)(C)C#N,Polyvinyls
P060014,31369,0,Addition_polymerization,C=CC(=C)Cl,,*CC/C=C(/*)Cl,"Polyvinyls, Polydienes"
P360011,33629,0,Addition_polymerization,CCCC#CC,,*/C(C)=C(/*)CCC,Polydienes
P382137,37153,100958821,Polycondensation,C(CCCCCO)CCCCO,C1=CC(=CC=C1C2=NN=C(S2)C3=CC=C(C=C3)C(=O)Cl)C(=O)Cl,*c1ccc(C(=O)OCCCCCCCCCCOC(=O)c2ccc(-c3nnc(*)s3)cc2)cc1,"Polysulfides, Polyesters/thioesters, Polyimines"
P070521,37153,201877,Polycondensation,C(CCCCCO)CCCCO,COC(=O)COCC(=O)OC,*CCCCCCCCCCOC(=O)COCC(=O)O*,"Polyoxides/ethers/acetals, Polyesters/thioesters"
P090239,37153,12405380,Polycondensation,C(CCCCCO)CCCCO,C(CCS(=O)(=O)CCCCC(=O)O)CC(=O)O,*CCCCCCCCCCOC(=O)CCCCS(=O)(=O)CCCCC(=O)O*,"Polyesters/thioesters, Polysulfones/sulfoxides/sufonates/sulfoamides"
P372237,37320,11361583,Polycondensation,CC(=O)NC1=C(C=C(C=C1)C2=CC(=C(C=C2)NC(=O)C)Cl)Cl,C1=CC(=CC=C1C(=O)O)OCCCCCCCCCOC2=CC=C(C=C2)C(=O)O,*CCCCCCCCCOc1ccc(C(=O)Nc2ccc(-c3ccc(NC(=O)c4ccc(O*)cc4)c(Cl)c3)cc2Cl)cc1,"Polyoxides/ethers/acetals, Polyamides/thioamides"
P372238,37320,400760,Polycondensation,CC(=O)NC1=C(C=C(C=C1)C2=CC(=C(C=C2)NC(=O)C)Cl)Cl,C1=CC(=CC=C1C(=O)O)OCCCCCCCCCCOC2=CC=C(C=C2)C(=O)O,*CCCCCCCCCCOc1ccc(C(=O)Nc2ccc(-c3ccc(NC(=O)c4ccc(O*)cc4)c(Cl)c3)cc2Cl)cc1,"Polyoxides/ethers/acetals, Polyamides/thioamides"
P500033,39175,1119,Polyaddition,CCC=CC=C,O=S=O,*C/C=C/C(CC)S(*)(=O)=O,Polysulfones/sulfoxides/sufonates/sulfoamides
P433233,41206,0,Polycondensation,CC1=CC(=CC(=C1N)C)C2=CC(=C(C(=C2)C)N)C,,*c1c(C)cc(-c2cc(C)c(N3C(=O)c4ccc(Oc5c(C)cc(Cc6cc(C)c(Oc7ccc8c(c7)C(=O)N(*)C8=O)c(C)c6)cc5C)cc4C3=O)c(C)c2)cc1C,"Polyimides/thioimides, Polyoxides/ethers/acetals"
P422059,61009,101418477,Polyaddition,C1=CC(=CC=C1N=C=O)N=C=O,C1=CC=C2C(=C1)C(=O)C3=C(C2=O)C=C(C=C3)NC(=O)C4=CC(=CC(=C4)N)N,*Nc1cc(NC(=O)Nc2ccc(NC(*)=O)cc2)cc(C(=O)Nc2ccc3c(c2)C(=O)c2ccccc2C3=O)c1,Polyureas/thioureas
P400197,61033,0,Addition_polymerization,CCCN=C=O,,*C(=O)N(*)CCC,Polyamides/thioamides
P100589,61136,224167,Polycondensation,CC(CCN)N,C1=CC(=CC=C1C(=O)O)S(=O)(=O)C2=CC=C(C=C2)C(=O)O,*c1ccc(C(=O)NCCC(C)NC(=O)c2ccc(S(*)(=O)=O)cc2)cc1,"Polyamides/thioamides, Polysulfones/sulfoxides/sufonates/sulfoamides"
P500014,61157,96240,Polycondensation,C(C(CN)O)N,C1=CC(=CC(=C1)S(=O)(=O)Cl)S(=O)(=O)Cl,*c1cccc(S(=O)(=O)NCC(O)CNS(*)(=O)=O)c1,Polysulfones/sulfoxides/sufonates/sulfoamides
P090540,61225,8105,Polycondensation,COC(=O)C1=CC2=C(C=C1)C=C(C=C2)C(=O)OC,C(CCO)CCO,*CCCCCOC(=O)c1ccc2cc(C(=O)O*)ccc2c1,Polyesters/thioesters
P390073,61225,11506,Polycondensation,COC(=O)C1=CC2=C(C=C1)C=C(C=C2)C(=O)OC,C1=CC(=CC=C1CO)CO,*Cc1ccc(COC(=O)c2ccc3cc(C(=O)O*)ccc3c2)cc1,Polyesters/thioesters
P392160,61225,92866,Polycondensation,COC(=O)C1=CC2=C(C=C1)C=C(C=C2)C(=O)OC,CCCCCCCCCCC(CO)O,*CCCCCCCCCCCCOC(=O)c1ccc2cc(C(=O)O*)ccc2c1,Polyesters/thioesters
P392157,61225,69420,Polycondensation,COC(=O)C1=CC2=C(C=C1)C=C(C=C2)C(=O)OC,C(CCCCO)CCCO,*CCCCCCCCOC(=O)c1ccc2cc(C(=O)O*)ccc2c1,Polyesters/thioesters
P090213,61225,7735,Polycondensation,COC(=O)C1=CC2=C(C=C1)C=C(C=C2)C(=O)OC,C1CC(CCC1CO)CO,*CC1CCC(COC(=O)c2ccc3cc(C(=O)O*)ccc3c2)CC1,Polyesters/thioesters
P030184,62140,0,Addition_polymerization,CCCCCCCCCC(=O)OC=C,,*CC(*)OC(=O)CCCCCCCCC,Polyvinyls
P040017,62552,0,Addition_polymerization,CCCCCCCCCCCCCCCCCCOC(=O)C=C,,*CC(*)C(=O)OCCCCCCCCCCCCCCCCCC,"Polyacrylics, Polyvinyls"
P390233,65432,7272,Ring_opening_polymerization,C1C(=O)OCC(=O)O1,CC1C(=O)OC(C(=O)O1)C,*OC(C)C(=O)OCC(*)=O,Polyesters/thioesters
P512025,66041,11814771,Polycondensation,C=CC1=CC=C(C=C1)C=C,CCCCCCCCCCCCCCCCOC1=CC(=C(C=C1I)OCCCCCCCCCCCCCCCC)I,*/C=C/c1cc(OCCCCCCCCCCCCCCCC)c(/C=C/c2ccc(*)cc2)cc1OCCCCCCCCCCCCCCCC,Polyphenylenes
P392471,66072,85624157,Polycondensation,C(CCCCC(=O)Cl)CCCC(=O)Cl,C[Si](C)(C)OC1=CC=C(C=C1)C(=O)OC2=CC=C(C=C2)O[Si](C)(C)C,*Oc1ccc(OC(=O)c2ccc(OC(=O)CCCCCCCCC(*)=O)cc2)cc1,Polyesters/thioesters
P392670,66072,0,Polycondensation,C(CCCCC(=O)Cl)CCCC(=O)Cl,,*CC(=O)NCCCCCCNC(=O)COC(=O)CCCCCCCCC(=O)O*,"Polyesters/thioesters, Polyamides/thioamides"
P392499,66072,0,Ring_opening_polymerization,C(CCCCC(=O)Cl)CCCC(=O)Cl,,*CCSC(=O)CCCCCCCCC(=O)S*,Polyesters/thioesters
P400115,66072,2756445,Polycondensation,C(CCCCC(=O)Cl)CCCC(=O)Cl,C1CCNCC(C1)N,*C(=O)CCCCCCCCC(=O)NC1CCCCN(*)C1,Polyamides/thioamides
P430406,66072,102402419,Polycondensation,C(CCCCC(=O)Cl)CCCC(=O)Cl,C1=CC(=CC(=C1)NC(=O)C2=CC3=C(C=C2)C(=O)N(C3=O)C4=CC=CC(=C4)N)N,*C(=O)Nc1cccc(NC(=O)CCCCCCCCC(=O)Nc2cccc(N3C(=O)c4ccc(*)cc4C3=O)c2)c1,"Polyimides/thioimides, Polyamides/thioamides"
P100315,66072,22185810,Polycondensation,C(CCCCC(=O)Cl)CCCC(=O)Cl,C1C(C1CN)CN,*CC1CC1CNC(=O)CCCCCCCCC(=O)N*,Polyamides/thioamides
P372372,66072,20239,Polycondensation,C(CCCCC(=O)Cl)CCCC(=O)Cl,C(CN)COCCOCCOCCCN,*CCCNC(=O)CCCCCCCCC(=O)NCCCOCCOCCO*,"Polyoxides/ethers/acetals, Polyamides/thioamides"
P400151,66072,13826,Polycondensation,C(CCCCC(=O)Cl)CCCC(=O)Cl,C(=O)(C(=O)NN)NN,*NNC(=O)C(=O)NNC(=O)CCCCCCCCC(*)=O,Polyamides/thioamides
P400147,66072,1365597,Polycondensation,C(CCCCC(=O)Cl)CCCC(=O)Cl,C1=CC(=CC=C1C2=NC3=C(N2)C=C(C=C3)C4=CC5=C(C=C4)N=C(N5)C6=CC=C(C=C6)N)N,*c1ccc(NC(=O)CCCCCCCCC(=O)Nc2ccc(-c3nc4ccc(-c5ccc6nc(*)[nH]c6c5)cc4[nH]3)cc2)cc1,"Polyamides/thioamides, Polyimines"
P402018,66072,29942460,Polycondensation,C(CCCCC(=O)Cl)CCCC(=O)Cl,CN(C)C1=CC=C(C=C1)C=CC2=CC(=C(C=C2N)[N+](=O)[O-])N,*Nc1cc([N+](=O)[O-])c(NC(=O)CCCCCCCCC(*)=O)cc1/C=C/c1ccc(N(C)C)cc1,Polyamides/thioamides
P402409,66072,101538529,Polycondensation,C(CCCCC(=O)Cl)CCCC(=O)Cl,C1=CC=NC(=C1)C2=NN=C(O2)C3=CC(=CC(=C3)N)N,*Nc1cc(NC(=O)CCCCCCCCC(*)=O)cc(-c2nnc(-c3ccccn3)o2)c1,Polyamides/thioamides
P160081,66094,0,Ring_opening_polymerization,C[Si]1(N[Si](N[Si](N1)(C)C)(C)C)C,,*N[Si](*)(C)C,"Polyimines, Polysiloxanes/silanes"
P160081,66094,0,Ring_opening_polymerization,C[Si]1(N[Si](N[Si](N1)(C)C)(C)C)C,,*N[Si](*)(C)C,"Polyimines, Polysiloxanes/silanes"
P400154,66117,2266,Polycondensation,C(CCC(=O)NN)CC(=O)NN,C(CCCC(=O)O)CCCC(=O)O,*NNC(=O)CCCCC(=O)NNC(=O)CCCCCCCC(*)=O,Polyamides/thioamides
P400154,66117,67165,Polycondensation,C(CCC(=O)NN)CC(=O)NN,C(CCCC(=O)Cl)CCCC(=O)Cl,*NNC(=O)CCCCC(=O)NNC(=O)CCCCCCCC(*)=O,Polyamides/thioamides
P370144,66119,0,Ring_opening_polymerization,CC1COCO1,,*COCC(C)O*,Polyoxides/ethers/acetals
P150025,66238,6371,Polycondensation,CC(C)(C1=CC(=C(C=C1)O)Cl)C2=CC(=C(C=C2)O)Cl,C(=O)(Cl)Cl,*Oc1ccc(C(C)(C)c2ccc(OC(*)=O)c(Cl)c2)cc1Cl,Polycarbonates/thiocarbonates
P372220,66494,245528,Polycondensation,C1=CC=C(C(=C1)C(C2=CC=C(C=C2)O)C3=CC=C(C=C3)O)C(=O)O,C1=CC(=CC=C1C(=O)C2=CC=C(C=C2)[N+](=O)[O-])[N+](=O)[O-],*Oc1ccc(C(c2ccc(Oc3ccc(C(=O)c4ccc(*)cc4)cc3)cc2)c2ccccc2C(=O)O[K])cc1,"Polyoxides/ethers/acetals, Polyketones/thioketones"
P372833,66494,67842,Polycondensation,C1=CC=C(C(=C1)C(C2=CC=C(C=C2)O)C3=CC=C(C=C3)O)C(=O)O,C1=CC(=CC=C1F)S(=O)(=O)C2=CC=C(C=C2)F,*Oc1ccc(S(=O)(=O)c2ccc(Oc3ccc(C(c4ccc(*)cc4)c4ccccc4C(=O)O)cc3)cc2)cc1,"Polyoxides/ethers/acetals, Polysulfones/sulfoxides/sufonates/sulfoamides"
P432973,66537,101988104,Polycondensation,CC1=C(C=CC(=C1)N)C2=C(C=C(C=C2)N)C,CC1=CC(=C(C(=C1N2C(=O)C3=C(C2=O)C=C(C=C3)C(=O)O)C)N4C(=O)C5=C(C4=O)C=C(C=C5)C(=O)O)C,*C(=O)Nc1ccc(-c2ccc(NC(=O)c3ccc4c(c3)C(=O)N(c3c(C)cc(C)c(N5C(=O)c6ccc(*)cc6C5=O)c3C)C4=O)cc2C)c(C)c1,"Polyimides/thioimides, Polyamides/thioamides"
P402350,66859,4915422,Polycondensation,C1=CC(=CC(=C1)N)C(=O)NC2=CC=CC(=C2)N,C1=CC(=CC=C1C2=NC3=C(N2)C=C(C=C3)C(=O)O)C(=O)O,*C(=O)Nc1cccc(NC(=O)c2cccc(NC(=O)c3ccc(-c4nc5cc(*)ccc5[nH]4)cc3)c2)c1,"Polyamides/thioamides, Polyimines"
P370531,66912,7570,Polyaddition,C1=CC(=CC=C1OCCO)OCCO,C1=CC(=CC=C1CC2=CC=C(C=C2)N=C=O)N=C=O,*CCOC(=O)Nc1ccc(Cc2ccc(NC(=O)OCCOc3ccc(O*)cc3)cc2)cc1,"Polyoxides/ethers/acetals, Polyurethanes/thiourethanes"
P100787,66978,7488,Polycondensation,CNCCCNC,C1=CC(=CC=C1C(=O)Cl)C(=O)Cl,*CCCN(C)C(=O)c1ccc(C(=O)N(*)C)cc1,Polyamides/thioamides
P512007,67150,0,Polycondensation,CCOC1=CC=C(C=C1)OCC,,*c1cc(OCC)c(*)cc1OCC,Polyphenylenes
P370273,67165,280939,Polycondensation,C(CCCC(=O)Cl)CCCC(=O)Cl,C1=CC(=CC=C1C2=NNN=N2)C3=NNN=N3,*CCCCCCCc1nnc(-c2ccc(-c3nnc(*)o3)cc2)o1,"Polyoxides/ethers/acetals, Polyimines"
P392009,67165,20376577,Polycondensation,C(CCCC(=O)Cl)CCCC(=O)Cl,C1=CC(=CC=C1C=CC=CC2=CC=C(C=C2)O)O,*Oc1ccc(/C=C/C=C/c2ccc(OC(=O)CCCCCCCC(*)=O)cc2)cc1,Polyesters/thioesters
P392332,67165,102275251,Polycondensation,C(CCCC(=O)Cl)CCCC(=O)Cl,CCCCOC1=CC=C(C=C1)C(=O)OC2=CC(=C(C=C2O)OC(=O)C3=CC=C(C=C3)OCCCC)O,*Oc1cc(OC(=O)c2ccc(OCCCC)cc2)c(OC(=O)CCCCCCCC(*)=O)cc1OC(=O)c1ccc(OCCCC)cc1,Polyesters/thioesters
P370479,67294,13249359,Polycondensation/Polymer_reaction,C1=CC(=CC=C1C(=O)NN)C(=O)NN,C1=CC=C(C=C1)[Si](C2=CC=CC=C2)(C3=CC=C(C=C3)C(=O)Cl)C4=CC=C(C=C4)C(=O)Cl,*c1ccc([Si](c2ccccc2)(c2ccccc2)c2ccc(-c3nnc(-c4ccc(-c5nnc(*)o5)cc4)o3)cc2)cc1,"Polyoxides/ethers/acetals, Polyimines, Polysiloxanes/silanes"
P432679,67294,101056143,Polycondensation,C1=CC(=CC=C1C(=O)NN)C(=O)NN,C1=CC2=C(C=C1C(C3=CC4=C(C=C3)C(=O)N(C4=O)CC(=O)Cl)(C(F)(F)F)C(F)(F)F)C(=O)N(C2=O)CC(=O)Cl,*CC(=O)NNC(=O)c1ccc(C(=O)NNC(=O)CN2C(=O)c3ccc(C(c4ccc5c(c4)C(=O)N(*)C5=O)(C(F)(F)F)C(F)(F)F)cc3C2=O)cc1,"Polyimides/thioimides, Polyamides/thioamides"
P040032,67551,0,Addition_polymerization,C=CC(=O)OCC(C(C(C(C(C(C(F)(F)F)(F)F)(F)F)(F)F)(F)F)(F)F)(F)F,,*CC(*)C(=O)OCC(F)(F)C(F)(F)C(F)(F)C(F)(F)C(F)(F)C(F)(F)C(F)(F)F,"Polyacrylics, Polyvinyls"
P512061,67653,21982074,Polycondensation,C1(=C(C(=C(C(=C1Br)F)F)Br)F)F,B1(OC(C(O1)(C)C)(C)C)C2=CC3=C(C=C2)C4=C(C3(CCCCCCCC)CCCCCCCC)C=C(C=C4)B5OC(C(O5)(C)C)(C)C,*c1ccc2c(c1)C(CCCCCCCC)(CCCCCCCC)c1cc(-c3c(F)c(F)c(*)c(F)c3F)ccc1-2,Polyphenylenes
P322048,67690,0,Addition_polymerization,CC(=C)C1=CC=C(C=C1)F,,*CC(*)(C)c1ccc(F)cc1,"Polystyrenes, Polyvinyls"
P430437,67781,15027174,Polycondensation,C1=C(C=C(C=C1N)N)C(F)(F)F,C1=C2C(=CC(=C1C(=O)C3=C(C=C4C(=C3)C(=O)OC4=O)Cl)Cl)C(=O)OC2=O,*C(=O)c1cc2c(cc1Cl)C(=O)N(c1cc(N3C(=O)c4cc(*)c(Cl)cc4C3=O)cc(C(F)(F)F)c1)C2=O,"Polyimides/thioimides, Polyketones/thioketones"
P370130,67831,136605,Polycondensation,C(C(C(C(CO)(F)F)(F)F)(F)F)O,C1(=C(N=C(N=C1F)F)F)F,*OCC(F)(F)C(F)(F)C(F)(F)COc1nc(F)nc(*)c1F,"Polyoxides/ethers/acetals, Polyimines"
P372829,67842,68995,Polycondensation,C1=CC(=CC=C1F)S(=O)(=O)C2=CC=C(C=C2)F,CC1=C(C=CC(=C1)C2(C3=CC=CC=C3C(=O)O2)C4=CC(=C(C=C4)O)C)O,*c1ccc(Oc2ccc(S(=O)(=O)c3ccc(Oc4ccc(C5(*)OC(=O)c6ccccc65)cc4C)cc3)cc2)c(C)c1,"Polyoxides/ethers/acetals, Polyesters/thioesters, Polysulfones/sulfoxides/sufonates/sulfoamides"
P372832,67842,100945995,Polycondensation,C1=CC(=CC=C1F)S(=O)(=O)C2=CC=C(C=C2)F,CC1=CC(=C(C=C1C(C2=CC=CC=C2C(=O)O)C3=CC(=C(C=C3C)O)C(C)C)C(C)C)O,*Oc1ccc(S(=O)(=O)c2ccc(Oc3cc(C)c(C(c4cc(C(C)C)c(*)cc4C)c4ccccc4C(=O)O)cc3C(C)C)cc2)cc1,"Polyoxides/ethers/acetals, Polysulfones/sulfoxides/sufonates/sulfoamides"
P500032,67842,11759195,Polycondensation,C1=CC(=CC=C1F)S(=O)(=O)C2=CC=C(C=C2)F,C1COCCN1C(C#N)C2=CC(=CC=C2)C(C#N)N3CCOCC3,*c1ccc(C(C#N)(c2cccc(C(C#N)(c3ccc(S(*)(=O)=O)cc3)N3CCOCC3)c2)N2CCOCC2)cc1,Polysulfones/sulfoxides/sufonates/sulfoamides
P490005,67883,712,Addition_polymerization,C=CC1=CC=C(C=C1)F,C=O,*CC(=O)C(*)c1ccc(F)cc1,	Polyketones/thioketones
P160001,68157,244030,Ring_opening_polymerization/Polymer_reaction,C1COC=N1,C1COC(=N1)C2=CC=CC=C2,*CCN*,Polyimines
P160001,244030,0,Ring_opening_polymerization/Polymer_reaction,C1COC(=N1)C2=CC=CC=C2,,*CCN*,Polyimines
P160001,68157,0,Ring_opening_polymerization/Polymer_reaction,C1COC=N1,,*CCN*,Polyimines
P100790,68315,3083765,Polycondensation,C1=CC(=CC=C1CN)CN,C(CCCCCCCC(=O)O)CCCCCCCC(=O)O,*Cc1ccc(CNC(=O)CCCCCCCCCCCCCCCC(=O)N*)cc1,Polyamides/thioamides
P070213,68315,18542011,Polycondensation,C1=CC(=CC=C1CN)CN,C(CC(=O)O)COCCCC(=O)O,*CCCC(=O)NCc1ccc(CNC(=O)CCCO*)cc1,"Polyoxides/ethers/acetals, Polyamides/thioamides"
P100108,68315,5192,Polycondensation,C1=CC(=CC=C1CN)CN,C(CCCCC(=O)O)CCCC(=O)O,*Cc1ccc(CNC(=O)CCCCCCCCC(=O)N*)cc1,Polyamides/thioamides
P070216,68315,57121607,Polycondensation,C1=CC(=CC=C1CN)CN,C(CCCOCCCCCCC(=O)O)CCC(=O)O,*CCCCCCC(=O)NCc1ccc(CNC(=O)CCCCCCO*)cc1,"Polyoxides/ethers/acetals, Polyamides/thioamides"
P100515,68315,54438631,Polycondensation,C1=CC(=CC=C1CN)CN,C(CCCCCOCCCCC(=O)O)CCCCC(=O)O,*CCCCCCCCCCC(=O)NCc1ccc(CNC(=O)CCCCO*)cc1,"Polyoxides/ethers/acetals, Polyamides/thioamides"
P100105,68315,70095,Polycondensation,C1=CC(=CC=C1CN)CN,C(CCCCCCCCC(=O)O)CCCCCCCC(=O)O,*Cc1ccc(CNC(=O)CCCCCCCCCCCCCCCCC(=O)N*)cc1,Polyamides/thioamides
P100104,68315,12736,Polycondensation,C1=CC(=CC=C1CN)CN,C(CCCCCC(=O)O)CCCCC(=O)O,*Cc1ccc(CNC(=O)CCCCCCCCCCC(=O)N*)cc1,Polyamides/thioamides
P100789,68315,244872,Polycondensation,C1=CC(=CC=C1CN)CN,C(CCCCCCCCCCC(=O)O)CCCCCCCCCC(=O)O,*Cc1ccc(CNC(=O)CCCCCCCCCCCCCCCCCCCCC(=O)N*)cc1,Polyamides/thioamides
P100362,68315,10457,Polycondensation,C1=CC(=CC=C1CN)CN,C(CCCC(=O)O)CCC(=O)O,*Cc1ccc(CNC(=O)CCCCCCC(=O)N*)cc1,Polyamides/thioamides
P070295,68610,7488,Polycondensation,C1=CC(=CC=C1C(=O)O)OCCCOC2=CC=C(C=C2)C(=O)O,C1=CC(=CC=C1C(=O)Cl)C(=O)Cl,*CCCOc1ccc(C(=O)OC(=O)c2ccc(C(=O)OC(=O)c3ccc(O*)cc3)cc2)cc1,"Polyoxides/ethers/acetals, Polyanhydrides/thioanhydrides"
P070296,68610,7451,Polycondensation,C1=CC(=CC=C1C(=O)O)OCCCOC2=CC=C(C=C2)C(=O)O,C1=CC(=CC(=C1)C(=O)Cl)C(=O)Cl,*CCCOc1ccc(C(=O)OC(=O)c2cccc(C(=O)OC(=O)c3ccc(O*)cc3)c2)cc1,"Polyoxides/ethers/acetals, Polyanhydrides/thioanhydrides"
P400097,68662,0,Polycondensation/Polymer_reaction,COC(=O)CCC(C(=O)O)N,,*NC(CCC(=O)OCCCCCCCCCCCCCC)C(*)=O,Polyamides/thioamides
P462071,69045,14481725,Polycondensation,C1=CC=C(C=C1)C(C2=CC=C(C=C2)N)C3=CC=C(C=C3)N,C1=CC(=CC=C1C=O)C#CC#CC2=CC=C(C=C2)C=O,*=Cc1ccc(C#CC#Cc2ccc(/C=N/c3ccc(C(c4ccccc4)c4ccc(N=*)cc4)cc3)cc2)cc1,Polyimines
P372497,69065,399966,Polycondensation,C1=CC=C2C(=C1)C(=CC=C2C(=O)O)C(=O)O,C1C2CC3CC1CC(C2)C3(C4=CC=C(C=C4)OC5=CC=C(C=C5)N)C6=CC=C(C=C6)OC7=CC=C(C=C7)N,*Oc1ccc(NC(=O)c2ccc(C(=O)Nc3ccc(Oc4ccc(C5(c6ccc(*)cc6)C6CC7CC(C6)CC5C7)cc4)cc3)c3ccccc23)cc1,"Polyoxides/ethers/acetals, Polyamides/thioamides"
P402240,69149,7488,Polycondensation,C1=CC(=CC=C1C(=O)C2=CC=C(C=C2)N)N,C1=CC(=CC=C1C(=O)Cl)C(=O)Cl,*Nc1ccc(C(=O)c2ccc(NC(=O)c3ccc(C(*)=O)cc3)cc2)cc1,"Polyamides/thioamides, Polyketones/thioketones"
P370458,69150,102272745,Polycondensation,C1=CC(=CC=C1C(=O)C2=CC=C(C=C2)O)O,C1=CC(=CC=C1C2=C(C(=C(C(=C2C3=CC=C(C=C3)F)C(=O)C4=CC=C(C=C4)F)C(=O)C5=CC=C(C=C5)F)C6=CC=C(C=C6)F)C7=CC=C(C=C7)F)F,*Oc1ccc(C(=O)c2ccc(Oc3ccc(C(=O)c4c(C(=O)c5ccc(*)cc5)c(-c5ccc(F)cc5)c(-c5ccc(F)cc5)c(-c5ccc(F)cc5)c4-c4ccc(F)cc4)cc3)cc2)cc1,"Polyoxides/ethers/acetals, Polyketones/thioketones"
P390290,69150,11004750,Polycondensation,C1=CC(=CC=C1C(=O)C2=CC=C(C=C2)O)O,C1=CC(=CC=C1C(=O)OC2=CC=C(C=C2)C(=O)Cl)C(=O)OC3=CC=C(C=C3)C(=O)Cl,*Oc1ccc(C(=O)Oc2ccc(C(=O)c3ccc(OC(=O)c4ccc(OC(=O)c5ccc(C(*)=O)cc5)cc4)cc3)cc2)cc1,"Polyesters/thioesters, Polyketones/thioketones"
P090290,69327,174,Ring_opening_polymerization/Polymer_reaction,C1=CC(=CC=C1CC#N)CC#N,C(CO)O,*CCOC(=O)Cc1ccc(CC(=O)O*)cc1,Polyesters/thioesters
P090290,81760,174,Polycondensation,C1=CC(=CC=C1CC(=O)O)CC(=O)O,C(CO)O,*CCOC(=O)Cc1ccc(CC(=O)O*)cc1,Polyesters/thioesters
P070066,69420,0,Polycondensation,C(CCCCO)CCCO,,*CCCCCCCCO*,Polyoxides/ethers/acetals
P382135,69420,100958821,Polycondensation,C(CCCCO)CCCO,C1=CC(=CC=C1C2=NN=C(S2)C3=CC=C(C=C3)C(=O)Cl)C(=O)Cl,*c1ccc(C(=O)OCCCCCCCCOC(=O)c2ccc(-c3nnc(*)s3)cc2)cc1,"Polysulfides, Polyesters/thioesters, Polyimines"
P090374,69420,101717198,Polycondensation,C(CCCCO)CCCO,CCOC(=O)CCCCCNC(=O)C1=CC=C(C=C1)C(=O)NCCCCCC(=O)OCC,*CCCCCCCCOC(=O)CCCCCNC(=O)c1ccc(C(=O)NCCCCCC(=O)O*)cc1,"Polyesters/thioesters, Polyamides/thioamides"
P100135,69533,7488,Polycondensation,C(CCCN)CCCN,C1=CC(=CC=C1C(=O)Cl)C(=O)Cl,*CCCCCCCNC(=O)c1ccc(C(=O)N*)cc1,Polyamides/thioamides
P120019,69533,13192,Polyaddition,C(CCCN)CCCN,C(CCCN=C=O)CCN=C=O,*CCCCCCCNC(=O)NCCCCCCNC(=O)N*,Polyureas/thioureas
P402252,69533,75502,Polycondensation,C(CCCN)CCCN,C(CCCCCCCCCC(=O)O)CCCCCCCCC(=O)O,*CCCCCCCNC(=O)CCCCCCCCCCCCCCCCCCC(=O)N*,Polyamides/thioamides
P100213,69533,2266,Polycondensation,C(CCCN)CCCN,C(CCCC(=O)O)CCCC(=O)O,*CCCCCCCNC(=O)CCCCCCCC(=O)N*,Polyamides/thioamides
P100021,69534,196,Polycondensation,C(CCCCN)CCCCN,C(CCC(=O)O)CC(=O)O,*CCCCCCCCCNC(=O)CCCCC(=O)N*,Polyamides/thioamides
P100222,69534,15816,Polycondensation,C(CCCCN)CCCCN,C(CCCCC(=O)O)CCCCC(=O)O,*CCCCCCCCCNC(=O)CCCCCCCCCC(=O)N*,Polyamides/thioamides
P422004,69534,0,Polycondensation,C(CCCCN)CCCCN,,*CCCCCCCCCNC(=S)N*,Polyureas/thioureas
P430017,69534,82136,Polycondensation,C(CCCCN)CCCCN,C1=CC(=C(C=C1OC2=CC(=C(C=C2)C(=O)O)C(=O)O)C(=O)O)C(=O)O,*CCCCCCCCCN1C(=O)c2ccc(Oc3ccc4c(c3)C(=O)N(*)C4=O)cc2C1=O,"Polyimides/thioimides, Polyoxides/ethers/acetals"
P432418,69534,0,Polycondensation,C(CCCCN)CCCCN,,*CCCCCCCCCn1c(=O)c2ccc3c4ccc5c(=O)n(*)c(=O)c6ccc(c7ccc(c1=O)c2c37)c4c56,Polyimides/thioimides
P402251,69534,75502,Polycondensation,C(CCCCN)CCCCN,C(CCCCCCCCCC(=O)O)CCCCCCCCC(=O)O,*CCCCCCCCCNC(=O)CCCCCCCCCCCCCCCCCCC(=O)N*,Polyamides/thioamides
P100167,69534,2266,Polycondensation,C(CCCCN)CCCCN,C(CCCC(=O)O)CCCC(=O)O,*CCCCCCCCCNC(=O)CCCCCCCC(=O)N*,Polyamides/thioamides
P110006,69534,31282,Polycondensation,C(CCCCN)CCCCN,C(COC(=O)Cl)OC(=O)Cl,*CCOC(=O)NCCCCCCCCCNC(=O)O*,Polyurethanes/thiourethanes
P373443,69611,101374761,Polycondensation,COP(=O)(Cl)Cl,COC1=C(C=CC(=C1)C=C2CCC(=CC3=CC(=C(C=C3)OCCCCCCCCO)OC)C2=O)OCCCCCCCCO,*CCCCCCCCOc1ccc(/C=C2\CC/C(=C\c3ccc(OCCCCCCCCOP(=O)(O*)OC)c(OC)c3)C2=O)cc1OC,"Polyoxides/ethers/acetals, Polyketones/thioketones"
P100025,69661,13690,Polycondensation,C(CCCCCC(=O)O)CCCCCN,C1CCCCCC(=O)NCCCCC1,*CCCCCCCCCCCC(=O)N*,Polyamides/thioamides
P100025,13690,0,Ring_opening_polymerization,C1CCCCCC(=O)NCCCCC1,,*CCCCCCCCCCCC(=O)N*,Polyamides/thioamides
P390335,69779,87377235,Polycondensation,C1=CC=C(C=C1)OC(=O)C2=CC(=CC=C2)C(=O)OC3=CC=CC=C3,C(CO)CS(=O)(=O)CCCS(=O)(=O)CCCO,*CCCS(=O)(=O)CCCS(=O)(=O)CCCOC(=O)c1cccc(C(=O)O*)c1,"Polyesters/thioesters, Polysulfones/sulfoxides/sufonates/sulfoamides"
P402349,69917,4915422,Polycondensation,C1=CC(=CC=C1C(=O)NC2=CC=C(C=C2)N)N,C1=CC(=CC=C1C2=NC3=C(N2)C=C(C=C3)C(=O)O)C(=O)O,*C(=O)Nc1ccc(NC(=O)c2ccc(NC(=O)c3ccc(-c4nc5cc(*)ccc5[nH]4)cc3)cc2)cc1,"Polyamides/thioamides, Polyimines"
P373389,69917,101431758,Polycondensation,C1=CC(=CC=C1C(=O)NC2=CC=C(C=C2)N)N,C1CCN(CC1)C2=NC(=NC(=N2)OC3=C(C=CC4=CC=CC=C43)C(=O)Cl)OC5=C(C=CC6=CC=CC=C65)C(=O)Cl,*Oc1c(C(=O)Nc2ccc(C(=O)Nc3ccc(NC(=O)c4ccc5ccccc5c4Oc4nc(*)nc(N5CCCCC5)n4)cc3)cc2)ccc2ccccc12,"Polyoxides/ethers/acetals, Polyamides/thioamides, Polyimines"
P432803,69917,101988860,Polycondensation,C1=CC(=CC=C1C(=O)NC2=CC=C(C=C2)N)N,C1=CC(=CC(=C1)N2C(=O)C3=C(C2=O)C=C(C=C3)C(C4=CC5=C(C=C4)C(=O)N(C5=O)C6=CC=CC(=C6)C(=O)O)(C(F)(F)F)C(F)(F)F)C(=O)O,*c1ccc2c(c1)C(=O)N(c1cccc(C(=O)Nc3ccc(NC(=O)c4ccc(NC(=O)c5cccc(N6C(=O)c7ccc(C(*)(C(F)(F)F)C(F)(F)F)cc7C6=O)c5)cc4)cc3)c1)C2=O,"Polyimides/thioimides, Polyamides/thioamides"
P402044,69917,8371,Polycondensation,C1=CC(=CC=C1C(=O)NC2=CC=C(C=C2)N)N,C1(=C(C(=O)C(=C(C1=O)Cl)Cl)Cl)Cl,*Nc1ccc(NC2=C(Cl)C(=O)C(Nc3ccc(C(*)=O)cc3)=C(Cl)C2=O)cc1,"Polyamides/thioamides, Polyimines, Polyketones/thioketones"
P432797,69917,100974156,Polycondensation,C1=CC(=CC=C1C(=O)NC2=CC=C(C=C2)N)N,C1=CC(=CC=C1C(=O)O)N2C(=O)C3=C(C2=O)C=C(C=C3)C(C4=CC5=C(C=C4)C(=O)N(C5=O)C6=CC=C(C=C6)C(=O)O)(C(F)(F)F)C(F)(F)F,*c1ccc2c(c1)C(=O)N(c1ccc(C(=O)Nc3ccc(NC(=O)c4ccc(NC(=O)c5ccc(N6C(=O)c7ccc(C(*)(C(F)(F)F)C(F)(F)F)cc7C6=O)cc5)cc4)cc3)cc1)C2=O,"Polyimides/thioimides, Polyamides/thioamides"
P402392,69917,0,Polycondensation,C1=CC(=CC=C1C(=O)NC2=CC=C(C=C2)N)N,,*Nc1ccc(NC(=O)c2ccc(NC(=O)c3cc(NC(=O)C45CC6CC(CC(C6)C4)C5)cc(C(*)=O)c3)cc2)cc1,Polyamides/thioamides
P402352,69917,35263078,Polycondensation,C1=CC(=CC=C1C(=O)NC2=CC=C(C=C2)N)N,C1=CC(=CC=C1C2=NC3=C(N2)C=C(C=C3)C(=O)O)C4=NC5=C(N4)C=C(C=C5)C(=O)O,*C(=O)Nc1ccc(C(=O)Nc2ccc(NC(=O)c3ccc4[nH]c(-c5ccc(-c6nc7cc(*)ccc7[nH]6)cc5)nc4c3)cc2)cc1,"Polyamides/thioamides, Polyimines"
P430392,69966,82136,Polycondensation,C(CCCCCN)CCCCCN,C1=CC(=C(C=C1OC2=CC(=C(C=C2)C(=O)O)C(=O)O)C(=O)O)C(=O)O,*CCCCCCCCCCCN1C(=O)c2ccc(Oc3ccc4c(c3)C(=O)N(*)C4=O)cc2C1=O,"Polyimides/thioimides, Polyoxides/ethers/acetals"
P432042,69966,102274583,Polycondensation,C(CCCCCN)CCCCCN,CCOC(=O)C1=C(C=C(C=C1)C2=CC=C(C=C2)C3=CC(=C(C=C3)C(=O)OCC)C(=O)O)C(=O)O,*CCCCCCCCCCCN1C(=O)c2ccc(-c3ccc(-c4ccc5c(c4)C(=O)N(*)C5=O)cc3)cc2C1=O,Polyimides/thioimides
P432042,14047395,69966,Polyaddition/Polymer_reaction,C1=CC(=CC=C1C2=CC3=C(C=C2)C(=O)OC3=O)C4=CC5=C(C=C4)C(=O)OC5=O,C(CCCCCN)CCCCCN,*CCCCCCCCCCCN1C(=O)c2ccc(-c3ccc(-c4ccc5c(c4)C(=O)N(*)C5=O)cc3)cc2C1=O,Polyimides/thioimides
P210004,69987,0,Polycondensation,CC1=CC(=C(C=C1)C)CCl,,*Cc1cc(C)c(*)cc1C,Polyphenylenes
P400159,70095,9321,Polycondensation,C(CCCCCCCCC(=O)O)CCCCCCCC(=O)O,NN,*NNC(=O)CCCCCCCCCCCCCCCCC(*)=O,Polyamides/thioamides
P090194,70095,10442,Polycondensation,C(CCCCCCCCC(=O)O)CCCCCCCC(=O)O,C(CO)CO,*CCCOC(=O)CCCCCCCCCCCCCCCCC(=O)O*,Polyesters/thioesters
P090105,70095,37153,Polycondensation,C(CCCCCCCCC(=O)O)CCCCCCCC(=O)O,C(CCCCCO)CCCCO,*CCCCCCCCCCOC(=O)CCCCCCCCCCCCCCCCC(=O)O*,Polyesters/thioesters
P090105,566760,37153,Polycondensation,COC(=O)CCCCCCCCCCCCCCCCC(=O)OC,C(CCCCCO)CCCCO,*CCCCCCCCCCOC(=O)CCCCCCCCCCCCCCCCC(=O)O*,Polyesters/thioesters
P330067,70174,0,Addition_polymerization,C1=CC=C(C=C1)C#CC#CC2=CC=CC=C2,,*C#C/C(=C(/*)c1ccccc1)c1ccccc1,Polyvinyls
P200005,70236,8100,Polycondensation/Polymer_reaction,C(CCS)CCS,C(CCBr)CCBr,*CCCCCS(*)(=O)=O,Polysulfones/sulfoxides/sufonates/sulfoamides
P070450,70248,31282,Polycondensation,C(COCCOCCN)N,C(COC(=O)Cl)OC(=O)Cl,*CCOC(=O)NCCOCCOCCNC(=O)O*,"Polyoxides/ethers/acetals, Polyurethanes/thiourethanes"
P412112,70267,13192,Polyaddition,C1=CC=C(C(=C1)CN)O,C(CCCN=C=O)CCN=C=O,*Oc1ccccc1CNC(=O)NCCCCCCNC(*)=O,"Polyurethanes/thiourethanes, Polyureas/thioureas"
P372727,70465,8035,Polycondensation,C[SiH](C)O[Si](C)(C)O[Si](C)(C)O[SiH](C)C,CC(=O)CCC(=O)C,*O[Si](C)(C)O[Si](C)(C)O[Si](C)(C)O[Si](C)(C)OC(C)CCC(*)C,"Polyoxides/ethers/acetals, Polysiloxanes/silanes"
P462555,70582,95927,Polycondensation,C1(=C(C(=C(C(=C1F)F)N)F)F)C2=C(C(=C(C(=C2F)F)N)F)F,C1=CC(=CC=C1S(=O)(=O)C2=CC=C(C=C2)Br)Br,*c1ccc(Nc2c(F)c(F)c(-c3c(F)c(F)c(Nc4ccc(S(*)(=O)=O)cc4)c(F)c3F)c(F)c2F)cc1,"Polyimines, Polysulfones/sulfoxides/sufonates/sulfoamides"
P382395,70613,14491,Addition_polymerization,,C(CCCS)CCS,*CCCCOC(=O)CCSCCCCCCSCCC(=O)O*,"Polysulfides, Polyesters/thioesters"
P430475,70677,102403347,Polycondensation,C1=CC2=C(C=C1C(C3=CC4=C(C=C3)C(=O)OC4=O)(C(F)(F)F)C(F)(F)F)C(=O)OC2=O,CC1=CC(=CC(=C1N)C)C(C2=CC=CC=C2)(C3=CC(=C(C(=C3)C)N)C)C(F)(F)F,*c1ccc2c(c1)C(=O)N(c1c(C)cc(C(c3ccccc3)(c3cc(C)c(N4C(=O)c5ccc(C(*)(C(F)(F)F)C(F)(F)F)cc5C4=O)c(C)c3)C(F)(F)F)cc1C)C2=O,Polyimides/thioimides
P430298,70677,10679,Polycondensation,C1=CC2=C(C=C1C(C3=CC4=C(C=C3)C(=O)OC4=O)(C(F)(F)F)C(F)(F)F)C(=O)OC2=O,C1C2=C(C=CC(=C2)N)C3=C1C=C(C=C3)N,*c1ccc2c(c1)C(=O)N(c1ccc3c(c1)Cc1cc(N4C(=O)c5ccc(C(*)(C(F)(F)F)C(F)(F)F)cc5C4=O)ccc1-3)C2=O,Polyimides/thioimides
P432459,70677,632603,Polycondensation,C1=CC2=C(C=C1C(C3=CC4=C(C=C3)C(=O)OC4=O)(C(F)(F)F)C(F)(F)F)C(=O)OC2=O,C1=CC(=C(C=C1C(C2=CC(=C(C=C2)O)N)(C(F)(F)F)C(F)(F)F)N)O,*c1ccc2c(c1)C(=O)N(c1cc(C(c3ccc(O)c(N4C(=O)c5ccc(C(*)(C(F)(F)F)C(F)(F)F)cc5C4=O)c3)(C(F)(F)F)C(F)(F)F)ccc1O)C2=O,Polyimides/thioimides
P430474,70677,5244321,Polycondensation,C1=CC2=C(C=C1C(C3=CC4=C(C=C3)C(=O)OC4=O)(C(F)(F)F)C(F)(F)F)C(=O)OC2=O,C1=CC=C(C=C1)C(C2=CC=C(C=C2)N)(C3=CC=C(C=C3)N)C(F)(F)F,*c1ccc2c(c1)C(=O)N(c1ccc(C(c3ccccc3)(c3ccc(N4C(=O)c5ccc(C(*)(C(F)(F)F)C(F)(F)F)cc5C4=O)cc3)C(F)(F)F)cc1)C2=O,Polyimides/thioimides
P430474,70677,5244321,Polyaddition/Polymer_reaction,C1=CC2=C(C=C1C(C3=CC4=C(C=C3)C(=O)OC4=O)(C(F)(F)F)C(F)(F)F)C(=O)OC2=O,C1=CC=C(C=C1)C(C2=CC=C(C=C2)N)(C3=CC=C(C=C3)N)C(F)(F)F,*c1ccc2c(c1)C(=O)N(c1ccc(C(c3ccccc3)(c3ccc(N4C(=O)c5ccc(C(*)(C(F)(F)F)C(F)(F)F)cc5C4=O)cc3)C(F)(F)F)cc1)C2=O,Polyimides/thioimides
P430489,70677,15649239,Polycondensation/Polymer_reaction,C1=CC2=C(C=C1C(C3=CC4=C(C=C3)C(=O)OC4=O)(C(F)(F)F)C(F)(F)F)C(=O)OC2=O,C1=CC(=CC=C1N)OCCOCCOCCOCCOC2=CC=C(C=C2)N,*c1ccc2c(c1)C(=O)N(c1ccc(OCCOCCOCCOCCOc3ccc(N4C(=O)c5ccc(C(*)(C(F)(F)F)C(F)(F)F)cc5C4=O)cc3)cc1)C2=O,"Polyimides/thioimides, Polyoxides/ethers/acetals"
P432659,70677,101946587,Polyaddition/Polymer_reaction,C1=CC2=C(C=C1C(C3=CC4=C(C=C3)C(=O)OC4=O)(C(F)(F)F)C(F)(F)F)C(=O)OC2=O,C1=CC(=CC=C1C=CC2=CC=C(C=C2)[N+](=O)[O-])N(CCN)CCN,*c1ccc2c(c1)C(=O)N(c1ccc(N(c3ccc(/C=C/c4ccc([N+](=O)[O-])cc4)cc3)c3ccc(N4C(=O)c5ccc(C(*)(C(F)(F)F)C(F)(F)F)cc5C4=O)cc3)cc1)C2=O,"Polyimides/thioimides, Polyimines"
P432660,70677,7266,Polyaddition/Polymer_reaction,C1=CC2=C(C=C1C(C3=CC4=C(C=C3)C(=O)OC4=O)(C(F)(F)F)C(F)(F)F)C(=O)OC2=O,C1=CC(=C(C=C1N)N)O,*c1ccc2c(c1)C(=O)N(c1cc(N3C(=O)c4ccc(C(*)(C(F)(F)F)C(F)(F)F)cc4C3=O)ccc1O)C2=O,Polyimides/thioimides
P432339,70677,17406,Polycondensation,C1=CC2=C(C=C1C(C3=CC4=C(C=C3)C(=O)OC4=O)(C(F)(F)F)C(F)(F)F)C(=O)OC2=O,C1CC(CC(C1)CN)CN,*CC1CCCC(CN2C(=O)c3ccc(C(c4ccc5c(c4)C(=O)N(*)C5=O)(C(F)(F)F)C(F)(F)F)cc3C2=O)C1,Polyimides/thioimides
P432098,70677,25689,Polycondensation,C1=CC2=C(C=C1C(C3=CC4=C(C=C3)C(=O)OC4=O)(C(F)(F)F)C(F)(F)F)C(=O)OC2=O,C1=CC(=CC=C1N)OC2=CC=C(C=C2)S(=O)(=O)C3=CC=C(C=C3)OC4=CC=C(C=C4)N,*c1ccc2c(c1)C(=O)N(c1ccc(Oc3ccc(S(=O)(=O)c4ccc(Oc5ccc(N6C(=O)c7ccc(C(*)(C(F)(F)F)C(F)(F)F)cc7C6=O)cc5)cc4)cc3)cc1)C2=O,"Polyimides/thioimides, Polyoxides/ethers/acetals, Polysulfones/sulfoxides/sufonates/sulfoamides"
P432071,70677,53351,Polycondensation,C1=CC2=C(C=C1C(C3=CC4=C(C=C3)C(=O)OC4=O)(C(F)(F)F)C(F)(F)F)C(=O)OC2=O,C1=CC(=CC=C1N)OCCCCOC2=CC=C(C=C2)N,*c1ccc2c(c1)C(=O)N(c1ccc(OCCCCOc3ccc(N4C(=O)c5ccc(C(*)(C(F)(F)F)C(F)(F)F)cc5C4=O)cc3)cc1)C2=O,"Polyimides/thioimides, Polyoxides/ethers/acetals"
P430402,70677,102403079,Polyaddition/Polymer_reaction,C1=CC2=C(C=C1C(C3=CC4=C(C=C3)C(=O)OC4=O)(C(F)(F)F)C(F)(F)F)C(=O)OC2=O,CC(C)OC(=O)C1=C(C=C(C=C1)C2=CC(=C(C=C2)C(=O)OC(C)C)C(=O)NC3=CC=CC(=C3)N)C(=O)NC4=CC=CC(=C4)N,*c1cccc(N2C(=O)c3ccc(C(c4ccc5c(c4)C(=O)N(c4cccc(N6C(=O)c7ccc(-c8ccc9c(c8)C(=O)N(*)C9=O)cc7C6=O)c4)C5=O)(C(F)(F)F)C(F)(F)F)cc3C2=O)c1,Polyimides/thioimides
P432349,70677,4107113,Polycondensation,C1=CC2=C(C=C1C(C3=CC4=C(C=C3)C(=O)OC4=O)(C(F)(F)F)C(F)(F)F)C(=O)OC2=O,CC1CC(CCC1CC2CCC(CC2C)N)N,*c1ccc2c(c1)C(=O)N(C1CCC(CC3CCC(N4C(=O)c5ccc(C(*)(C(F)(F)F)C(F)(F)F)cc5C4=O)C(C)C3)CC1C)C2=O,Polyimides/thioimides
P432014,70677,136197,Polycondensation,C1=CC2=C(C=C1C(C3=CC4=C(C=C3)C(=O)OC4=O)(C(F)(F)F)C(F)(F)F)C(=O)OC2=O,C1=CC(=C(C=C1N)C(F)(F)F)N,*c1ccc2c(c1)C(=O)N(c1ccc(N3C(=O)c4ccc(C(*)(C(F)(F)F)C(F)(F)F)cc4C3=O)cc1C(F)(F)F)C2=O,Polyimides/thioimides
P432028,70677,14512793,Polycondensation,C1=CC2=C(C=C1C(C3=CC4=C(C=C3)C(=O)OC4=O)(C(F)(F)F)C(F)(F)F)C(=O)OC2=O,C1=CC(=C(C=C1N)N)OCC(C(C(C(C(C(C(F)(F)F)(F)F)(F)F)(F)F)(F)F)(F)F)(F)F,*c1ccc2c(c1)C(=O)N(c1cc(N3C(=O)c4ccc(C(*)(C(F)(F)F)C(F)(F)F)cc4C3=O)ccc1OCC(F)(F)C(F)(F)C(F)(F)C(F)(F)C(F)(F)C(F)(F)C(F)(F)F)C2=O,Polyimides/thioimides
P430039,70677,12062,Polycondensation,C1=CC2=C(C=C1C(C3=CC4=C(C=C3)C(=O)OC4=O)(C(F)(F)F)C(F)(F)F)C(=O)OC2=O,C1=C(C=C(C=C1N)N)C(=O)O,*c1ccc2c(c1)C(=O)N(c1cc(C(=O)O)cc(N3C(=O)c4ccc(C(*)(C(F)(F)F)C(F)(F)F)cc4C3=O)c1)C2=O,Polyimides/thioimides
P433294,70677,71413118,Polycondensation,C1=CC2=C(C=C1C(C3=CC4=C(C=C3)C(=O)OC4=O)(C(F)(F)F)C(F)(F)F)C(=O)OC2=O,C1=CC(=NC(=C1)C(=O)C2=CC=C(C=C2)OC3=CC=C(C=C3)N)C(=O)C4=CC=C(C=C4)OC5=CC=C(C=C5)N,*c1ccc2c(c1)C(=O)N(c1ccc(Oc3ccc(C(=O)c4cccc(C(=O)c5ccc(Oc6ccc(N7C(=O)c8ccc(C(*)(C(F)(F)F)C(F)(F)F)cc8C7=O)cc6)cc5)n4)cc3)cc1)C2=O,"Polyimides/thioimides, Polyoxides/ethers/acetals, Polyimines, Polyketones/thioketones"
P430400,70677,21477461,Polyaddition/Polymer_reaction,C1=CC2=C(C=C1C(C3=CC4=C(C=C3)C(=O)OC4=O)(C(F)(F)F)C(F)(F)F)C(=O)OC2=O,CC(C)OC(=O)C1=CC(=C(C=C1C(=O)NC2=CC=CC(=C2)N)C(=O)OC(C)C)C(=O)NC3=CC=CC(=C3)N,*c1cccc(N2C(=O)c3ccc(C(c4ccc5c(c4)C(=O)N(c4cccc(-n6c(=O)c7cc8c(=O)n(*)c(=O)c8cc7c6=O)c4)C5=O)(C(F)(F)F)C(F)(F)F)cc3C2=O)c1,Polyimides/thioimides
P433486,70677,58689581,Polycondensation,C1=CC2=C(C=C1C(C3=CC4=C(C=C3)C(=O)OC4=O)(C(F)(F)F)C(F)(F)F)C(=O)OC2=O,CC(C)(C)C1=CC(=CC(=C1OC2=CC=C(C=C2)N)C(C)(C)C)C3=CC=C(C=C3)N,*c1ccc2c(c1)C(=O)N(c1ccc(Oc3c(C(C)(C)C)cc(-c4ccc(N5C(=O)c6ccc(C(*)(C(F)(F)F)C(F)(F)F)cc6C5=O)cc4)cc3C(C)(C)C)cc1)C2=O,"Polyimides/thioimides, Polyoxides/ethers/acetals"
P432029,70677,632384,Polycondensation,C1=CC2=C(C=C1C(C3=CC4=C(C=C3)C(=O)OC4=O)(C(F)(F)F)C(F)(F)F)C(=O)OC2=O,CC1=C(C=C(C=C1)C(C2=CC(=C(C=C2)C)N)(C(F)(F)F)C(F)(F)F)N,*c1ccc2c(c1)C(=O)N(c1ccc(C(c3ccc(C)c(N4C(=O)c5ccc(C(*)(C(F)(F)F)C(F)(F)F)cc5C4=O)c3)(C(F)(F)F)C(F)(F)F)cc1C)C2=O,Polyimides/thioimides
P432015,70677,70979,Polycondensation,C1=CC2=C(C=C1C(C3=CC4=C(C=C3)C(=O)OC4=O)(C(F)(F)F)C(F)(F)F)C(=O)OC2=O,C1(=C(C(=C(C(=C1F)F)N)F)F)N,*c1ccc2c(c1)C(=O)N(c1c(F)c(F)c(N3C(=O)c4ccc(C(*)(C(F)(F)F)C(F)(F)F)cc4C3=O)c(F)c1F)C2=O,Polyimides/thioimides
P400128,70677,11741,Polycondensation,C1=CC2=C(C=C1C(C3=CC4=C(C=C3)C(=O)OC4=O)(C(F)(F)F)C(F)(F)F)C(=O)OC2=O,C1=CC(=CC(=C1)S(=O)(=O)C2=CC=CC(=C2)N)N,*c1cccc(NC(=O)c2cc(C(c3ccc(C(=O)O)c(C(=O)Nc4cccc(S(*)(=O)=O)c4)c3)(C(F)(F)F)C(F)(F)F)ccc2C(=O)O)c1,"Polyamides/thioamides, Polysulfones/sulfoxides/sufonates/sulfoamides"
P433246,70677,101194794,Polycondensation,C1=CC2=C(C=C1C(C3=CC4=C(C=C3)C(=O)OC4=O)(C(F)(F)F)C(F)(F)F)C(=O)OC2=O,CC1=CC(=CC(=C1N)C)C(C2=CC(=CC=C2)C(F)(F)F)C3=CC(=C(C(=C3)C)N)C,*c1ccc2c(c1)C(=O)N(c1c(C)cc(C(c3cccc(C(F)(F)F)c3)c3cc(C)c(N4C(=O)c5ccc(C(*)(C(F)(F)F)C(F)(F)F)cc5C4=O)c(C)c3)cc1C)C2=O,Polyimides/thioimides
P432010,70677,16918,Polyaddition/Polymer_reaction,C1=CC2=C(C=C1C(C3=CC4=C(C=C3)C(=O)OC4=O)(C(F)(F)F)C(F)(F)F)C(=O)OC2=O,C1=CC(=C(C=C1C2=CC(=C(C=C2)N)O)O)N,*c1ccc2c(c1)C(=O)N(c1ccc(-c3ccc(N4C(=O)c5ccc(C(*)(C(F)(F)F)C(F)(F)F)cc5C4=O)c(O)c3)cc1O)C2=O,Polyimides/thioimides
P432010,70677,16918,Polycondensation,C1=CC2=C(C=C1C(C3=CC4=C(C=C3)C(=O)OC4=O)(C(F)(F)F)C(F)(F)F)C(=O)OC2=O,C1=CC(=C(C=C1C2=CC(=C(C=C2)N)O)O)N,*c1ccc2c(c1)C(=O)N(c1ccc(-c3ccc(N4C(=O)c5ccc(C(*)(C(F)(F)F)C(F)(F)F)cc5C4=O)c(O)c3)cc1O)C2=O,Polyimides/thioimides
P433324,70677,0,Polycondensation,C1=CC2=C(C=C1C(C3=CC4=C(C=C3)C(=O)OC4=O)(C(F)(F)F)C(F)(F)F)C(=O)OC2=O,,*c1ccc2c(c1)C(=O)N(c1cc(C(c3ccc(OCCCCCCOc4ccc(/N=N/c5ccc(OCCCC)cc5)cc4)c(N4C(=O)c5ccc(C(*)(C(F)(F)F)C(F)(F)F)cc5C4=O)c3)(C(F)(F)F)C(F)(F)F)ccc1OCCCCCCOc1ccc(/N=N/c3ccc(OCCCC)cc3)cc1)C2=O,Polyimides/thioimides
P432012,70677,7252,Polycondensation,C1=CC2=C(C=C1C(C3=CC4=C(C=C3)C(=O)OC4=O)(C(F)(F)F)C(F)(F)F)C(=O)OC2=O,CC1=C(C=CC(=C1)N)N,*c1ccc2c(c1)C(=O)N(c1ccc(N3C(=O)c4ccc(C(*)(C(F)(F)F)C(F)(F)F)cc4C3=O)cc1C)C2=O,Polyimides/thioimides
P433250,70677,0,Polycondensation,C1=CC2=C(C=C1C(C3=CC4=C(C=C3)C(=O)OC4=O)(C(F)(F)F)C(F)(F)F)C(=O)OC2=O,,*c1ccc2c(c1)C(=O)N(c1c(C)cc(C(c3cc(C(F)(F)F)cc(C(F)(F)F)c3)c3cc(C)c(N4C(=O)c5ccc(C(*)(C(F)(F)F)C(F)(F)F)cc5C4=O)c(C)c3)cc1C)C2=O,Polyimides/thioimides
P432403,70677,13628509,Polycondensation,C1=CC2=C(C=C1C(C3=CC4=C(C=C3)C(=O)OC4=O)(C(F)(F)F)C(F)(F)F)C(=O)OC2=O,C1CC2C3CC(C2C1CN)CC3CN,*CC1CC2CC1C1CCC(CN3C(=O)c4ccc(C(c5ccc6c(c5)C(=O)N(*)C6=O)(C(F)(F)F)C(F)(F)F)cc4C3=O)C21,Polyimides/thioimides
P432205,70677,102404463,Polycondensation,C1=CC2=C(C=C1C(C3=CC4=C(C=C3)C(=O)OC4=O)(C(F)(F)F)C(F)(F)F)C(=O)OC2=O,C1=CC(=CC=C1N)NC(=O)C(C(C(C(C(C(C(=O)NC2=CC=C(C=C2)N)(F)F)(F)F)(F)F)(F)F)(F)F)(F)F,*c1ccc2c(c1)C(=O)N(c1ccc(NC(=O)C(F)(F)C(F)(F)C(F)(F)C(F)(F)C(F)(F)C(F)(F)C(=O)Nc3ccc(N4C(=O)c5ccc(C(*)(C(F)(F)F)C(F)(F)F)cc5C4=O)cc3)cc1)C2=O,"Polyimides/thioimides, Polyamides/thioamides"
P433472,70677,102285510,Polycondensation,C1=CC2=C(C=C1C(C3=CC4=C(C=C3)C(=O)OC4=O)(C(F)(F)F)C(F)(F)F)C(=O)OC2=O,CCCCOC1=CC(=CC(=C1)N=C=O)N=C=O,*c1ccc2c(c1)C(=O)N(c1cc(OCCCC)cc(N3C(=O)c4ccc(C(*)(C(F)(F)F)C(F)(F)F)cc4C3=O)c1)C2=O,Polyimides/thioimides
P432018,70677,19089055,Polycondensation,C1=CC2=C(C=C1C(C3=CC4=C(C=C3)C(=O)OC4=O)(C(F)(F)F)C(F)(F)F)C(=O)OC2=O,C1=C(C=C(C=C1N)S(F)(F)(F)(F)F)N,*c1ccc2c(c1)C(=O)N(c1cc(N3C(=O)c4ccc(C(*)(C(F)(F)F)C(F)(F)F)cc4C3=O)cc(S(F)(F)(F)(F)F)c1)C2=O,Polyimides/thioimides
P130229,70677,7577,Polycondensation,C1=CC2=C(C=C1C(C3=CC4=C(C=C3)C(=O)OC4=O)(C(F)(F)F)C(F)(F)F)C(=O)OC2=O,C1=CC(=CC=C1CC2=CC=C(C=C2)N)N,*c1ccc2c(c1)C(=O)N(c1ccc(Cc3ccc(N4C(=O)c5ccc(C(*)(C(F)(F)F)C(F)(F)F)cc5C4=O)cc3)cc1)C2=O,Polyimides/thioimides
P372506,70677,94652,Polyaddition,C1=CC2=C(C=C1C(C3=CC4=C(C=C3)C(=O)OC4=O)(C(F)(F)F)C(F)(F)F)C(=O)OC2=O,C1=CC(=CC=C1C(C2=CC=C(C=C2)OC3=CC=C(C=C3)N)(C(F)(F)F)C(F)(F)F)OC4=CC=C(C=C4)N,*Oc1ccc(NC(=O)c2cc(C(c3ccc(C(=O)O)c(C(=O)Nc4ccc(Oc5ccc(C(c6ccc(*)cc6)(C(F)(F)F)C(F)(F)F)cc5)cc4)c3)(C(F)(F)F)C(F)(F)F)ccc2C(=O)O)cc1,"Polyoxides/ethers/acetals, Polyamides/thioamides"
P432581,70677,18624853,Polyaddition/Polymer_reaction,C1=CC2=C(C=C1C(C3=CC4=C(C=C3)C(=O)OC4=O)(C(F)(F)F)C(F)(F)F)C(=O)OC2=O,C1=CC=C(C=C1)P(=O)(C2=CC=CC(=C2)N)C3=CC=CC(=C3)N,*c1ccc2c(c1)C(=O)N(c1cccc(P(=O)(c3ccccc3)c3cccc(N4C(=O)c5ccc(C(*)(C(F)(F)F)C(F)(F)F)cc5C4=O)c3)c1)C2=O,Polyimides/thioimides
P432026,70677,22279004,Polycondensation,C1=CC2=C(C=C1C(C3=CC4=C(C=C3)C(=O)OC4=O)(C(F)(F)F)C(F)(F)F)C(=O)OC2=O,C1=CC(=C(C=C1N)N)OCC(F)(F)F,*c1ccc2c(c1)C(=O)N(c1cc(N3C(=O)c4ccc(C(*)(C(F)(F)F)C(F)(F)F)cc4C3=O)ccc1OCC(F)(F)F)C2=O,Polyimides/thioimides
P430483,70677,8413,Polycondensation,C1=CC2=C(C=C1C(C3=CC4=C(C=C3)C(=O)OC4=O)(C(F)(F)F)C(F)(F)F)C(=O)OC2=O,CC1=C(C=CC(=C1)C2=CC(=C(C=C2)N)C)N,*c1ccc2c(c1)C(=O)N(c1ccc(-c3ccc(N4C(=O)c5ccc(C(*)(C(F)(F)F)C(F)(F)F)cc5C4=O)c(C)c3)cc1C)C2=O,Polyimides/thioimides
P432097,70677,83119,Polycondensation,C1=CC2=C(C=C1C(C3=CC4=C(C=C3)C(=O)OC4=O)(C(F)(F)F)C(F)(F)F)C(=O)OC2=O,CC(C)(C1=CC=C(C=C1)OC2=CC=C(C=C2)N)C3=CC=C(C=C3)OC4=CC=C(C=C4)N,*c1ccc2c(c1)C(=O)N(c1ccc(Oc3ccc(C(C)(C)c4ccc(Oc5ccc(N6C(=O)c7ccc(C(*)(C(F)(F)F)C(F)(F)F)cc7C6=O)cc5)cc4)cc3)cc1)C2=O,"Polyimides/thioimides, Polyoxides/ethers/acetals"
P432283,70677,11388190,Polyaddition/Polymer_reaction,C1=CC2=C(C=C1C(C3=CC4=C(C=C3)C(=O)OC4=O)(C(F)(F)F)C(F)(F)F)C(=O)OC2=O,C1=CC(=CC=C1C(C2=CC=C(C=C2)OC3=C(C=C(C=C3)N)C(F)(F)F)(C(F)(F)F)C(F)(F)F)OC4=C(C=C(C=C4)N)C(F)(F)F,*c1ccc2c(c1)C(=O)N(c1ccc(Oc3ccc(C(c4ccc(Oc5ccc(N6C(=O)c7ccc(C(*)(C(F)(F)F)C(F)(F)F)cc7C6=O)cc5C(F)(F)F)cc4)(C(F)(F)F)C(F)(F)F)cc3)c(C(F)(F)F)c1)C2=O,"Polyimides/thioimides, Polyoxides/ethers/acetals"
P430480,70677,102403350,Polycondensation,C1=CC2=C(C=C1C(C3=CC4=C(C=C3)C(=O)OC4=O)(C(F)(F)F)C(F)(F)F)C(=O)OC2=O,CC(C)C1=C(C=CC(=C1)C2(C3=CC=CC=C3C4=CC=CC=C42)C5=CC(=C(C=C5)N)C(C)C)N,*c1ccc2c(c1)C(=O)N(c1ccc(C3(c4ccc(N5C(=O)c6ccc(C(*)(C(F)(F)F)C(F)(F)F)cc6C5=O)c(C(C)C)c4)c4ccccc4-c4ccccc43)cc1C(C)C)C2=O,Polyimides/thioimides
P432334,70677,102275154,Polycondensation,C1=CC2=C(C=C1C(C3=CC4=C(C=C3)C(=O)OC4=O)(C(F)(F)F)C(F)(F)F)C(=O)OC2=O,C1=CC(=CC=C1C(=C(C#N)C#N)C#N)N(CCOC2=CC=C(C=C2)N)CCOC3=CC=C(C=C3)N,*c1ccc2c(c1)C(=O)N(c1ccc(OCCN(CCOc3ccc(N4C(=O)c5ccc(C(*)(C(F)(F)F)C(F)(F)F)cc5C4=O)cc3)c3ccc(C(C#N)=C(C#N)C#N)cc3)cc1)C2=O,"Polyimides/thioimides, Polyoxides/ethers/acetals, Polyimines"
P430481,70677,21872155,Polycondensation,C1=CC2=C(C=C1C(C3=CC4=C(C=C3)C(=O)OC4=O)(C(F)(F)F)C(F)(F)F)C(=O)OC2=O,CC1=CC(=CC(=C1N)C)C2(C3=CC=CC=C3C4=CC=CC=C42)C5=CC(=C(C(=C5)C)N)C,*c1ccc2c(c1)C(=O)N(c1c(C)cc(C3(c4cc(C)c(N5C(=O)c6ccc(C(*)(C(F)(F)F)C(F)(F)F)cc6C5=O)c(C)c4)c4ccccc4-c4ccccc43)cc1C)C2=O,Polyimides/thioimides
P430485,70677,0,Polycondensation,C1=CC2=C(C=C1C(C3=CC4=C(C=C3)C(=O)OC4=O)(C(F)(F)F)C(F)(F)F)C(=O)OC2=O,,*c1ccc2c(c1)C(=O)N(c1c(C)cc(-c3cc(C)c(N4C(=O)c5ccc(C(*)(C(F)(F)F)C(F)(F)F)cc5C4=O)c(C(C)C)c3)cc1C(C)C)C2=O,Polyimides/thioimides
P433577,70677,0,Polycondensation,C1=CC2=C(C=C1C(C3=CC4=C(C=C3)C(=O)OC4=O)(C(F)(F)F)C(F)(F)F)C(=O)OC2=O,,*c1ccc2c(c1)C(=O)N(c1ccc(Oc3ccc(C(=O)c4cccc(N5C(=O)c6ccc(C(*)(C(F)(F)F)C(F)(F)F)cc6C5=O)c4)cc3)c(C(F)(F)F)c1)C2=O,"Polyimides/thioimides, Polyoxides/ethers/acetals, Polyketones/thioketones"
P432866,70677,23496699,Polycondensation/Polymer_reaction,C1=CC2=C(C=C1C(C3=CC4=C(C=C3)C(=O)OC4=O)(C(F)(F)F)C(F)(F)F)C(=O)OC2=O,C1=CC(=C(C=C1C2=CC(=C(C=C2)O)N)O)N,*c1ccc2c(c1)C(=O)N(c1ccc(-c3ccc(N4C(=O)c5ccc(C(*)(C(F)(F)F)C(F)(F)F)cc5C4=O)c(OCCN(CC)c4ccc(C(C#N)=C(C#N)C#N)cc4)c3)cc1OCCN(CC)c1ccc(C(C#N)=C(C#N)C#N)cc1)C2=O,Polyimides/thioimides
P430484,70677,41206,Polycondensation,C1=CC2=C(C=C1C(C3=CC4=C(C=C3)C(=O)OC4=O)(C(F)(F)F)C(F)(F)F)C(=O)OC2=O,CC1=CC(=CC(=C1N)C)C2=CC(=C(C(=C2)C)N)C,*c1ccc2c(c1)C(=O)N(c1c(C)cc(-c3cc(C)c(N4C(=O)c5ccc(C(*)(C(F)(F)F)C(F)(F)F)cc5C4=O)c(C)c3)cc1C)C2=O,Polyimides/thioimides
P433600,70677,69534,Polycondensation,C1=CC2=C(C=C1C(C3=CC4=C(C=C3)C(=O)OC4=O)(C(F)(F)F)C(F)(F)F)C(=O)OC2=O,C(CCCCN)CCCCN,*CCCCCCCCCN1C(=O)c2ccc(C(c3ccc4c(c3)C(=O)N(*)C4=O)(C(F)(F)F)C(F)(F)F)cc2C1=O,Polyimides/thioimides
P430486,70677,88307,Polycondensation,C1=CC2=C(C=C1C(C3=CC4=C(C=C3)C(=O)OC4=O)(C(F)(F)F)C(F)(F)F)C(=O)OC2=O,CC(C)C1=CC(=CC(=C1N)C(C)C)CC2=CC(=C(C(=C2)C(C)C)N)C(C)C,*c1ccc2c(c1)C(=O)N(c1c(C(C)C)cc(Cc3cc(C(C)C)c(N4C(=O)c5ccc(C(*)(C(F)(F)F)C(F)(F)F)cc5C4=O)c(C(C)C)c3)cc1C(C)C)C2=O,Polyimides/thioimides
P432285,70677,12311562,Polycondensation,C1=CC2=C(C=C1C(C3=CC4=C(C=C3)C(=O)OC4=O)(C(F)(F)F)C(F)(F)F)C(=O)OC2=O,C1=CC(=CC=C1N)SC2=CC=C(C=C2)SC3=CC=C(C=C3)N,*c1ccc2c(c1)C(=O)N(c1ccc(Sc3ccc(Sc4ccc(N5C(=O)c6ccc(C(*)(C(F)(F)F)C(F)(F)F)cc6C5=O)cc4)cc3)cc1)C2=O,"Polyimides/thioimides, Polysulfides"
P432483,70677,101013446,Polycondensation,C1=CC2=C(C=C1C(C3=CC4=C(C=C3)C(=O)OC4=O)(C(F)(F)F)C(F)(F)F)C(=O)OC2=O,CC1=CC(=CC(=C1OC2=CC=C(C=C2)N)C)C(C3=CC=CC4=CC=CC=C43)C5=CC(=C(C(=C5)C)OC6=CC=C(C=C6)N)C,*c1ccc2c(c1)C(=O)N(c1ccc(Oc3c(C)cc(C(c4cc(C)c(Oc5ccc(N6C(=O)c7ccc(C(*)(C(F)(F)F)C(F)(F)F)cc7C6=O)cc5)c(C)c4)c4cccc5ccccc45)cc3C)cc1)C2=O,"Polyimides/thioimides, Polyoxides/ethers/acetals"
P430040,70677,16720,Polycondensation,C1=CC2=C(C=C1C(C3=CC4=C(C=C3)C(=O)OC4=O)(C(F)(F)F)C(F)(F)F)C(=O)OC2=O,C1=CC2=C(C=CC=C2N)C(=C1)N,*c1ccc2c(c1)C(=O)N(c1cccc3c(N4C(=O)c5ccc(C(*)(C(F)(F)F)C(F)(F)F)cc5C4=O)cccc13)C2=O,Polyimides/thioimides
P432333,70677,102272923,Polycondensation,C1=CC2=C(C=C1C(C3=CC4=C(C=C3)C(=O)OC4=O)(C(F)(F)F)C(F)(F)F)C(=O)OC2=O,C1=CC=C(C=C1)N(CCOC2=CC=C(C=C2)N)CCOC3=CC=C(C=C3)N,*c1ccc2c(c1)C(=O)N(c1ccc(OCCN(CCOc3ccc(N4C(=O)c5ccc(C(*)(C(F)(F)F)C(F)(F)F)cc5C4=O)cc3)c3ccccc3)cc1)C2=O,"Polyimides/thioimides, Polyoxides/ethers/acetals, Polyimines"
P462113,70851,0,Polycondensation,C1=CC=C(C=C1)N2C3=CC=CC=C3C4=CC=CC=C42,,*c1ccc2c(c1)c1cc(*)ccc1n2-c1ccccc1,Polyimines
P432448,70998,8413,Polycondensation,C1=CC2=C(C=C1C(=O)Cl)C(=O)OC2=O,CC1=C(C=CC(=C1)C2=CC(=C(C=C2)N)C)N,*C(=O)Nc1ccc(-c2ccc(N3C(=O)c4ccc(*)cc4C3=O)c(C)c2)cc1C,"Polyimides/thioimides, Polyamides/thioamides"
P432272,70998,101946587,Polycondensation,C1=CC2=C(C=C1C(=O)Cl)C(=O)OC2=O,C1=CC(=CC=C1C=CC2=CC=C(C=C2)[N+](=O)[O-])N(CCN)CCN,*CCN(CCNC(=O)c1ccc2c(c1)C(=O)N(*)C2=O)c1ccc(/C=C/c2ccc([N+](=O)[O-])cc2)cc1,"Polyimides/thioimides, Polyamides/thioamides, Polyimines"
P370235,72700,23546,Polycondensation,C1=CC(=CC(=C1)C(=O)NN)C(=O)NN,C1=CC(=CC=C1C(=O)Cl)OC2=CC=C(C=C2)C(=O)Cl,*c1ccc(Oc2ccc(-c3nnc(-c4cccc(-c5nnc(*)o5)c4)o3)cc2)cc1,"Polyoxides/ethers/acetals, Polyimines"
P400167,72700,12450688,Polycondensation,C1=CC(=CC(=C1)C(=O)NN)C(=O)NN,C1CC(CCC1C(=O)Cl)C(=O)Cl,*NNC(=O)c1cccc(C(=O)NNC(=O)C2CCC(C(*)=O)CC2)c1,Polyamides/thioamides
P169043,72700,7488,Polycondensation/Polymer_reaction,C1=CC(=CC(=C1)C(=O)NN)C(=O)NN,C1=CC(=CC=C1C(=O)Cl)C(=O)Cl,*c1ccc(-c2nnc(-c3cccc(-c4nnc(*)n4-c4ccccc4)c3)n2-c2ccccc2)cc1,Polyimines
P169043,101719005,280939,Polycondensation,C1=CC=C(C=C1)N(C(=O)C2=CC(=CC=C2)C(=O)N(C3=CC=CC=C3)Cl)Cl,C1=CC(=CC=C1C2=NNN=N2)C3=NNN=N3,*c1ccc(-c2nnc(-c3cccc(-c4nnc(*)n4-c4ccccc4)c3)n2-c2ccccc2)cc1,Polyimines
P400174,72700,15610180,Polycondensation,C1=CC(=CC(=C1)C(=O)NN)C(=O)NN,C1=CC(=NC=C1C(=O)Cl)C(=O)Cl,*C(=O)NNC(=O)c1cccc(C(=O)NNC(=O)c2ccc(*)nc2)c1,"Polyamides/thioamides, Polyimines"
P372323,72700,71331263,Polycondensation/Polymer_reaction,C1=CC(=CC(=C1)C(=O)NN)C(=O)NN,C1=CC(=CC(=C1)C(=O)OC2=CC=C(C=C2)C(=O)Cl)C(=O)OC3=CC=C(C=C3)C(=O)Cl,*c1ccc(OC(=O)c2cccc(C(=O)Oc3ccc(-c4nnc(-c5cccc(-c6nnc(*)o6)c5)o4)cc3)c2)cc1,"Polyoxides/ethers/acetals, Polyesters/thioesters, Polyimines"
P460011,72700,3485596,Polycondensation/Polymer_reaction,C1=CC(=CC(=C1)C(=O)NN)C(=O)NN,C1=CC2=C(C=CC(=C2)C(=O)Cl)C=C1C(=O)Cl,*c1cccc(-c2nnc(-c3ccc4cc(-c5nnc(*)n5-c5ccccc5)ccc4c3)n2-c2ccccc2)c1,Polyimines
P370229,72700,66072,Polycondensation,C1=CC(=CC(=C1)C(=O)NN)C(=O)NN,C(CCCCC(=O)Cl)CCCC(=O)Cl,*CCCCCCCCc1nnc(-c2cccc(-c3nnc(*)o3)c2)o1,"Polyoxides/ethers/acetals, Polyimines"
P370238,72700,7451,Polycondensation/Polymer_reaction,C1=CC(=CC(=C1)C(=O)NN)C(=O)NN,C1=CC(=CC(=C1)C(=O)Cl)C(=O)Cl,*C(=O)c1cccc(C(=O)N2COCN2*)c1,"Polyoxides/ethers/acetals, Polyamides/thioamides"
P510019,73697,0,Addition_polymerization,C1=CC(=C(C#N)C#N)C=CC1=C(C#N)C#N,,*c1ccc(C(C#N)(C#N)C(*)(C#N)C#N)cc1,Polyphenylenes
P390056,73757,107204,Polycondensation,C1=CC=C(C=C1)OC(=O)C2=CC=C(C=C2)C(=O)OC3=CC=CC=C3,C1CC(CC(C1)CO)CO,*CC1CCCC(COC(=O)c2ccc(C(=O)O*)cc2)C1,Polyesters/thioesters
P370424,73864,101922358,Polycondensation,C1=CC(=CC=C1C(C2=CC=C(C=C2)O)(C(F)(F)F)C(F)(F)F)O,C1=CC2=C(C(=C1)C(=O)C3=CC=C(C=C3)F)C(=CC=C2)C(=O)C4=CC=C(C=C4)F,*Oc1ccc(C(c2ccc(Oc3ccc(C(=O)c4cccc5cccc(C(=O)c6ccc(*)cc6)c45)cc3)cc2)(C(F)(F)F)C(F)(F)F)cc1,"Polyoxides/ethers/acetals, Polyketones/thioketones"
P090581,73864,7488,Polycondensation,C1=CC(=CC=C1C(C2=CC=C(C=C2)O)(C(F)(F)F)C(F)(F)F)O,C1=CC(=CC=C1C(=O)Cl)C(=O)Cl,*Oc1ccc(C(c2ccc(OC(=O)c3ccc(C(*)=O)cc3)cc2)(C(F)(F)F)C(F)(F)F)cc1,Polyesters/thioesters
P372427,73864,100974683,Polycondensation,C1=CC(=CC=C1C(C2=CC=C(C=C2)O)(C(F)(F)F)C(F)(F)F)O,C1=CC(=C(C=C1C2=CC=C(S2)C3=CC(=C(C=C3)F)C(F)(F)F)C(F)(F)F)F,*c1ccc(Oc2ccc(C(c3ccc(Oc4ccc(-c5ccc(*)s5)cc4C(F)(F)F)cc3)(C(F)(F)F)C(F)(F)F)cc2)c(C(F)(F)F)c1,"Polyoxides/ethers/acetals, Polysulfides"
P372427,73864,100974685,Polycondensation,C1=CC(=CC=C1C(C2=CC=C(C=C2)O)(C(F)(F)F)C(F)(F)F)O,C1=CC(=C(C=C1C2=CC=C(S2)C3=CC(=C(C=C3)Cl)C(F)(F)F)C(F)(F)F)Cl,*c1ccc(Oc2ccc(C(c3ccc(Oc4ccc(-c5ccc(*)s5)cc4C(F)(F)F)cc3)(C(F)(F)F)C(F)(F)F)cc2)c(C(F)(F)F)c1,"Polyoxides/ethers/acetals, Polysulfides"
P370353,73864,67949,Polycondensation,C1=CC(=CC=C1C(C2=CC=C(C=C2)O)(C(F)(F)F)C(F)(F)F)O,C1(=C(C(=C(C(=C1F)F)F)F)F)C2=C(C(=C(C(=C2F)F)F)F)F,*Oc1c(F)c(F)c(-c2c(F)c(F)c(Oc3ccc(C(c4ccc(*)cc4)(C(F)(F)F)C(F)(F)F)cc3)c(F)c2F)c(F)c1F,Polyoxides/ethers/acetals
P432165,73864,15706787,Polycondensation,C1=CC(=CC=C1C(C2=CC=C(C=C2)O)(C(F)(F)F)C(F)(F)F)O,C1=CC(=CC=C1CC2=CC=C(C=C2)N3C(=O)C(=C(C3=O)Cl)Cl)N4C(=O)C(=C(C4=O)Cl)Cl,*c1ccc(Cc2ccc(N3C(=O)C(Cl)=C(Oc4ccc(C(c5ccc(OC6=C(Cl)C(=O)N(*)C6=O)cc5)(C(F)(F)F)C(F)(F)F)cc4)C3=O)cc2)cc1,"Polyimides/thioimides, Polyoxides/ethers/acetals"
P370456,73864,102272745,Polycondensation,C1=CC(=CC=C1C(C2=CC=C(C=C2)O)(C(F)(F)F)C(F)(F)F)O,C1=CC(=CC=C1C2=C(C(=C(C(=C2C3=CC=C(C=C3)F)C(=O)C4=CC=C(C=C4)F)C(=O)C5=CC=C(C=C5)F)C6=CC=C(C=C6)F)C7=CC=C(C=C7)F)F,*Oc1ccc(C(c2ccc(Oc3ccc(C(=O)c4c(C(=O)c5ccc(*)cc5)c(-c5ccc(F)cc5)c(-c5ccc(F)cc5)c(-c5ccc(F)cc5)c4-c4ccc(F)cc4)cc3)cc2)(C(F)(F)F)C(F)(F)F)cc1,"Polyoxides/ethers/acetals, Polyketones/thioketones"
P432166,73864,14128142,Polycondensation,C1=CC(=CC=C1C(C2=CC=C(C=C2)O)(C(F)(F)F)C(F)(F)F)O,C1=CC(=CC=C1N2C(=O)C(=C(C2=O)Cl)Cl)OC3=CC=C(C=C3)N4C(=O)C(=C(C4=O)Cl)Cl,*c1ccc(Oc2ccc(N3C(=O)C(Cl)=C(Oc4ccc(C(c5ccc(OC6=C(Cl)C(=O)N(*)C6=O)cc5)(C(F)(F)F)C(F)(F)F)cc4)C3=O)cc2)cc1,"Polyimides/thioimides, Polyoxides/ethers/acetals"
P370738,73864,85678828,Polycondensation,C1=CC(=CC=C1C(C2=CC=C(C=C2)O)(C(F)(F)F)C(F)(F)F)O,CS(=O)(=O)C1=CC=C(C=C1)N2C(=NN=C2C3=CC=C(C=C3)F)C4=CC=C(C=C4)F,*c1ccc(Oc2ccc(C(c3ccc(Oc4ccc(-c5nnc(*)n5-c5ccc(S(C)(=O)=O)cc5)cc4)cc3)(C(F)(F)F)C(F)(F)F)cc2)cc1,"Polyoxides/ethers/acetals, Polyimines"
P370472,73864,102272808,Polycondensation/Polymer_reaction,C1=CC(=CC=C1C(C2=CC=C(C=C2)O)(C(F)(F)F)C(F)(F)F)O,C1=CC=C(C=C1)C2=CC=C(C=C2)C3=C(C(=C(C(=C3C4=CC=C(C=C4)C5=CC=CC=C5)C6=CC=CC=C6)C(=O)C7=CC=C(C=C7)F)C(=O)C8=CC=C(C=C8)F)C9=CC=CC=C9,*c1ccc(Oc2ccc(C(c3ccc(Oc4ccc(-c5nnc(*)c6c(-c7ccccc7)c(-c7ccc8ccccc8c7)c(-c7ccc8ccccc8c7)c(-c7ccccc7)c56)cc4)cc3)(C(F)(F)F)C(F)(F)F)cc2)cc1,"Polyoxides/ethers/acetals, Polyimines"
P373351,73864,102145175,Polycondensation,C1=CC(=CC=C1C(C2=CC=C(C=C2)O)(C(F)(F)F)C(F)(F)F)O,C1=CC(=CC=C1C=NC2=CC=C(C=C2)OC3=CC=C(C=C3)C4=CC=C(C=C4)OC5=CC=C(C=C5)N=CC6=CC=C(C=C6)Cl)Cl,*Oc1ccc(/N=C/c2ccc(Oc3ccc(C(c4ccc(Oc5ccc(/C=N/c6ccc(Oc7ccc(-c8ccc(*)cc8)cc7)cc6)cc5)cc4)(C(F)(F)F)C(F)(F)F)cc3)cc2)cc1,"Polyoxides/ethers/acetals, Polyimines"
P372502,73864,12000545,Polycondensation,C1=CC(=CC=C1C(C2=CC=C(C=C2)O)(C(F)(F)F)C(F)(F)F)O,C1=CC(=CC=C1C2=NC3=C(O2)C=CC(=C3)C(C4=CC5=C(C=C4)OC(=N5)C6=CC=C(C=C6)F)(C(F)(F)F)C(F)(F)F)F,*c1ccc2oc(-c3ccc(Oc4ccc(C(c5ccc(Oc6ccc(-c7nc8cc(C(*)(C(F)(F)F)C(F)(F)F)ccc8o7)cc6)cc5)(C(F)(F)F)C(F)(F)F)cc4)cc3)nc2c1,"Polyoxides/ethers/acetals, Polyimines"
P372878,73864,78310,Polycondensation,C1=CC(=CC=C1C(C2=CC=C(C=C2)O)(C(F)(F)F)C(F)(F)F)O,C(CCCCBr)CCCBr,*CCCCCCCCOc1ccc(C(c2ccc(O*)cc2)(C(F)(F)F)C(F)(F)F)cc1,Polyoxides/ethers/acetals
P372212,73864,23448510,Polycondensation,C1=CC(=CC=C1C(C2=CC=C(C=C2)O)(C(F)(F)F)C(F)(F)F)O,C1=CC(=CC(=C1)OC2=CC=CC(=C2)C(=O)Cl)C(=O)Cl,*Oc1ccc(C(c2ccc(OC(=O)c3ccc(Oc4ccc(C(*)=O)cc4)cc3)cc2)(C(F)(F)F)C(F)(F)F)cc1,"Polyoxides/ethers/acetals, Polyesters/thioesters"
P392641,73864,15621100,Polycondensation,C1=CC(=CC=C1C(C2=CC=C(C=C2)O)(C(F)(F)F)C(F)(F)F)O,C1=CC=C(C(=C1)C2=CC=CC=C2C(=O)Cl)C(=O)Cl,*Oc1ccc(C(c2ccc(OC(=O)c3ccccc3-c3ccccc3C(*)=O)cc2)(C(F)(F)F)C(F)(F)F)cc1,Polyesters/thioesters
P373095,73864,67842,Polycondensation/Polymer_reaction,C[Si](C)(C)c1cc(ccc1O)C(c1ccc(O)c(c1)[Si](C)(C)C)(C(F)(F)F)C(F)(F)F,C1=CC(=CC=C1F)S(=O)(=O)C2=CC=C(C=C2)F,*Oc1ccc(S(=O)(=O)c2ccc(Oc3ccc(C(c4ccc(*)c([Si](C)(C)C)c4)(C(F)(F)F)C(F)(F)F)cc3[Si](C)(C)C)cc2)cc1,"Polyoxides/ethers/acetals, Polysulfones/sulfoxides/sufonates/sulfoamides"
P373097,73864,67842,Polycondensation/Polymer_reaction,C[Si](C)(C)c1cc(C(c2ccc(O)c([Si](C)(C)C)c2)(C(F)(F)F)C(F)(F)F)ccc1O,C[Si](C)(C)c1cc(F)ccc1S(=O)(=O)c1ccc(F)cc1[Si](C)(C)C,*Oc1ccc(S(=O)(=O)c2ccc(Oc3ccc(C(c4ccc(*)c([Si](C)(C)C)c4)(C(F)(F)F)C(F)(F)F)cc3[Si](C)(C)C)cc2[Si](C)(C)C)c([Si](C)(C)C)c1,"Polyoxides/ethers/acetals, Polysulfones/sulfoxides/sufonates/sulfoamides"
P372800,74196,70465,Polyaddition,CC(=O)CCCCC(=O)C,C[SiH](C)O[Si](C)(C)O[Si](C)(C)O[SiH](C)C,*O[Si](C)(C)O[Si](C)(C)O[Si](C)(C)O[Si](C)(C)OC(C)CCCCC(*)C,"Polyoxides/ethers/acetals, Polysiloxanes/silanes"
P432020,74504,19089055,Polycondensation,CC(C)(C1=CC2=C(C=C1)C(=O)OC2=O)C3=CC4=C(C=C3)C(=O)OC4=O,C1=C(C=C(C=C1N)S(F)(F)(F)(F)F)N,*c1ccc2c(c1)C(=O)N(c1cc(N3C(=O)c4ccc(C(*)(C)C)cc4C3=O)cc(S(F)(F)(F)(F)F)c1)C2=O,Polyimides/thioimides
P400320,74569,101916926,Polycondensation,C[Si](C)(C)NCCN[Si](C)(C)C,COC(C(C(=O)OC1=C(C(=C(C(=C1Cl)Cl)Cl)Cl)Cl)OC)C(=O)OC2=C(C(=C(C(=C2Cl)Cl)Cl)Cl)Cl,*CCNC(=O)C(OC)C(OC)C(=O)N*,Polyamides/thioamides
P432100,74574,75591,Polycondensation,C1=CC2=C(C=C1OC3=CC4=C(C=C3)C(=O)OC4=O)C(=O)OC2=O,CC(C)(C1=CC=C(C=C1)N)C2=CC=C(C=C2)N,*c1ccc(C(C)(C)c2ccc(N3C(=O)c4ccc(Oc5ccc6c(c5)C(=O)N(*)C6=O)cc4C3=O)cc2)cc1,"Polyimides/thioimides, Polyoxides/ethers/acetals"
P433578,74574,102047759,Polycondensation,C1=CC2=C(C=C1OC3=CC4=C(C=C3)C(=O)OC4=O)C(=O)OC2=O,C1=CC(=CC(=C1)N)C(=O)C2=CC=C(C=C2)OC3=CC=C(C=C3)N,*c1cccc(C(=O)c2ccc(Oc3ccc(N4C(=O)c5ccc(Oc6ccc7c(c6)C(=O)N(*)C7=O)cc5C4=O)cc3)cc2)c1,"Polyimides/thioimides, Polyoxides/ethers/acetals, Polyketones/thioketones"
P430306,74574,25689,Polycondensation,C1=CC2=C(C=C1OC3=CC4=C(C=C3)C(=O)OC4=O)C(=O)OC2=O,C1=CC(=CC=C1N)OC2=CC=C(C=C2)S(=O)(=O)C3=CC=C(C=C3)OC4=CC=C(C=C4)N,*c1ccc(Oc2ccc(S(=O)(=O)c3ccc(Oc4ccc(N5C(=O)c6ccc(Oc7ccc8c(c7)C(=O)N(*)C8=O)cc6C5=O)cc4)cc3)cc2)cc1,"Polyimides/thioimides, Polyoxides/ethers/acetals, Polysulfones/sulfoxides/sufonates/sulfoamides"
P433368,74574,75930,Polycondensation,C1=CC2=C(C=C1OC3=CC4=C(C=C3)C(=O)OC4=O)C(=O)OC2=O,CC(C)(C1=CC=C(C=C1)C(C)(C)C2=CC=C(C=C2)N)C3=CC=C(C=C3)N,*c1ccc(C(C)(C)c2ccc(C(C)(C)c3ccc(N4C(=O)c5ccc(Oc6ccc7c(c6)C(=O)N(*)C7=O)cc5C4=O)cc3)cc2)cc1,"Polyimides/thioimides, Polyoxides/ethers/acetals"
P433147,74574,102179546,Polycondensation,C1=CC2=C(C=C1OC3=CC4=C(C=C3)C(=O)OC4=O)C(=O)OC2=O,C1C2CC3CC1CC(C2)(C3)C4=CC=C(C=C4)OC5=CC=C(C=C5)P(=O)(C6=CC=CC(=C6)N)C7=CC=CC(=C7)N,*c1cccc(P(=O)(c2ccc(Oc3ccc(C45CC6CC(CC(C6)C4)C5)cc3)cc2)c2cccc(N3C(=O)c4ccc(Oc5ccc6c(c5)C(=O)N(*)C6=O)cc4C3=O)c2)c1,"Polyimides/thioimides, Polyoxides/ethers/acetals"
P432836,74574,102320597,Polycondensation,C1=CC2=C(C=C1OC3=CC4=C(C=C3)C(=O)OC4=O)C(=O)OC2=O,C1=CC(=CC=C1C=CC2=CC=C(C=C2)F)OCCCCCCOC3=C(C=CC(=C3)C4=CC(=C(C=C4)N)OCCCCCCOC5=CC=C(C=C5)C=CC6=CC=C(C=C6)F)N,*c1ccc(-c2ccc(N3C(=O)c4ccc(Oc5ccc6c(c5)C(=O)N(*)C6=O)cc4C3=O)c(OCCCCCCOc3ccc(/C=C/c4ccc(F)cc4)cc3)c2)cc1OCCCCCCOc1ccc(/C=C/c2ccc(F)cc2)cc1,"Polyimides/thioimides, Polyoxides/ethers/acetals"
P433524,74574,8765,Polycondensation,C1=CC2=C(C=C1OC3=CC4=C(C=C3)C(=O)OC4=O)C(=O)OC2=O,C1=CC(=CC=C1N)SC2=CC=C(C=C2)N,*c1ccc(Sc2ccc(N3C(=O)c4ccc(Oc5ccc6c(c5)C(=O)N(*)C6=O)cc4C3=O)cc2)cc1,"Polyimides/thioimides, Polyoxides/ethers/acetals, Polysulfides"
P433469,74574,102285509,Polycondensation,C1=CC2=C(C=C1OC3=CC4=C(C=C3)C(=O)OC4=O)C(=O)OC2=O,CCCCCCCCOC1=CC(=CC(=C1)N=C=O)N=C=O,*c1cc(OCCCCCCCC)cc(N2C(=O)c3ccc(Oc4ccc5c(c4)C(=O)N(*)C5=O)cc3C2=O)c1,"Polyimides/thioimides, Polyoxides/ethers/acetals"
P433284,74574,86092297,Polycondensation,C1=CC2=C(C=C1OC3=CC4=C(C=C3)C(=O)OC4=O)C(=O)OC2=O,CCCCCCCCCCCCCCCCN1C(=O)C2=CC(=C(C=C2C1=O)SC3=CC=C(C=C3)N)SC4=CC=C(C=C4)N,*c1ccc(Sc2cc3c(cc2Sc2ccc(N4C(=O)c5ccc(Oc6ccc7c(c6)C(=O)N(*)C7=O)cc5C4=O)cc2)C(=O)N(CCCCCCCCCCCCCCCC)C3=O)cc1,"Polyimides/thioimides, Polyoxides/ethers/acetals, Polysulfides"
P433285,74574,101380675,Polycondensation,C1=CC2=C(C=C1OC3=CC4=C(C=C3)C(=O)OC4=O)C(=O)OC2=O,C1=CC=C(C=C1)CCN2C(=O)C3=CC(=C(C=C3C2=O)SC4=CC=C(C=C4)N)SC5=CC=C(C=C5)N,*c1ccc(Sc2cc3c(cc2Sc2ccc(N4C(=O)c5ccc(Oc6ccc7c(c6)C(=O)N(*)C7=O)cc5C4=O)cc2)C(=O)N(CCc2ccccc2)C3=O)cc1,"Polyimides/thioimides, Polyoxides/ethers/acetals, Polysulfides"
P433481,74574,68523099,Polycondensation,C1=CC2=C(C=C1OC3=CC4=C(C=C3)C(=O)OC4=O)C(=O)OC2=O,C1=CC(=CC(=C1)OC2=C(C(=CC=C2)OC3=CC(=CC=C3)OC4=CC=CC(=C4C#N)OC5=CC=CC(=C5)N)C#N)N,*c1cccc(Oc2cccc(Oc3cccc(Oc4cccc(Oc5cccc(N6C(=O)c7ccc(Oc8ccc9c(c8)C(=O)N(*)C9=O)cc7C6=O)c5)c4C#N)c3)c2C#N)c1,"Polyimides/thioimides, Polyoxides/ethers/acetals"
P433286,74574,101380676,Polycondensation,C1=CC2=C(C=C1OC3=CC4=C(C=C3)C(=O)OC4=O)C(=O)OC2=O,CCC1=CC=C(C=C1)N2C(=O)C3=CC(=C(C=C3C2=O)SC4=CC=C(C=C4)N)SC5=CC=C(C=C5)N,*c1ccc(Sc2cc3c(cc2Sc2ccc(N4C(=O)c5ccc(Oc6ccc7c(c6)C(=O)N(*)C7=O)cc5C4=O)cc2)C(=O)N(c2ccc(CC)cc2)C3=O)cc1,"Polyimides/thioimides, Polyoxides/ethers/acetals, Polysulfides"
P432761,74574,22664945,Polycondensation,C1=CC2=C(C=C1OC3=CC4=C(C=C3)C(=O)OC4=O)C(=O)OC2=O,CC(C)(C)C1=C(C=CC(=C1)CC2=CC(=C(C=C2)N)C(C)(C)C)N,*c1ccc(Cc2ccc(N3C(=O)c4ccc(Oc5ccc6c(c5)C(=O)N(*)C6=O)cc4C3=O)c(C(C)(C)C)c2)cc1C(C)(C)C,"Polyimides/thioimides, Polyoxides/ethers/acetals"
P372107,74574,7577,Polycondensation,C1=CC2=C(C=C1OC3=CC4=C(C=C3)C(=O)OC4=O)C(=O)OC2=O,C1=CC(=CC=C1CC2=CC=C(C=C2)N)N,*Oc1ccc(C(=O)O)c(C(=O)Nc2ccc(Cc3ccc(NC(=O)c4cc(*)ccc4C(=O)O)cc3)cc2)c1,"Polyoxides/ethers/acetals, Polyamides/thioamides"
P433466,74574,101475503,Polycondensation,C1=CC2=C(C=C1OC3=CC4=C(C=C3)C(=O)OC4=O)C(=O)OC2=O,CC1(CC(C2=C1C=CC(=C2)OC3=C(C=C(C=C3)C4=CC=C(C=C4)N)C(F)(F)F)(C)C5=CC=C(C=C5)OC6=C(C=C(C=C6)C7=CC=C(C=C7)N)C(F)(F)F)C,*c1ccc(-c2ccc(Oc3ccc(C4(C)CC(C)(C)c5ccc(Oc6ccc(-c7ccc(N8C(=O)c9ccc(Oc%10ccc%11c(c%10)C(=O)N(*)C%11=O)cc9C8=O)cc7)cc6C(F)(F)F)cc54)cc3)c(C(F)(F)F)c2)cc1,"Polyimides/thioimides, Polyoxides/ethers/acetals"
P432354,74574,17857,Polycondensation,C1=CC2=C(C=C1OC3=CC4=C(C=C3)C(=O)OC4=O)C(=O)OC2=O,CC1(CC(CC(C1)(C)CN)N)C,*CC1(C)CC(N2C(=O)c3ccc(Oc4ccc5c(c4)C(=O)N(*)C5=O)cc3C2=O)CC(C)(C)C1,"Polyimides/thioimides, Polyoxides/ethers/acetals"
P372106,74574,2955,Polycondensation,C1=CC2=C(C=C1OC3=CC4=C(C=C3)C(=O)OC4=O)C(=O)OC2=O,C1=CC(=CC=C1N)S(=O)(=O)C2=CC=C(C=C2)N,*Oc1ccc(C(=O)O)c(C(=O)Nc2ccc(S(=O)(=O)c3ccc(NC(=O)c4cc(*)ccc4C(=O)O)cc3)cc2)c1,"Polyoxides/ethers/acetals, Polyamides/thioamides, Polysulfones/sulfoxides/sufonates/sulfoamides"
P433511,74574,142730605,Polycondensation,C1=CC2=C(C=C1OC3=CC4=C(C=C3)C(=O)OC4=O)C(=O)OC2=O,C1=CC=C(C(=C1)N)OC2=CC=C(C=C2)OC3=CC=C(C=C3)N,*c1ccc(Oc2ccc(Oc3ccccc3N3C(=O)c4ccc(Oc5ccc6c(c5)C(=O)N(*)C6=O)cc4C3=O)cc2)cc1,"Polyimides/thioimides, Polyoxides/ethers/acetals"
P372105,74574,11741,Polyaddition,C1=CC2=C(C=C1OC3=CC4=C(C=C3)C(=O)OC4=O)C(=O)OC2=O,C1=CC(=CC(=C1)S(=O)(=O)C2=CC=CC(=C2)N)N,*Oc1ccc(C(=O)O)c(C(=O)Nc2cccc(S(=O)(=O)c3cccc(NC(=O)c4cc(*)ccc4C(=O)O)c3)c2)c1,"Polyoxides/ethers/acetals, Polyamides/thioamides, Polysulfones/sulfoxides/sufonates/sulfoamides"
P432145,74574,18185488,Polycondensation,C1=CC2=C(C=C1OC3=CC4=C(C=C3)C(=O)OC4=O)C(=O)OC2=O,C1=CC(=CC(=C1)N)C(C2=CC(=CC=C2)N)O,*c1cccc(C(O)c2cccc(N3C(=O)c4ccc(Oc5ccc6c(c5)C(=O)N(*)C6=O)cc4C3=O)c2)c1,"Polyimides/thioimides, Polyoxides/ethers/acetals"
P432350,74574,4107113,Polycondensation,C1=CC2=C(C=C1OC3=CC4=C(C=C3)C(=O)OC4=O)C(=O)OC2=O,CC1CC(CCC1CC2CCC(CC2C)N)N,*C1CCC(CC2CCC(N3C(=O)c4ccc(Oc5ccc6c(c5)C(=O)N(*)C6=O)cc4C3=O)C(C)C2)CC1C,"Polyimides/thioimides, Polyoxides/ethers/acetals"
P430124,74574,66537,Polycondensation,C1=CC2=C(C=C1OC3=CC4=C(C=C3)C(=O)OC4=O)C(=O)OC2=O,CC1=C(C=CC(=C1)N)C2=C(C=C(C=C2)N)C,*c1ccc(-c2ccc(N3C(=O)c4ccc(Oc5ccc6c(c5)C(=O)N(*)C6=O)cc4C3=O)cc2C)c(C)c1,"Polyimides/thioimides, Polyoxides/ethers/acetals"
P430124,74574,66537,Polyaddition/Polymer_reaction,C1=CC2=C(C=C1OC3=CC4=C(C=C3)C(=O)OC4=O)C(=O)OC2=O,CC1=C(C=CC(=C1)N)C2=C(C=C(C=C2)N)C,*c1ccc(-c2ccc(N3C(=O)c4ccc(Oc5ccc6c(c5)C(=O)N(*)C6=O)cc4C3=O)cc2C)c(C)c1,"Polyimides/thioimides, Polyoxides/ethers/acetals"
P130105,74574,7814,Polyaddition/Polymer_reaction,C1=CC2=C(C=C1OC3=CC4=C(C=C3)C(=O)OC4=O)C(=O)OC2=O,C1=CC(=CC=C1N)N,*c1ccc(N2C(=O)c3ccc(Oc4ccc5c(c4)C(=O)N(*)C5=O)cc3C2=O)cc1,"Polyimides/thioimides, Polyoxides/ethers/acetals"
P432132,74574,2955,Polycondensation/Polymer_reaction,C1=CC2=C(C=C1OC3=CC4=C(C=C3)C(=O)OC4=O)C(=O)OC2=O,C1=CC(=CC=C1N)S(=O)(=O)C2=CC=C(C=C2)N,*c1ccc(S(=O)(=O)c2ccc(N3C(=O)c4ccc(Oc5ccc6c(c5)C(=O)N(*)C6=O)cc4C3=O)cc2)cc1,"Polyimides/thioimides, Polyoxides/ethers/acetals, Polysulfones/sulfoxides/sufonates/sulfoamides"
P433616,74574,13167276,Polycondensation,C1=CC2=C(C=C1OC3=CC4=C(C=C3)C(=O)OC4=O)C(=O)OC2=O,CC(C)(C1=CC=C(O1)CN)C2=CC=C(O2)CN,*Cc1ccc(C(C)(C)c2ccc(CN3C(=O)c4ccc(Oc5ccc6c(c5)C(=O)N(*)C6=O)cc4C3=O)o2)o1,"Polyimides/thioimides, Polyoxides/ethers/acetals"
P433575,74574,0,Polycondensation,C1=CC2=C(C=C1OC3=CC4=C(C=C3)C(=O)OC4=O)C(=O)OC2=O,,*c1cccc(C(=O)c2ccc(Oc3ccc(N4C(=O)c5ccc(Oc6ccc7c(c6)C(=O)N(*)C7=O)cc5C4=O)cc3C(F)(F)F)cc2)c1,"Polyimides/thioimides, Polyoxides/ethers/acetals, Polyketones/thioketones"
P434193,74574,102218299,Polycondensation,C1=CC2=C(C=C1OC3=CC4=C(C=C3)C(=O)OC4=O)C(=O)OC2=O,C1=CC=C(C=C1)[Si](C2=CC=CC(=C2)N)(C3=CC=CC(=C3)N)O[Si](C4=CC=CC=C4)(C5=CC=CC(=C5)N)C6=CC=CC(=C6)N,*c1cccc(c1)[Si](c1cccc(c1)N1C(=O)c2c(C1=O)cc(cc2)Oc1ccc2c(c1)C(=O)N(C2=O)*)(c1ccccc1)O[Si](c1cccc(c1)N1C(=O)c2c(C1=O)cc(cc2)Oc1ccc2c(c1)C(=O)N(C2=O)*)(c1cccc(c1)*)c1ccccc1,"Polyimides/thioimides,Polyoxides/ethers/acetals,Polysiloxanes/silanes"
P342053,74856,0,Addition_polymerization,CC(=C)C(=O)OC1=CC(=C(C=C1)C(=O)C2=CC=CC=C2)O,,*CC(*)(C)C(=O)Oc1ccc(C(=O)c2ccccc2)c(O)c1,"Polyacrylics, Polyvinyls"
P462046,74862,3147184,Polycondensation,C(=C(N=O)Cl)(NO)Cl,C1=CC2=C(C=C1N)NC(=N2)CCCCC3=NC4=C(N3)C=C(C=C4)N,*CCCCc1nc2cc(NC(=N\O)/C(=N/O)Nc3ccc4nc(*)[nH]c4c3)ccc2[nH]1,Polyimines
P010026,75027,0,Addition_polymerization,C=CCC1CCCCC1,,*CC(*)CC1CCCCC1,Polyolefins
P030003,75069,0,Addition_polymerization,CCCCCCCCCCCC(=O)OC=C,,*CC(*)OC(=O)CCCCCCCCCCC,Polyvinyls
P433303,75073,0,Addition_polymerization,C(CS)OCCS,,*c1ccc(Cc2ccc(N3C(=O)C(C)C(SCCOCCSC4C(=O)N(c5ccc(Cc6ccc(N7C(=O)CC(C)(SCCOCCSC8(C)CC(=O)N(*)C8=O)C7=O)cc6)cc5)C(=O)C4C)C3=O)cc2)cc1,"Polyimides/thioimides, Polyoxides/ethers/acetals, Polysulfides"
P433304,75073,0,Addition_polymerization,C(CS)OCCS,,*c1ccc(Oc2ccc(N3C(=O)C(C)C(SCCOCCSC4C(=O)N(c5ccc(Oc6ccc(N7C(=O)CC(C)(SCCOCCSC8(C)CC(=O)N(*)C8=O)C7=O)cc6)cc5)C(=O)C4C)C3=O)cc2)cc1,"Polyimides/thioimides, Polyoxides/ethers/acetals, Polysulfides"
P433004,75073,12966109,Polyaddition,C(CS)OCCS,C1=CC(=CC=C1C(=O)OC2=CC=C(C=C2)S(=O)(=O)C3=CC=C(C=C3)OC(=O)C4=CC=C(C=C4)N5C(=O)C=CC5=O)N6C(=O)C=CC6=O,*c1ccc(C(=O)Oc2ccc(S(=O)(=O)c3ccc(OC(=O)c4ccc(N5C(=O)CC(SCCOCCSC6CC(=O)N(*)C6=O)C5=O)cc4)cc3)cc2)cc1,"Polyimides/thioimides, Polyoxides/ethers/acetals, Polysulfides, Polyesters/thioesters, Polysulfones/sulfoxides/sufonates/sulfoamides"
P040263,75080,0,Addition_polymerization,CCCCOC(=O)CC(=C)C(=O)OCCCC,,*CC(*)(CC(=O)OCCCC)C(=O)OCCCC,"Polyacrylics, Polyvinyls"
P040014,75084,0,Addition_polymerization,CCCCCCCCCCCCOC(=O)C=C,,*CC(*)C(=O)OCCCCCCCCCCCC,"Polyacrylics, Polyvinyls"
P373349,75183,0,Polycondensation,C1=CC(=CC=C1C(=O)O)OC2=CC=C(C=C2)C(=O)O,,*c1ccc(Oc2ccc(-c3nc4ccc(S(=O)(=O)c5ccc6nc(*)n(-c7cccc(S(=O)(=O)O)c7)c6c5)cc4n3-c3cccc(S(=O)(=O)O)c3)cc2)cc1,"Polyoxides/ethers/acetals, Polyimines, Polysulfones/sulfoxides/sufonates/sulfoamides"
P400270,75374,101926884,Polycondensation,C1=CC(=CC=C1C2=CC=C(C=C2)C(=O)Cl)C(=O)Cl,C[Si](C)(C)NC1=CC=C(C=C1)C2=C(C=CC(=C2)Br)N[Si](C)(C)C,*Nc1ccc(Br)cc1-c1ccc(NC(=O)c2ccc(-c3ccc(C(*)=O)cc3)cc2)cc1,Polyamides/thioamides
P392609,75374,14548420,Polycondensation,C1=CC(=CC=C1C2=CC=C(C=C2)C(=O)Cl)C(=O)Cl,C(CCCNC(=O)CCCO)CCNC(=O)CCCO,*CCCC(=O)NCCCCCCNC(=O)CCCOC(=O)c1ccc(-c2ccc(C(=O)O*)cc2)cc1,"Polyesters/thioesters, Polyamides/thioamides"
P100050,75379,17354,Polycondensation,CC(C)(C)C1=CC(=CC(=C1)C(=O)O)C(=O)O,C1CC(CCC1CN)CN,*CC1CCC(CNC(=O)c2cc(C(=O)N*)cc(C(C)(C)C)c2)CC1,Polyamides/thioamides
P372240,75379,83119,Polycondensation,CC(C)(C)C1=CC(=CC(=C1)C(=O)O)C(=O)O,CC(C)(C1=CC=C(C=C1)OC2=CC=C(C=C2)N)C3=CC=C(C=C3)OC4=CC=C(C=C4)N,*Oc1ccc(NC(=O)c2cc(C(=O)Nc3ccc(Oc4ccc(C(C)(C)c5ccc(*)cc5)cc4)cc3)cc(C(C)(C)C)c2)cc1,"Polyoxides/ethers/acetals, Polyamides/thioamides"
P402247,75379,57701293,Polycondensation,,C1=CC=C2C(=C1)C3=CC=CC=C3P(=O)(O2)C(C4=CC=C(C=C4)N)(C5=CC=C(C=C5)N)P6(=O)C7=CC=CC=C7C8=CC=CC=C8O6,*Nc1ccc(C(c2ccc(NC(=O)c3cc(C(*)=O)cc(C(C)(C)C)c3)cc2)(P2(=O)Oc3ccccc3-c3ccccc32)P2(=O)Oc3ccccc3-c3ccccc32)cc1,Polyamides/thioamides
P372389,75379,100979483,Polycondensation,CC(C)(C)C1=CC(=CC(=C1)C(=O)O)C(=O)O,C1CC2CC1CC2(C3=CC=C(C=C3)OC4=CC=C(C=C4)N)C5=CC=C(C=C5)OC6=CC=C(C=C6)N,*Oc1ccc(NC(=O)c2cc(C(=O)Nc3ccc(Oc4ccc(C5(c6ccc(*)cc6)CC6CCC5C6)cc4)cc3)cc(C(C)(C)C)c2)cc1,"Polyoxides/ethers/acetals, Polyamides/thioamides"
P170024,75461,87533881,Polycondensation,C[Si](C)(O[Si](C)(C)Cl)Cl,CCO[Si](C)(C1=C(C(=C(C(=C1F)F)F)F)F)OCC,*O[Si](C)(C)O[Si](C)(C)O[Si](*)(C)c1c(F)c(F)c(F)c(F)c1F,Polysiloxanes/silanes
P170021,75461,11102434,Polycondensation,C[Si](C)(O[Si](C)(C)Cl)Cl,CCO[Si](C1=C(C(=C(C(=C1F)F)F)F)F)(C2=C(C(=C(C(=C2F)F)F)F)F)OCC,*O[Si](C)(C)O[Si](C)(C)O[Si](*)(c1c(F)c(F)c(F)c(F)c1F)c1c(F)c(F)c(F)c(F)c1F,Polysiloxanes/silanes
P382289,75473,0,Polycondensation,C1=CC=C(C=C1)C2=CSC=C2,,*c1cc(-c2ccccc2)c(*)s1,Polysulfides
P040262,75481,0,Addition_polymerization,CCOC(=O)CC(=C)C(=O)OCC,,*CC(*)(CC(=O)OCC)C(=O)OCC,"Polyacrylics, Polyvinyls"
P372152,75490,9582,Polycondensation,CC1=CC(=CC(=C1O)C)C2=CC(=C(C(=C2)C)O)C,C1=CC(=CC=C1C(=O)C2=CC=C(C=C2)F)F,*Oc1c(C)cc(-c2cc(C)c(Oc3ccc(C(=O)c4ccc(*)cc4)cc3)c(C)c2)cc1C,"Polyoxides/ethers/acetals, Polyketones/thioketones"
P372085,75490,101927999,Polycondensation,CC1=CC(=CC(=C1O)C)C2=CC(=C(C(=C2)C)O)C,C1=CC2=C(C=CC=C2S(=O)(=O)C3=CC=C(C=C3)F)C(=C1)S(=O)(=O)C4=CC=C(C=C4)F,*Oc1ccc(S(=O)(=O)c2cccc3c(S(=O)(=O)c4ccc(Oc5c(C)cc(-c6cc(C)c(*)c(C)c6)cc5C)cc4)cccc23)cc1,"Polyoxides/ethers/acetals, Polysulfones/sulfoxides/sufonates/sulfoamides"
P370323,75490,13651231,Polycondensation,CC1=CC(=CC(=C1O)C)C2=CC(=C(C(=C2)C)O)C,CCN(CC)[Si](C)(C)O[Si](C)(C)N(CC)CC,*O[Si](C)(C)O[Si](C)(C)Oc1c(C)cc(-c2cc(C)c(*)c(C)c2)cc1C,"Polyoxides/ethers/acetals, Polysiloxanes/silanes"
P370325,75490,22754395,Polycondensation,CC1=CC(=CC(=C1O)C)C2=CC(=C(C(=C2)C)O)C,C[Si](C)(N1CCCC1)O[Si](C)(C)O[Si](C)(C)O[Si](C)(C)N2CCCC2,*O[Si](C)(C)O[Si](C)(C)O[Si](C)(C)O[Si](C)(C)Oc1c(C)cc(-c2cc(C)c(*)c(C)c2)cc1C,"Polyoxides/ethers/acetals, Polysiloxanes/silanes"
P470048,75490,86173965,Polycondensation,CC1=CC(=CC(=C1O)C)C2=CC(=C(C(=C2)C)O)C,C[Si](C)(C1=CC=C(C=C1)[Si](C)(C)N2CCCC2)N3CCCC3,*O[Si](C)(C)c1ccc([Si](C)(C)Oc2c(C)cc(-c3cc(C)c(*)c(C)c3)cc2C)cc1,Polysiloxanes/silanes
P130087,75494,7261,Polycondensation,C1=CC2=C(C=C1C3=CC4=C(C=C3)C(=O)OC4=O)C(=O)OC2=O,CC1=C(C=C(C=C1)N)N,*c1ccc(C)c(N2C(=O)c3ccc(-c4ccc5c(c4)C(=O)N(*)C5=O)cc3C2=O)c1,Polyimides/thioimides
P432300,75494,100954907,Polycondensation,C1=CC2=C(C=C1C3=CC4=C(C=C3)C(=O)OC4=O)C(=O)OC2=O,CCCCCCCCCCCCCCCCCCOC(=O)C1=C(C(=CC(=C1)N)Br)C2=C(C=C(C=C2Br)N)C(=O)OCCCCCCCCCCCCCCCCCC,*c1cc(Br)c(-c2c(Br)cc(N3C(=O)c4ccc(-c5ccc6c(c5)C(=O)N(*)C6=O)cc4C3=O)cc2C(=O)OCCCCCCCCCCCCCCCCCC)c(C(=O)OCCCCCCCCCCCCCCCCCC)c1,Polyimides/thioimides
P433181,75494,86045366,Polycondensation,C1=CC2=C(C=C1C3=CC4=C(C=C3)C(=O)OC4=O)C(=O)OC2=O,C1=CC(=CC=C1C2=CC(=CC(=N2)C3=CC=C(C=C3)N)C4=CC=C(C=C4)OCCCC#N)N,*c1ccc(-c2cc(-c3ccc(OCCCC#N)cc3)cc(-c3ccc(N4C(=O)c5ccc(-c6ccc7c(c6)C(=O)N(*)C7=O)cc5C4=O)cc3)n2)cc1,"Polyimides/thioimides, Polyimines"
P432512,75494,316508,Polycondensation,C1=CC2=C(C=C1C3=CC4=C(C=C3)C(=O)OC4=O)C(=O)OC2=O,C1=CC(=CC(=C1)OCCCCOC2=CC=CC(=C2)N)N,*c1cccc(OCCCCOc2cccc(N3C(=O)c4ccc(-c5ccc6c(c5)C(=O)N(*)C6=O)cc4C3=O)c2)c1,"Polyimides/thioimides, Polyoxides/ethers/acetals"
P134352,75494,7814,Polycondensation,C1=CC2=C(C=C1C3=CC4=C(C=C3)C(=O)OC4=O)C(=O)OC2=O,C1=CC(=CC=C1N)N,*c1ccc(N2C(=O)c3ccc(-c4cccc5c4C(=O)N(*)C5=O)cc3C2=O)cc1,Polyimides/thioimides
P432515,75494,100951154,Polycondensation,C1=CC2=C(C=C1C3=CC4=C(C=C3)C(=O)OC4=O)C(=O)OC2=O,C1=CC(=CC(=C1)OCCCCCCCCOC2=CC=CC(=C2)N)N,*c1cccc(OCCCCCCCCOc2cccc(N3C(=O)c4ccc(-c5ccc6c(c5)C(=O)N(*)C6=O)cc4C3=O)c2)c1,"Polyimides/thioimides, Polyoxides/ethers/acetals"
P433024,75494,18179318,Polycondensation,C1=CC2=C(C=C1C3=CC4=C(C=C3)C(=O)OC4=O)C(=O)OC2=O,CC1=C2CCC(C2=C(C(=C1N)C)N)(C)C,*c1c(C)c(N2C(=O)c3ccc(-c4ccc5c(c4)C(=O)N(*)C5=O)cc3C2=O)c(C)c2c1C(C)(C)CC2,Polyimides/thioimides
P432514,75494,100951152,Polycondensation,C1=CC2=C(C=C1C3=CC4=C(C=C3)C(=O)OC4=O)C(=O)OC2=O,C1=CC(=CC(=C1)OCCCCCCOC2=CC=CC(=C2)N)N,*c1cccc(OCCCCCCOc2cccc(N3C(=O)c4ccc(-c5ccc6c(c5)C(=O)N(*)C6=O)cc4C3=O)c2)c1,"Polyimides/thioimides, Polyoxides/ethers/acetals"
P433493,75494,102039211,Polycondensation,C1=CC2=C(C=C1C3=CC4=C(C=C3)C(=O)OC4=O)C(=O)OC2=O,CC(C)(C)C1=CC(=CC(=C1OC2=C(C=C(C=C2)N)C(F)(F)F)C(C)(C)C)C3=CC=C(C=C3)N,*c1ccc(-c2cc(C(C)(C)C)c(Oc3ccc(N4C(=O)c5ccc(-c6ccc7c(c6)C(=O)N(*)C7=O)cc5C4=O)cc3C(F)(F)F)c(C(C)(C)C)c2)cc1,"Polyimides/thioimides, Polyoxides/ethers/acetals"
P432564,75494,53835916,Polycondensation,C1=CC2=C(C=C1C3=CC4=C(C=C3)C(=O)OC4=O)C(=O)OC2=O,CCCCCCCCCCCCNC(=O)C1=CC(=CC(=C1)N)N,*c1cc(C(=O)NCCCCCCCCCCCC)cc(N2C(=O)c3ccc(-c4ccc5c(c4)C(=O)N(*)C5=O)cc3C2=O)c1,Polyimides/thioimides
P433243,75494,101194794,Polycondensation,C1=CC2=C(C=C1C3=CC4=C(C=C3)C(=O)OC4=O)C(=O)OC2=O,CC1=CC(=CC(=C1N)C)C(C2=CC(=CC=C2)C(F)(F)F)C3=CC(=C(C(=C3)C)N)C,*c1c(C)cc(C(c2cccc(C(F)(F)F)c2)c2cc(C)c(N3C(=O)c4ccc(-c5ccc6c(c5)C(=O)N(*)C6=O)cc4C3=O)c(C)c2)cc1C,Polyimides/thioimides
P432561,75494,54120578,Polycondensation,C1=CC2=C(C=C1C3=CC4=C(C=C3)C(=O)OC4=O)C(=O)OC2=O,CCCCCCNC(=O)C1=CC(=CC(=C1)N)N,*c1cc(C(=O)NCCCCCC)cc(N2C(=O)c3ccc(-c4ccc5c(c4)C(=O)N(*)C5=O)cc3C2=O)c1,Polyimides/thioimides
P433523,75494,66537,Polycondensation,C1=CC2=C(C=C1C3=CC4=C(C=C3)C(=O)OC4=O)C(=O)OC2=O,CC1=C(C=CC(=C1)N)C2=C(C=C(C=C2)N)C,*c1ccc(-c2ccc(N3C(=O)c4ccc(-c5ccc6c(c5)C(=O)N(*)C6=O)cc4C3=O)cc2C)c(C)c1,Polyimides/thioimides
P432750,75494,19012,Polycondensation,C1=CC2=C(C=C1C3=CC4=C(C=C3)C(=O)OC4=O)C(=O)OC2=O,C1=CC(=CC=C1N)OC2=CC=C(C=C2)OC3=CC=C(C=C3)N,*c1ccc(Oc2ccc(Oc3ccc(N4C(=O)c5ccc(-c6ccc7c(c6)C(=O)N(*)C7=O)cc5C4=O)cc3)cc2)cc1,"Polyimides/thioimides, Polyoxides/ethers/acetals"
P432778,75494,19045015,Polycondensation,C1=CC2=C(C=C1C3=CC4=C(C=C3)C(=O)OC4=O)C(=O)OC2=O,C1=CC=C(C=C1)P(=O)(C2=CC=C(C=C2)OC3=CC=CC(=C3)N)C4=CC=C(C=C4)OC5=CC=CC(=C5)N,*c1cccc(Oc2ccc(P(=O)(c3ccccc3)c3ccccc3)c(Oc3cccc(N4C(=O)c5ccc(-c6ccc7c(c6)C(=O)N(*)C7=O)cc5C4=O)c3)c2)c1,"Polyimides/thioimides, Polyoxides/ethers/acetals"
P433499,75494,12311562,Polycondensation,C1=CC2=C(C=C1C3=CC4=C(C=C3)C(=O)OC4=O)C(=O)OC2=O,C1=CC(=CC=C1N)SC2=CC=C(C=C2)SC3=CC=C(C=C3)N,*c1ccc(Sc2ccc(Sc3ccc(N4C(=O)c5ccc(-c6ccc7c(c6)C(=O)N(*)C7=O)cc5C4=O)cc3)cc2)cc1,"Polyimides/thioimides, Polysulfides"
P432751,75494,15373719,Polycondensation,C1=CC2=C(C=C1C3=CC4=C(C=C3)C(=O)OC4=O)C(=O)OC2=O,C1=CC=C(C(=C1)OC2=CC=C(C=C2)N)OC3=CC=C(C=C3)N,*c1ccc(Oc2ccccc2Oc2ccc(N3C(=O)c4ccc(-c5ccc6c(c5)C(=O)N(*)C6=O)cc4C3=O)cc2)cc1,"Polyimides/thioimides, Polyoxides/ethers/acetals"
P432342,75494,15660,Polycondensation,C1=CC2=C(C=C1C3=CC4=C(C=C3)C(=O)OC4=O)C(=O)OC2=O,C1CC(CCC1CC2CCC(CC2)N)N,*C1CCC(CC2CCC(N3C(=O)c4ccc(-c5ccc6c(c5)C(=O)N(*)C6=O)cc4C3=O)CC2)CC1,Polyimides/thioimides
P430431,75494,76547,Polycondensation,C1=CC2=C(C=C1C3=CC4=C(C=C3)C(=O)OC4=O)C(=O)OC2=O,CC1=CC(=C(C(=C1N)C)N)C,*c1c(C)cc(C)c(N2C(=O)c3ccc(-c4ccc5c(c4)C(=O)N(*)C5=O)cc3C2=O)c1C,Polyimides/thioimides
P432352,75494,17857,Polycondensation,C1=CC2=C(C=C1C3=CC4=C(C=C3)C(=O)OC4=O)C(=O)OC2=O,CC1(CC(CC(C1)(C)CN)N)C,*CC1(C)CC(N2C(=O)c3ccc(-c4ccc5c(c4)C(=O)N(*)C5=O)cc3C2=O)CC(C)(C)C1,Polyimides/thioimides
P402045,75494,7814,Polyaddition,C1=CC2=C(C=C1C3=CC4=C(C=C3)C(=O)OC4=O)C(=O)OC2=O,C1=CC(=CC=C1N)N,*Nc1ccc(NC(=O)c2cc(-c3ccc(C(=O)O)c(C(*)=O)c3)ccc2C(=O)O)cc1,Polyamides/thioamides
P432755,75494,15373723,Polycondensation,C1=CC2=C(C=C1C3=CC4=C(C=C3)C(=O)OC4=O)C(=O)OC2=O,CC(C)(C)C1=CC(=C(C=C1)OC2=CC=C(C=C2)N)OC3=CC=C(C=C3)N,*c1ccc(Oc2cc(C(C)(C)C)ccc2Oc2ccc(N3C(=O)c4ccc(-c5ccc6c(c5)C(=O)N(*)C6=O)cc4C3=O)cc2)cc1,"Polyimides/thioimides, Polyoxides/ethers/acetals"
P430022,75494,17201,Polycondensation,C1=CC2=C(C=C1C3=CC4=C(C=C3)C(=O)OC4=O)C(=O)OC2=O,C1=CC(=CC(=C1)OC2=CC=C(C=C2)N)OC3=CC=C(C=C3)N,*c1ccc(Oc2cccc(Oc3ccc(N4C(=O)c5ccc(-c6ccc7c(c6)C(=O)N(*)C7=O)cc5C4=O)cc3)c2)cc1,"Polyimides/thioimides, Polyoxides/ethers/acetals"
P433558,75494,0,Polycondensation,C1=CC2=C(C=C1C3=CC4=C(C=C3)C(=O)OC4=O)C(=O)OC2=O,,*c1ccc(OCCCC[Si](C)(C)O[Si](C)(C)O[Si](C)(C)O[Si](C)(C)CCCCOc2ccc(N3C(=O)c4ccc(-c5ccc6c(c5)C(=O)N(*)C6=O)cc4C3=O)cc2C)c(C)c1,"Polyimides/thioimides, Polyoxides/ethers/acetals, Polysiloxanes/silanes"
P433160,75494,86229647,Polycondensation,C1=CC2=C(C=C1C3=CC4=C(C=C3)C(=O)OC4=O)C(=O)OC2=O,CC1=CC(=C(C(=C1C(=O)C2=CC(=CC=C2)N)C)N)C,*c1cccc(C(=O)c2c(C)cc(C)c(N3C(=O)c4ccc(-c5ccc6c(c5)C(=O)N(*)C6=O)cc4C3=O)c2C)c1,"Polyimides/thioimides, Polyketones/thioketones"
P433176,75494,15219748,Polycondensation,C1=CC2=C(C=C1C3=CC4=C(C=C3)C(=O)OC4=O)C(=O)OC2=O,C1=CC(=CC=C1C#N)N(C2=CC=C(C=C2)N)C3=CC=C(C=C3)N,*c1ccc(N(c2ccc(C#N)cc2)c2ccc(N3C(=O)c4ccc(-c5ccc6c(c5)C(=O)N(*)C6=O)cc4C3=O)cc2)cc1,"Polyimides/thioimides, Polyimines"
P430084,75494,57777059,Polycondensation,C1=CC2=C(C=C1C3=CC4=C(C=C3)C(=O)OC4=O)C(=O)OC2=O,CC(C)(C)C1=CC(=C(C=C1OC2=CC=C(C=C2)N)C(C)(C)C)OC3=CC=C(C=C3)N,*c1ccc(Oc2cc(C(C)(C)C)c(Oc3ccc(N4C(=O)c5ccc(-c6ccc7c(c6)C(=O)N(*)C7=O)cc5C4=O)cc3)cc2C(C)(C)C)cc1,"Polyimides/thioimides, Polyoxides/ethers/acetals"
P432522,75494,18474484,Polycondensation,C1=CC2=C(C=C1C3=CC4=C(C=C3)C(=O)OC4=O)C(=O)OC2=O,C1=CC(=CC=C1N)OCCCCCCCCOC2=CC=C(C=C2)N,*c1ccc(OCCCCCCCCOc2ccc(N3C(=O)c4ccc(-c5ccc6c(c5)C(=O)N(*)C6=O)cc4C3=O)cc2)cc1,"Polyimides/thioimides, Polyoxides/ethers/acetals"
P432520,75494,53351,Polycondensation,C1=CC2=C(C=C1C3=CC4=C(C=C3)C(=O)OC4=O)C(=O)OC2=O,C1=CC(=CC=C1N)OCCCCOC2=CC=C(C=C2)N,*c1ccc(OCCCCOc2ccc(N3C(=O)c4ccc(-c5ccc6c(c5)C(=O)N(*)C6=O)cc4C3=O)cc2)cc1,"Polyimides/thioimides, Polyoxides/ethers/acetals"
P433561,75494,0,Polycondensation,C1=CC2=C(C=C1C3=CC4=C(C=C3)C(=O)OC4=O)C(=O)OC2=O,,*c1ccc(OCCCC[Si](C)(C)O[Si](C)(C)O[Si](C)(C)O[Si](C)(C)CCCCOc2ccc(N3C(=O)c4ccc(-c5ccc6c(c5)C(=O)N(*)C6=O)cc4C3=O)c(C)c2)cc1C,"Polyimides/thioimides, Polyoxides/ethers/acetals, Polysiloxanes/silanes"
P432276,75498,101940003,Polycondensation,C1=CC2=C(C=C1C(=O)C3=CC4=C(C=C3)C(=O)OC4=O)C(=O)OC2=O,C1=CC=C(C=C1)C2=CC=C(C=C2)C3=CC(=CC(=C3C4=CC=C(C=C4)N)C5=CC=C(C=C5)C6=CC=CC=C6)C7=CC=C(C=C7)C8=CC(=C(C(=C8)C9=CC=C(C=C9)C1=CC=CC=C1)C1=CC=C(C=C1)N)C1=CC=C(C=C1)C1=CC=CC=C1,*C(=O)c1ccc2c(c1)C(=O)N(c1ccc(-c3c(-c4ccc(-c5ccccc5)cc4)cc(-c4ccc(-c5cc(-c6ccc(-c7ccccc7)cc6)c(-c6ccc(N7C(=O)c8ccc(*)cc8C7=O)cc6)c(-c6ccc(-c7ccccc7)cc6)c5)cc4)cc3-c3ccc(-c4ccccc4)cc3)cc1)C2=O,"Polyimides/thioimides, Polyketones/thioketones"
P432129,75498,41206,Polycondensation,C1=CC2=C(C=C1C(=O)C3=CC4=C(C=C3)C(=O)OC4=O)C(=O)OC2=O,CC1=CC(=CC(=C1N)C)C2=CC(=C(C(=C2)C)N)C,*C(=O)c1ccc2c(c1)C(=O)N(c1c(C)cc(-c3cc(C)c(N4C(=O)c5ccc(*)cc5C4=O)c(C)c3)cc1C)C2=O,"Polyimides/thioimides, Polyketones/thioketones"
P134425,75498,3095058,Polycondensation,C1=CC2=C(C=C1C(=O)C3=CC4=C(C=C3)C(=O)OC4=O)C(=O)OC2=O,CC1(CC(C2=C1C=CC(=C2)N)(C)C3=CC=C(C=C3)N)C,*C(=O)c1ccc2c(c1)C(=O)N(c1ccc(C3(C)CC(C)(C)c4ccc(N5C(=O)c6ccc(*)cc6C5=O)cc43)cc1)C2=O,"Polyimides/thioimides, Polyketones/thioketones"
P392074,75498,11741,Polycondensation,C1=CC2=C(C=C1C(=O)C3=CC4=C(C=C3)C(=O)OC4=O)C(=O)OC2=O,C1=CC(=CC(=C1)S(=O)(=O)C2=CC=CC(=C2)N)N,*C(=O)c1ccc2c(c1)/C(=N\c1cccc(S(=O)(=O)c3cccc(/N=C4/OC(=O)c5ccc(*)cc54)c3)c1)OC2=O,"Polyesters/thioesters, Polyimines, Polyketones/thioketones, Polysulfones/sulfoxides/sufonates/sulfoamides"
P430466,75498,631552,Polycondensation,C1=CC2=C(C=C1C(=O)C3=CC4=C(C=C3)C(=O)OC4=O)C(=O)OC2=O,C1=CC=C2C(=C1)C3=CC=CC=C3C2(C4=CC=C(C=C4)N)C5=CC=C(C=C5)N,*C(=O)c1ccc2c(c1)C(=O)N(c1ccc(C3(c4ccc(N5C(=O)c6ccc(*)cc6C5=O)cc4)c4ccccc4-c4ccccc43)cc1)C2=O,"Polyimides/thioimides, Polyketones/thioketones"
P433186,75498,101072341,Polycondensation,C1=CC2=C(C=C1C(=O)C3=CC4=C(C=C3)C(=O)OC4=O)C(=O)OC2=O,COC1=CC=C(C=C1)C2=CC(=NC(=C2)C3=CC=C(C=C3)N)C4=CC=C(C=C4)N,*C(=O)c1ccc2c(c1)C(=O)N(c1ccc(-c3cc(-c4ccc(OC)cc4)cc(-c4ccc(N5C(=O)c6ccc(*)cc6C5=O)cc4)n3)cc1)C2=O,"Polyimides/thioimides, Polyimines, Polyketones/thioketones"
P430012,75498,630896,Polycondensation,C1=CC2=C(C=C1C(=O)C3=CC4=C(C=C3)C(=O)OC4=O)C(=O)OC2=O,C1=CC=C(C=C1)C2=NC(=NC(=N2)C3=CC=C(C=C3)N)C4=CC=C(C=C4)N,*C(=O)c1ccc2c(c1)C(=O)N(c1ccc(-c3nc(-c4ccccc4)nc(-c4ccc(N5C(=O)c6ccc(*)cc6C5=O)cc4)n3)cc1)C2=O,"Polyimides/thioimides, Polyimines, Polyketones/thioketones"
P430007,75498,635239,Polycondensation,C1=CC2=C(C=C1C(=O)C3=CC4=C(C=C3)C(=O)OC4=O)C(=O)OC2=O,C1=CC=C(C=C1)N(C2=CC=CC=C2)C3=NC(=NC(=N3)NC4=CC=CC(=C4)N)NC5=CC=CC(=C5)N,*C(=O)c1ccc2c(c1)C(=O)N(c1cccc(Nc3nc(Nc4cccc(N5C(=O)c6ccc(*)cc6C5=O)c4)nc(N(c4ccccc4)c4ccccc4)n3)c1)C2=O,"Polyimides/thioimides, Polyimines, Polyketones/thioketones"
P432835,75498,102320597,Polycondensation,C1=CC2=C(C=C1C(=O)C3=CC4=C(C=C3)C(=O)OC4=O)C(=O)OC2=O,C1=CC(=CC=C1C=CC2=CC=C(C=C2)F)OCCCCCCOC3=C(C=CC(=C3)C4=CC(=C(C=C4)N)OCCCCCCOC5=CC=C(C=C5)C=CC6=CC=C(C=C6)F)N,*C(=O)c1ccc2c(c1)C(=O)N(c1ccc(-c3ccc(N4C(=O)c5ccc(*)cc5C4=O)c(OCCCCCCOc4ccc(/C=C/c5ccc(F)cc5)cc4)c3)cc1OCCCCCCOc1ccc(/C=C/c3ccc(F)cc3)cc1)C2=O,"Polyimides/thioimides, Polyketones/thioketones"
P372092,75498,83119,Polycondensation,C1=CC2=C(C=C1C(=O)C3=CC4=C(C=C3)C(=O)OC4=O)C(=O)OC2=O,CC(C)(C1=CC=C(C=C1)OC2=CC=C(C=C2)N)C3=CC=C(C=C3)OC4=CC=C(C=C4)N,*C(=O)c1ccc2c(c1)/C(=N\c1ccc(Oc3ccc(C(C)(C)c4ccc(Oc5ccc(/N=C6/OC(=O)c7ccc(*)cc76)cc5)cc4)cc3)cc1)OC2=O,"Polyoxides/ethers/acetals, Polyesters/thioesters, Polyimines, Polyketones/thioketones"
P372093,75498,94652,Polycondensation,C1=CC2=C(C=C1C(=O)C3=CC4=C(C=C3)C(=O)OC4=O)C(=O)OC2=O,C1=CC(=CC=C1C(C2=CC=C(C=C2)OC3=CC=C(C=C3)N)(C(F)(F)F)C(F)(F)F)OC4=CC=C(C=C4)N,*C(=O)c1ccc2c(c1)/C(=N\c1ccc(Oc3ccc(C(c4ccc(Oc5ccc(/N=C6/OC(=O)c7ccc(*)cc76)cc5)cc4)(C(F)(F)F)C(F)(F)F)cc3)cc1)OC2=O,"Polyoxides/ethers/acetals, Polyesters/thioesters, Polyimines, Polyketones/thioketones"
P433479,75498,102285512,Polycondensation,C1=CC2=C(C=C1C(=O)C3=CC4=C(C=C3)C(=O)OC4=O)C(=O)OC2=O,CCCCCCCCCCCCCCCCOC1=CC(=CC(=C1)N=C=O)N=C=O,*C(=O)c1ccc2c(c1)C(=O)N(c1cc(OCCCCCCCCCCCCCCCC)cc(N3C(=O)c4ccc(*)cc4C3=O)c1)C2=O,"Polyimides/thioimides, Polyketones/thioketones"
P432788,75498,5244321,Polyaddition/Polymer_reaction,C1=CC2=C(C=C1C(=O)C3=CC4=C(C=C3)C(=O)OC4=O)C(=O)OC2=O,C1=CC=C(C=C1)C(C2=CC=C(C=C2)N)(C3=CC=C(C=C3)N)C(F)(F)F,*C(=O)c1ccc2c(c1)C(=O)N(c1cccc(C(c3ccccc3)(c3cccc(N4C(=O)c5ccc(*)cc5C4=O)c3)C(F)(F)F)c1)C2=O,"Polyimides/thioimides, Polyketones/thioketones"
P130142,75498,12467096,Polycondensation,C1=CC2=C(C=C1C(=O)C3=CC4=C(C=C3)C(=O)OC4=O)C(=O)OC2=O,CC(C)C(C1=CC=C(C=C1)N)C2=CC=C(C=C2)N,*C(=O)c1ccc2c(c1)C(=O)N(c1ccc(C(c3ccc(N4C(=O)c5ccc(*)cc5C4=O)cc3)C(C)C)cc1)C2=O,"Polyimides/thioimides, Polyketones/thioketones"
P130143,75498,12467097,Polycondensation,C1=CC2=C(C=C1C(=O)C3=CC4=C(C=C3)C(=O)OC4=O)C(=O)OC2=O,CCCC(C1=CC=C(C=C1)N)C2=CC=C(C=C2)N,*C(=O)c1ccc2c(c1)C(=O)N(c1ccc(C(CCC)c3ccc(N4C(=O)c5ccc(*)cc5C4=O)cc3)cc1)C2=O,"Polyimides/thioimides, Polyketones/thioketones"
P432576,75498,18624854,Polyaddition/Polymer_reaction,C1=CC2=C(C=C1C(=O)C3=CC4=C(C=C3)C(=O)OC4=O)C(=O)OC2=O,C1=CC(=CC(=C1)P(=O)(C2=CC=C(C=C2)C(F)(F)F)C3=CC=CC(=C3)N)N,*C(=O)c1ccc2c(c1)C(=O)N(c1cccc(P(=O)(c3ccc(C(F)(F)F)cc3)c3cccc(N4C(=O)c5ccc(*)cc5C4=O)c3)c1)C2=O,"Polyimides/thioimides, Polyketones/thioketones"
P130155,75498,7935,Polycondensation,C1=CC2=C(C=C1C(=O)C3=CC4=C(C=C3)C(=O)OC4=O)C(=O)OC2=O,C1=CC(=CC(=C1)N)N,*C(=O)c1ccc2c(c1)C(=O)N(c1cccc(N3C(=O)c4ccc(*)cc4C3=O)c1)C2=O,"Polyimides/thioimides, Polyketones/thioketones"
P433293,75498,71413118,Polycondensation,C1=CC2=C(C=C1C(=O)C3=CC4=C(C=C3)C(=O)OC4=O)C(=O)OC2=O,C1=CC(=NC(=C1)C(=O)C2=CC=C(C=C2)OC3=CC=C(C=C3)N)C(=O)C4=CC=C(C=C4)OC5=CC=C(C=C5)N,*C(=O)c1ccc2c(c1)C(=O)N(c1ccc(Oc3ccc(C(=O)c4cccc(C(=O)c5ccc(Oc6ccc(N7C(=O)c8ccc(*)cc8C7=O)cc6)cc5)n4)cc3)cc1)C2=O,"Polyimides/thioimides, Polyoxides/ethers/acetals, Polyimines, Polyketones/thioketones"
P430200,75498,146674,Polycondensation,C1=CC2=C(C=C1C(=O)C3=CC4=C(C=C3)C(=O)OC4=O)C(=O)OC2=O,C1=CC(=CC(=C1)N)CC2=CC=C(C=C2)N,*C(=O)c1ccc2c(c1)C(=O)N(c1ccc(Cc3cccc(N4C(=O)c5ccc(*)cc5C4=O)c3)cc1)C2=O,"Polyimides/thioimides, Polyketones/thioketones"
P433127,75498,77690,Polycondensation,C1=CC2=C(C=C1C(=O)C3=CC4=C(C=C3)C(=O)OC4=O)C(=O)OC2=O,CC1=CC(=CC(=C1N)C)CC2=CC(=C(C(=C2)C)N)C,*C(=O)c1ccc2c(c1)C(=O)N(c1c(C)cc(Cc3cc(C)c(N4C(=O)c5ccc(*)cc5C4=O)c(C)c3)cc1C)C2=O,"Polyimides/thioimides, Polyketones/thioketones"
P433133,75498,0,Polycondensation,C1=CC2=C(C=C1C(=O)C3=CC4=C(C=C3)C(=O)OC4=O)C(=O)OC2=O,,*C(=O)c1ccc2c(c1)C(=O)N(c1cc(Oc3c(C)cc(-c4cc(C)c(Oc5cc(N6C(=O)c7ccc(*)cc7C6=O)cc(C(F)(F)F)c5)c(C)c4)cc3C)cc(C(F)(F)F)c1)C2=O,"Polyimides/thioimides, Polyoxides/ethers/acetals, Polyketones/thioketones"
P433248,75498,0,Polycondensation,C1=CC2=C(C=C1C(=O)C3=CC4=C(C=C3)C(=O)OC4=O)C(=O)OC2=O,,*C(=O)c1ccc2c(c1)C(=O)N(c1c(C)cc(C(c3cc(C(F)(F)F)cc(C(F)(F)F)c3)c3cc(C)c(N4C(=O)c5ccc(*)cc5C4=O)c(C)c3)cc1C)C2=O,"Polyimides/thioimides, Polyketones/thioketones"
P433329,75498,91592857,Polycondensation,C1=CC2=C(C=C1C(=O)C3=CC4=C(C=C3)C(=O)OC4=O)C(=O)OC2=O,C1=CC(=NC(=C1)C(=O)C2=CC=C(C=C2)OC3=C(C=C(C=C3)N)C(F)(F)F)C(=O)C4=CC=C(C=C4)OC5=C(C=C(C=C5)N)C(F)(F)F,*C(=O)c1ccc2c(c1)C(=O)N(c1ccc(Oc3ccc(C(=O)c4cccc(C(=O)c5ccc(Oc6ccc(N7C(=O)c8ccc(*)cc8C7=O)cc6C(F)(F)F)cc5)n4)cc3)c(C(F)(F)F)c1)C2=O,"Polyimides/thioimides, Polyoxides/ethers/acetals, Polyimines, Polyketones/thioketones"
P433129,75498,88307,Polycondensation,C1=CC2=C(C=C1C(=O)C3=CC4=C(C=C3)C(=O)OC4=O)C(=O)OC2=O,CC(C)C1=CC(=CC(=C1N)C(C)C)CC2=CC(=C(C(=C2)C(C)C)N)C(C)C,*C(=O)c1ccc2c(c1)C(=O)N(c1c(C(C)C)cc(Cc3cc(C(C)C)c(N4C(=O)c5ccc(*)cc5C4=O)c(C(C)C)c3)cc1C(C)C)C2=O,"Polyimides/thioimides, Polyketones/thioketones"
P402040,75498,5284377,Polyaddition,C1=CC2=C(C=C1C(=O)C3=CC4=C(C=C3)C(=O)OC4=O)C(=O)OC2=O,C1=CC(=C(C=C1N)S(=O)(=O)[O-])C=CC2=C(C=C(C=C2)N)S(=O)(=O)[O-].[Na+].[Na+],*Nc1ccc(/C=C/c2ccc(NC(=O)c3cc(C(=O)c4ccc(C(=O)O)c(C(*)=O)c4)ccc3C(=O)O)cc2S(=O)(=O)O[Na])c(S(=O)(=O)O[Na])c1,"Polyamides/thioamides, Polyketones/thioketones"
P130173,75498,60361,Polycondensation,C1=CC2=C(C=C1C(=O)C3=CC4=C(C=C3)C(=O)OC4=O)C(=O)OC2=O,C1=CC(=CC=C1N)OCCOC2=CC=C(C=C2)N,*C(=O)c1ccc2c(c1)C(=O)N(c1ccc(OCCOc3ccc(N4C(=O)c5ccc(*)cc5C4=O)cc3)cc1)C2=O,"Polyimides/thioimides, Polyoxides/ethers/acetals, Polyketones/thioketones"
P430192,75498,14121182,Polycondensation,C1=CC2=C(C=C1C(=O)C3=CC4=C(C=C3)C(=O)OC4=O)C(=O)OC2=O,CC(C)(COC1=CC=C(C=C1)N)COC2=CC=C(C=C2)N,*C(=O)c1ccc2c(c1)C(=O)N(c1ccc(OCC(C)(C)COc3ccc(N4C(=O)c5ccc(*)cc5C4=O)cc3)cc1)C2=O,"Polyimides/thioimides, Polyoxides/ethers/acetals, Polyketones/thioketones"
P433464,75498,101475503,Polycondensation,C1=CC2=C(C=C1C(=O)C3=CC4=C(C=C3)C(=O)OC4=O)C(=O)OC2=O,CC1(CC(C2=C1C=CC(=C2)OC3=C(C=C(C=C3)C4=CC=C(C=C4)N)C(F)(F)F)(C)C5=CC=C(C=C5)OC6=C(C=C(C=C6)C7=CC=C(C=C7)N)C(F)(F)F)C,*C(=O)c1ccc2c(c1)C(=O)N(c1ccc(-c3ccc(Oc4ccc(C5(C)CC(C)(C)c6ccc(Oc7ccc(-c8ccc(N9C(=O)c%10ccc(*)cc%10C9=O)cc8)cc7C(F)(F)F)cc65)cc4)c(C(F)(F)F)c3)cc1)C2=O,"Polyimides/thioimides, Polyoxides/ethers/acetals, Polyketones/thioketones"
P430182,75498,17181,Polycondensation,C1=CC2=C(C=C1C(=O)C3=CC4=C(C=C3)C(=O)OC4=O)C(=O)OC2=O,C[Si](C)(CCCN)O[Si](C)(C)CCCN,*CCC[Si](C)(C)O[Si](C)(C)CCCN1C(=O)c2ccc(C(=O)c3ccc4c(c3)C(=O)N(*)C4=O)cc2C1=O,"Polyimides/thioimides, Polysiloxanes/silanes, Polyketones/thioketones"
P430009,75498,632755,Polycondensation,C1=CC2=C(C=C1C(=O)C3=CC4=C(C=C3)C(=O)OC4=O)C(=O)OC2=O,C1=CC=C(C=C1)C2=NC(=NC(=N2)NC3=CC=CC(=C3)N)NC4=CC=CC(=C4)N,*C(=O)c1ccc2c(c1)C(=O)N(c1cccc(Nc3nc(Nc4cccc(N5C(=O)c6ccc(*)cc6C5=O)c4)nc(-c4ccccc4)n3)c1)C2=O,"Polyimides/thioimides, Polyimines, Polyketones/thioketones"
P432151,75498,2795571,Polyaddition/Polymer_reaction,C1=CC2=C(C=C1C(=O)C3=CC4=C(C=C3)C(=O)OC4=O)C(=O)OC2=O,C(#N)C(=C(C#N)N)N,*/C(C#N)=C(\C#N)N1C(=O)c2ccc(C(=O)c3ccc(-c4ccc5c(c4)C(=O)N(*)C5=O)cc3)cc2C1=O,"Polyimides/thioimides, Polyketones/thioketones"
P130162,75498,104949,Polycondensation,C1=CC2=C(C=C1C(=O)C3=CC4=C(C=C3)C(=O)OC4=O)C(=O)OC2=O,C1=CC(=CC=C1C2=CC=C(C=C2)N)C3=CC=C(C=C3)N,*C(=O)c1ccc2c(c1)C(=O)N(c1ccc(-c3ccc(-c4ccc(N5C(=O)c6ccc(*)cc6C5=O)cc4)cc3)cc1)C2=O,"Polyimides/thioimides, Polyketones/thioketones"
P433477,75498,102285509,Polycondensation,C1=CC2=C(C=C1C(=O)C3=CC4=C(C=C3)C(=O)OC4=O)C(=O)OC2=O,CCCCCCCCOC1=CC(=CC(=C1)N=C=O)N=C=O,*C(=O)c1ccc2c(c1)C(=O)N(c1cc(OCCCCCCCC)cc(N3C(=O)c4ccc(*)cc4C3=O)c1)C2=O,"Polyimides/thioimides, Polyketones/thioketones"
P130160,75498,8413,Polycondensation,C1=CC2=C(C=C1C(=O)C3=CC4=C(C=C3)C(=O)OC4=O)C(=O)OC2=O,CC1=C(C=CC(=C1)C2=CC(=C(C=C2)N)C)N,*C(=O)c1ccc2c(c1)C(=O)N(c1ccc(-c3ccc(N4C(=O)c5ccc(*)cc5C4=O)c(C)c3)cc1C)C2=O,"Polyimides/thioimides, Polyketones/thioketones"
P432580,75498,18624853,Polyaddition/Polymer_reaction,C1=CC2=C(C=C1C(=O)C3=CC4=C(C=C3)C(=O)OC4=O)C(=O)OC2=O,C1=CC=C(C=C1)P(=O)(C2=CC=CC(=C2)N)C3=CC=CC(=C3)N,*C(=O)c1ccc2c(c1)C(=O)N(c1cccc(P(=O)(c3ccccc3)c3cccc(N4C(=O)c5ccc(*)cc5C4=O)c3)c1)C2=O,"Polyimides/thioimides, Polyketones/thioketones"
P130161,75498,8411,Polycondensation,C1=CC2=C(C=C1C(=O)C3=CC4=C(C=C3)C(=O)OC4=O)C(=O)OC2=O,COC1=C(C=CC(=C1)C2=CC(=C(C=C2)N)OC)N,*C(=O)c1ccc2c(c1)C(=O)N(c1ccc(-c3ccc(N4C(=O)c5ccc(*)cc5C4=O)c(OC)c3)cc1OC)C2=O,"Polyimides/thioimides, Polyketones/thioketones"
P433476,75498,102285510,Polycondensation,C1=CC2=C(C=C1C(=O)C3=CC4=C(C=C3)C(=O)OC4=O)C(=O)OC2=O,CCCCOC1=CC(=CC(=C1)N=C=O)N=C=O,*C(=O)c1ccc2c(c1)C(=O)N(c1cc(OCCCC)cc(N3C(=O)c4ccc(*)cc4C3=O)c1)C2=O,"Polyimides/thioimides, Polyketones/thioketones"
P430443,75498,7010431,Polycondensation,C1=CC2=C(C=C1C(=O)C3=CC4=C(C=C3)C(=O)OC4=O)C(=O)OC2=O,COC(=O)C1=CC(=CC(=C1)N)N,*C(=O)c1ccc2c(c1)C(=O)N(c1cc(C(=O)OC)cc(N3C(=O)c4ccc(*)cc4C3=O)c1)C2=O,"Polyimides/thioimides, Polyketones/thioketones"
P433162,75498,86229647,Polycondensation,C1=CC2=C(C=C1C(=O)C3=CC4=C(C=C3)C(=O)OC4=O)C(=O)OC2=O,CC1=CC(=C(C(=C1C(=O)C2=CC(=CC=C2)N)C)N)C,*C(=O)c1ccc2c(c1)C(=O)N(c1cccc(C(=O)c3c(C)cc(C)c(N4C(=O)c5ccc(*)cc5C4=O)c3C)c1)C2=O,"Polyimides/thioimides, Polyketones/thioketones"
P432122,75498,22279004,Polycondensation,C1=CC2=C(C=C1C(=O)C3=CC4=C(C=C3)C(=O)OC4=O)C(=O)OC2=O,C1=CC(=C(C=C1N)N)OCC(F)(F)F,*C(=O)c1ccc2c(c1)C(=O)N(c1ccc(OCC(F)(F)F)c(N3C(=O)c4ccc(*)cc4C3=O)c1)C2=O,"Polyimides/thioimides, Polyketones/thioketones"
P432123,75498,14512795,Polycondensation,C1=CC2=C(C=C1C(=O)C3=CC4=C(C=C3)C(=O)OC4=O)C(=O)OC2=O,C1=CC(=C(C=C1N)N)OCC(C(C(F)(F)F)(F)F)(F)F,*C(=O)c1ccc2c(c1)C(=O)N(c1ccc(OCC(F)(F)C(F)(F)C(F)(F)F)c(N3C(=O)c4ccc(*)cc4C3=O)c1)C2=O,"Polyimides/thioimides, Polyketones/thioketones"
P433177,75498,15219748,Polycondensation,C1=CC2=C(C=C1C(=O)C3=CC4=C(C=C3)C(=O)OC4=O)C(=O)OC2=O,C1=CC(=CC=C1C#N)N(C2=CC=C(C=C2)N)C3=CC=C(C=C3)N,*C(=O)c1ccc2c(c1)C(=O)N(c1ccc(N(c3ccc(C#N)cc3)c3ccc(N4C(=O)c5ccc(*)cc5C4=O)cc3)cc1)C2=O,"Polyimides/thioimides, Polyimines, Polyketones/thioketones"
P432255,75498,69917,Polyaddition/Polymer_reaction,C1=CC2=C(C=C1C(=O)C3=CC4=C(C=C3)C(=O)OC4=O)C(=O)OC2=O,C1=CC(=CC=C1C(=O)NC2=CC=C(C=C2)N)N,*C(=O)c1ccc2c(c1)C(=O)N(c1ccc(C(=O)Nc3ccc(N4C(=O)c5ccc(*)cc5C4=O)cc3)cc1)C2=O,"Polyimides/thioimides, Polyamides/thioamides, Polyketones/thioketones"
P430442,75498,12062,Polycondensation,C1=CC2=C(C=C1C(=O)C3=CC4=C(C=C3)C(=O)OC4=O)C(=O)OC2=O,C1=C(C=C(C=C1N)N)C(=O)O,*C(=O)c1ccc2c(c1)C(=O)N(c1cc(C(=O)O)cc(N3C(=O)c4ccc(*)cc4C3=O)c1)C2=O,"Polyimides/thioimides, Polyketones/thioketones"
P432047,75498,767305,Polyaddition/Polymer_reaction,C1=CC2=C(C=C1C(=O)C3=CC4=C(C=C3)C(=O)OC4=O)C(=O)OC2=O,C1=CC=C2C(=C1)N=C(O2)C3=CC(=CC(=C3)N)N,*C(=O)c1ccc2c(c1)C(=O)N(c1cc(-c3nc4ccccc4o3)cc(N3C(=O)c4ccc(*)cc4C3=O)c1)C2=O,"Polyimides/thioimides, Polyketones/thioketones"
P430446,75498,19883793,Polycondensation,C1=CC2=C(C=C1C(=O)C3=CC4=C(C=C3)C(=O)OC4=O)C(=O)OC2=O,C1=C(C=C(C(=C1N)Cl)N)Cl,*C(=O)c1ccc2c(c1)C(=O)N(c1cc(Cl)c(N3C(=O)c4ccc(*)cc4C3=O)cc1Cl)C2=O,"Polyimides/thioimides, Polyketones/thioketones"
P430297,75498,71326397,Polycondensation,C1=CC2=C(C=C1C(=O)C3=CC4=C(C=C3)C(=O)OC4=O)C(=O)OC2=O,C1=CC(=C(C=C1N)N)CP(=O)(OCCCl)OCCCl,*C(=O)c1ccc2c(c1)C(=O)N(c1ccc(CP(=O)(OCCCl)OCCCl)c(N3C(=O)c4ccc(*)cc4C3=O)c1)C2=O,"Polyimides/thioimides, Polyketones/thioketones"
P430309,75498,17201,Polycondensation,C1=CC2=C(C=C1C(=O)C3=CC4=C(C=C3)C(=O)OC4=O)C(=O)OC2=O,C1=CC(=CC(=C1)OC2=CC=C(C=C2)N)OC3=CC=C(C=C3)N,*C(=O)c1ccc2c(c1)C(=O)N(c1ccc(Oc3cccc(Oc4ccc(N5C(=O)c6ccc(*)cc6C5=O)cc4)c3)cc1)C2=O,"Polyimides/thioimides, Polyoxides/ethers/acetals, Polyketones/thioketones"
P430135,75498,69045,Polycondensation,C1=CC2=C(C=C1C(=O)C3=CC4=C(C=C3)C(=O)OC4=O)C(=O)OC2=O,C1=CC=C(C=C1)C(C2=CC=C(C=C2)N)C3=CC=C(C=C3)N,*C(=O)c1ccc2c(c1)C(=O)N(c1ccc(C(c3ccccc3)c3ccc(N4C(=O)c5ccc(*)cc5C4=O)cc3)cc1)C2=O,"Polyimides/thioimides, Polyketones/thioketones"
P432253,75498,17406,Polycondensation,C1=CC2=C(C=C1C(=O)C3=CC4=C(C=C3)C(=O)OC4=O)C(=O)OC2=O,C1CC(CC(C1)CN)CN,*CC1CCCC(CN2C(=O)c3ccc(C(=O)c4ccc5c(c4)C(=O)N(*)C5=O)cc3C2=O)C1,"Polyimides/thioimides, Polyketones/thioketones"
P390120,75502,11506,Polycondensation,C(CCCCCCCCCC(=O)O)CCCCCCCCC(=O)O,C1=CC(=CC=C1CO)CO,*Cc1ccc(COC(=O)CCCCCCCCCCCCCCCCCCC(=O)O*)cc1,Polyesters/thioesters
P433033,75682,15373719,Polyaddition/Polymer_reaction,C1=CC2=C(C=C1S(=O)(=O)C3=CC4=C(C=C3)C(=O)OC4=O)C(=O)OC2=O,C1=CC=C(C(=C1)OC2=CC=C(C=C2)N)OC3=CC=C(C=C3)N,*c1ccc(Oc2ccccc2Oc2ccc(N3C(=O)c4ccc(S(=O)(=O)c5ccc6c(c5)C(=O)N(*)C6=O)cc4C3=O)cc2)cc1,"Polyimides/thioimides, Polyoxides/ethers/acetals, Polysulfones/sulfoxides/sufonates/sulfoamides"
P433535,75682,2305151,Polycondensation,C1=CC2=C(C=C1S(=O)(=O)C3=CC4=C(C=C3)C(=O)OC4=O)C(=O)OC2=O,C1=CC(=C(C=C1N)Br)OC2=C(C=C(C=C2)N)Br,*c1ccc(Oc2ccc(N3C(=O)c4ccc(S(=O)(=O)c5ccc6c(c5)C(=O)N(*)C6=O)cc4C3=O)cc2Br)c(Br)c1,"Polyimides/thioimides, Polyoxides/ethers/acetals, Polysulfones/sulfoxides/sufonates/sulfoamides"
P433708,75682,102264094,Polycondensation,C1=CC2=C(C=C1S(=O)(=O)C3=CC4=C(C=C3)C(=O)OC4=O)C(=O)OC2=O,CCCCCCCCCCCCOC1=CC(=CC(=C1OCCCCCCCCCCCC)OCCCCCCCCCCCC)C(=O)OC2=CC=C(C=C2)NC(=O)C3=CC(=CC(=C3)C4=CC=C(C=C4)N)C5=CC=C(C=C5)N,*c1cccc(-c2cc(C(=O)Nc3ccc(OC(=O)c4cc(OCCCCCCCCCCCC)c(OCCCCCCCCCCCC)c(OCCCCCCCCCCCC)c4)cc3)cc(-c3cccc(N4C(=O)c5ccc(S(=O)(=O)c6ccc7c(c6)C(=O)N(*)C7=O)cc5C4=O)c3)c2)c1,"Polyimides/thioimides, Polysulfones/sulfoxides/sufonates/sulfoamides"
P430087,75682,57777059,Polycondensation,C1=CC2=C(C=C1S(=O)(=O)C3=CC4=C(C=C3)C(=O)OC4=O)C(=O)OC2=O,CC(C)(C)C1=CC(=C(C=C1OC2=CC=C(C=C2)N)C(C)(C)C)OC3=CC=C(C=C3)N,*c1ccc(Oc2cc(C(C)(C)C)c(Oc3ccc(N4C(=O)c5ccc(S(=O)(=O)c6ccc7c(c6)C(=O)N(*)C7=O)cc5C4=O)cc3)cc2C(C)(C)C)cc1,"Polyimides/thioimides, Polyoxides/ethers/acetals, Polysulfones/sulfoxides/sufonates/sulfoamides"
P432094,75682,7577,Polycondensation,C1=CC2=C(C=C1S(=O)(=O)C3=CC4=C(C=C3)C(=O)OC4=O)C(=O)OC2=O,C1=CC(=CC=C1CC2=CC=C(C=C2)N)N,*c1ccc(Cc2ccc(N3C(=O)c4ccc(Sc5ccc6c(c5)C(=O)N(*)C6=O)cc4C3=O)cc2)cc1,"Polyimides/thioimides, Polysulfides"
P432293,75682,76547,Polycondensation,C1=CC2=C(C=C1S(=O)(=O)C3=CC4=C(C=C3)C(=O)OC4=O)C(=O)OC2=O,CC1=CC(=C(C(=C1N)C)N)C,*c1c(C)cc(C)c(N2C(=O)c3ccc(S(=O)(=O)c4ccc5c(c4)C(=O)N(*)C5=O)cc3C2=O)c1C,"Polyimides/thioimides, Polysulfones/sulfoxides/sufonates/sulfoamides"
P430415,75871,363539,Polycondensation,C1=CC(=CC(=C1)OC2=CC=C(C=C2)N)N,C1=CC(=CC=C1N2C(=O)C3=C(C2=O)C=C(C=C3)C(=O)O)OC4=CC=C(C=C4)N5C(=O)C6=C(C5=O)C=C(C=C6)C(=O)O,*C(=O)Nc1ccc(Oc2cccc(NC(=O)c3ccc4c(c3)C(=O)N(c3ccc(Oc5ccc(N6C(=O)c7ccc(*)cc7C6=O)cc5)cc3)C4=O)c2)cc1,"Polyimides/thioimides, Polyoxides/ethers/acetals, Polyamides/thioamides"
P070576,75871,2266,Polycondensation,C1=CC(=CC(=C1)OC2=CC=C(C=C2)N)N,C(CCCC(=O)O)CCCC(=O)O,*Oc1cccc(NC(=O)CCCCCCCC(=O)Nc2ccc(*)cc2)c1,"Polyoxides/ethers/acetals, Polyamides/thioamides"
P430225,75871,2251397,Polycondensation,C1=CC(=CC(=C1)OC2=CC=C(C=C2)N)N,C1=CC2=C(C=C1C(=O)C3=CC4=C(C=C3)C(=O)N(C4=O)CCC(=O)O)C(=O)N(C2=O)CCC(=O)O,*CCC(=O)Nc1ccc(Oc2cccc(NC(=O)CCN3C(=O)c4ccc(C(=O)c5ccc6c(c5)C(=O)N(*)C6=O)cc4C3=O)c2)cc1,"Polyimides/thioimides, Polyoxides/ethers/acetals, Polyamides/thioamides, Polyketones/thioketones"
P070583,75871,385,Polycondensation,C1=CC(=CC(=C1)OC2=CC=C(C=C2)N)N,C(CCC(=O)O)CCC(=O)O,*Oc1cccc(NC(=O)CCCCCC(=O)Nc2ccc(*)cc2)c1,"Polyoxides/ethers/acetals, Polyamides/thioamides"
P430154,75871,101684082,Polycondensation,C1=CC(=CC(=C1)OC2=CC=C(C=C2)N)N,C1=CC=C2C(=C1)C(=O)NC2(C3=CC=C(C=C3)OC4=CC=C(C=C4)N5C(=O)C6=C(C5=O)C=C(C=C6)C(=O)O)C7=CC=C(C=C7)OC8=CC=C(C=C8)N9C(=O)C1=C(C9=O)C=C(C=C1)C(=O)O,*C(=O)Nc1ccc(Oc2cccc(NC(=O)c3ccc4c(c3)C(=O)N(c3ccc(Oc5ccc(C6(c7ccc(Oc8ccc(N9C(=O)c%10ccc(*)cc%10C9=O)cc8)cc7)NC(=O)c7ccccc76)cc5)cc3)C4=O)c2)cc1,"Polyimides/thioimides, Polyoxides/ethers/acetals, Polyamides/thioamides"
P130018,75887,102006249,Polycondensation,C1=CC(=C(C=C1OC2=CC(=C(C=C2)N)N)N)N,C1=CC=C(C=C1)C(=O)C(=O)C2=CC=C(C=C2)N3C(=O)C4C5C(C(=O)N(C5=O)C6=CC=C(C=C6)C(=O)C(=O)C7=CC=CC=C7)OC4C3=O,*c1ccc(-c2nc3cc(Oc4ccc5nc(-c6ccccc6)c(-c6ccc(N7C(=O)C8OC9C(=O)N(*)C(=O)C9C8C7=O)cc6)nc5c4)ccc3nc2-c2ccccc2)cc1,"Polyimides/thioimides, Polyoxides/ethers/acetals, Polyimines"
P070352,75887,137905,Polycondensation,C1=CC(=C(C=C1OC2=CC(=C(C=C2)N)N)N)N,C1=CC=C(C=C1)C(=O)C(=O)C2=CC=C(C=C2)C(=O)C(=O)C3=CC=CC=C3,*c1ccc(-c2nc3cc(Oc4ccc5nc(-c6ccccc6)c(*)nc5c4)ccc3nc2-c2ccccc2)cc1,"Polyoxides/ethers/acetals, Polyimines"
P373343,75887,0,Polycondensation,C1=CC(=C(C=C1OC2=CC(=C(C=C2)N)N)N)N,,*c1ccc(OCCN(C)c2ccc(/C=C/C3=C/C(=C4/C(=O)c5ccccc5C4=C(C#N)C#N)C=C(/C=C/c4ccc(N(C)CCOc5ccc(-c6nc7ccc(Oc8ccc9nc(*)c(-c%10ccccc%10)nc9c8)cc7nc6-c6ccccc6)cc5)cc4)O3)cc2)cc1,"Polyoxides/ethers/acetals, Polyimines"
P373342,75887,102217371,Polycondensation,C1=CC(=C(C=C1OC2=CC(=C(C=C2)N)N)N)N,CC1=C(C=CC(=C1)[N+](=O)[O-])N=NC2=CC=C(C=C2)N(CCOC3=CC=C(C=C3)C(=O)C(=O)C4=CC=CC=C4)CCOC5=CC=C(C=C5)C(=O)C(=O)C6=CC=CC=C6,*c1ccc(OCCN(CCOc2ccc(-c3nc4ccc(Oc5ccc6nc(*)c(-c7ccccc7)nc6c5)cc4nc3-c3ccccc3)cc2)c2ccc(/N=N/c3ccc([N+](=O)[O-])cc3C)cc2)cc1,"Polyoxides/ethers/acetals, Polyimines"
P370071,75887,53741459,Polycondensation,C1=CC(=C(C=C1OC2=CC(=C(C=C2)N)N)N)N,C1=CC(=CC=C1C2=CC=C(C=C2)C(=O)C=O)C3=CC=C(C=C3)C(=O)C=O,*c1ccc(-c2ccc(-c3ccc(-c4cnc5cc(Oc6ccc7nc(*)cnc7c6)ccc5n4)cc3)cc2)cc1,"Polyoxides/ethers/acetals, Polyimines"
P370343,75930,71348055,Polycondensation,CC(C)(C1=CC=C(C=C1)C(C)(C)C2=CC=C(C=C2)N)C3=CC=C(C=C3)N,C1=CC(=CC2=C1C=CC(=C2)OC3=CC=C(C=C3)C(=O)O)OC4=CC=C(C=C4)C(=O)O,*Oc1ccc2ccc(Oc3ccc(C(=O)Nc4ccc(C(C)(C)c5ccc(C(C)(C)c6ccc(NC(=O)c7ccc(*)cc7)cc6)cc5)cc4)cc3)cc2c1,"Polyoxides/ethers/acetals, Polyamides/thioamides"
P470127,75989,83383,Polycondensation,C[Si](C)(C1=CC=C(C=C1)[Si](C)(C)O)O,CN(C)[Si](C)(C=C)N(C)C,*O[Si](C)(C=C)O[Si](C)(C)c1ccc([Si](*)(C)C)cc1,Polysiloxanes/silanes
P170050,75989,101052160,Polycondensation,C[Si](C)(C1=CC=C(C=C1)[Si](C)(C)O)O,CN1[Si](O[Si](N([Si](O[Si]1(C)C)(C)C)C)(C)C)(C)C,*O[Si](C)(C)O[Si](C)(C)O[Si](C)(C)c1ccc([Si](*)(C)C)cc1,Polysiloxanes/silanes
P040228,76101,0,Addition_polymerization,CCCCCOC(=O)C(=C)C,,*CC(*)(C)C(=O)OCCCCC,"Polyacrylics, Polyvinyls"
P070082,76382,712,Polycondensation,CC1(C(C(C1O)(C)C)O)C,C=O,*OC1C(C)(C)C(*)C1(C)C,Polyoxides/ethers/acetals
P462430,76395,62608,Polycondensation,C1=CC=C(C=C1)C(=O)C2=CC=C(C=C2)C(=O)C3=CC=CC=C3,C1=CC=C2C(=C1)C=CC=C2N=NC3=C(C=C(C=C3)N)N,*=Nc1cc(/N=C(\c2ccccc2)c2ccc(C(=*)c3ccccc3)cc2)ccc1/N=N/c1cccc2ccccc12,Polyimines
P030185,76451,0,Addition_polymerization,CCCCCC(=O)OC=C,,*CC(*)OC(=O)CCCCC,Polyvinyls
P430432,76547,15027174,Polycondensation,CC1=CC(=C(C(=C1N)C)N)C,C1=C2C(=CC(=C1C(=O)C3=C(C=C4C(=C3)C(=O)OC4=O)Cl)Cl)C(=O)OC2=O,*C(=O)c1cc2c(cc1Cl)C(=O)N(c1c(C)cc(C)c(N3C(=O)c4cc(*)c(Cl)cc4C3=O)c1C)C2=O,"Polyimides/thioimides, Polyketones/thioketones"
P400336,76548,7488,Polycondensation,CC1=C(C(=C(C(=C1N)C)C)N)C,C1=CC(=CC=C1C(=O)Cl)C(=O)Cl,*Nc1c(C)c(C)c(NC(=O)c2ccc(C(*)=O)cc2)c(C)c1C,Polyamides/thioamides
P433158,76548,0,Polycondensation,CC1=C(C(=C(C(=C1N)C)C)N)C,,*C(=O)Nc1ccc(/N=N/c2ccc([N+](=O)[O-])cc2)c(NC(=O)c2ccc3c(c2)C(=O)N(c2c(C)c(C)c(N4C(=O)c5ccc(*)cc5C4=O)c(C)c2C)C3=O)c1,"Polyimides/thioimides, Polyamides/thioamides"
P372269,76716,1376163,Polycondensation,C1=CC=C2C(=C1)C3=CC=CC=C3C2(C4=CC=C(C=C4)O)C5=CC=C(C=C5)O,C1=CC(=CC=C1C(=O)NC2=CC=C(C=C2)NC(=O)C3=CC=C(C=C3)F)F,*Oc1ccc(C2(c3ccc(Oc4ccc(C(=O)Nc5ccc(NC(=O)c6ccc(*)cc6)cc5)cc4)cc3)c3ccccc3-c3ccccc32)cc1,"Polyoxides/ethers/acetals, Polyamides/thioamides"
P370710,76716,6867776,Polycondensation,C1=CC=C2C(=C1)C3=CC=CC=C3C2(C4=CC=C(C=C4)O)C5=CC=C(C=C5)O,C1=CC(=CC=C1C=NN=CC2=CC=C(C=C2)F)F,*Oc1ccc(C2(c3ccc(Oc4ccc(/C=N/N=C/c5ccc(*)cc5)cc4)cc3)c3ccccc3-c3ccccc32)cc1,"Polyoxides/ethers/acetals, Polyimines"
P390021,76716,534653,Polycondensation,C1=CC=C2C(=C1)C3=CC=CC=C3C2(C4=CC=C(C=C4)O)C5=CC=C(C=C5)O,C(CCCC(=O)Cl)CCC(=O)Cl,*Oc1ccc(C2(c3ccc(OC(=O)CCCCCCC(*)=O)cc3)c3ccccc3-c3ccccc32)cc1,Polyesters/thioesters
P370465,76716,102272808,Polycondensation,C1=CC=C2C(=C1)C3=CC=CC=C3C2(C4=CC=C(C=C4)O)C5=CC=C(C=C5)O,C1=CC=C(C=C1)C2=CC=C(C=C2)C3=C(C(=C(C(=C3C4=CC=C(C=C4)C5=CC=CC=C5)C6=CC=CC=C6)C(=O)C7=CC=C(C=C7)F)C(=O)C8=CC=C(C=C8)F)C9=CC=CC=C9,*Oc1ccc(C2(c3ccc(Oc4ccc(C(=O)c5c(C(=O)c6ccc(*)cc6)c(-c6ccccc6)c(-c6ccc7ccccc7c6)c(-c6ccc7ccccc7c6)c5-c5ccccc5)cc4)cc3)c3ccccc3-c3ccccc32)cc1,"Polyoxides/ethers/acetals, Polyketones/thioketones"
P090064,76716,7451,Polycondensation,C1=CC=C2C(=C1)C3=CC=CC=C3C2(C4=CC=C(C=C4)O)C5=CC=C(C=C5)O,C1=CC(=CC(=C1)C(=O)Cl)C(=O)Cl,*Oc1ccc(C2(c3ccc(OC(=O)c4cccc(C(*)=O)c4)cc3)c3ccccc3-c3ccccc32)cc1,Polyesters/thioesters
P373586,76716,6627,Polycondensation,C1=CC=C2C(=C1)C3=CC=CC=C3C2(C4=CC=C(C=C4)O)C5=CC=C(C=C5)O,C1=CC=C(C=C1)[Si](C2=CC=CC=C2)(Cl)Cl,*O[Si](Oc1ccc(C2(c3ccc(*)cc3)c3ccccc3-c3ccccc32)cc1)(c1ccccc1)c1ccccc1,"Polyoxides/ethers/acetals, Polysiloxanes/silanes"
P390026,76716,0,Polycondensation,C1=CC=C2C(=C1)C3=CC=CC=C3C2(C4=CC=C(C=C4)O)C5=CC=C(C=C5)O,,*Oc1ccc(C2(c3ccc(OC(=O)c4cc(C(*)=O)cc(C(C)(C)C)c4)cc3)c3ccccc3-c3ccccc32)cc1,Polyesters/thioesters
P370475,76716,102272808,Polycondensation/Polymer_reaction,C1=CC=C2C(=C1)C3=CC=CC=C3C2(C4=CC=C(C=C4)O)C5=CC=C(C=C5)O,C1=CC=C(C=C1)C2=CC=C(C=C2)C3=C(C(=C(C(=C3C4=CC=C(C=C4)C5=CC=CC=C5)C6=CC=CC=C6)C(=O)C7=CC=C(C=C7)F)C(=O)C8=CC=C(C=C8)F)C9=CC=CC=C9,*c1ccc(Oc2ccc(C3(c4ccc(Oc5ccc(-c6nnc(*)c7c(-c8ccccc8)c(-c8ccc9ccccc9c8)c(-c8ccc9ccccc9c8)c(-c8ccccc8)c67)cc5)cc4)c4ccccc4-c4ccccc43)cc2)cc1,"Polyoxides/ethers/acetals, Polyimines"
P390018,76716,10970,Polycondensation,C1=CC=C2C(=C1)C3=CC=CC=C3C2(C4=CC=C(C=C4)O)C5=CC=C(C=C5)O,C(CC(=O)Cl)C(=O)Cl,*Oc1ccc(C2(c3ccc(OC(=O)CCC(*)=O)cc3)c3ccccc3-c3ccccc32)cc1,Polyesters/thioesters
P390019,76716,17887,Polycondensation,C1=CC=C2C(=C1)C3=CC=CC=C3C2(C4=CC=C(C=C4)O)C5=CC=C(C=C5)O,C(CC(=O)Cl)CC(=O)Cl,*Oc1ccc(C2(c3ccc(OC(=O)CCCC(*)=O)cc3)c3ccccc3-c3ccccc32)cc1,Polyesters/thioesters
P390025,76716,12341808,Polycondensation,C1=CC=C2C(=C1)C3=CC=CC=C3C2(C4=CC=C(C=C4)O)C5=CC=C(C=C5)O,C1=C(C=C(C=C1C(=O)Cl)Cl)C(=O)Cl,*Oc1ccc(C2(c3ccc(OC(=O)c4cc(Cl)cc(C(*)=O)c4)cc3)c3ccccc3-c3ccccc32)cc1,Polyesters/thioesters
P372275,76716,85687579,Polycondensation,C1=CC=C2C(=C1)C3=CC=CC=C3C2(C4=CC=C(C=C4)O)C5=CC=C(C=C5)O,C1=CC=C(C=C1)C(=O)C2=C(C=C(C=C2)F)C3=C(C=CC(=C3)F)C(=O)C4=CC=CC=C4,*Oc1ccc(C2(c3ccc(Oc4ccc(C(=O)c5ccccc5)c(-c5cc(*)ccc5C(=O)c5ccccc5)c4)cc3)c3ccccc3-c3ccccc32)cc1,Polyoxides/ethers/acetals
P070140,76720,174,Polycondensation,C1=C(OC(=C1)C(=O)O)C(=O)O,C(CO)O,*C(=O)OCCOC(=O)c1ccc(*)o1,"Polyoxides/ethers/acetals, Polyesters/thioesters"
P070140,303530,174,Polycondensation,COC(=O)C1=CC=C(O1)C(=O)OC,C(CO)O,*C(=O)OCCOC(=O)c1ccc(*)o1,"Polyoxides/ethers/acetals, Polyesters/thioesters"
P502004,76950,12611574,Polycondensation,C1=CC(=CC=C1C2=CC=C(C=C2)S(=O)(=O)Cl)S(=O)(=O)Cl,C1CCC(CC1)(C2=CC(=C(C(=C2)Br)O)Br)C3=CC(=C(C(=C3)Br)O)Br,*OS(=O)(=O)c1ccc(-c2ccc(S(=O)(=O)Oc3c(Br)cc(C4(c5cc(Br)c(*)c(Br)c5)CCCCC4)cc3Br)cc2)cc1,Polysulfones/sulfoxides/sufonates/sulfoamides
P380098,76989,0,Polycondensation,CCCC[Si](CCCC)(Cl)Cl,,*c1ccc(-c2ccc([Si](*)(CCCC)CCCC)s2)s1,"Polysulfides, Polysiloxanes/silanes"
P380102,76989,0,Polycondensation,CCCC[Si](CCCC)(Cl)Cl,,*c1ccc(-c2ccc(-c3ccc([Si](*)(CCCC)CCCC)s3)s2)s1,"Polysulfides, Polysiloxanes/silanes"
P070009,77049,0,Addition_polymerization,C(CC#N)C=O,,*OC(*)CCC#N,Polyoxides/ethers/acetals
P010010,77058,0,Addition_polymerization,CC(C)CCC=C,,*CC(*)CCC(C)C,Polyolefins
P010024,77059,0,Addition_polymerization,C=CCC1CCCC1,,*CC(*)CC1CCCC1,Polyolefins
P370274,77335,280939,Polycondensation,C1=CC(=NC(=C1)C(=O)Cl)C(=O)Cl,C1=CC(=CC=C1C2=NNN=N2)C3=NNN=N3,*c1ccc(-c2nnc(-c3cccc(-c4nnc(*)o4)n3)o2)cc1,"Polyoxides/ethers/acetals, Polyimines"
P400179,77335,225358,Polycondensation,C1=CC(=NC(=C1)C(=O)Cl)C(=O)Cl,C1=CC(=NC(=C1)C(=O)NN)C(=O)NN,*C(=O)NNC(=O)c1cccc(*)n1,"Polyamides/thioamides, Polyimines"
P373680,77335,44226965,Polycondensation/Polymer_reaction,C1=CC(=NC(=C1)C(=O)Cl)C(=O)Cl,CCCOC1=C(SC(=C1OCCC)C(=O)NN)C(=O)NN,*c1nnc(-c2cccc(-c3nnc(-c4sc(*)c(OCCC)c4OCCC)o3)n2)o1,"Polyoxides/ethers/acetals, Polysulfides, Polyimines"
P373682,77335,45484489,Polycondensation/Polymer_reaction,C1=CC(=NC(=C1)C(=O)Cl)C(=O)Cl,CCCCCCCOC1=C(SC(=C1OCCCCCCC)C(=O)NN)C(=O)NN,*c1nnc(-c2cccc(-c3nnc(-c4sc(*)c(OCCCCCCC)c4OCCCCCCC)o3)n2)o1,"Polyoxides/ethers/acetals, Polysulfides, Polyimines"
P010023,77345,0,Addition_polymerization,C=CC1CCCC1,,*CC(*)C1CCCC1,Polyolefins
P070438,77358,4184462,Polycondensation,C1=CC(=CC=C1C(=O)O)OCCOC2=CC=C(C=C2)C(=O)O,CC1=C(C=CC(=C1)OC(=O)C)OC(=O)C,*Oc1ccc(OC(=O)c2ccc(OCCOc3ccc(C(*)=O)cc3)cc2)cc1C,"Polyoxides/ethers/acetals, Polyesters/thioesters"
P070519,77358,37153,Polycondensation,C1=CC(=CC=C1C(=O)O)OCCOC2=CC=C(C=C2)C(=O)O,C(CCCCCO)CCCCO,*CCOc1ccc(C(=O)OCCCCCCCCCCOC(=O)c2ccc(O*)cc2)cc1,"Polyoxides/ethers/acetals, Polyesters/thioesters"
P433154,77690,155899349,Polycondensation,CC1=CC(=CC(=C1N)C)CC2=CC(=C(C(=C2)C)N)C,C1=CC(=CC=C1N=NC2=C(C=C(C=C2)NC(=O)C3=CC4=C(C=C3)C(=O)OC4=O)NC(=O)C5=CC6=C(C=C5)C(=O)OC6=O)[N+](=O)[O-],*C(=O)Nc1ccc(/N=N/c2ccc([N+](=O)[O-])cc2)c(NC(=O)c2ccc3c(c2)C(=O)N(c2c(C)cc(Cc4cc(C)c(N5C(=O)c6ccc(*)cc6C5=O)c(C)c4)cc2C)C3=O)c1,"Polyimides/thioimides, Polyamides/thioamides"
P433234,77690,0,Polycondensation,CC1=CC(=CC(=C1N)C)CC2=CC(=C(C(=C2)C)N)C,,*c1c(C)cc(Cc2cc(C)c(N3C(=O)c4ccc(Oc5c(C)cc(Cc6cc(C)c(Oc7ccc8c(c7)C(=O)N(*)C8=O)c(C)c6)cc5C)cc4C3=O)c(C)c2)cc1C,"Polyimides/thioimides, Polyoxides/ethers/acetals"
P462110,78261,9878502,Polycondensation/Polymer_reaction,C1=C(C(=CC(=C1N)N)N)N,C1=CC(=C(C=C1C(=O)O)S(=O)(=O)O)C(=O)O,*c1ccc(-c2nc3cc4nc(*)n(CCCS(=O)(=O)O)c4cc3n2CCCS(=O)(=O)O)c(S(=O)(=O)O)c1,Polyimines
P462111,78261,9878502,Polycondensation,C1=C(C(=CC(=C1N)N)N)N,C1=CC(=C(C=C1C(=O)O)S(=O)(=O)O)C(=O)O,*c1ccc(-c2nc3cc4nc(*)[nH]c4cc3[nH]2)c(S(=O)(=O)O)c1,Polyimines
P460074,78261,526553,Polycondensation,C1=C(C(=CC(=C1N)N)N)N,C1=CC=C(C=C1)OC(=O)CCCCC(=O)OC2=CC=CC=C2,*CCCCc1nc2cc3nc(*)[nH]c3cc2[nH]1,Polyimines
P460073,78261,69779,Polycondensation,C1=C(C(=CC(=C1N)N)N)N,C1=CC=C(C=C1)OC(=O)C2=CC(=CC=C2)C(=O)OC3=CC=CC=C3,*c1cccc(-c2nc3cc4nc(*)[nH]c4cc3[nH]2)c1,Polyimines
P460073,78261,8496,Polycondensation,C1=C(C(=CC(=C1N)N)N)N,C1=CC(=CC(=C1)C(=O)O)C(=O)O,*c1cccc(-c2nc3cc4nc(*)[nH]c4cc3[nH]2)c1,Polyimines
P512098,78303,71356975,Polycondensation,CCOP(=O)(CC1=CC=C(C=C1)CP(=O)(OCC)OCC)OCC,CCCCCCCCC1=CC(=C(C=C1C=O)CCCCCCCC)C=O,*/C=C/c1cc(CCCCCCCC)c(/C=C/c2ccc(*)cc2)cc1CCCCCCCC,Polyphenylenes
P512100,78303,71357413,Polycondensation,CCOP(=O)(CC1=CC=C(C=C1)CP(=O)(OCC)OCC)OCC,CCCCCCCCCCC1=CC(=C(C=C1C=O)CCCCCCCCCC)C=O,*/C=C/c1cc(CCCCCCCCCC)c(/C=C/c2ccc(*)cc2)cc1CCCCCCCCCC,Polyphenylenes
P512102,78303,85844396,Polycondensation,CCOP(=O)(CC1=CC=C(C=C1)CP(=O)(OCC)OCC)OCC,CCCCCCCCCCCCC1=CC(=C(C=C1C=O)CCCCCCCCCCCC)C=O,*/C=C/c1cc(CCCCCCCCCCCC)c(/C=C/c2ccc(*)cc2)cc1CCCCCCCCCCCC,Polyphenylenes
P412238,78501,13192,Polyaddition,CC(CO)(CO)C(=O)O,C(CCCN=C=O)CCN=C=O,*CC(C)(COC(=O)NCCCCCCNC(=O)O*)C(=O)O,Polyurethanes/thiourethanes
P070357,78707,3106710,Polycondensation,C1=CC(=C(C=C1C(=O)C2=CC(=C(C=C2)N)N)N)N,C1=CC=C(C=C1)C(=O)C(=O)C2=CC=C(C=C2)OC3=CC=C(C=C3)C(=O)C(=O)C4=CC=CC=C4,*C(=O)c1ccc2nc(-c3ccccc3)c(-c3ccc(Oc4ccc(-c5nc6cc(*)ccc6nc5-c5ccccc5)cc4)cc3)nc2c1,"Polyoxides/ethers/acetals, Polyimines, Polyketones/thioketones"
P030049,79011,0,Addition_polymerization,C=COC(=O)C(F)(F)F,,*CC(*)OC(=O)C(F)(F)F,Polyvinyls
P080022,79148,3024,Polycondensation,C(CCS)CS,C(Br)Br,*CCCCSCS*,Polysulfides
P200013,79148,8056,Polycondensation/Polymer_reaction,,C(CCBr)CBr,*CCCCS(*)(=O)=O,Polysulfones/sulfoxides/sufonates/sulfoamides
P020113,79570,0,Addition_polymerization,CCOC1=CC=C(C=C1)C=C,,*CC(*)c1ccc(OCC)cc1,"Polystyrenes, Polyvinyls"
P332002,79664,0,Addition_polymerization/Polymer_reaction,C=CS(=O)(=O)C1=CC=CC=C1,,*CC(*)S(=O)(=O)c1ccccc1,Polyvinyls
P470136,79685,0,Polycondensation,C[Si](C1CCCCC1)(Cl)Cl,,*[Si](*)(C)C1CCCCC1,Polysiloxanes/silanes
P070473,79717,6625,Polycondensation,CC1=CC(=CC(=C1O)C)C(C)(C)C2=CC(=C(C(=C2)C)O)C,C1=CC(=CC=C1S(=O)(=O)C2=CC=C(C=C2)Cl)Cl,*Oc1ccc(S(=O)(=O)c2ccc(Oc3c(C)cc(C(C)(C)c4cc(C)c(*)c(C)c4)cc3C)cc2)cc1,"Polyoxides/ethers/acetals, Polysulfones/sulfoxides/sufonates/sulfoamides"
P070473,79717,67842,Polycondensation,CC1=CC(=CC(=C1O)C)C(C)(C)C2=CC(=C(C(=C2)C)O)C,C1=CC(=CC=C1F)S(=O)(=O)C2=CC=C(C=C2)F,*Oc1ccc(S(=O)(=O)c2ccc(Oc3c(C)cc(C(C)(C)c4cc(C)c(*)c(C)c4)cc3C)cc2)cc1,"Polyoxides/ethers/acetals, Polysulfones/sulfoxides/sufonates/sulfoamides"
P070473,102401582,6625,Polycondensation,CC1=CC(=CC(=C1[O-])C)C(C)(C)C2=CC(=C(C(=C2)C)[O-])C.[Na+].[Na+],C1=CC(=CC=C1S(=O)(=O)C2=CC=C(C=C2)Cl)Cl,*Oc1ccc(S(=O)(=O)c2ccc(Oc3c(C)cc(C(C)(C)c4cc(C)c(*)c(C)c4)cc3C)cc2)cc1,"Polyoxides/ethers/acetals, Polysulfones/sulfoxides/sufonates/sulfoamides"
P372678,79717,101140497,Polycondensation,CC1=CC(=CC(=C1O)C)C(C)(C)C2=CC(=C(C(=C2)C)O)C,CC(C)(C)C1CCC(CC1)(C2=CC=C(C=C2)OC3=CC=C(C=C3)C(=O)Cl)C4=CC=C(C=C4)OC5=CC=C(C=C5)C(=O)Cl,*Oc1ccc(C2(c3ccc(Oc4ccc(C(=O)Oc5c(C)cc(C(C)(C)c6cc(C)c(OC(=O)c7ccc(*)cc7)c(C)c6)cc5C)cc4)cc3)CCC(C(C)(C)C)CC2)cc1,"Polyoxides/ethers/acetals, Polyesters/thioesters"
P373021,79717,67842,Polycondensation/Polymer_reaction,CC1=CC(=CC(=C1O)C)C(C)(C)C2=CC(=C(C(=C2)C)O)C,C1=CC(=CC=C1F)S(=O)(=O)C2=CC=C(C=C2)F,*Oc1ccc(S(=O)(=O)c2ccc(Oc3c(C)cc(C(C)(C)c4cc(C)c(*)c(C)c4Br)c(Br)c3C)cc2)cc1,"Polyoxides/ethers/acetals, Polysulfones/sulfoxides/sufonates/sulfoamides"
P433010,79717,0,Polycondensation,CC1=CC(=CC(=C1O)C)C(C)(C)C2=CC(=C(C(=C2)C)O)C,,*C(=O)Oc1c(C)cc(C(C)(C)c2cc(C)c(OC(=O)c3ccc4c(c3)C(=O)N(c3ccc(-c5ccc(N6C(=O)c7ccc(*)cc7C6=O)cc5C)c(C)c3)C4=O)c(C)c2)cc1C,"Polyimides/thioimides, Polyesters/thioesters"
P372108,81401,31214,Polycondensation,C1=CC(=CC=C1N)OCCOCCOC2=CC=C(C=C2)N,CCOC(OCC)OCC,*CCOCCOc1ccc(N/C=N/c2ccc(O*)cc2)cc1,"Polyoxides/ethers/acetals, Polyimines"
P100588,81770,224167,Polycondensation,CC(C)(CN)CN,C1=CC(=CC=C1C(=O)O)S(=O)(=O)C2=CC=C(C=C2)C(=O)O,*c1ccc(C(=O)NCC(C)(C)CNC(=O)c2ccc(S(*)(=O)=O)cc2)cc1,"Polyamides/thioamides, Polysulfones/sulfoxides/sufonates/sulfoamides"
P210044,81884,0,Polycondensation,C1=CC(=CC=C1C(Cl)Cl)C(Cl)Cl,,*c1ccc(C(Cl)(Cl)C(*)Cl)cc1,Polyphenylenes
P430104,83119,102401580,Polycondensation,CC(C)(C1=CC=C(C=C1)OC2=CC=C(C=C2)N)C3=CC=C(C=C3)OC4=CC=C(C=C4)N,C1=CC(=CC(=C1)N2C(=O)C3=C(C2=O)C=C(C=C3)C4=CC5=C(C=C4)C(=O)N(C5=O)C6=CC=CC(=C6)C(=O)Cl)C(=O)Cl,*c1cccc(C(=O)Nc2ccc(Oc3ccc(C(C)(C)c4ccc(Oc5ccc(NC(=O)c6cccc(N7C(=O)c8ccc(-c9ccc%10c(c9)C(=O)N(*)C%10=O)cc8C7=O)c6)cc5)cc4)cc3)cc2)c1,"Polyimides/thioimides, Polyoxides/ethers/acetals, Polyamides/thioamides"
P430374,83119,712,Polycondensation,CC(C)(C1=CC=C(C=C1)OC2=CC=C(C=C2)N)C3=CC=C(C=C3)OC4=CC=C(C=C4)N,C=O,*c1ccc2c(c1)C(=O)N(c1ccc(C(=O)Nc3ccc(Oc4ccc(C(C)(C)c5ccc(Oc6ccc(NC(=O)c7ccc(N8C(=O)c9ccc(C(*)(C(F)(F)F)C(F)(F)F)cc9C8=O)cc7)cc6)cc5)cc4)cc3)cc1)C2=O,"Polyimides/thioimides, Polyoxides/ethers/acetals, Polyamides/thioamides"
P430374,83119,100974156,Polycondensation,CC(C)(C1=CC=C(C=C1)OC2=CC=C(C=C2)N)C3=CC=C(C=C3)OC4=CC=C(C=C4)N,C1=CC(=CC=C1C(=O)O)N2C(=O)C3=C(C2=O)C=C(C=C3)C(C4=CC5=C(C=C4)C(=O)N(C5=O)C6=CC=C(C=C6)C(=O)O)(C(F)(F)F)C(F)(F)F,*c1ccc2c(c1)C(=O)N(c1ccc(C(=O)Nc3ccc(Oc4ccc(C(C)(C)c5ccc(Oc6ccc(NC(=O)c7ccc(N8C(=O)c9ccc(C(*)(C(F)(F)F)C(F)(F)F)cc9C8=O)cc7)cc6)cc5)cc4)cc3)cc1)C2=O,"Polyimides/thioimides, Polyoxides/ethers/acetals, Polyamides/thioamides"
P372370,83119,12092507,Polycondensation,CC(C)(C1=CC=C(C=C1)OC2=CC=C(C=C2)N)C3=CC=C(C=C3)OC4=CC=C(C=C4)N,CC(=O)OC1=CC=C(C=C1)C(=O)NC2=CC(=CC(=C2)C(=O)Cl)C(=O)Cl,*Oc1ccc(NC(=O)c2cc(NC(=O)c3ccc(OC(C)=O)cc3)cc(C(=O)Nc3ccc(Oc4ccc(C(C)(C)c5ccc(*)cc5)cc4)cc3)c2)cc1,"Polyoxides/ethers/acetals, Polyamides/thioamides"
P100414,83131,7488,Polycondensation,CNCCCCCCNC,C1=CC(=CC=C1C(=O)Cl)C(=O)Cl,*CCCCCCN(C)C(=O)c1ccc(C(=O)N(*)C)cc1,Polyamides/thioamides
P100034,83132,123116,Polycondensation,CCNCCCCCCNCC,COC(=O)C(C(C(C(=O)OC)(F)F)(F)F)(F)F,*CCCCCCN(CC)C(=O)C(F)(F)C(F)(F)C(F)(F)C(=O)N(*)CC,Polyamides/thioamides
P400074,83132,70095,Polycondensation,CCNCCCCCCNCC,C(CCCCCCCCC(=O)O)CCCCCCCC(=O)O,*CCCCCCN(CC)C(=O)CCCCCCCCCCCCCCCCC(=O)N(*)CC,Polyamides/thioamides
P330138,83191,0,Addition_polymerization,C=CNC=O,,*CC(*)NC=O,Polyvinyls
P040016,83410,0,Addition_polymerization,CCCCCCCCCCCCCCCCOC(=O)C=C,,*CC(*)C(=O)OCCCCCCCCCCCCCCCC,"Polyacrylics, Polyvinyls"
P433608,83648,74457,Addition_polymerization,C1=CC(=CC=C1CC2=CC=C(C=C2)N3C(=O)C=CC3=O)N4C(=O)C=CC4=O,CC(C)(C1=CC(=C(C=C1)O)CC=C)C2=CC(=C(C=C2)O)CC=C,*C/C=C/c1cc(C(C)(C)c2ccc(O)c(/C=C/CC3CC(=O)N(c4ccc(Cc5ccc(N6C(=O)CC(*)C6=O)cc5)cc4)C3=O)c2)ccc1O,Polyimides/thioimides
P430024,83648,7935,Polyaddition,C1=CC(=CC=C1CC2=CC=C(C=C2)N3C(=O)C=CC3=O)N4C(=O)C=CC4=O,C1=CC(=CC(=C1)N)N,*c1ccc(Cc2ccc(N3C(=O)CC(Nc4cccc(NC5CC(=O)N(*)C5=O)c4)C3=O)cc2)cc1,"Polyimides/thioimides, Polyimines"
P432496,83648,101005290,Polyaddition,C1=CC(=CC=C1CC2=CC=C(C=C2)N3C(=O)C=CC3=O)N4C(=O)C=CC4=O,C1=CC(=CC=C1N)N(C2=CC=C(C=C2)N)C3=CC=C(C=C3)NC4=CC=C(C=C4)[N+](=O)[O-],*c1ccc(Cc2ccc(N3C(=O)CC(Nc4ccc(N(c5ccc(Nc6ccc([N+](=O)[O-])cc6)cc5)c5ccc(NC6CC(=O)N(*)C6=O)cc5)cc4)C3=O)cc2)cc1,"Polyimides/thioimides, Polyimines"
P070012,83779,0,Addition_polymerization,COC(=O)CCC=O,,*OC(*)CCC(=O)OC,Polyoxides/ethers/acetals
P342023,83788,0,Addition_polymerization,C=CC(=O)NC(CO)(CO)CO,,*CC(*)C(=O)NC(CO)(CO)CO,"Polyacrylics, Polyvinyls"
P100311,83790,81760,Polycondensation,C(CCCCCCCN)CCCCCCN,C1=CC(=CC=C1CC(=O)O)CC(=O)O,*CCCCCCCCCCCCCCNC(=O)Cc1ccc(CC(=O)N*)cc1,Polyamides/thioamides
P100029,83790,70095,Polycondensation,C(CCCCCCCN)CCCCCCN,C(CCCCCCCCC(=O)O)CCCCCCCC(=O)O,*CCCCCCCCCCCCCCNC(=O)CCCCCCCCCCCCCCCCC(=O)N*,Polyamides/thioamides
P070167,84405,8105,Polycondensation,COC(=O)C1=CC=C(C=C1)OC2=CC=C(C=C2)C(=O)OC,C(CCO)CCO,*Oc1ccc(C(=O)OCCCCCOC(=O)c2ccc(*)cc2)cc1,"Polyoxides/ethers/acetals, Polyesters/thioesters"
P150124,84677,6371,Polycondensation,C1=CC(=CC=C1C(=C(Cl)Cl)C2=CC=C(C=C2)O)O,C(=O)(Cl)Cl,*Oc1ccc(C(=C(Cl)Cl)c2ccc(OC(*)=O)cc2)cc1,Polycarbonates/thiocarbonates
P373751,84743,69558,Polycondensation,C1=CC=C(C=C1)OC2=CC=C(C=C2)C(=O)C3=CC=C(C=C3)OC4=CC=CC=C4,C(=O)C1=C(C(=C(C(=C1F)F)F)F)F,*Oc1ccc(C(c2ccc(Oc3ccc(C(=O)c4ccc(*)cc4)cc3)cc2)c2c(F)c(F)c(F)c(F)c2F)cc1,"Polyoxides/ethers/acetals, Polyketones/thioketones"
P432427,85657,12062,Polycondensation/Polymer_reaction,C1C(C2=CC=CC=C2C3C1C(=O)OC3=O)C4CC(=O)OC4=O,C1=C(C=C(C=C1N)N)C(=O)O,*c1cc(C(=O)OCCC)cc(N2C(=O)CC(C3Cc4ccccc4C4C(=O)N(*)C(=O)C43)C2=O)c1,Polyimides/thioimides
P370019,85852,7570,Polyaddition,C1CC2C(CCC(C1O)O2)O,C1=CC(=CC=C1CC2=CC=C(C=C2)N=C=O)N=C=O,*OC(=O)Nc1ccc(Cc2ccc(NC(=O)OC3CC4CC(*)CC(C3)O4)cc2)cc1,"Polyoxides/ethers/acetals, Polyurethanes/thiourethanes"
P402178,85862,12736,Polycondensation,CC(CCCN)CN,C(CCCCCC(=O)O)CCCCC(=O)O,*CCCC(C)CNC(=O)CCCCCCCCCCC(=O)N*,Polyamides/thioamides
P390283,87038,0,Polycondensation,CC(=O)OC1=CC2=C(C=C1)C=C(C=C2)C(=O)O,,*Oc1ccc2cc(C(*)=O)ccc2c1,Polyesters/thioesters
P340012,87094,0,Addition_polymerization,CC(=C)C(=O)OCCO[Si](C)(C)C,,*CC(*)(C)C(=O)OCCO[Si](C)(C)C,"Polyacrylics, Polyvinyls"
P090046,87242,0,Ring_opening_polymerization,C1CCC(=O)SCC1,,*CCCCCC(=O)S*,Polyesters/thioesters
P040018,87565,0,Addition_polymerization,CCCCCCCCCCCCCCCCCCCCCCOC(=O)C=C,,*CC(*)C(=O)OCCCCCCCCCCCCCCCCCCCCCC,"Polyacrylics, Polyvinyls"
P390212,87854,3113454,Polycondensation,C1=CC(=CC=C1C(=O)NCCO)C(=O)NCCO,C1=CC=C2C(=C1)N=NN2C(=O)C3=CC(=CC=C3)C(=O)N4C5=CC=CC=C5N=N4,*CCNC(=O)c1ccc(C(=O)NCCOC(=O)c2cccc(C(=O)O*)c2)cc1,"Polyesters/thioesters, Polyamides/thioamides"
P392143,88261,43835997,Polycondensation,C(CCCCCCCO)CCCCCCO,CCOC(=O)C(CCCCCCOC1=CC=C(C=C1)C2=CC=C(C=C2)OCC3=CC=C(C=C3)[N+](=O)[O-])C(=O)OCC,*CCCCCCCCCCCCCCOC(=O)C(CCCCCCOc1ccc(-c2ccc(OCc3ccc([N+](=O)[O-])cc3)cc2)cc1)C(=O)O*,Polyesters/thioesters
P360005,88582,0,Polycondensation,C#CCCCCCCCCC#C,,*C#CC#CCCCCCCCC*,Polydienes
P342460,88654,0,Addition_polymerization,CCCCCCCCCCCOC(=O)C=C,,*CC(*)C(=O)OCCCCCCCCCCC,"Polyacrylics, Polyvinyls"
P040133,88828,0,Addition_polymerization,CCCCCCCCCCCCCCCCNC(=O)C=C,,*CC(*)C(=O)NCCCCCCCCCCCCCCCC,"Polyacrylics, Polyvinyls"
P372409,90039,15840539,Polycondensation,C(COCC(=O)O)OCC(=O)O,CCCCCCCCOC(=O)C(CC1=CC=C(C=C1)O)NC(=O)CCC2=CC=C(C=C2)O,*Oc1ccc(CC(NC(=O)CCc2ccc(OC(=O)COCCOCC(*)=O)cc2)C(=O)OCCCCCCCC)cc1,"Polyoxides/ethers/acetals, Polyesters/thioesters, Polyamides/thioamides"
P372416,90039,101353356,Polycondensation,C(COCC(=O)O)OCC(=O)O,CCOC(=O)C(CC1=CC=C(C=C1)O)NC(=O)CC2=CC=C(C=C2)O,*Oc1ccc(CC(NC(=O)Cc2ccc(OC(=O)COCCOCC(*)=O)cc2)C(=O)OCC)cc1,"Polyoxides/ethers/acetals, Polyesters/thioesters, Polyamides/thioamides"
P372406,90039,85060654,Polycondensation,C(COCC(=O)O)OCC(=O)O,CCOCCOCCOC(=O)C(CC1=CC=C(C=C1)O)NC(=O)CCC2=CC=C(C=C2)O,*Oc1ccc(CC(NC(=O)CCc2ccc(OC(=O)COCCOCC(*)=O)cc2)C(=O)OCCOCCOCC)cc1,"Polyoxides/ethers/acetals, Polyesters/thioesters, Polyamides/thioamides"
P432088,92866,15172439,Polycondensation,CCCCCCCCCCC(CO)O,COC(=O)CN1C(=O)C2=CC3=C(C=C2C1=O)C(=O)N(C3=O)CC(=O)OC,*CC(=O)OCCCCCCCCCCCCOC(=O)Cn1c(=O)c2cc3c(=O)n(*)c(=O)c3cc2c1=O,"Polyimides/thioimides, Polyesters/thioesters"
P070069,92866,0,Polycondensation,CCCCCCCCCCC(CO)O,,*CCCCCCCCCCCCO*,Polyoxides/ethers/acetals
P373612,93552,67842,Polycondensation,C1=CC2=C(C=CC(=C2)O)C=C1O,C1=CC(=CC=C1F)S(=O)(=O)C2=CC=C(C=C2)F,*Oc1ccc2cc(Oc3ccc(S(=O)(=O)c4ccc(*)cc4)cc3)ccc2c1,"Polyoxides/ethers/acetals, Polysulfones/sulfoxides/sufonates/sulfoamides"
P452033,94429,11818030,Polycondensation,C(=O)(OC(Cl)(Cl)Cl)OC(Cl)(Cl)Cl,CC1(CC(C2=C1C=C(C=C2)O)(C)C3=CC=C(C=C3)O)C,*Oc1ccc2c(c1)C(C)(c1ccc(OC(*)=O)cc1)CC2(C)C,Polycarbonates/thiocarbonates
P433321,94483,2955,Polycondensation,CC(C)(C1=CC=C(C=C1)OC2=CC3=C(C=C2)C(=O)OC3=O)C4=CC=C(C=C4)OC5=CC6=C(C=C5)C(=O)OC6=O,C1=CC(=CC=C1N)S(=O)(=O)C2=CC=C(C=C2)N,*c1ccc(S(=O)(=O)c2ccc(N3C(=O)c4ccc(Oc5ccc(C(C)(C)c6ccc(Oc7ccc8c(c7)C(=O)N(*)C8=O)cc6)cc5)cc4C3=O)cc2)cc1,"Polyimides/thioimides, Polyoxides/ethers/acetals, Polysulfones/sulfoxides/sufonates/sulfoamides"
P433668,94483,3091393,Polycondensation,CC(C)(C1=CC=C(C=C1)OC2=CC3=C(C=C2)C(=O)OC3=O)C4=CC=C(C=C4)OC5=CC6=C(C=C5)C(=O)OC6=O,C1=CC(=CC=C1N)SC2=CC=C(C=C2)OC3=CC=C(C=C3)SC4=CC=C(C=C4)N,*c1ccc(Sc2ccc(Oc3ccc(Sc4ccc(N5C(=O)c6ccc(Oc7ccc(C(C)(C)c8ccc(Oc9ccc%10c(c9)C(=O)N(*)C%10=O)cc8)cc7)cc6C5=O)cc4)cc3)cc2)cc1,"Polyimides/thioimides, Polyoxides/ethers/acetals, Polysulfides"
P130197,94483,7935,Polycondensation,CC(C)(C1=CC=C(C=C1)OC2=CC3=C(C=C2)C(=O)OC3=O)C4=CC=C(C=C4)OC5=CC6=C(C=C5)C(=O)OC6=O,C1=CC(=CC(=C1)N)N,*c1cccc(N2C(=O)c3ccc(Oc4ccc(C(C)(C)c5ccc(Oc6ccc7c(c6)C(=O)N(*)C7=O)cc5)cc4)cc3C2=O)c1,"Polyimides/thioimides, Polyoxides/ethers/acetals"
P432598,94652,100939193,Polycondensation,C1=CC(=CC=C1C(C2=CC=C(C=C2)OC3=CC=C(C=C3)N)(C(F)(F)F)C(F)(F)F)OC4=CC=C(C=C4)N,C1CC2C(C1)C3CC2CC3(C4=CC=C(C=C4)OC5=CC=C(C=C5)N6C(=O)C7=C(C6=O)C=C(C=C7)C(=O)O)C8=CC=C(C=C8)OC9=CC=C(C=C9)N1C(=O)C2=C(C1=O)C=C(C=C2)C(=O)O,*C(=O)Nc1ccc(Oc2ccc(C(c3ccc(Oc4ccc(NC(=O)c5ccc6c(c5)C(=O)N(c5ccc(Oc7ccc(C8(c9ccc(Oc%10ccc(N%11C(=O)c%12ccc(*)cc%12C%11=O)cc%10)cc9)CC9CC8C8CCCC98)cc7)cc5)C6=O)cc4)cc3)(C(F)(F)F)C(F)(F)F)cc2)cc1,"Polyimides/thioimides, Polyoxides/ethers/acetals, Polyamides/thioamides"
P373690,94652,101503531,Polycondensation,C1=CC(=CC=C1C(C2=CC=C(C=C2)OC3=CC=C(C=C3)N)(C(F)(F)F)C(F)(F)F)OC4=CC=C(C=C4)N,C1=CC2=C(C=C1CC3=CC4=C(C=C3)OC(=O)C(=C4)C(=O)O)C=C(C(=O)O2)C(=O)O,*Cc1ccc2oc(=O)c(C(=O)Nc3ccc(Oc4ccc(C(c5ccc(Oc6ccc(NC(=O)c7cc8cc(*)ccc8oc7=O)cc6)cc5)(C(F)(F)F)C(F)(F)F)cc4)cc3)cc2c1,"Polyoxides/ethers/acetals, Polyesters/thioesters, Polyamides/thioamides"
P433266,94745,0,Polycondensation,C1CCC2(C1)C(=O)NC(=O)N2,,*C(=O)N1C(=O)N(C(=O)c2ccc3c(c2)C(=O)N(c2cccc(P(=O)(c4ccccc4)c4cccc(N5C(=O)c6ccc(*)cc6C5=O)c4)c2)C3=O)C2(CCCC2)C1=O,"Polyimides/thioimides, Polyureas/thioureas, Polyketones/thioketones"
P410003,94973,7570,Polyaddition,C(C#CC#CCO)O,C1=CC(=CC=C1CC2=CC=C(C=C2)N=C=O)N=C=O,*CC#CC#CCOC(=O)Nc1ccc(Cc2ccc(NC(=O)O*)cc2)cc1,Polyurethanes/thiourethanes
P410004,94973,13192,Polyaddition,C(C#CC#CCO)O,C(CCCN=C=O)CCN=C=O,*CC#CC#CCOC(=O)NCCCCCCNC(=O)O*,Polyurethanes/thiourethanes
P462552,95927,7814,Polycondensation,C1=CC(=CC=C1S(=O)(=O)C2=CC=C(C=C2)Br)Br,C1=CC(=CC=C1N)N,*c1ccc(Nc2ccc(Nc3ccc(S(*)(=O)=O)cc3)cc2)cc1,"Polyimines, Polysulfones/sulfoxides/sufonates/sulfoamides"
P372679,95994,101026785,Polycondensation,C1=CC(=CC=C1[N+](=O)[O-])OC(=O)CCCCC(=O)OC2=CC=C(C=C2)[N+](=O)[O-],CC(C(=O)OC1COC2C1OCC2OC(=O)C(C)N)N,*OC(=O)C(C)NC(=O)CCCCC(=O)NC(C)C(=O)OC1COC2C(*)COC12,"Polyoxides/ethers/acetals, Polyesters/thioesters, Polyamides/thioamides"
P330038,96382,0,Addition_polymerization,C1=CC=C(C=C1)C#CC#N,,*/C(C#N)=C(/*)c1ccccc1,Polyvinyls
P010011,99888,0,Addition_polymerization,CCC(C)CCC=C,,*CC(*)CCC(C)CC,Polyolefins
P373767,99937,20329703,Polycondensation,C1C(C2C(O1)C(CO2)O)O,C1=CC(=CC(=C1)OCCCCCCCCCCOC2=CC=CC(=C2)C(=O)Cl)C(=O)Cl,*OC(=O)c1cccc(OCCCCCCCCCCOc2cccc(C(=O)OC3COC4C(*)COC34)c2)c1,"Polyoxides/ethers/acetals, Polyesters/thioesters"
P372775,99937,14418912,Polycondensation,C1C(C2C(O1)C(CO2)O)O,C1=CC=C(C=C1)OC(=O)CCCCCCCCC(=O)OC2=CC=CC=C2,*OC(=O)CCCCCCCCC(=O)OC1COC2C(*)COC12,"Polyoxides/ethers/acetals, Polyesters/thioesters"
P382240,101381,12173,Polycondensation,C(#N)C1=C(SC(=C1C#N)N)N,C1=CC(=CC=C1C=O)C=O,*/N=C/c1ccc(/C=N/c2sc(*)c(C#N)c2C#N)cc1,"Polysulfides, Polyimines"
P040290,102236,0,Addition_polymerization,CC(=C)C(=O)OCC(C(C(C(C(C(F)F)(F)F)(F)F)(F)F)(F)F)(F)F,,*CC(*)(C)C(=O)OCC(F)(F)C(F)(F)C(F)(F)C(F)(F)C(F)(F)C(F)F,"Polyacrylics, Polyvinyls"
P100685,102666,0,Polycondensation/Polymer_reaction,COC(=O)CCC1C(=O)OC(=O)N1,,*NC(CCC(=O)OCc1ccccc1Cl)C(*)=O,Polyamides/thioamides
P433281,102679,101380675,Polycondensation,C1=CC2C3C(C1C4C2C(=O)OC4=O)C(=O)OC3=O,C1=CC=C(C=C1)CCN2C(=O)C3=CC(=C(C=C3C2=O)SC4=CC=C(C=C4)N)SC5=CC=C(C=C5)N,*c1ccc(Sc2cc3c(cc2Sc2ccc(N4C(=O)C5C6C=CC(C7C(=O)N(*)C(=O)C67)C5C4=O)cc2)C(=O)N(CCc2ccccc2)C3=O)cc1,"Polyimides/thioimides, Polysulfides"
P433280,102679,86092297,Polycondensation,C1=CC2C3C(C1C4C2C(=O)OC4=O)C(=O)OC3=O,CCCCCCCCCCCCCCCCN1C(=O)C2=CC(=C(C=C2C1=O)SC3=CC=C(C=C3)N)SC4=CC=C(C=C4)N,*c1ccc(Sc2cc3c(cc2Sc2ccc(N4C(=O)C5C6C=CC(C7C(=O)N(*)C(=O)C67)C5C4=O)cc2)C(=O)N(CCCCCCCCCCCCCCCC)C3=O)cc1,"Polyimides/thioimides, Polysulfides"
P433272,102679,1045,Polycondensation,C1=CC2C3C(C1C4C2C(=O)OC4=O)C(=O)OC3=O,C(CCN)CN,*CCCCN1C(=O)C2C3C=CC(C4C(=O)N(*)C(=O)C34)C2C1=O,Polyimides/thioimides
P433271,102679,428,Polycondensation,C1=CC2C3C(C1C4C2C(=O)OC4=O)C(=O)OC3=O,C(CN)CN,*CCCN1C(=O)C2C3C=CC(C4C(=O)N(*)C(=O)C34)C2C1=O,Polyimides/thioimides
P433270,102679,6567,Polycondensation,C1=CC2C3C(C1C4C2C(=O)OC4=O)C(=O)OC3=O,CC(CN)N,*CC(C)N1C(=O)C2C3C=CC(C4C(=O)N(*)C(=O)C34)C2C1=O,Polyimides/thioimides
P502012,102723,3368486,Polycondensation,C1CC2CC1CC2(C3=CC=C(C=C3)O)C4=CC=C(C=C4)O,C1=CC(=CC=C1CC2=CC=C(C=C2)S(=O)(=O)Cl)S(=O)(=O)Cl,*OS(=O)(=O)c1ccc(Cc2ccc(S(=O)(=O)Oc3ccc(C4(c5ccc(*)cc5)CC5CCC4C5)cc3)cc2)cc1,Polysulfones/sulfoxides/sufonates/sulfoamides
P502011,102723,76950,Polycondensation,C1CC2CC1CC2(C3=CC=C(C=C3)O)C4=CC=C(C=C4)O,C1=CC(=CC=C1C2=CC=C(C=C2)S(=O)(=O)Cl)S(=O)(=O)Cl,*OS(=O)(=O)c1ccc(-c2ccc(S(=O)(=O)Oc3ccc(C4(c5ccc(*)cc5)CC5CCC4C5)cc3)cc2)cc1,Polysulfones/sulfoxides/sufonates/sulfoamides
P150142,102723,6371,Polycondensation,C1CC2CC1CC2(C3=CC=C(C=C3)O)C4=CC=C(C=C4)O,C(=O)(Cl)Cl,*Oc1ccc(C2(c3ccc(OC(*)=O)cc3)CC3CCC2C3)cc1,Polycarbonates/thiocarbonates
P450017,102724,6371,Polycondensation,C1CC2C(C1)C3CC2CC3(C4=CC=C(C=C4)O)C5=CC=C(C=C5)O,C(=O)(Cl)Cl,*Oc1ccc(C2(c3ccc(OC(*)=O)cc3)CC3CC2C2CCCC32)cc1,Polycarbonates/thiocarbonates
P402386,110695,18779926,Polycondensation,C1=CC=C(C=C1)C(C(C2=CC=CC=C2)N)N,[H+].[SH-],*NC(c1ccccc1)C(NC(=S)/C=C/c1ccc(Cc2ccc(/C=C/C(*)=S)cc2)cc1)c1ccccc1,Polyamides/thioamides
P100653,110722,57277159,Polycondensation,CCC(C)C1C(=O)OC(=O)N1,CCC(C)C1C(=O)OC(=O)N1,*NC(C(*)=O)C(C)CC,Polyamides/thioamides
P100653,57277159,0,Polycondensation,CCC(C)C1C(=O)OC(=O)N1,,*NC(C(*)=O)C(C)CC,Polyamides/thioamides
P390204,112064,7488,Polycondensation,CC1(CC(C2=C1C=CC(=C2)O)(C)C3=CC=C(C=C3)O)C,C1=CC(=CC=C1C(=O)Cl)C(=O)Cl,*Oc1ccc2c(c1)C(C)(c1ccc(OC(=O)c3ccc(C(*)=O)cc3)cc1)CC2(C)C,Polyesters/thioesters
P462508,120463,0,Polycondensation,C#CC1=CC=C(C=C1)C#C,,*c1ccc(C#Cc2ccc(C#Cc3ccc(-c4nnc(*)n4-c4ccc(OC)cc4)cc3)cc2)cc1,Polyimines
P472162,120463,57347956,Addition_polymerization,C#CC1=CC=C(C=C1)C#C,C[SiH](C)C1=CC(=CC=C1)[SiH](C)C,*/C=C/c1ccc(/C=C/[Si](C)(C)c2cccc([Si](*)(C)C)c2)cc1,Polysiloxanes/silanes
P472161,120463,75601,Addition_polymerization,C#CC1=CC=C(C=C1)C#C,C[SiH](C)C1=CC=C(C=C1)[SiH](C)C,*/C=C/c1ccc(/C=C/[Si](C)(C)c2ccc([Si](*)(C)C)cc2)cc1,Polysiloxanes/silanes
P330092,120463,0,Addition_polymerization,C#CC1=CC=C(C=C1)C#C,,*/C=C(/*)c1ccc(C#C)cc1,Polyvinyls
P472173,120463,101431716,Addition_polymerization,C#CC1=CC=C(C=C1)C#C,C[SiH](CCC(F)(F)F)C1=CC(=CC=C1)[SiH](C)CCC(F)(F)F,*/C=C/c1ccc(/C=C/[Si](C)(CCC(F)(F)F)c2cccc([Si](*)(C)CCC(F)(F)F)c2)cc1,Polysiloxanes/silanes
P382068,120463,257024,Polycondensation,C#CC1=CC=C(C=C1)C#C,C1(=C(SC(=C1[N+](=O)[O-])Br)Br)[N+](=O)[O-],*C#Cc1ccc(C#Cc2sc(*)c([N+](=O)[O-])c2[N+](=O)[O-])cc1,Polysulfides
P100439,122337,0,Polycondensation,C1=CC=C(C=C1)COC(=O)CCC(C(=O)O)N,,*NC(CCC(=O)OCc1ccccc1)C(*)=O,Polyamides/thioamides
P100439,4868209,0,Polycondensation,C1=CC=C(C=C1)COC(=O)CCC2C(=O)OC(=O)N2,,*NC(CCC(=O)OCc1ccccc1)C(*)=O,Polyamides/thioamides
P100439,6994623,122337,Polycondensation,C1=CC=C(C=C1)COC(=O)CCC(C(=O)[O-])[NH3+],C1=CC=C(C=C1)COC(=O)CCC(C(=O)O)N,*NC(CCC(=O)OCc1ccccc1)C(*)=O,Polyamides/thioamides
P100439,11736783,0,Ring_opening_polymerization,C1=CC=C(C=C1)COC(=O)CC2C(=O)OC(=O)N2,,*NC(CCC(=O)OCc1ccccc1)C(*)=O,Polyamides/thioamides
P020033,123056,0,Addition_polymerization,C=CC1=CC=CC=C1F,,*CC(*)c1ccccc1F,"Polystyrenes, Polyvinyls"
P330097,123086,0,Addition_polymerization,C#CC1=CC(=CC=C1)Cl,,*/C=C(/*)c1cccc(Cl)c1,Polyvinyls
P462182,123130,7577,Polyaddition,C#CC1=CC(=CC=C1)C#C,C1=CC(=CC=C1CC2=CC=C(C=C2)N)N,*/C=C/C(=O)c1cccc(C(=O)/C=C/Nc2ccc(Cc3ccc(N*)cc3)cc2)c1,"Polyimines, Polyketones/thioketones"
P160094,123130,11842312,Addition_polymerization,C#CC1=CC(=CC=C1)C#C,C1=CC(=CC=C1[N+]2=NOC(=C2)[O-])[N+]3=NOC(=C3)[O-],*c1ccc(-n2ccc(-c3cccc(-c4ccn(*)n4)c3)n2)cc1,Polyimines
P160092,123130,543317,Addition_polymerization,C#CC1=CC(=CC=C1)C#C,C1=C(ON=[N+]1CCCCCC[N+]2=NOC(=C2)[O-])[O-],*CCCCCCn1ccc(-c2cccc(-c3ccn(*)n3)c2)n1,Polyimines
P522040,123357,5246851,Addition_polymerization,C#CC1=CC=CC2=CC=CC=C21,C1=CC=C(C=C1)[As]2[As]([As]([As]([As]([As]2C3=CC=CC=C3)C4=CC=CC=C4)C5=CC=CC=C5)C6=CC=CC=C6)C7=CC=CC=C7,*/C=C(\c1cccc2ccccc12)[As](*)c1ccccc1,Other polymers
P010051,123365,0,Addition_polymerization,CCC(CC)CC=C,,*CC(*)CC(CC)CC,Polyolefins
P433333,123414,7814,Polycondensation,C1=CC=C(C=C1)OP(=O)(N=[N+]=[N-])OC2=CC=CC=C2,C1=CC(=CC=C1N)N,*c1ccc(Oc2ccc3ccccc3c2-c2c(Oc3ccc(N4C(=O)c5ccc(NC(=O)Nc6ccc(NC(=O)Nc7ccc8c(c7)C(=O)N(*)C8=O)cc6)cc5C4=O)cc3)ccc3ccccc23)cc1,"Polyimides/thioimides, Polyoxides/ethers/acetals, Polyureas/thioureas"
P433338,123414,71418948,Polycondensation,C1=CC=C(C=C1)OP(=O)(N=[N+]=[N-])OC2=CC=CC=C2,C1=CC=C(C=C1)C2=CC=C(C=C2)C3=CC(=NC(=C3)C4=CC=C(C=C4)N)C5=CC=C(C=C5)N,*c1ccc(Oc2ccc3ccccc3c2-c2c(Oc3ccc(N4C(=O)c5ccc(NC(=O)Nc6ccc(-c7cc(-c8ccc(-c9ccccc9)cc8)cc(-c8ccc(NC(=O)Nc9ccc%10c(c9)C(=O)N(*)C%10=O)cc8)n7)cc6)cc5C4=O)cc3)ccc3ccccc23)cc1,"Polyimides/thioimides, Polyoxides/ethers/acetals, Polyureas/thioureas, Polyimines"
P340097,123516,0,Addition_polymerization,CC(=C)C(=O)OCC(C(F)(F)F)(F)F,,*CC(*)(C)C(=O)OCC(F)(F)C(F)(F)F,"Polyacrylics, Polyvinyls"
P322002,135442,0,Addition_polymerization,C=CC1=CC=CC=C1O,,*CC(*)c1ccccc1O,"Polystyrenes, Polyvinyls"
P110057,136181,13192,Polyaddition,C(C(C(C(C(CO)(F)F)(F)F)(F)F)(F)F)O,C(CCCN=C=O)CCN=C=O,*CC(F)(F)C(F)(F)C(F)(F)C(F)(F)COC(=O)NCCCCCCNC(=O)O*,Polyurethanes/thiourethanes
P090093,136352,0,Ring_opening_polymerization,C1CCCOC(=O)CC1,,*CCCCCCC(=O)O*,Polyesters/thioesters
P330008,136395,0,Polycondensation/Polymer_reaction,CC(=C=O)C,,*C(O)C(*)(C)C,Polyvinyls
P190002,136395,0,Addition_polymerization,CC(=C=O)C,,*C(=O)C(*)(C)C,Polyketones/thioketones
P090200,136395,31244,Polyaddition,CC(=C=O)C,COC1=CC=C(C=C1)C=O,*OC(c1ccc(OC)cc1)C(C)(C)C(*)=O,Polyesters/thioesters
P332025,136598,0,Addition_polymerization,CC1=CC=CC=C1C#C,,*/C=C(/*)c1ccccc1C,Polyvinyls
P362038,136844,0,Ring_opening_polymerization,C1CC2CC1C3C2C4CC3C=C4,,*/C=C/C1CC(*)C2C3CCC(C3)C12,Polydienes
P372565,137385,0,Polycondensation,C1=CSC(=C1)C2=CC=C(O2)C3=CC=CS3,,*c1ccc(-c2ccc(-c3ccc(*)s3)s2)o1,"Polyoxides/ethers/acetals, Polysulfides"
P372565,180764,0,Polycondensation,C1=COC(=C1)C2=CC=C(S2)C3=CC=CS3,,*c1ccc(-c2ccc(-c3ccc(*)s3)s2)o1,"Polyoxides/ethers/acetals, Polysulfides"
P400126,137496,0,Ring_opening_polymerization,CC1CCC(=O)NCC1,,*CCC(C)CCC(=O)N*,Polyamides/thioamides
P010022,137655,0,Addition_polymerization,C=CC1CCC1,,*CC(*)C1CCC1,Polyolefins
P462350,137790,0,Polycondensation,CCCCCCCCCCNC1=CC=CC=C1,,*c1ccc(N(*)CCCCCCCCCC)cc1,Polyimines
P380055,137985,0,Polycondensation,C1=CSC2=C1SC3=C2SC=C3,,*c1cc2sc3cc(*)sc3c2s1,Polysulfides
P462347,138340,0,Polycondensation,CCCCCCNC1=CC=CC=C1,,*c1ccc(N(*)CCCCCC)cc1,Polyimines
P390063,138592,4134690,Polycondensation,COC(=O)C1=CC=CC=C1C2=CC=CC=C2C(=O)OC,C(CCCCCCCCCCO)CCCCCCCCCO,*CCCCCCCCCCCCCCCCCCCCOC(=O)c1ccccc1-c1ccccc1C(=O)O*,Polyesters/thioesters
P090461,138592,7896,Polycondensation,COC(=O)C1=CC=CC=C1C2=CC=CC=C2C(=O)OC,CC(CCO)O,*OC(C)CCOC(=O)c1ccccc1-c1ccccc1C(*)=O,Polyesters/thioesters
P100047,138827,196,Polycondensation,C1=CC=C(C=C1)P(CCCN)CCCN,C(CCC(=O)O)CC(=O)O,*CCCP(CCCNC(=O)CCCCC(=O)N*)c1ccccc1,Polyamides/thioamides
P400186,138827,7489,Polycondensation,C1=CC=C(C=C1)P(CCCN)CCCN,C1=CC(=CC=C1C(=O)O)C(=O)O,*CCCP(CCCNC(=O)c1ccc(C(=O)N*)cc1)c1ccccc1,Polyamides/thioamides
P400185,138827,11120,Polycondensation,C1=CC=C(C=C1)P(CCCN)CCCN,COC(=O)C(=O)OC,*CCCP(CCCNC(=O)C(=O)N*)c1ccccc1,Polyamides/thioamides
P320029,66586318,0,Addition_polymerization/Polymer_reaction,CC(C)(C)[Si](C)(C)OC1=C(C=C(C=C1)C=C)O[Si](C)(C)C(C)(C)C,,*CC(*)c1ccc(O[Si](C)(C)C(C)(C)C)c(O[Si](C)(C)C(C)(C)C)c1,"Polystyrenes, Polyvinyls"
P330045,140158,0,Addition_polymerization,CCCCCCC#CC1=CC=CC=C1,,*/C(CCCCCC)=C(/*)c1ccccc1,Polyvinyls
P070014,146262,0,Ring_opening_polymerization,CC1CO1,,*CC(C)O*,Polyoxides/ethers/acetals
P330077,152236,0,Ring_opening_polymerization,C=CC1CC1C2=CC=CC=C2,,*/C=C/CC(C*)c1ccccc1,Polyvinyls
P433551,169132,101512458,Polyaddition,CC1(CC(CC(C1)(C)CN=C=O)N=C=O)C,CC(C)CC(C(=O)NC1=CC=C(C=C1)OC2=CC=C(C=C2)N)N3C(=O)C4=CC5=C(C=C4C3=O)C(=O)N(C5=O)C(CC(C)C)C(=O)NC6=CC=C(C=C6)OC7=CC=C(C=C7)N,*C(CC(C)C)C(=O)Nc1ccc(Oc2ccc(NC(=O)NCC3(C)CC(NC(=O)Nc4ccc(Oc5ccc(NC(=O)C(CC(C)C)n6c(=O)c7cc8c(=O)n(*)c(=O)c8cc7c6=O)cc5)cc4)CC(C)(C)C3)cc2)cc1,"Polyimides/thioimides, Polyoxides/ethers/acetals, Polyamides/thioamides, Polyureas/thioureas"
P402334,175380,7577,Polyaddition,CC1=CC(CC2C1C(=O)OC2=O)C3CC(=O)OC3=O,C1=CC(=CC=C1CC2=CC=C(C=C2)N)N,*Nc1ccc(Cc2ccc(NC(=O)C3CC(C(CC(=O)O)C(*)=O)C=C(C)C3C(=O)O)cc2)cc1,Polyamides/thioamides
P370150,177685,71006,Polycondensation,C1=CC(=CC(=C1)OC2=CC=CC(=C2)C(=O)O)C(=O)O,CC(=O)OC1=CC=C(C=C1)OC(=O)C,*Oc1ccc(OC(=O)c2cccc(Oc3cccc(C(*)=O)c3)c2)cc1,"Polyoxides/ethers/acetals, Polyesters/thioesters"
P370051,177685,82437,Polycondensation,C1=CC(=CC(=C1)OC2=CC=CC(=C2)C(=O)O)C(=O)O,CC(=O)OC1=CC=C(C=C1)C(C)(C)C2=CC=C(C=C2)OC(=O)C,*Oc1ccc(C(C)(C)c2ccc(OC(=O)c3cccc(Oc4cccc(C(*)=O)c4)c3)cc2)cc1,"Polyoxides/ethers/acetals, Polyesters/thioesters"
P380061,184314,0,Polycondensation,C1=CC(=CC(=C1)C2=CC=CS2)C3=CC=CS3,,*c1cccc(-c2ccc(-c3ccc(*)s3)s2)c1,Polysulfides
P100552,193422,4837,Polyaddition,C=CC(=O)N1CCN(CC1)C(=O)C=C,C1CNCCN1,*C(=O)CCN1CCN(CCC(=O)N2CCN(*)CC2)CC1,"Polyamides/thioamides, Polyimines"
P100427,193422,77628,Polyaddition,C=CC(=O)N1CCN(CC1)C(=O)C=C,CC(C)NCCNC(C)C,*C(=O)CCN(CCN(CCC(=O)N1CCN(*)CC1)C(C)C)C(C)C,"Polyamides/thioamides, Polyimines"
P373534,194699,0,Polycondensation,C1=CC(=CC=C1C(=O)CCl)OC2=CC=C(C=C2)C(=O)CCl,,*CC(=O)c1ccc(Oc2ccc(C(=O)COc3ccc(/C=C4\CC/C(=C\c5ccc(O*)c(OC)c5)C4=O)cc3OC)cc2)cc1,"Polyoxides/ethers/acetals, Polyketones/thioketones"
P332380,207166,0,Addition_polymerization,C=CC1=NNN=N1,,*CC(*)c1nnn[nH]1,"Polystyrenes, Polyvinyls"
P180035,220225,0,Ring_opening_polymerization/Polymer_reaction,N1=P(N=P(N=P1(Cl)Cl)(Cl)Cl)(Cl)Cl,,*N=P(*)(Oc1ccc(Cl)cc1Cl)Oc1ccc(Cl)cc1Cl,"Polyphosphazenes, Polyimines"
P180034,220225,0,Ring_opening_polymerization/Polymer_reaction,N1=P(N=P(N=P1(Cl)Cl)(Cl)Cl)(Cl)Cl,,*N=P(*)(Oc1ccc(Cl)cc1)Oc1ccc(Cl)cc1,"Polyphosphazenes, Polyimines"
P180022,220225,0,Ring_opening_polymerization/Polymer_reaction,N1=P(N=P(N=P1(Cl)Cl)(Cl)Cl)(Cl)Cl,,*N=P(*)(Oc1ccc(F)cc1)Oc1ccc(F)cc1,"Polyphosphazenes, Polyimines"
P180033,220225,0,Ring_opening_polymerization,N1=P(N=P(N=P1(Cl)Cl)(Cl)Cl)(Cl)Cl,,*N=P(*)(Cl)Cl,"Polyphosphazenes, Polyimines"
P180033,11770114,0,Polycondensation,C[Si](C)(C)N=P(Cl)(Cl)Cl,,*N=P(*)(Cl)Cl,"Polyphosphazenes, Polyimines"
P180019,136820,0,Ring_opening_polymerization/Polymer_reaction,C(C(F)(F)F)OP1(=NP(=NP(=N1)(OCC(F)(F)F)OCC(F)(F)F)(OCC(F)(F)F)OCC(F)(F)F)OCC(F)(F)F,,*N=P(*)(OCC(F)(F)F)OCC(F)(F)F,"Polyphosphazenes, Polyimines"
P180019,11732439,0,Polycondensation/Polymer_reaction,C[Si](C)(C)N=P(OCC(F)(F)F)(OCC(F)(F)F)OCC(F)(F)F,,*N=P(*)(OCC(F)(F)F)OCC(F)(F)F,"Polyphosphazenes, Polyimines"
P462199,220225,0,Ring_opening_polymerization,N1=P(N=P(N=P1(Cl)Cl)(Cl)Cl)(Cl)Cl,,*N=P(*)(OCC1COCCOCCOCCOCCOCCO1)OCC1COCCOCCOCCOCCOCCO1,"Polyphosphazenes, Polyimines"
P460217,220225,0,Ring_opening_polymerization/Polymer_reaction,c1ccc(Cc2ccc(OP3(Oc4ccc(Cc5ccccc5)cc4)=NP(Oc4ccc(Cc5ccccc5)cc4)(Oc4ccc(Cc5ccccc5)cc4)=NP(Oc4ccc(Cc5ccccc5)cc4)(Oc4ccc(Cc5ccccc5)cc4)=N3)cc2)cc1,,*N=P(*)(Oc1ccc(Cc2ccccc2)cc1)Oc1ccc(Cc2ccccc2)cc1,"Polyphosphazenes, Polyimines"
P373780,220225,73864,Polycondensation/Polymer_reaction,COC(=O)c1ccc(OP2(Cl)=NP(Cl)(Oc3ccc(C(=O)OC)cc3)=NP(Oc3ccc(C(=O)OC)cc3)(Oc3ccc(C(=O)OC)cc3)=N2)cc1,C1=CC(=CC=C1C(C2=CC=C(C=C2)O)(C(F)(F)F)C(F)(F)F)O,*Oc1ccc(C(c2ccc(OP3(Oc4ccc(C(=O)OC)cc4)=NP(Oc4ccc(C(=O)OC)cc4)(Oc4ccc(C(=O)OC)cc4)=NP(*)(Oc4ccc(C(=O)OC)cc4)=N3)cc2)(C(F)(F)F)C(F)(F)F)cc1,"Polyoxides/ethers/acetals, Polyphosphazenes, Polyimines"
P460213,220225,0,Ring_opening_polymerization/Polymer_reaction,N1=P(N=P(N=P1(Cl)Cl)(Cl)Cl)(Cl)Cl,,*N=P(*)(NCCCC)NCCCC,"Polyphosphazenes, Polyimines"
P180017,220225,0,Ring_opening_polymerization/Polymer_reaction,N1=P(N=P(N=P1(Cl)Cl)(Cl)Cl)(Cl)Cl,,*N=P(*)(OCCCc1ccccc1)OCCCc1ccccc1,"Polyphosphazenes, Polyimines"
P180013,220225,0,Ring_opening_polymerization/Polymer_reaction,N1=P(N=P(N=P1(Cl)Cl)(Cl)Cl)(Cl)Cl,,*N=P(*)(Oc1ccc(-c2ccccc2)cc1)Oc1ccc(-c2ccccc2)cc1,"Polyphosphazenes, Polyimines"
P400279,225358,13249359,Polycondensation,C1=CC(=NC(=C1)C(=O)NN)C(=O)NN,C1=CC=C(C=C1)[Si](C2=CC=CC=C2)(C3=CC=C(C=C3)C(=O)Cl)C4=CC=C(C=C4)C(=O)Cl,*C(=O)NNC(=O)c1ccc([Si](c2ccccc2)(c2ccccc2)c2ccc(C(=O)NNC(=O)c3cccc(*)n3)cc2)cc1,"Polyamides/thioamides, Polyimines, Polysiloxanes/silanes"
P080066,228575,79148,Polyaddition,C1CN1C(=O)OCCCCOC(=O)N2CC2,C(CCS)CS,*CCCCOC(=O)NCCSCCCCSCCNC(=O)O*,"Polysulfides, Polyurethanes/thiourethanes"
P080066,85661254,75085,Polycondensation,C(CCSCCN)CSCCN,C(CCOC(=O)Cl)COC(=O)Cl,*CCCCOC(=O)NCCSCCCCSCCNC(=O)O*,"Polysulfides, Polyurethanes/thiourethanes"
P094572,231976,174,Polycondensation,C1=CC(=CC=C1CCC2=CC=C(C=C2)C(=O)O)C(=O)O,C(CO)O,*CCOC(=O)c1ccc(CCc2ccc(C(=O)O*)cc2)cc1,Polyesters/thioesters
P090526,231993,7451,Polycondensation,CCCCCCC1=CC(=CC(=C1)O)O,C1=CC(=CC(=C1)C(=O)Cl)C(=O)Cl,*Oc1cc(CCCCCC)cc(OC(=O)c2cccc(C(*)=O)c2)c1,Polyesters/thioesters
P502003,232446,3368486,Polycondensation,C1CCC(CC1)(C2=CC=C(C=C2)O)C3=CC=C(C=C3)O,C1=CC(=CC=C1CC2=CC=C(C=C2)S(=O)(=O)Cl)S(=O)(=O)Cl,*OS(=O)(=O)c1ccc(Cc2ccc(S(=O)(=O)Oc3ccc(C4(c5ccc(*)cc5)CCCCC4)cc3)cc2)cc1,Polysulfones/sulfoxides/sufonates/sulfoamides
P150080,232446,10040,Polycondensation,C1CCC(CC1)(C2=CC=C(C=C2)O)C3=CC=C(C=C3)O,C(=S)(Cl)Cl,*Oc1ccc(C2(c3ccc(OC(*)=S)cc3)CCCCC2)cc1,Polycarbonates/thiocarbonates
P070634,232446,6625,Polycondensation,C1CCC(CC1)(C2=CC=C(C=C2)O)C3=CC=C(C=C3)O,C1=CC(=CC=C1S(=O)(=O)C2=CC=C(C=C2)Cl)Cl,*Oc1ccc(S(=O)(=O)c2ccc(Oc3ccc(C4(c5ccc(*)cc5)CCCCC4)cc3)cc2)cc1,"Polyoxides/ethers/acetals, Polysulfones/sulfoxides/sufonates/sulfoamides"
P500024,232446,96240,Polycondensation,C1CCC(CC1)(C2=CC=C(C=C2)O)C3=CC=C(C=C3)O,C1=CC(=CC(=C1)S(=O)(=O)Cl)S(=O)(=O)Cl,*OS(=O)(=O)c1cccc(S(=O)(=O)Oc2ccc(C3(c4ccc(*)cc4)CCCCC3)cc2)c1,Polysulfones/sulfoxides/sufonates/sulfoamides
P080180,232699,7896,Polycondensation,C(CCSCCCCC(=O)O)CC(=O)O,CC(CCO)O,*OC(C)CCOC(=O)CCCCSCCCCC(*)=O,"Polysulfides, Polyesters/thioesters"
P080180,264838,7896,Polycondensation,CCOC(=O)CCCCSCCCCC(=O)OCC,CC(CCO)O,*OC(C)CCOC(=O)CCCCSCCCCC(*)=O,"Polysulfides, Polyesters/thioesters"
P380016,232699,8064,Polycondensation,C(CCSCCCCC(=O)O)CC(=O)O,C(CCO)CO,*CCCCOC(=O)CCCCSCCCCC(=O)O*,"Polysulfides, Polyesters/thioesters"
P380016,264838,8064,Polycondensation,CCOC(=O)CCCCSCCCCC(=O)OCC,C(CCO)CO,*CCCCOC(=O)CCCCSCCCCC(=O)O*,"Polysulfides, Polyesters/thioesters"
P390015,232881,7488,Polycondensation,C1=CC=C(C=C1)C(C2=CC=CC=C2)(C3=CC=C(C=C3)O)C4=CC=C(C=C4)O,C1=CC(=CC=C1C(=O)Cl)C(=O)Cl,*Oc1ccc(C(c2ccccc2)(c2ccccc2)c2ccc(OC(=O)c3ccc(C(*)=O)cc3)cc2)cc1,Polyesters/thioesters
P372040,232881,102404673,Polycondensation,C1=CC=C(C=C1)C(C2=CC=CC=C2)(C3=CC=C(C=C3)O)C4=CC=C(C=C4)O,CC(=NC1=CC=C(C=C1)N=C(C)C2=CC=C(C=C2)F)C3=CC=C(C=C3)F,*Oc1ccc(/C(C)=N/c2ccc(/N=C(\C)c3ccc(Oc4ccc(C(c5ccccc5)(c5ccccc5)c5ccc(*)cc5)cc4)cc3)cc2)cc1,"Polyoxides/ethers/acetals, Polyimines"
P372043,232881,931996,Polycondensation,C1=CC=C(C=C1)C(C2=CC=CC=C2)(C3=CC=C(C=C3)O)C4=CC=C(C=C4)O,C1=CC(=CC=C1C=NC2=CC=C(C=C2)N=CC3=CC=C(C=C3)F)F,*Oc1ccc(/C=N/c2ccc(/N=C/c3ccc(Oc4ccc(C(c5ccccc5)(c5ccccc5)c5ccc(*)cc5)cc4)cc3)cc2)cc1,"Polyoxides/ethers/acetals, Polyimines"
P390046,232881,7451,Polycondensation,C1=CC=C(C=C1)C(C2=CC=CC=C2)(C3=CC=C(C=C3)O)C4=CC=C(C=C4)O,C1=CC(=CC(=C1)C(=O)Cl)C(=O)Cl,*Oc1ccc(C(c2ccccc2)(c2ccccc2)c2ccc(OC(=O)c3cccc(C(*)=O)c3)cc2)cc1,Polyesters/thioesters
P370267,240836,9321,Polycondensation,C1C(CC12CC(C2)C(=O)O)C(=O)O,NN,*c1nnc(C2CC3(CC(*)C3)C2)o1,"Polyoxides/ethers/acetals, Polyimines"
P160016,244030,0,Ring_opening_polymerization,C1COC(=N1)C2=CC=CC=C2,,*CCN(*)C(=O)c1ccccc1,Polyimines
P400278,248194,13249359,Polycondensation,C1=CC(=NC=C1C(=O)NN)C(=O)NN,C1=CC=C(C=C1)[Si](C2=CC=CC=C2)(C3=CC=C(C=C3)C(=O)Cl)C4=CC=C(C=C4)C(=O)Cl,*C(=O)NNC(=O)c1ccc([Si](c2ccccc2)(c2ccccc2)c2ccc(C(=O)NNC(=O)c3ccc(*)nc3)cc2)cc1,"Polyamides/thioamides, Polyimines, Polysiloxanes/silanes"
P332026,250075,0,Ring_opening_polymerization,COC(=O)C1CC2CC1C=C2,,*/C=C/C1CC(*)C(C(=O)OC)C1,Polyvinyls
P462401,250910,3716675,Polycondensation/Polymer_reaction,C1=CC(=CC=C1NN)S(=O)(=O)C2=CC=C(C=C2)NN,CCN1C2=C(C=C(C=C2)C=O)C3=C1C=CC(=C3)C=O,*/C=N/N(CCCC)c1ccc(S(=O)(=O)c2ccc(N(CCCC)/N=C/c3ccc4c(c3)c3cc(*)ccc3n4CC)cc2)cc1,"Polyimines, Polysulfones/sulfoxides/sufonates/sulfoamides"
P462001,255662,0,Polycondensation,CCC(=O)C1=CNC=C1,,*c1cc(C(=O)CC)c(*)[nH]1,Polyimines
P390216,256604,7451,Polycondensation,COC1=CC(=CC(=C1O)OC)C2=CC(=C(C(=C2)OC)O)OC,C1=CC(=CC(=C1)C(=O)Cl)C(=O)Cl,*Oc1c(OC)cc(-c2cc(OC)c(OC(=O)c3cccc(C(*)=O)c3)c(OC)c2)cc1OC,Polyesters/thioesters
P390215,256604,7488,Polycondensation,COC1=CC(=CC(=C1O)OC)C2=CC(=C(C(=C2)OC)O)OC,C1=CC(=CC=C1C(=O)Cl)C(=O)Cl,*Oc1c(OC)cc(-c2cc(OC)c(OC(=O)c3ccc(C(*)=O)cc3)c(OC)c2)cc1OC,Polyesters/thioesters
P160059,257659,137905,Polycondensation,C1=CC(=C(C=C1S(=O)(=O)C2=CC(=C(C=C2)N)N)N)N,C1=CC=C(C=C1)C(=O)C(=O)C2=CC=C(C=C2)C(=O)C(=O)C3=CC=CC=C3,*c1ccc(-c2nc3cc(S(=O)(=O)c4ccc5nc(-c6ccccc6)c(*)nc5c4)ccc3nc2-c2ccccc2)cc1,"Polyimines, Polysulfones/sulfoxides/sufonates/sulfoamides"
P460002,257659,20502010,Polycondensation,C1=CC(=C(C=C1S(=O)(=O)C2=CC(=C(C=C2)N)N)N)N,C1=CC=C(C=C1)C(=O)C(=O)C2=CC=C(C=C2)S(=O)(=O)C3=CC=C(C=C3)C(=O)C(=O)C4=CC=CC=C4,*c1ccc(S(=O)(=O)c2ccc(-c3nc4cc(S(=O)(=O)c5ccc6nc(*)c(-c7ccccc7)nc6c5)ccc4nc3-c3ccccc3)cc2)cc1,"Polyimines, Polysulfones/sulfoxides/sufonates/sulfoamides"
P110103,257830,31282,Polycondensation,C1=CC(=CC=C1CCCC2=CC=C(C=C2)N)N,C(COC(=O)Cl)OC(=O)Cl,*CCOC(=O)Nc1ccc(CCCc2ccc(NC(=O)O*)cc2)cc1,Polyurethanes/thiourethanes
P024527,258724,0,Addition_polymerization,C=CC1=CC(=C(C=C1)C(=O)O)C(=O)O,,*CC(*)c1ccc(C(=O)O)c(C(=O)O)c1,"Polystyrenes, Polyvinyls"
P370779,260941,7923,Addition_polymerization,C1CCC2(CC1)OCC=CCO2,C1=CC(=O)OC1=O,*C1COC2(CCCCC2)OCC1C(C(=O)O)C(*)C(=O)O,Polyoxides/ethers/acetals
P090429,261553,8064,Polycondensation,CCOC(=O)C1=CC=C(C=C1)C2=CC=C(C=C2)C(=O)OCC,C(CCO)CO,*CCCCOC(=O)c1ccc(-c2ccc(C(=O)O*)cc2)cc1,Polyesters/thioesters
P462487,262960,0,Polycondensation,C1=CC(=CC=C1C(=O)C2=CC=C(C=C2)Br)C(=O)C3=CC=C(C=C3)Br,,*Nc1ccc(C(C)(C)c2cccc(C(C)(C)c3ccc(Nc4ccc(C(=O)c5ccc(C(=O)c6ccc(*)cc6)cc5)cc4)cc3)c2)cc1,"Polyimines, Polyketones/thioketones"
P462486,262960,10855,Polycondensation,C1=CC(=CC=C1C(=O)C2=CC=C(C=C2)Br)C(=O)C3=CC=C(C=C3)Br,C1=CC(=CC=C1N)N=NC2=CC=C(C=C2)N,*/N=N/c1ccc(Nc2ccc(C(=O)c3ccc(C(=O)c4ccc(Nc5ccc(*)cc5)cc4)cc3)cc2)cc1,"Polyimines, Polyketones/thioketones"
P070566,266844,8117,Polycondensation,COC(=O)C1=CC=CC(=C1)C2=CC(=CC=C2)C(=O)OC,C(COCCO)O,*CCOCCOC(=O)c1cccc(-c2cccc(C(=O)O*)c2)c1,"Polyoxides/ethers/acetals, Polyesters/thioesters"
P090275,266844,1030,Polycondensation,COC(=O)C1=CC=CC(=C1)C2=CC(=CC=C2)C(=O)OC,CC(CO)O,*OC(C)COC(=O)c1cccc(-c2cccc(C(*)=O)c2)c1,Polyesters/thioesters
P460330,274408,0,Polycondensation,CC1=CNC=C1C(=O)O,,*c1[nH]c(*)c(C(=O)O)c1C,Polyimines
P370272,280939,65578,Polycondensation,C1=CC(=CC=C1C2=NNN=N2)C3=NNN=N3,C(=O)(C(=O)Cl)Cl,*c1ccc(-c2nnc(-c3nnc(*)o3)o2)cc1,"Polyoxides/ethers/acetals, Polyimines"
P370259,284646,0,Polycondensation,C(CCC(=O)NN)CCC(=O)NN,,*CCCCCc1nnc(*)o1,"Polyoxides/ethers/acetals, Polyimines"
P402419,291803,0,Polycondensation,C1=CC=C(C(=C1)C(=O)NNC(=O)C2=CC=CC=C2C(=O)O)C(=O)O,,*NNC(=O)c1ccccc1C(=O)Nc1cccc(/C=C2\CCC/C(=C\c3cccc(NC(=O)c4ccccc4C(*)=O)c3)C2=O)c1,"Polyamides/thioamides, Polyketones/thioketones"
P390377,298121,0,Polycondensation,C[Si](C)(C)OC1=CC=C(C=C1)O[Si](C)(C)C,,*Oc1ccc(OC(=O)c2ccc(C(*)=O)cc2Oc2ccc(C(C)(C)c3ccccc3)cc2)cc1,Polyesters/thioesters
P432258,300678,0,Ring_opening_polymerization,C1C2C=CC1C3C2C(=O)N(C3=O)C4=CC=CC=C4,,*/C=C/C1CC(*)C2C(=O)N(c3ccccc3)C(=O)C12,Polyimides/thioimides
P090634,301652,298121,Polycondensation,C[Si](C)(C1=CC=C(C=C1)C(=O)Cl)C2=CC=C(C=C2)C(=O)Cl,C[Si](C)(C)OC1=CC=C(C=C1)O[Si](C)(C)C,*Oc1ccc(OC(=O)c2ccc([Si](C)(C)c3ccc(C(*)=O)cc3)cc2)cc1,"Polyesters/thioesters, Polysiloxanes/silanes"
P402212,301652,101946587,Polycondensation,C[Si](C)(C1=CC=C(C=C1)C(=O)Cl)C2=CC=C(C=C2)C(=O)Cl,C1=CC(=CC=C1C=CC2=CC=C(C=C2)[N+](=O)[O-])N(CCN)CCN,*CCNC(=O)c1ccc([Si](C)(C)c2ccc(C(=O)NCCN(*)c3ccc(/C=C/c4ccc([N+](=O)[O-])cc4)cc3)cc2)cc1,"Polyamides/thioamides, Polyimines, Polysiloxanes/silanes"
P450062,318275,7766,Polycondensation/Polymer_reaction,CC1(OC(C(O1)CO)CO)C,CCOC(=O)OCC,*CC(OC(=O)C(Cc1ccccc1)NC(=O)OC(C)(C)C)C(COC(=O)O*)OC(=O)C(Cc1ccccc1)NC(=O)OC(C)(C)C,Polycarbonates/thiocarbonates
P450058,318275,7766,Polycondensation/Polymer_reaction,CC1(OC(C(O1)CO)CO)C,CCOC(=O)OCC,*CC(OC=O)C(COC(=O)O*)OC=O,Polycarbonates/thiocarbonates
P390052,344456,15607014,Polycondensation,CC(C)(C1=CC=C(C=C1)C(=O)O)C2=CC=C(C=C2)C(=O)O,CC(=O)OC1=CC=C(C=C1)CC2=CC=C(C=C2)OC(=O)C,*Oc1ccc(Cc2ccc(OC(=O)c3ccc(C(C)(C)c4ccc(C(*)=O)cc4)cc3)cc2)cc1,Polyesters/thioesters
P400202,350245,0,Addition_polymerization,CCCCCCCCCCCN=C=O,,*C(=O)N(*)CCCCCCCCCCC,Polyamides/thioamides
P433193,363538,10006,Polycondensation,C1=CC(=CC=C1N2C(=O)C3=C(C2=O)C=C(C=C3)C(=O)O)S(=O)(=O)C4=CC=C(C=C4)N5C(=O)C6=C(C5=O)C=C(C=C6)C(=O)O,C1C(=O)NC(=O)N1,*C(=O)N1CC(=O)N(C(=O)c2ccc3c(c2)C(=O)N(c2ccc(S(=O)(=O)c4ccc(N5C(=O)c6ccc(*)cc6C5=O)cc4)cc2)C3=O)C1=O,"Polyimides/thioimides, Polyureas/thioureas, Polyketones/thioketones, Polysulfones/sulfoxides/sufonates/sulfoamides"
P432332,363539,0,Polycondensation,C1=CC(=CC=C1N2C(=O)C3=C(C2=O)C=C(C=C3)C(=O)O)OC4=CC=C(C=C4)N5C(=O)C6=C(C5=O)C=C(C=C6)C(=O)O,,*C(=O)Nc1ccc(NC(=O)c2ccc3c(c2)C(=O)N(c2ccc(Oc4ccc(N5C(=O)c6ccc(*)cc6C5=O)cc4)cc2)C3=O)c(OCCCCCCS(=O)(=O)c2ccc(/C=C/c3ccc(N(C)C)cc3)cc2)c1,"Polyimides/thioimides, Polyoxides/ethers/acetals, Polyamides/thioamides"
P370655,397423,0,Ring_opening_polymerization,C1CC2(CCOC1=O)OCCO2,,*CCC(=O)OCCC1(*)OCCO1,"Polyoxides/ethers/acetals, Polyesters/thioesters"
P070188,409128,54164932,Polycondensation,C(CCN)CCOCCCCCN,C(CCCCOCCCC(=O)O)CCCC(=O)O,*CCCCCCCCC(=O)NCCCCCOCCCCCNC(=O)CCCO*,"Polyoxides/ethers/acetals, Polyamides/thioamides"
P070191,409128,54567272,Polycondensation,C(CCN)CCOCCCCCN,C(CCC(=O)O)CCOCCCCC(=O)O,*CCCCCC(=O)NCCCCCOCCCCCNC(=O)CCCCO*,"Polyoxides/ethers/acetals, Polyamides/thioamides"
P030180,420363,0,Addition_polymerization,C=CP(=O)(C1=CC=CC=C1)C2=CC=CC=C2,,*CC(*)P(=O)(c1ccccc1)c1ccccc1,Polyvinyls
P433013,433274,0,Polycondensation,C1C2CC3CC1CC(C2)C3(C4=CC=C(C=C4)O)C5=CC=C(C=C5)O,,*C(=O)Oc1ccc(C2(c3ccc(OC(=O)c4ccc5c(c4)C(=O)N(c4ccc(-c6ccc(N7C(=O)c8ccc(*)cc8C7=O)cc6C)c(C)c4)C5=O)cc3)C3CC4CC(C3)CC2C4)cc1,"Polyimides/thioimides, Polyesters/thioesters"
P390133,444266,12374,Polycondensation,C(=CC(=O)O)C(=O)O,C(CCCO)CCO,*CCCCCCOC(=O)/C=C/C(=O)O*,Polyesters/thioesters
P372179,458821,53828993,Polycondensation,C1=C(C(=CC(=C1N)O)O)N,C1=CC=C(C=C1)C2=CC(=C(C(=C2C3=CC=C(C=C3)C(=O)O)C4=CC=CC=C4)C5=CC=CC=C5)C6=CC=C(C=C6)C(=O)O,*c1ccc(-c2c(-c3ccccc3)cc(-c3ccc(-c4nc5cc6nc(*)oc6cc5o4)cc3)c(-c3ccccc3)c2-c2ccccc2)cc1,"Polyoxides/ethers/acetals, Polyimines"
P430079,458821,75498,Polycondensation,C1=C(C(=CC(=C1N)O)O)N,C1=CC2=C(C=C1C(=O)C3=CC4=C(C=C3)C(=O)OC4=O)C(=O)OC2=O,*C(=O)c1ccc2c(c1)C(=O)N(c1cc(N3C(=O)c4ccc(*)cc4C3=O)c(O)cc1O)C2=O,"Polyimides/thioimides, Polyketones/thioketones"
P373523,459111,0,Polycondensation,C1=CC(=CC=C1C2=CSC(=N2)N)OC3=CC=C(C=C3)C4=CSC(=N4)N,,*c1ccc(Oc2ccc(-c3csc(/N=C/c4ccc(OCCCCCCCCOc5ccc(/C=N/c6nc(*)cs6)cc5OC)c(OC)c4)n3)cc2)cc1,"Polyoxides/ethers/acetals, Polysulfides, Polyimines"
P373518,459111,10522087,Polycondensation,C1=CC(=CC=C1C2=CSC(=N2)N)OC3=CC=C(C=C3)C4=CSC(=N4)N,C1=CC(=CC=C1C=O)OCCCCCCCCOC2=CC=C(C=C2)C=O,*c1ccc(Oc2ccc(-c3csc(/N=C/c4ccc(OCCCCCCCCOc5ccc(/C=N/c6nc(*)cs6)cc5)cc4)n3)cc2)cc1,"Polyoxides/ethers/acetals, Polysulfides, Polyimines"
P433059,518699,5499718,Polyaddition,C1=CC(=CC=C1N2C(=O)C=CC2=O)OC3=CC=C(C=C3)N4C(=O)C=CC4=O,C1=CC(=O)C=CC1=CNC2=CC=C(C=C2)OC3=CC=C(C=C3)NC=C4C=CC(=O)C=C4,*c1ccc(Oc2ccc(N3C(=O)CC(Oc4ccc(/C=N/c5ccc(Oc6ccc(/N=C/c7ccc(OC8CC(=O)N(*)C8=O)cc7)cc6)cc5)cc4)C3=O)cc2)cc1,"Polyimides/thioimides, Polyoxides/ethers/acetals, Polyimines"
P010062,520363,0,Addition_polymerization,CC1CCC(=C)CC1,,*CC1(*)CCC(C)CC1,Polyolefins
P090366,520529,7489,Polycondensation,C(CCCCCCCCCO)CCCCCCCCO,C1=CC(=CC=C1C(=O)O)C(=O)O,*CCCCCCCCCCCCCCCCCCOC(=O)c1ccc(C(=O)O*)cc1,Polyesters/thioesters
P390114,520774,4134690,Polycondensation,COC(=O)CC1=CC=C(C=C1)CC(=O)OC,C(CCCCCCCCCCO)CCCCCCCCCO,*CCCCCCCCCCCCCCCCCCCCOC(=O)Cc1ccc(CC(=O)O*)cc1,Polyesters/thioesters
P390115,520774,1030,Polycondensation,COC(=O)CC1=CC=C(C=C1)CC(=O)OC,CC(CO)O,*OC(C)COC(=O)Cc1ccc(CC(*)=O)cc1,Polyesters/thioesters
P390111,520774,8105,Polycondensation,COC(=O)CC1=CC=C(C=C1)CC(=O)OC,C(CCO)CCO,*CCCCCOC(=O)Cc1ccc(CC(=O)O*)cc1,Polyesters/thioesters
P390113,520774,37153,Polycondensation,COC(=O)CC1=CC=C(C=C1)CC(=O)OC,C(CCCCCO)CCCCO,*CCCCCCCCCCOC(=O)Cc1ccc(CC(=O)O*)cc1,Polyesters/thioesters
P090215,520774,7735,Polycondensation,COC(=O)CC1=CC=C(C=C1)CC(=O)OC,C1CC(CCC1CO)CO,*CC1CCC(COC(=O)Cc2ccc(CC(=O)O*)cc2)CC1,Polyesters/thioesters
P080009,521888,0,Ring_opening_polymerization,CC1C(S1)C,,*SC(C)C(*)C,Polysulfides
P470013,524754,0,Polycondensation,CCCCC[Si](CCCCC)(Cl)Cl,,*[Si](*)(CCCCC)CCCCC,Polysiloxanes/silanes
P332054,533740,0,Addition_polymerization,CCOC(=O)CC(=C)C(=O)O,,*CC(*)(CC(=O)OCC)C(=O)O,Polyvinyls
P390439,534653,373780,Polycondensation,C(CCCC(=O)Cl)CCC(=O)Cl,C1=CC(=CC=C1CS)C2=CC=C(C=C2)CS,*Cc1ccc(-c2ccc(CSC(=O)CCCCCCC(=O)S*)cc2)cc1,Polyesters/thioesters
P090111,534653,82184,Polycondensation,C(CCCC(=O)Cl)CCC(=O)Cl,C(CCCCCCCCO)CCCCCCCO,*CCCCCCCCCCCCCCCCOC(=O)CCCCCCC(=O)O*,Polyesters/thioesters
P090104,534653,69420,Polycondensation,C(CCCC(=O)Cl)CCC(=O)Cl,C(CCCCO)CCCO,*CCCCCCCCOC(=O)CCCCCCC(=O)O*,Polyesters/thioesters
P400213,550151,0,Ring_opening_polymerization,CC1(C(=O)NC1(C)C)C,,*NC(C)(C)C(C)(C)C(*)=O,Polyamides/thioamides
P372728,553707,8035,Polycondensation,C[SiH](C)O[Si](C)(C)O[Si](C)(C)O[Si](C)(C)O[Si](C)(C)O[SiH](C)C,CC(=O)CCC(=O)C,*O[Si](C)(C)O[Si](C)(C)O[Si](C)(C)O[Si](C)(C)O[Si](C)(C)OC(C)CCC(*)C,"Polyoxides/ethers/acetals, Polysiloxanes/silanes"
P380048,566849,0,Polycondensation,CCCCCCC1=CSC=C1,,*C1C=C(CCCCCC)C(*)S1,Polysulfides
P382158,566857,0,Polycondensation,CCCCCCCCCCCCCCCCCCC1=CSC=C1,,*c1cc(CCCCCCCCCCCCCCCCCC)c(*)s1,Polysulfides
P170078,570903,0,Ring_opening_polymerization,C[Si]1(CC=CC1)C2=CC=CC=C2,,*C/C=C/C[Si](*)(C)c1ccccc1,Polysiloxanes/silanes
P472042,574105,0,Ring_opening_polymerization,CC1=CC[Si](C1)(C)C,,*C/C=C(\C)C[Si](*)(C)C,Polysiloxanes/silanes
P373692,587784,102265056,Polycondensation,C1=C(SC(=C1)C=O)C=O,C1=CC(=CC=C1C(=O)OCCCCOCCCCOCCCCOC(=O)C2=CC=C(C=C2)N)N,*/C=N/c1ccc(C(=O)OCCCCOCCCCOCCCCOC(=O)c2ccc(/N=C/c3ccc(*)s3)cc2)cc1,"Polyoxides/ethers/acetals, Polysulfides, Polyesters/thioesters, Polyimines"
P322121,595282,0,Addition_polymerization/Polymer_reaction,C=Cc1ccc(B(Oc2ccc(B3OC(C)(C)C(C)(C)O3)c3cccnc23)c2ccc(C(C)(C)C)cc2)cc1,,*CC(*)c1ccc(B(Oc2ccc(B3OC(C)(C)C(C)(C)O3)c3cccnc23)c2ccc(C(C)(C)C)cc2)cc1,"Polystyrenes, Polyvinyls"
P432078,604281,102275015,Polycondensation,CC(=O)OC1=CC=C(C=C1)C2=CC=C(C=C2)OC(=O)C,C1=C2C(=CC3=C1C(=O)N(C3=O)CCCCCCCCCCCC(=O)O)C(=O)N(C2=O)CCCCCCCCCCCC(=O)O,*CCCCCCCCCCCC(=O)Oc1ccc(-c2ccc(OC(=O)CCCCCCCCCCCn3c(=O)c4cc5c(=O)n(*)c(=O)c5cc4c3=O)cc2)cc1,"Polyimides/thioimides, Polyesters/thioesters"
P433506,619483,0,Polycondensation,C1=CC(=CC=C1S)SC2=CC=C(C=C2)S,,*Sc1ccc(Sc2ccc(Sc3ccc4c(c3)C(=O)N(N3C(=O)c5cccc(*)c5C3=O)C4=O)cc2)cc1,"Polyimides/thioimides, Polysulfides"
P433507,619483,0,Polycondensation,C1=CC(=CC=C1S)SC2=CC=C(C=C2)S,,*Sc1ccc(Sc2ccc(Sc3ccc4c(c3)C(=O)N(N3C(=O)c5ccc(*)cc5C3=O)C4=O)cc2)cc1,"Polyimides/thioimides, Polysulfides"
P402239,622236,0,Polycondensation,C1=CC(=CC=C1C(C2=CC=C(C=C2)N)(C(F)(F)F)C(F)(F)F)N,,*Nc1ccc(C(c2ccc(NC(=O)c3cc(C(*)=O)cc(C(C)(C)C)c3)cc2)(C(F)(F)F)C(F)(F)F)cc1,Polyamides/thioamides
P402071,622236,11807754,Polycondensation,C1=CC(=CC=C1C(C2=CC=C(C=C2)N)(C(F)(F)F)C(F)(F)F)N,CC1=C(C=CC(=C1)C2=CC(=C(C=C2)C(=O)O)C)C(=O)O,*Nc1ccc(C(c2ccc(NC(=O)c3ccc(-c4ccc(C(*)=O)c(C)c4)cc3C)cc2)(C(F)(F)F)C(F)(F)F)cc1,Polyamides/thioamides
P390400,622236,11004750,Polycondensation,C1=CC(=CC=C1C(C2=CC=C(C=C2)N)(C(F)(F)F)C(F)(F)F)N,C1=CC(=CC=C1C(=O)OC2=CC=C(C=C2)C(=O)Cl)C(=O)OC3=CC=C(C=C3)C(=O)Cl,*Oc1ccc(C(=O)Nc2ccc(C(c3ccc(NC(=O)c4ccc(OC(=O)c5ccc(C(*)=O)cc5)cc4)cc3)(C(F)(F)F)C(F)(F)F)cc2)cc1,"Polyesters/thioesters, Polyamides/thioamides"
P432193,622236,102272655,Polycondensation,C1=CC(=CC=C1C(C2=CC=C(C=C2)N)(C(F)(F)F)C(F)(F)F)N,CC1=C(C=CC=C1N2C(=O)C3=C(C2=O)C=C(C=C3)C(C4=CC5=C(C=C4)C(=O)N(C5=O)C6=CC=CC(=C6C)C(=O)O)(C(F)(F)F)C(F)(F)F)C(=O)O,*c1ccc2c(c1)C(=O)N(c1cccc(C(=O)Nc3ccc(C(c4ccc(NC(=O)c5cccc(N6C(=O)c7ccc(C(*)(C(F)(F)F)C(F)(F)F)cc7C6=O)c5C)cc4)(C(F)(F)F)C(F)(F)F)cc3)c1C)C2=O,"Polyimides/thioimides, Polyamides/thioamides"
P402237,622236,7488,Polycondensation,C1=CC(=CC=C1C(C2=CC=C(C=C2)N)(C(F)(F)F)C(F)(F)F)N,C1=CC(=CC=C1C(=O)Cl)C(=O)Cl,*Nc1ccc(C(c2ccc(NC(=O)c3ccc(C(*)=O)cc3)cc2)(C(F)(F)F)C(F)(F)F)cc1,Polyamides/thioamides
P402233,622236,45428506,Polycondensation,C1=CC(=CC=C1C(C2=CC=C(C=C2)N)(C(F)(F)F)C(F)(F)F)N,C1=CC=C2C(=C1)C(=O)N(C2=O)CCCC(=O)NC3=CC(=CC(=C3)C(=O)O)C(=O)O,*Nc1ccc(C(c2ccc(NC(=O)c3cc(NC(=O)CCCN4C(=O)c5ccccc5C4=O)cc(C(*)=O)c3)cc2)(C(F)(F)F)C(F)(F)F)cc1,Polyamides/thioamides
P070475,623849,6625,Polycondensation,CC(C1=CC=CC=C1)(C2=CC=C(C=C2)O)C3=CC=C(C=C3)O,C1=CC(=CC=C1S(=O)(=O)C2=CC=C(C=C2)Cl)Cl,*Oc1ccc(S(=O)(=O)c2ccc(Oc3ccc(C(C)(c4ccccc4)c4ccc(*)cc4)cc3)cc2)cc1,"Polyoxides/ethers/acetals, Polysulfones/sulfoxides/sufonates/sulfoamides"
P382453,626361,102101155,Polycondensation,C1=C(C2=NSN=C2C(=C1)Br)Br,B1(OC(C(O1)(C)C)(C)C)C2=CC3=C(C=C2)C(=C4C5=C(C=C(C=C5)B6OC(C(O6)(C)C)(C)C)N(C4=O)CC(CCCCCC)CCCCCCCC)C(=O)N3CC(CCCCCC)CCCCCCCC,*c1ccc2c(c1)N(CC(CCCCCC)CCCCCCCC)C(=O)/C2=C1/C(=O)N(CC(CCCCCC)CCCCCCCC)c2cc(-c3ccc(*)c4nsnc34)ccc21,"Polysulfides, Polyamides/thioamides, Polyimines"
P462556,631552,95927,Polycondensation,C1=CC=C2C(=C1)C3=CC=CC=C3C2(C4=CC=C(C=C4)N)C5=CC=C(C=C5)N,C1=CC(=CC=C1S(=O)(=O)C2=CC=C(C=C2)Br)Br,*c1ccc(Nc2ccc(C3(c4ccc(Nc5ccc(S(*)(=O)=O)cc5)cc4)c4ccccc4-c4ccccc43)cc2)cc1,"Polyimines, Polysulfones/sulfoxides/sufonates/sulfoamides"
P372692,631552,12343749,Polycondensation,C1=CC=C2C(=C1)C3=CC=CC=C3C2(C4=CC=C(C=C4)N)C5=CC=C(C=C5)N,COC1=NC(=NC(=N1)OC2=CC=C(C=C2)C(=O)Cl)OC3=CC=C(C=C3)C(=O)Cl,*Oc1ccc(C(=O)Nc2ccc(C3(c4ccc(NC(=O)c5ccc(Oc6nc(*)nc(OC)n6)cc5)cc4)c4ccccc4-c4ccccc43)cc2)cc1,"Polyoxides/ethers/acetals, Polyamides/thioamides, Polyimines"
P402194,631552,4246116,Polycondensation,C1=CC=C2C(=C1)C3=CC=CC=C3C2(C4=CC=C(C=C4)N)C5=CC=C(C=C5)N,C1=CC(=CC=C1C(=O)Cl)N=NC2=CC=C(C=C2)C(=O)Cl,*/N=N/c1ccc(C(=O)Nc2ccc(C3(c4ccc(NC(=O)c5ccc(*)cc5)cc4)c4ccccc4-c4ccccc43)cc2)cc1,"Polyamides/thioamides, Polyimines"
P402224,631552,7488,Polycondensation,C1=CC=C2C(=C1)C3=CC=CC=C3C2(C4=CC=C(C=C4)N)C5=CC=C(C=C5)N,C1=CC(=CC=C1C(=O)Cl)C(=O)Cl,*Nc1ccc(C2(c3ccc(NC(=O)c4ccc(C(*)=O)cc4)cc3)c3ccccc3-c3ccccc32)cc1,Polyamides/thioamides
P400377,632603,712,Polycondensation,C1=CC(=C(C=C1C(C2=CC(=C(C=C2)O)N)(C(F)(F)F)C(F)(F)F)N)O,C=O,*c1ccc(C(=O)Nc2cc(C(c3ccc(O)c(NC(=O)c4ccc(S(*)(=O)=O)cc4)c3)(C(F)(F)F)C(F)(F)F)ccc2O)cc1,"Polyamides/thioamides, Polysulfones/sulfoxides/sufonates/sulfoamides"
P370444,632603,23546,Polycondensation/Polymer_reaction,C1=CC(=C(C=C1C(C2=CC(=C(C=C2)O)N)(C(F)(F)F)C(F)(F)F)N)O,C1=CC(=CC=C1C(=O)Cl)OC2=CC=C(C=C2)C(=O)Cl,*c1ccc2oc(-c3ccc(Oc4ccc(-c5nc6cc(C(*)(C(F)(F)F)C(F)(F)F)ccc6o5)cc4)cc3)nc2c1,"Polyoxides/ethers/acetals, Polyimines"
P370444,632603,712,Polycondensation/Polymer_reaction,C1=CC(=C(C=C1C(C2=CC(=C(C=C2)O)N)(C(F)(F)F)C(F)(F)F)N)O,C=O,*c1ccc2oc(-c3ccc(Oc4ccc(-c5nc6cc(C(*)(C(F)(F)F)C(F)(F)F)ccc6o5)cc4)cc3)nc2c1,"Polyoxides/ethers/acetals, Polyimines"
P370723,632603,712,Polycondensation/Polymer_reaction,C1=CC(=C(C=C1C(C2=CC(=C(C=C2)O)N)(C(F)(F)F)C(F)(F)F)N)O,C=O,*c1ccc2oc(-c3ccc(-c4ccc(-c5nc6cc(C(*)(C(F)(F)F)C(F)(F)F)ccc6o5)cc4)cc3)nc2c1,"Polyoxides/ethers/acetals, Polyimines"
P370722,632603,712,Polycondensation/Polymer_reaction,C1=CC(=C(C=C1C(C2=CC(=C(C=C2)O)N)(C(F)(F)F)C(F)(F)F)N)O,C=O,*c1ccc2oc(-c3ccc4oc5ccc(-c6nc7cc(C(*)(C(F)(F)F)C(F)(F)F)ccc7o6)cc5c4c3)nc2c1,"Polyoxides/ethers/acetals, Polyimines"
P370448,632603,8496,Polycondensation,C1=CC(=C(C=C1C(C2=CC(=C(C=C2)O)N)(C(F)(F)F)C(F)(F)F)N)O,C1=CC(=CC(=C1)C(=O)O)C(=O)O,*c1ccc2oc(-c3cccc(-c4nc5cc(C(*)(C(F)(F)F)C(F)(F)F)ccc5o4)c3)nc2c1,"Polyoxides/ethers/acetals, Polyimines"
P370448,632603,6955,Polycondensation/Polymer_reaction,C1=CC(=C(C=C1C(C2=CC(=C(C=C2)O)N)(C(F)(F)F)C(F)(F)F)N)O,C1=CC=C(C(=C1)C(=O)Cl)C(=O)Cl,*c1ccc2oc(-c3cccc(-c4nc5cc(C(*)(C(F)(F)F)C(F)(F)F)ccc5o4)c3)nc2c1,"Polyoxides/ethers/acetals, Polyimines"
P370448,632603,7451,Polycondensation/Polymer_reaction,C1=CC(=C(C=C1C(C2=CC(=C(C=C2)O)N)(C(F)(F)F)C(F)(F)F)N)O,C1=CC(=CC(=C1)C(=O)Cl)C(=O)Cl,*c1ccc2oc(-c3cccc(-c4nc5cc(C(*)(C(F)(F)F)C(F)(F)F)ccc5o4)c3)nc2c1,"Polyoxides/ethers/acetals, Polyimines"
P430111,632695,102401581,Polycondensation,C1=CC(=CC=C1C2=CC=C(C=C2)OC3=CC=C(C=C3)N)OC4=CC=C(C=C4)N,C1=CC(=C2C(=C1)C(=O)N(C2=O)C3=CC=C(C=C3)C(=O)Cl)C4=CC5=C(C=C4)C(=O)N(C5=O)C6=CC=C(C=C6)C(=O)Cl,*c1ccc(C(=O)Nc2ccc(Oc3ccc(-c4ccc(Oc5ccc(NC(=O)c6ccc(N7C(=O)c8ccc(-c9cccc%10c9C(=O)N(*)C%10=O)cc8C7=O)cc6)cc5)cc4)cc3)cc2)cc1,"Polyimides/thioimides, Polyoxides/ethers/acetals, Polyamides/thioamides"
P432671,632695,101056143,Polycondensation,C1=CC(=CC=C1C2=CC=C(C=C2)OC3=CC=C(C=C3)N)OC4=CC=C(C=C4)N,C1=CC2=C(C=C1C(C3=CC4=C(C=C3)C(=O)N(C4=O)CC(=O)Cl)(C(F)(F)F)C(F)(F)F)C(=O)N(C2=O)CC(=O)Cl,*CC(=O)Nc1ccc(Oc2ccc(-c3ccc(Oc4ccc(NC(=O)CN5C(=O)c6ccc(C(c7ccc8c(c7)C(=O)N(*)C8=O)(C(F)(F)F)C(F)(F)F)cc6C5=O)cc4)cc3)cc2)cc1,"Polyimides/thioimides, Polyoxides/ethers/acetals, Polyamides/thioamides"
P432926,632695,15076663,Polycondensation,C1=CC(=CC=C1C2=CC=C(C=C2)OC3=CC=C(C=C3)N)OC4=CC=C(C=C4)N,C1=CC(=CC=C1N2C(=O)C3=C(C2=O)C=C(C=C3)C(=O)O)OC4=CC=C(C=C4)S(=O)(=O)C5=CC=C(C=C5)OC6=CC=C(C=C6)N7C(=O)C8=C(C7=O)C=C(C=C8)C(=O)O,*C(=O)Nc1ccc(Oc2ccc(-c3ccc(Oc4ccc(NC(=O)c5ccc6c(c5)C(=O)N(c5ccc(Oc7ccc(S(=O)(=O)c8ccc(Oc9ccc(N%10C(=O)c%11ccc(*)cc%11C%10=O)cc9)cc8)cc7)cc5)C6=O)cc4)cc3)cc2)cc1,"Polyimides/thioimides, Polyoxides/ethers/acetals, Polyamides/thioamides, Polysulfones/sulfoxides/sufonates/sulfoamides"
P432924,632695,11814666,Polycondensation,C1=CC(=CC=C1C2=CC=C(C=C2)OC3=CC=C(C=C3)N)OC4=CC=C(C=C4)N,CC(C)(C1=CC=C(C=C1)OC2=CC=C(C=C2)N3C(=O)C4=C(C3=O)C=C(C=C4)C(=O)O)C5=CC=C(C=C5)OC6=CC=C(C=C6)N7C(=O)C8=C(C7=O)C=C(C=C8)C(=O)O,*C(=O)Nc1ccc(Oc2ccc(-c3ccc(Oc4ccc(NC(=O)c5ccc6c(c5)C(=O)N(c5ccc(Oc7ccc(C(C)(C)c8ccc(Oc9ccc(N%10C(=O)c%11ccc(*)cc%11C%10=O)cc9)cc8)cc7)cc5)C6=O)cc4)cc3)cc2)cc1,"Polyimides/thioimides, Polyoxides/ethers/acetals, Polyamides/thioamides"
P433227,632695,101423509,Polycondensation,C1=CC(=CC=C1C2=CC=C(C=C2)OC3=CC=C(C=C3)N)OC4=CC=C(C=C4)N,CC(C)(C)C1=CC(=C(C=C1OC2=CC=CC3=C2C(=O)OC3=O)C(C)(C)C)OC4=CC=CC5=C4C(=O)OC5=O,*c1ccc(Oc2ccc(-c3ccc(Oc4ccc(N5C(=O)c6cccc(Oc7cc(C(C)(C)C)c(Oc8cccc9c8C(=O)N(*)C9=O)cc7C(C)(C)C)c6C5=O)cc4)cc3)cc2)cc1,"Polyimides/thioimides, Polyoxides/ethers/acetals"
P433241,632695,102209818,Polycondensation,C1=CC(=CC=C1C2=CC=C(C=C2)OC3=CC=C(C=C3)N)OC4=CC=C(C=C4)N,CC(C)(C)C1=CC(=C(C=C1OC2=CC3=C(C=C2)C(=O)OC3=O)C(C)(C)C)OC4=CC5=C(C=C4)C(=O)OC5=O,*c1ccc(Oc2ccc(-c3ccc(Oc4ccc(N5C(=O)c6ccc(Oc7cc(C(C)(C)C)c(Oc8ccc9c(c8)C(=O)N(*)C9=O)cc7C(C)(C)C)cc6C5=O)cc4)cc3)cc2)cc1,"Polyimides/thioimides, Polyoxides/ethers/acetals"
P370698,632695,2831813,Polycondensation,C1=CC(=CC=C1C2=CC=C(C=C2)OC3=CC=C(C=C3)N)OC4=CC=C(C=C4)N,C1=CC(=CC=C1C(=O)Cl)C(C2=CC=C(C=C2)C(=O)Cl)(C(F)(F)F)C(F)(F)F,*Oc1ccc(NC(=O)c2ccc(C(c3ccc(C(=O)Nc4ccc(Oc5ccc(-c6ccc(*)cc6)cc5)cc4)cc3)(C(F)(F)F)C(F)(F)F)cc2)cc1,"Polyoxides/ethers/acetals, Polyamides/thioamides"
P432807,632695,101988860,Polycondensation,C1=CC(=CC=C1C2=CC=C(C=C2)OC3=CC=C(C=C3)N)OC4=CC=C(C=C4)N,C1=CC(=CC(=C1)N2C(=O)C3=C(C2=O)C=C(C=C3)C(C4=CC5=C(C=C4)C(=O)N(C5=O)C6=CC=CC(=C6)C(=O)O)(C(F)(F)F)C(F)(F)F)C(=O)O,*c1ccc2c(c1)C(=O)N(c1cccc(C(=O)Nc3ccc(Oc4ccc(-c5ccc(Oc6ccc(NC(=O)c7cccc(N8C(=O)c9ccc(C(*)(C(F)(F)F)C(F)(F)F)cc9C8=O)c7)cc6)cc5)cc4)cc3)c1)C2=O,"Polyimides/thioimides, Polyoxides/ethers/acetals, Polyamides/thioamides"
P432691,632695,100974156,Polycondensation,C1=CC(=CC=C1C2=CC=C(C=C2)OC3=CC=C(C=C3)N)OC4=CC=C(C=C4)N,C1=CC(=CC=C1C(=O)O)N2C(=O)C3=C(C2=O)C=C(C=C3)C(C4=CC5=C(C=C4)C(=O)N(C5=O)C6=CC=C(C=C6)C(=O)O)(C(F)(F)F)C(F)(F)F,*c1ccc2c(c1)C(=O)N(c1ccc(C(=O)Nc3ccc(Oc4ccc(-c5ccc(Oc6ccc(NC(=O)c7ccc(N8C(=O)c9ccc(C(*)(C(F)(F)F)C(F)(F)F)cc9C8=O)cc7)cc6)cc5)cc4)cc3)cc1)C2=O,"Polyimides/thioimides, Polyoxides/ethers/acetals, Polyamides/thioamides"
P432906,632695,1069197,Polycondensation,C1=CC(=CC=C1C2=CC=C(C=C2)OC3=CC=C(C=C3)N)OC4=CC=C(C=C4)N,C1=CC(=CC(=C1)N2C(=O)C3=C(C2=O)C=C(C=C3)C(=O)O)N4C(=O)C5=C(C4=O)C=C(C=C5)C(=O)O,*C(=O)Nc1ccc(Oc2ccc(-c3ccc(Oc4ccc(NC(=O)c5ccc6c(c5)C(=O)N(c5cccc(N7C(=O)c8ccc(*)cc8C7=O)c5)C6=O)cc4)cc3)cc2)cc1,"Polyimides/thioimides, Polyoxides/ethers/acetals, Polyamides/thioamides"
P433210,632695,0,Polycondensation,C1=CC(=CC=C1C2=CC=C(C=C2)OC3=CC=C(C=C3)N)OC4=CC=C(C=C4)N,,*c1ccc(Oc2ccc(-c3ccc(Oc4ccc(N5C(=O)c6cccc(Oc7ccc(C(C)(C)c8ccc(Oc9cccc%10c9C(=O)N(*)C%10=O)cc8)cc7)c6C5=O)cc4)cc3)cc2)cc1,"Polyimides/thioimides, Polyoxides/ethers/acetals"
P432904,632695,403291,Polycondensation,C1=CC(=CC=C1C2=CC=C(C=C2)OC3=CC=C(C=C3)N)OC4=CC=C(C=C4)N,C1=CC(=CC=C1N2C(=O)C3=C(C2=O)C=C(C=C3)C(=O)O)N4C(=O)C5=C(C4=O)C=C(C=C5)C(=O)O,*C(=O)Nc1ccc(Oc2ccc(-c3ccc(Oc4ccc(NC(=O)c5ccc6c(c5)C(=O)N(c5ccc(N7C(=O)c8ccc(*)cc8C7=O)cc5)C6=O)cc4)cc3)cc2)cc1,"Polyimides/thioimides, Polyoxides/ethers/acetals, Polyamides/thioamides"
P372495,633763,399966,Polycondensation,C1=CC(=CC=C1C(=O)O)C(C2=CC=C(C=C2)C(=O)O)(C(F)(F)F)C(F)(F)F,C1C2CC3CC1CC(C2)C3(C4=CC=C(C=C4)OC5=CC=C(C=C5)N)C6=CC=C(C=C6)OC7=CC=C(C=C7)N,*Oc1ccc(NC(=O)c2ccc(C(c3ccc(C(=O)Nc4ccc(Oc5ccc(C6(c7ccc(*)cc7)C7CC8CC(C7)CC6C8)cc5)cc4)cc3)(C(F)(F)F)C(F)(F)F)cc2)cc1,"Polyoxides/ethers/acetals, Polyamides/thioamides"
P402246,633763,57701293,Polycondensation,C1=CC(=CC=C1C(=O)O)C(C2=CC=C(C=C2)C(=O)O)(C(F)(F)F)C(F)(F)F,C1=CC=C2C(=C1)C3=CC=CC=C3P(=O)(O2)C(C4=CC=C(C=C4)N)(C5=CC=C(C=C5)N)P6(=O)C7=CC=CC=C7C8=CC=CC=C8O6,*Nc1ccc(C(c2ccc(NC(=O)c3ccc(C(c4ccc(C(*)=O)cc4)(C(F)(F)F)C(F)(F)F)cc3)cc2)(P2(=O)Oc3ccccc3-c3ccccc32)P2(=O)Oc3ccccc3-c3ccccc32)cc1,Polyamides/thioamides
P432117,634491,102403755,Polycondensation,C1=CC=C(C=C1)C2=C(SC(=C2C3=CC=CC=C3)C4=CC=C(C=C4)N)C5=CC=C(C=C5)N,C1=CC=C(C=C1)C2=C(SC(=C2C3=CC=CC=C3)C4=CC=C(C=C4)N5C(=O)C6=C(C5=O)C=C(C=C6)C(=O)O)C7=CC=C(C=C7)N8C(=O)C9=C(C8=O)C=C(C=C9)C(=O)O,*C(=O)Nc1ccc(-c2sc(-c3ccc(NC(=O)c4ccc5c(c4)C(=O)N(c4ccc(-c6sc(-c7ccc(N8C(=O)c9ccc(*)cc9C8=O)cc7)c(-c7ccccc7)c6-c6ccccc6)cc4)C5=O)cc3)c(-c3ccccc3)c2-c2ccccc2)cc1,"Polyimides/thioimides, Polysulfides, Polyamides/thioamides"
P010106,637538,0,Ring_opening_polymerization,C1CCCCCC=CCCCC1,,*/C=C/CCCCCCCCCC*,Polydienes
P010106,637538,0,Ring_opening_polymerization,C1CCCCCC=CCCCC1,,*/C=C/CCCCCCCCCC*,Polydienes
P090343,637542,0,Polycondensation,C1=CC(=CC=C1C=CC(=O)O)O,,*Oc1ccc(/C=C/C(*)=O)cc1,Polyesters/thioesters
P360033,638070,0,Addition_polymerization,CC=CC(=C)C,,*CC(C)/C=C(/*)C,Polydienes
P500036,638070,1119,Polyaddition,CC=CC(=C)C,O=S=O,*C/C(C)=C/C(C)S(*)(=O)=O,Polysulfones/sulfoxides/sufonates/sulfoamides
P020194,639506,7521,Addition_polymerization,C1=CC=C(C=C1)C=CC2=CC=CC=N2,C=CC1=CC=CC=N1,*CC(c1ccccn1)C(c1ccccc1)C(*)c1ccccn1,"Polystyrenes, Polyvinyls"
P330079,640878,0,Addition_polymerization,C=CC(=O)N1C(=O)C2=CC=CC=C2S1,,*CC(*)C(=O)n1sc2ccccc2c1=O,Polyvinyls
P372195,640910,85817704,Polycondensation,C1=CC=C(C=C1)S(=O)(=O)C2=C(C=CC(=C2)O)O,C1=CC(=CC=C1C(=O)Cl)OCCCCCCCCCCCCOC2=CC=C(C=C2)C(=O)Cl,*Oc1ccc(OC(=O)c2ccc(OCCCCCCCCCCCCOc3ccc(C(*)=O)cc3)cc2)cc1S(=O)(=O)c1ccccc1,"Polyoxides/ethers/acetals, Polyesters/thioesters"
P410033,641496,0,Ring_opening_polymerization,C1CNC(=O)OC1,,*CCCNC(=O)O*,Polyurethanes/thiourethanes
P370242,642975,0,Ring_opening_polymerization,C1CCCC2C(O2)CC1,,*OC1CCCCCCC1*,Polyoxides/ethers/acetals
P432968,643190,7501,Addition_polymerization,CC(C)(C)N1C(=O)C=CC1=O,C=CC1=CC=CC=C1,*CC(c1ccccc1)C1C(=O)N(C(C)(C)C)C(=O)C1*,Polyimides/thioimides
P432260,652379,0,Ring_opening_polymerization,CC1=CC(=CC=C1)N2C(=O)C3C4CC(C3C2=O)C=C4,,*/C=C/C1CC(*)C2C(=O)N(c3cccc(C)c3)C(=O)C12,Polyimides/thioimides
P402373,652960,101500546,Polycondensation,C1=CC=C2C(=C1)NC(=N2)C3=CC(=CC(=C3)N)N,C1=CC=C2C(=C1)C(=O)N(C2=O)C3=CC(=CC(=C3)C4=NC5=C(N4)C=C(C=C5)C(=O)O)C6=NC7=C(N6)C=C(C=C7)C(=O)O,*C(=O)Nc1cc(NC(=O)c2ccc3[nH]c(-c4cc(-c5nc6cc(*)ccc6[nH]5)cc(N5C(=O)c6ccccc6C5=O)c4)nc3c2)cc(-c2nc3ccccc3[nH]2)c1,"Polyamides/thioamides, Polyimines"
P320048,674252,0,Addition_polymerization,COC(=O)C(=CC1=CC=CC=C1)C#N,,*CC(NC=O)C(c1ccccc1)C(*)(C#N)C(=O)OC,"Polystyrenes, Polyacrylics, Polyvinyls"
P342238,681767,0,Addition_polymerization,C1CN(CCN1C2=CC(=CC=C2)Cl)C(=O)C3=CC=C(C=C3)F,,*CC(*)C(=O)OCCOCCOC,"Polyacrylics, Polyvinyls"
P373774,688263,20449551,Polycondensation,C1=CC(=CC(=C1)C(=O)C2=CC=C(C=C2)F)C(=O)C3=CC=C(C=C3)F,C1CCC2CC(CCC2C1)(C3=CC=C(C=C3)O)C4=CC=C(C=C4)O,*Oc1ccc(C2(c3ccc(Oc4ccc(C(=O)c5cccc(C(=O)c6ccc(*)cc6)c5)cc4)cc3)CCC3CCCCC3C2)cc1,"Polyoxides/ethers/acetals, Polyketones/thioketones"
P373243,688263,23672329,Polycondensation,C1=CC(=CC(=C1)C(=O)C2=CC=C(C=C2)F)C(=O)C3=CC=C(C=C3)F,C1=CC(=C(C=C1O)S(=O)(=O)[O-])O.[K+],*Oc1ccc(Oc2ccc(C(=O)c3cccc(C(=O)c4ccc(*)cc4)c3)cc2)cc1S(=O)(=O)O,"Polyoxides/ethers/acetals, Polyketones/thioketones"
P490003,735940,0,Addition_polymerization,CC(=O)C=CC1=CC=CO1,,*CC(=O)CC(*)c1ccco1,Polyketones/thioketones
P462431,735960,7814,Polycondensation,C1=CC=C(C=C1)C(=O)C=CC(=O)C2=CC=CC=C2,C1=CC(=CC=C1N)N,*=Nc1ccc(/N=C(/C=C/C(=*)c2ccccc2)c2ccccc2)cc1,Polyimines
P150081,754769,10040,Polycondensation,CC1CCC(CC1)(C2=CC=C(C=C2)O)C3=CC=C(C=C3)O,C(=S)(Cl)Cl,*Oc1ccc(C2(c3ccc(OC(*)=S)cc3)CCC(C)CC2)cc1,Polycarbonates/thiocarbonates
P510028,762883,0,Polycondensation,C1=CC=C2C(=C1)N=C(O2)C3=C(C=C(C=C3)Cl)Cl,,*c1ccc(-c2nc3ccccc3o2)c(*)c1,Polyphenylenes
P430161,765170,12374,Polycondensation,COC(=O)C1=CC=C(C=C1)N2C(=O)C3=C(C2=O)C=C(C=C3)C(=O)OC,C(CCCO)CCO,*C(=O)OCCCCCCOC(=O)c1ccc(N2C(=O)c3ccc(*)cc3C2=O)cc1,"Polyimides/thioimides, Polyesters/thioesters"
P430161,3557802,12374,Polycondensation,C1=CC(=CC=C1C(=O)Cl)N2C(=O)C3=C(C2=O)C=C(C=C3)C(=O)Cl,C(CCCO)CCO,*C(=O)OCCCCCCOC(=O)c1ccc(N2C(=O)c3ccc(*)cc3C2=O)cc1,"Polyimides/thioimides, Polyesters/thioesters"
P430162,765170,12381,Polycondensation,COC(=O)C1=CC=C(C=C1)N2C(=O)C3=C(C2=O)C=C(C=C3)C(=O)OC,C(CCCO)CCCO,*C(=O)OCCCCCCCOC(=O)c1ccc(N2C(=O)c3ccc(*)cc3C2=O)cc1,"Polyimides/thioimides, Polyesters/thioesters"
P430162,3557802,12381,Polycondensation,C1=CC(=CC=C1C(=O)Cl)N2C(=O)C3=C(C2=O)C=C(C=C3)C(=O)Cl,C(CCCO)CCCO,*C(=O)OCCCCCCCOC(=O)c1ccc(N2C(=O)c3ccc(*)cc3C2=O)cc1,"Polyimides/thioimides, Polyesters/thioesters"
P462324,776222,13614261,Polyaddition,C1=CN=CC=C1C=CC2=CC=NC=C2,CS(=O)(=O)OCCCCCCCCCCCCOS(=O)(=O)C,*CCCCCCCCCCCC[n+]1ccc(/C=C/c2cc[n+](*)cc2)cc1,Polyimines
P430073,829729,71006,Polycondensation,C1=CC2=C(C=C1C(=O)O)C(=O)N(C2=O)CCCC(=O)O,CC(=O)OC1=CC=C(C=C1)OC(=O)C,*CCCC(=O)Oc1ccc(OC(=O)c2ccc3c(c2)C(=O)N(*)C3=O)cc1,"Polyimides/thioimides, Polyesters/thioesters"
P390211,1015390,4324724,Polycondensation,C1=CC=C2C(=C1)N=NN2C(=O)C3=CC=C(C=C3)C(=O)N4C5=CC=CC=C5N=N4,C1=CC(=CC(=C1)C(=O)NCCO)C(=O)NCCO,*CCNC(=O)c1cccc(C(=O)NCCOC(=O)c2ccc(C(=O)O*)cc2)c1,"Polyesters/thioesters, Polyamides/thioamides"
P432909,1107278,5235268,Polycondensation,COC1=CC(=C(C=C1C=NNC(=O)C2=CC(=NN2)C3=CC=C(C=C3)Cl)OC)OC,C1=CC(=CC=C1CC2=CC=C(C=C2)N3C(=O)C4=C(C3=O)C=C(C=C4)C(=O)O)N5C(=O)C6=C(C5=O)C=C(C=C6)C(=O)O,*C(=O)Nc1ccc(Oc2ccccc2-c2ccccc2Oc2ccc(NC(=O)c3ccc4c(c3)C(=O)N(c3ccc(Cc5ccc(N6C(=O)c7ccc(*)cc7C6=O)cc5)cc3)C4=O)cc2)cc1,"Polyimides/thioimides, Polyoxides/ethers/acetals, Polyamides/thioamides"
P432923,1107278,11814666,Polycondensation,COC1=CC(=C(C=C1C=NNC(=O)C2=CC(=NN2)C3=CC=C(C=C3)Cl)OC)OC,CC(C)(C1=CC=C(C=C1)OC2=CC=C(C=C2)N3C(=O)C4=C(C3=O)C=C(C=C4)C(=O)O)C5=CC=C(C=C5)OC6=CC=C(C=C6)N7C(=O)C8=C(C7=O)C=C(C=C8)C(=O)O,*C(=O)Nc1ccc(Oc2ccccc2-c2ccccc2Oc2ccc(NC(=O)c3ccc4c(c3)C(=O)N(c3ccc(Oc5ccc(C(C)(C)c6ccc(Oc7ccc(N8C(=O)c9ccc(*)cc9C8=O)cc7)cc6)cc5)cc3)C4=O)cc2)cc1,"Polyimides/thioimides, Polyoxides/ethers/acetals, Polyamides/thioamides"
P432925,1107278,15076663,Polycondensation,COC1=CC(=C(C=C1C=NNC(=O)C2=CC(=NN2)C3=CC=C(C=C3)Cl)OC)OC,C1=CC(=CC=C1N2C(=O)C3=C(C2=O)C=C(C=C3)C(=O)O)OC4=CC=C(C=C4)S(=O)(=O)C5=CC=C(C=C5)OC6=CC=C(C=C6)N7C(=O)C8=C(C7=O)C=C(C=C8)C(=O)O,*C(=O)Nc1ccc(Oc2ccccc2-c2ccccc2Oc2ccc(NC(=O)c3ccc4c(c3)C(=O)N(c3ccc(Oc5ccc(S(=O)(=O)c6ccc(Oc7ccc(N8C(=O)c9ccc(*)cc9C8=O)cc7)cc6)cc5)cc3)C4=O)cc2)cc1,"Polyimides/thioimides, Polyoxides/ethers/acetals, Polyamides/thioamides, Polysulfones/sulfoxides/sufonates/sulfoamides"
P432917,1107279,3091520,Polycondensation,C1=CC=C(C(=C1)C2=CC=CC=C2OC3=CC=C(C=C3)N)OC4=CC=C(C=C4)N,C1=CC(=CC(=C1)OC2=CC=C(C=C2)N3C(=O)C4=C(C3=O)C=C(C=C4)C(=O)O)OC5=CC=C(C=C5)N6C(=O)C7=C(C6=O)C=C(C=C7)C(=O)O,*C(=O)Nc1ccc(Oc2ccccc2-c2ccccc2Oc2ccc(NC(=O)c3ccc4c(c3)C(=O)N(c3ccc(Oc5cccc(Oc6ccc(N7C(=O)c8ccc(*)cc8C7=O)cc6)c5)cc3)C4=O)cc2)cc1,"Polyimides/thioimides, Polyoxides/ethers/acetals, Polyamides/thioamides"
P432678,1107282,101056143,Polycondensation,C1=CC(=CC=C1C2=NN=C(O2)C3=CC=C(C=C3)OC4=CC=C(C=C4)N)OC5=CC=C(C=C5)N,C1=CC2=C(C=C1C(C3=CC4=C(C=C3)C(=O)N(C4=O)CC(=O)Cl)(C(F)(F)F)C(F)(F)F)C(=O)N(C2=O)CC(=O)Cl,*c1ccc(Oc2ccc(NC(=O)CN3C(=O)c4ccc(C(c5ccc6c(c5)C(=O)N(CC(=O)Nc5ccc(Oc7ccc(-c8nnc(*)o8)cc7)cc5)C6=O)(C(F)(F)F)C(F)(F)F)cc4C3=O)cc2)cc1,"Polyimides/thioimides, Polyoxides/ethers/acetals, Polyamides/thioamides, Polyimines"
P373491,1107282,12092507,Polycondensation,C1=CC(=CC=C1C2=NN=C(O2)C3=CC=C(C=C3)OC4=CC=C(C=C4)N)OC5=CC=C(C=C5)N,CC(=O)OC1=CC=C(C=C1)C(=O)NC2=CC(=CC(=C2)C(=O)Cl)C(=O)Cl,*c1ccc(Oc2ccc(NC(=O)c3cc(NC(=O)c4ccc(OC(C)=O)cc4)cc(C(=O)Nc4ccc(Oc5ccc(-c6nnc(*)o6)cc5)cc4)c3)cc2)cc1,"Polyoxides/ethers/acetals, Polyamides/thioamides, Polyimines"
P370627,1115398,102402149,Polycondensation,C1=CC=C(C=C1)C(=O)C2=C(C=CC(=C2)OC3=CC(=C(C=C3)N)C(=O)C4=CC=CC=C4)N,CC(=O)C1=CC=C(C=C1)OC2=CC=C(C=C2)C(=O)CC3=CC=CC=C3,*c1ccc(Oc2ccc(-c3cc(-c4ccccc4)c4cc(Oc5ccc6nc(*)c(-c7ccccc7)c(-c7ccccc7)c6c5)ccc4n3)cc2)cc1,"Polyoxides/ethers/acetals, Polyimines"
P370639,1115398,102272330,Polycondensation,C1=CC=C(C=C1)C(=O)C2=C(C=CC(=C2)OC3=CC(=C(C=C3)N)C(=O)C4=CC=CC=C4)N,CC(=O)C1=CC=C(C=C1)C2=CC=C(C=C2)C3=CC=C(C=C3)C4=CC=C(C=C4)C(=O)C,*c1ccc(-c2ccc(-c3ccc(-c4ccc(-c5cc(-c6ccccc6)c6cc(Oc7ccc8nc(*)cc(-c9ccccc9)c8c7)ccc6n5)cc4)cc3)cc2)cc1,"Polyoxides/ethers/acetals, Polyimines"
P402374,1211926,8861,Polycondensation,C1=CC(=CC(=C1)C2=NC3=C(N2)C=C(C=C3)C(=O)O)C4=NC5=C(N4)C=C(C=C5)C(=O)O,C1=CC(=NC(=C1)N)N,*C(=O)Nc1cccc(NC(=O)c2ccc3[nH]c(-c4cccc(-c5nc6cc(*)ccc6[nH]5)c4)nc3c2)n1,"Polyamides/thioamides, Polyimines"
P392063,1550234,4246116,Polycondensation,COC1=C(C=CC(=C1)C=C2CCCC(=CC3=CC(=C(C=C3)O)OC)C2=O)O,C1=CC(=CC=C1C(=O)Cl)N=NC2=CC=C(C=C2)C(=O)Cl,*Oc1ccc(/C=C2\CCC/C(=C\c3ccc(OC(=O)c4ccc(/N=N/c5ccc(C(*)=O)cc5)cc4)c(OC)c3)C2=O)cc1OC,"Polyesters/thioesters, Polyimines, Polyketones/thioketones"
P373602,1550234,12368,Polycondensation,COC1=C(C=CC(=C1)C=C2CCCC(=CC3=CC(=C(C=C3)O)OC)C2=O)O,C(CCCBr)CCBr,*CCCCCCOc1ccc(/C=C2\CCC/C(=C\c3ccc(O*)c(OC)c3)C2=O)cc1OC,"Polyoxides/ethers/acetals, Polyketones/thioketones"
P462339,1550330,54480151,Polycondensation,C1CC(=CC2=CC=CC=C2)C(=O)C(=CC3=CC=CC=C3)C1,C1=CC(=CC(=C1)N=NC2=CC=CC(=C2)C(=O)Cl)C(=O)Cl,*/N=N/c1cccc(C(=O)c2ccc(/C=C3\CCC/C(=C\c4ccc(C(=O)c5cccc(*)c5)cc4)C3=O)cc2)c1,"Polyimines, Polyketones/thioketones"
P340034,1714882,0,Addition_polymerization,CC(=C)C(=O)OCCN1C2=CC=CC=C2C3=CC=CC=C31,,*CC(*)(C)C(=O)OCCn1c2ccccc2c2ccccc21,"Polyacrylics, Polyvinyls"
P432488,1726561,82437,Polycondensation,C1=CC2=C(C=C1C(=O)O)C(=O)N(C2=O)CCCCCC(=O)O,CC(=O)OC1=CC=C(C=C1)C(C)(C)C2=CC=C(C=C2)OC(=O)C,*CCCCCC(=O)Oc1ccc(C(C)(C)c2ccc(OC(=O)c3ccc4c(c3)C(=O)N(*)C4=O)cc2)cc1,"Polyimides/thioimides, Polyesters/thioesters"
P432487,1726561,594930,Polycondensation,C1=CC2=C(C=C1C(=O)O)C(=O)N(C2=O)CCCCCC(=O)O,CC(=O)OC1=CC2=C(C=C1)C=C(C=C2)OC(=O)C,*CCCCCC(=O)Oc1ccc2ccc(OC(=O)c3ccc4c(c3)C(=O)N(*)C4=O)cc2c1,"Polyimides/thioimides, Polyesters/thioesters"
P432490,1726561,12611569,Polycondensation,C1=CC2=C(C=C1C(=O)O)C(=O)N(C2=O)CCCCCC(=O)O,CC(=O)OC1=CC=C(C=C1)C2(CCCCC2)C3=CC=C(C=C3)OC(=O)C,*CCCCCC(=O)Oc1ccc(C2(c3ccc(OC(=O)c4ccc5c(c4)C(=O)N(*)C5=O)cc3)CCCCC2)cc1,"Polyimides/thioimides, Polyesters/thioesters"
P430069,1726561,604281,Polycondensation,C1=CC2=C(C=C1C(=O)O)C(=O)N(C2=O)CCCCCC(=O)O,CC(=O)OC1=CC=C(C=C1)C2=CC=C(C=C2)OC(=O)C,*CCCCCC(=O)Oc1ccc(-c2ccc(OC(=O)c3ccc4c(c3)C(=O)N(*)C4=O)cc2)cc1,"Polyimides/thioimides, Polyesters/thioesters"
P392066,1909086,54480151,Polycondensation,C1CC(=CC2=CC=C(C=C2)O)C(=O)C(=CC3=CC=C(C=C3)O)C1,C1=CC(=CC(=C1)N=NC2=CC=CC(=C2)C(=O)Cl)C(=O)Cl,*Oc1ccc(/C=C2\CCC/C(=C\c3ccc(OC(=O)c4cccc(/N=N/c5cccc(C(*)=O)c5)c4)cc3)C2=O)cc1,"Polyesters/thioesters, Polyimines, Polyketones/thioketones"
P390429,1909086,102403295,Polycondensation,C1CC(=CC2=CC=C(C=C2)O)C(=O)C(=CC3=CC=C(C=C3)O)C1,C1=CC(=CC=C1C=NC2=CC=C(C=C2)C(=O)Cl)C=NC3=CC=C(C=C3)C(=O)Cl,*Oc1ccc(/C=C2\CCC/C(=C\c3ccc(OC(=O)c4ccc(/N=C/c5ccc(/C=N/c6ccc(C(*)=O)cc6)cc5)cc4)c(OC)c3)C2=O)cc1OC,"Polyesters/thioesters, Polyimines, Polyketones/thioketones"
P390428,1909086,102403295,Polycondensation,C1CC(=CC2=CC=C(C=C2)O)C(=O)C(=CC3=CC=C(C=C3)O)C1,C1=CC(=CC=C1C=NC2=CC=C(C=C2)C(=O)Cl)C=NC3=CC=C(C=C3)C(=O)Cl,*Oc1ccc(/C=C2\CCC/C(=C\c3ccc(OC(=O)c4ccc(/N=C/c5ccc(/C=N/c6ccc(C(*)=O)cc6)cc5)cc4)cc3)C2=O)cc1,"Polyesters/thioesters, Polyimines, Polyketones/thioketones"
P392050,1909086,75374,Polycondensation,C1CC(=CC2=CC=C(C=C2)O)C(=O)C(=CC3=CC=C(C=C3)O)C1,C1=CC(=CC=C1C2=CC=C(C=C2)C(=O)Cl)C(=O)Cl,*Oc1ccc(/C=C2\CCC/C(=C\c3ccc(OC(=O)c4ccc(-c5ccc(C(*)=O)cc5)cc4)cc3)C2=O)cc1,"Polyesters/thioesters, Polyketones/thioketones"
P392255,1909086,65578,Polycondensation,C1CC(=CC2=CC=C(C=C2)O)C(=O)C(=CC3=CC=C(C=C3)O)C1,C(=O)(C(=O)Cl)Cl,*Oc1ccc(/C=C2\CCC/C(=C\c3ccc(OC(=O)C(*)=O)cc3)C2=O)cc1,"Polyesters/thioesters, Polyketones/thioketones"
P452013,1991256,6371,Polycondensation,C(CCCCCCS)CCCCCS,C(=O)(Cl)Cl,*CCCCCCCCCCCCSC(=O)S*,Polycarbonates/thiocarbonates
P392566,2179802,0,Polycondensation,C1=CC=C(C=C1)OC(=O)C2=CC=C(C=C2)C3=CC=C(C=C3)C(=O)OC4=CC=CC=C4,,*OC(COC(=O)c1ccc(-c2ccc(C(*)=O)cc2)cc1)COc1ccc(/N=N/c2ccc(C#N)cc2)cc1,Polyesters/thioesters
P150087,2288503,10040,Polycondensation,CCC(CC)(C1=CC=C(C=C1)O)C2=CC=C(C=C2)O,C(=S)(Cl)Cl,*Oc1ccc(C(CC)(CC)c2ccc(OC(*)=S)cc2)cc1,Polycarbonates/thiocarbonates
P390042,2288503,7451,Polycondensation,CCC(CC)(C1=CC=C(C=C1)O)C2=CC=C(C=C2)O,C1=CC(=CC(=C1)C(=O)Cl)C(=O)Cl,*Oc1ccc(C(CC)(CC)c2ccc(OC(=O)c3cccc(C(*)=O)c3)cc2)cc1,Polyesters/thioesters
P430460,2303422,102402494,Polycondensation,C1=CC(=CC2=C1C=CC(=C2)OC3=CC=C(C=C3)N)OC4=CC=C(C=C4)N,C1=CC(=CC2=C1C=CC(=C2)OC3=CC=C(C=C3)N4C(=O)C5=C(C4=O)C=C(C=C5)C(=O)O)OC6=CC=C(C=C6)N7C(=O)C8=C(C7=O)C=C(C=C8)C(=O)O,*C(=O)Nc1ccc(Oc2ccc3ccc(Oc4ccc(NC(=O)c5ccc6c(c5)C(=O)N(c5ccc(Oc7ccc8ccc(Oc9ccc(N%10C(=O)c%11ccc(*)cc%11C%10=O)cc9)cc8c7)cc5)C6=O)cc4)cc3c2)cc1,"Polyimides/thioimides, Polyoxides/ethers/acetals, Polyamides/thioamides"
P070524,2304752,0,Polyaddition,C1=CC=C2C(=C1)C=CC=C2OCCCCCCOC3=CC=CC4=CC=CC=C43,,*CCCCCCOc1ccc(-c2ccc(O*)c3ccccc23)c2ccccc12,Polyoxides/ethers/acetals
P372352,2308068,7488,Polycondensation,C1=CC(=CC(=C1)OCCOCCOC2=CC=CC(=C2)N)N,C1=CC(=CC=C1C(=O)Cl)C(=O)Cl,*CCOCCOc1cccc(NC(=O)c2ccc(C(=O)Nc3cccc(O*)c3)cc2)c1,"Polyoxides/ethers/acetals, Polyamides/thioamides"
P392520,2723701,101680013,Polycondensation,CC(CCC(=O)O)CC(=O)O,CC1=C(C=CC(=C1)O)N[N+](=O)C2=C(C=C(C=C2)O)C,*Oc1ccc(/N=N/c2ccc(OC(=O)CC(C)CCC(*)=O)cc2C)c(C)c1,"Polyesters/thioesters, Polyimines"
P380060,2733655,0,Polycondensation,CCCCCCCCCCCCC1=CSC=C1,,*c1cc(CCCCCCCCCCCC)c(*)s1,Polysulfides
P462054,2734429,0,Polycondensation,CC1=CC(=NC=C1Br)Br,,*c1cc(C)c(*)cn1,Polyimines
P432974,2736115,101988104,Polycondensation,C1=CC(=C(C=C1C2=CC(=C(C=C2)N)C(F)(F)F)C(F)(F)F)N,CC1=CC(=C(C(=C1N2C(=O)C3=C(C2=O)C=C(C=C3)C(=O)O)C)N4C(=O)C5=C(C4=O)C=C(C=C5)C(=O)O)C,*C(=O)Nc1ccc(-c2ccc(NC(=O)c3ccc4c(c3)C(=O)N(c3c(C)cc(C)c(N5C(=O)c6ccc(*)cc6C5=O)c3C)C4=O)cc2C(F)(F)F)c(C(F)(F)F)c1,"Polyimides/thioimides, Polyamides/thioamides"
P460247,2747674,11784159,Polycondensation,C1=CC=C(C=C1)C(=O)CC2=CC=C(C=C2)CC(=O)C3=CC=CC=C3,C1=CC=C(C=C1)C(=O)C2=C(C=CC(=C2)C3=CC(=C(C=C3)N)C(=O)C4=CC=CC=C4)N,*c1ccc(-c2c(-c3ccccc3)nc3ccc(-c4ccc5nc(-c6ccccc6)c(*)c(-c6ccccc6)c5c4)cc3c2-c2ccccc2)cc1,Polyimines
P080115,2749887,57260380,Polycondensation,C1=CC(=CC=C1CCN)CCN,C(CCCSCCCCCCC(=O)O)CCC(=O)O,*CCCCCCC(=O)NCCc1ccc(CCNC(=O)CCCCCCS*)cc1,"Polysulfides, Polyamides/thioamides"
P100366,2749887,2266,Polycondensation,C1=CC(=CC=C1CCN)CCN,C(CCCC(=O)O)CCCC(=O)O,*CCc1ccc(CCNC(=O)CCCCCCCC(=O)N*)cc1,Polyamides/thioamides
P400212,2754218,0,Ring_opening_polymerization,CC1(C(NC1=O)C2=CC=CC=C2)C,,*NC(c1ccccc1)C(C)(C)C(*)=O,Polyamides/thioamides
P080140,2754742,5192,Polycondensation,C1=CC(=C(C=C1C2=CC(=C(C=C2)N)S)S)N,C(CCCCC(=O)O)CCCC(=O)O,*CCCCCCCCc1nc2ccc(-c3ccc4nc(*)sc4c3)cc2s1,"Polysulfides, Polyimines"
P080136,2754742,8496,Polycondensation,C1=CC(=C(C=C1C2=CC(=C(C=C2)N)S)S)N,C1=CC(=CC(=C1)C(=O)O)C(=O)O,*c1cccc(-c2nc3ccc(-c4ccc5nc(*)sc5c4)cc3s2)c1,"Polysulfides, Polyimines"
P080136,2754742,69779,Polycondensation,C1=CC(=C(C=C1C2=CC(=C(C=C2)N)S)S)N,C1=CC=C(C=C1)OC(=O)C2=CC(=CC=C2)C(=O)OC3=CC=CC=C3,*c1cccc(-c2nc3ccc(-c4ccc5nc(*)sc5c4)cc3s2)c1,"Polysulfides, Polyimines"
P080136,2754742,7451,Polycondensation,C1=CC(=C(C=C1C2=CC(=C(C=C2)N)S)S)N,C1=CC(=CC(=C1)C(=O)Cl)C(=O)Cl,*c1cccc(-c2nc3ccc(-c4ccc5nc(*)sc5c4)cc3s2)c1,"Polysulfides, Polyimines"
P380044,2754742,7489,Polycondensation,C1=CC(=C(C=C1C2=CC(=C(C=C2)N)S)S)N,C1=CC(=CC=C1C(=O)O)C(=O)O,*c1ccc(-c2nc3ccc(-c4ccc5nc(*)sc5c4)cc3s2)cc1,"Polysulfides, Polyimines"
P372581,2756751,0,Addition_polymerization,C1=CC(=CC=C1C2=CC=C(C=C2)OC(=C(F)F)F)OC(=C(F)F)F,,*Oc1ccc(-c2ccc(OC3(F)C(*)(F)C(F)(F)C3(F)F)cc2)cc1,Polyoxides/ethers/acetals
P380042,2777982,12437310,Polycondensation,C(=S)(C(=S)N)N,C1=CC(=CC=C1CCCCCCC2=CC=C(C=C2)C(=O)CBr)C(=O)CBr,*c1ccc(CCCCCCc2ccc(-c3csc(-c4nc(*)cs4)n3)cc2)cc1,"Polysulfides, Polyimines"
P522014,2782527,0,Addition_polymerization,C=C(C(=O)OCC(C(C(C(C(C(F)F)(F)F)(F)F)(F)F)(F)F)(F)F)F,,*CC(*)(F)C(=O)OCC(F)(F)C(F)(F)C(F)(F)C(F)(F)C(F)(F)C(F)F,Other polymers
P520024,2782529,0,Addition_polymerization,C=C(C(=O)OCC(C(F)F)(F)F)F,,*CC(*)(F)C(=O)OCC(F)(F)C(F)F,Other polymers
P520022,2782531,0,Addition_polymerization,C=C(C(=O)OCC(F)(F)F)F,,*CC(*)(F)C(=O)OCC(F)(F)F,Other polymers
P430344,2795259,11020284,Polycondensation,CCCCC(CO)CO,C1=CC(=CC(=C1)C(=O)N=C=O)C(=O)N=C=O,*CC(CCCC)COC(=O)NC(=O)c1cccc(C(=O)NC(=O)O*)c1,"Polyimides/thioimides, Polyurethanes/thiourethanes"
P370034,2831290,83310,Polyaddition,C1C(O1)COC2=CC=C(C=C2)S(=O)(=O)C3=CC=C(C=C3)OCC4CO4,CC1=CC(=CC(=C1O)C)S(=O)(=O)C2=CC(=C(C(=C2)C)O)C,*CC(O)COc1ccc(S(=O)(=O)c2ccc(OCC(O)COc3c(C)cc(S(=O)(=O)c4cc(C)c(O*)c(C)c4)cc3C)cc2)cc1,"Polyoxides/ethers/acetals, Polysulfones/sulfoxides/sufonates/sulfoamides"
P040132,3016236,0,Addition_polymerization,CCCCCCCCCCCCCCNC(=O)C=C,,*CC(*)C(=O)NCCCCCCCCCCCCCC,"Polyacrylics, Polyvinyls"
P080081,3082180,11469725,Polycondensation,C(CSCCSCCN)N,C(COC(=O)Cl)COC(=O)Cl,*CCCOC(=O)NCCSCCSCCNC(=O)O*,"Polysulfides, Polyurethanes/thiourethanes"
P080065,3082180,75085,Polycondensation,C(CSCCSCCN)N,C(CCOC(=O)Cl)COC(=O)Cl,*CCCCOC(=O)NCCSCCSCCNC(=O)O*,"Polysulfides, Polyurethanes/thiourethanes"
P432504,3084646,43835941,Polycondensation,C1=CC(=C2C(=C1)C(=O)OC2=O)C3=CC4=C(C=C3)C(=O)OC4=O,C1=CC(=CC(=C1)OCCCCCCCCCCOC2=CC=CC(=C2)N)N,*c1cccc(OCCCCCCCCCCOc2cccc(N3C(=O)c4ccc(-c5cccc6c5C(=O)N(*)C6=O)cc4C3=O)c2)c1,"Polyimides/thioimides, Polyoxides/ethers/acetals"
P433593,3084646,66342,Polycondensation,C1=CC(=C2C(=C1)C(=O)OC2=O)C3=CC4=C(C=C3)C(=O)OC4=O,C1=CC(=CC(=C1)OC2=CC(=CC=C2)OC3=CC=CC(=C3)N)N,*c1cccc(Oc2cccc(Oc3cccc(N4C(=O)c5ccc(-c6cccc7c6C(=O)N(*)C7=O)cc5C4=O)c3)c2)c1,"Polyimides/thioimides, Polyoxides/ethers/acetals"
P433592,3084646,17201,Polycondensation,C1=CC(=C2C(=C1)C(=O)OC2=O)C3=CC4=C(C=C3)C(=O)OC4=O,C1=CC(=CC(=C1)OC2=CC=C(C=C2)N)OC3=CC=C(C=C3)N,*c1ccc(Oc2cccc(Oc3ccc(N4C(=O)c5ccc(-c6cccc7c6C(=O)N(*)C7=O)cc5C4=O)cc3)c2)cc1,"Polyimides/thioimides, Polyoxides/ethers/acetals"
P433590,3084646,75871,Polycondensation,C1=CC(=C2C(=C1)C(=O)OC2=O)C3=CC4=C(C=C3)C(=O)OC4=O,C1=CC(=CC(=C1)OC2=CC=C(C=C2)N)N,*c1ccc(Oc2cccc(N3C(=O)c4ccc(-c5cccc6c5C(=O)N(*)C6=O)cc4C3=O)c2)cc1,"Polyimides/thioimides, Polyoxides/ethers/acetals"
P433667,3091393,0,Polycondensation,C1=CC(=CC=C1N)SC2=CC=C(C=C2)OC3=CC=C(C=C3)SC4=CC=C(C=C4)N,,*C(=O)Nc1ccc(C2(c3ccc(NC(=O)c4ccc5c(c4)C(=O)N(c4ccc(Sc6ccc(Oc7ccc(Sc8ccc(N9C(=O)c%10ccc(*)cc%10C9=O)cc8)cc7)cc6)cc4)C5=O)cc3)c3ccccc3-c3ccccc32)cc1,"Polyimides/thioimides, Polyoxides/ethers/acetals, Polysulfides, Polyamides/thioamides"
P130317,3092369,8765,Polycondensation,C1=CC(=CC=C1OC(=O)C2=CC3=C(C=C2)C(=O)OC3=O)OC(=O)C4=CC5=C(C=C4)C(=O)OC5=O,C1=CC(=CC=C1N)SC2=CC=C(C=C2)N,*C(=O)Oc1ccc(OC(=O)c2ccc3c(c2)C(=O)N(c2ccc(Sc4ccc(N5C(=O)c6ccc(*)cc6C5=O)cc4)cc2)C3=O)cc1,"Polyimides/thioimides, Polysulfides, Polyesters/thioesters"
P372645,3092607,8452,Polycondensation,COC1=C(C=CC(=C1)C=O)OCCOC2=C(C=C(C=C2)C=O)OC,C1CCC(=O)C1,*CCOc1ccc(/C=C2\CC/C(=C\c3ccc(O*)c(OC)c3)C2=O)cc1OC,"Polyoxides/ethers/acetals, Polyketones/thioketones"
P430377,3095058,712,Polycondensation,CC1(CC(C2=C1C=CC(=C2)N)(C)C3=CC=C(C=C3)N)C,C=O,*c1ccc2c(c1)C(=O)N(c1cccc(C(=O)Nc3ccc4c(c3)C(C)(c3ccc(NC(=O)c5cccc(N6C(=O)c7ccc(C(*)(C(F)(F)F)C(F)(F)F)cc7C6=O)c5)cc3)CC4(C)C)c1)C2=O,"Polyimides/thioimides, Polyamides/thioamides"
P372288,3106722,101055925,Polycondensation,C1=CC=C(C=C1)C2=NC3=C(C=C(C=C3)OC4=CC=C(C=C4)N)N=C2C5=CC=C(C=C5)C6=NC7=C(C=CC(=C7)OC8=CC=C(C=C8)N)N=C6C9=CC=CC=C9,C1=CC=C2C(=C1)C(=O)N(C2=O)C3=CC(=C(C=C3)C(=O)Cl)C(=O)Cl,*c1ccc(-c2nc3cc(Oc4ccc(NC(=O)c5cc(C(=O)Nc6ccc(Oc7ccc8nc(-c9ccccc9)c(*)nc8c7)cc6)cc(N6C(=O)c7ccccc7C6=O)c5)cc4)ccc3nc2-c2ccccc2)cc1,"Polyoxides/ethers/acetals, Polyamides/thioamides, Polyimines"
P372018,3274958,0,Polycondensation,C1=C(C=C(C(=C1Br)O)Br)C(C2=CC(=C(C(=C2)Br)O)Br)(C(F)(F)F)C(F)(F)F,,*OP(=O)(Oc1ccc([N+](=O)[O-])cc1)Oc1c(Br)cc(C(c2cc(Br)c(*)c(Br)c2)(C(F)(F)F)C(F)(F)F)cc1Br,Polyoxides/ethers/acetals
P452026,3274958,10426,Polycondensation,C1=C(C=C(C(=C1Br)O)Br)C(C2=CC(=C(C(=C2)Br)O)Br)(C(F)(F)F)C(F)(F)F,C(=O)(OC(Cl)(Cl)Cl)Cl,*Oc1c(Br)cc(C(c2cc(Br)c(OC(*)=O)c(Br)c2)(C(F)(F)F)C(F)(F)F)cc1Br,Polycarbonates/thiocarbonates
P372017,3274958,248905,Polycondensation,C1=C(C=C(C(=C1Br)O)Br)C(C2=CC(=C(C(=C2)Br)O)Br)(C(F)(F)F)C(F)(F)F,CC1=CC=C(C=C1)OP(=O)(Cl)Cl,*OP(=O)(Oc1ccc(C)cc1)Oc1c(Br)cc(C(c2cc(Br)c(*)c(Br)c2)(C(F)(F)F)C(F)(F)F)cc1Br,Polyoxides/ethers/acetals
P392607,3485596,86214881,Polycondensation,C1=CC2=C(C=CC(=C2)C(=O)Cl)C=C1C(=O)Cl,C1=CC(=CC=C1CNC(=O)CCCO)CNC(=O)CCCO,*CCCC(=O)NCc1ccc(CNC(=O)CCCOC(=O)c2ccc3cc(C(=O)O*)ccc3c2)cc1,"Polyesters/thioesters, Polyamides/thioamides"
P392608,3485596,86214875,Polycondensation,C1=CC2=C(C=CC(=C2)C(=O)Cl)C=C1C(=O)Cl,C1=CC(=CC=C1NC(=O)CCCO)NC(=O)CCCO,*CCCC(=O)Nc1ccc(NC(=O)CCCOC(=O)c2ccc3cc(C(=O)O*)ccc3c2)cc1,"Polyesters/thioesters, Polyamides/thioamides"
P433456,3557802,6491,Polycondensation,C1=CC(=CC=C1C(=O)Cl)N2C(=O)C3=C(C2=O)C=C(C=C3)C(=O)Cl,CC1(C(=O)NC(=O)N1)C,*C(=O)N1C(=O)N(C(=O)c2ccc(N3C(=O)c4ccc(*)cc4C3=O)cc2)C(=O)C1(C)C,"Polyimides/thioimides, Polyureas/thioureas, Polyketones/thioketones"
P433457,3557802,82162,Polycondensation,C1=CC(=CC=C1C(=O)Cl)N2C(=O)C3=C(C2=O)C=C(C=C3)C(=O)Cl,CCC1(C(=O)NC(=O)N1)C,*C(=O)N1C(=O)N(C(=O)c2ccc(N3C(=O)c4ccc(*)cc4C3=O)cc2)C(=O)C1(C)CC,"Polyimides/thioimides, Polyureas/thioureas, Polyketones/thioketones"
P433458,3557802,1775,Polycondensation,C1=CC(=CC=C1C(=O)Cl)N2C(=O)C3=C(C2=O)C=C(C=C3)C(=O)Cl,C1=CC=C(C=C1)C2(C(=O)NC(=O)N2)C3=CC=CC=C3,*C(=O)N1C(=O)N(C(=O)c2ccc(N3C(=O)c4ccc(*)cc4C3=O)cc2)C(=O)C1(c1ccccc1)c1ccccc1,"Polyimides/thioimides, Polyureas/thioureas, Polyketones/thioketones"
P432251,3557802,7935,Polycondensation,C1=CC(=CC=C1C(=O)Cl)N2C(=O)C3=C(C2=O)C=C(C=C3)C(=O)Cl,C1=CC(=CC(=C1)N)N,*C(=O)Nc1cccc(NC(=O)c2ccc(N3C(=O)c4ccc(*)cc4C3=O)cc2)c1,"Polyimides/thioimides, Polyamides/thioamides"
P380036,3579602,458951,Polycondensation,C1=CC2=C(C=C1C(=O)O)C3=C(S2(=O)=O)C=CC(=C3)C(=O)O,C1=CC(=C(C=C1CC2=CC(=C(C=C2)N)N)N)N,*Cc1ccc2[nH]c(-c3ccc4c(c3)-c3cc(-c5nc6cc(*)ccc6[nH]5)ccc3S4(=O)=O)nc2c1,"Polyimines, Polysulfones/sulfoxides/sufonates/sulfoamides"
P432844,3591168,85862933,Polycondensation,B1(OCCCO1)C2=CC3=C(C=C2)C4=C(C3(CCCCCC)CCCCCC)C=C(C=C4)B5OCCCO5,CCCCN1C(=O)C(=C(C1=O)C2=CC=C(C=C2)Br)C3=CC=C(C=C3)Br,*C1=C(c2ccc(-c3ccc4c(c3)C(CCCCCC)(CCCCCC)c3cc(-c5ccc(*)cc5)ccc3-4)cc2)C(=O)N(CCCC)C1=O,Polyimides/thioimides
P432845,3591168,71442826,Polycondensation,B1(OCCCO1)C2=CC3=C(C=C2)C4=C(C3(CCCCCC)CCCCCC)C=C(C=C4)B5OCCCO5,CCCCCCCCN1C(=O)C(=C(C1=O)C2=CC=C(C=C2)Br)C3=CC=C(C=C3)Br,*C1=C(c2ccc(-c3ccc4c(c3)C(CCCCCC)(CCCCCC)c3cc(-c5ccc(*)cc5)ccc3-4)cc2)C(=O)N(CCCCCCCC)C1=O,Polyimides/thioimides
P512146,3591168,3273627,Polycondensation,B1(OCCCO1)C2=CC3=C(C=C2)C4=C(C3(CCCCCC)CCCCCC)C=C(C=C4)B5OCCCO5,CCCCCCC1=CC(=C(C=C1Br)CCCCCC)Br,*c1ccc2c(c1)C(CCCCCC)(CCCCCC)c1cc(-c3cc(CCCCCC)c(*)cc3CCCCCC)ccc1-2,Polyphenylenes
P100418,3683177,7488,Polycondensation,CCNC1=CC=C(C=C1)CC2=CC=C(C=C2)NCC,C1=CC(=CC=C1C(=O)Cl)C(=O)Cl,*C(=O)c1ccc(C(=O)N(CC)c2ccc(Cc3ccc(N(*)CC)cc3)cc2)cc1,Polyamides/thioamides
P373186,3764404,13192,Polyaddition,C1=CC=C2C(=C1)C3=CC=CC=C3C2(C4=CC=C(C=C4)OCCO)C5=CC=C(C=C5)OCCO,C(CCCN=C=O)CCN=C=O,*CCOC(=O)NCCCCCCNC(=O)OCCOc1ccc(C2(c3ccc(O*)cc3)c3ccccc3-c3ccccc32)cc1,"Polyoxides/ethers/acetals, Polyurethanes/thiourethanes"
P080141,3896847,3635569,Polycondensation,C1=CC(=CC(=C1)C(=S)N)C(=S)N,C1=CC(=CC=C1C(=O)CBr)OC2=CC=C(C=C2)C(=O)CBr,*c1ccc(Oc2ccc(-c3csc(-c4cccc(-c5nc(*)cs5)c4)n3)cc2)cc1,"Polyoxides/ethers/acetals, Polysulfides, Polyimines"
P380008,3896847,614540,Polycondensation,C1=CC(=CC(=C1)C(=S)N)C(=S)N,C1=CC(=CC=C1C(=O)CBr)C(=O)CBr,*c1cccc(-c2nc(-c3ccc(-c4csc(*)n4)cc3)cs2)c1,"Polysulfides, Polyimines"
P460010,4058493,101719005,Polycondensation,C1=CC(=CC(=C1)C2=NNN=N2)C3=NNN=N3,C1=CC=C(C=C1)N(C(=O)C2=CC(=CC=C2)C(=O)N(C3=CC=CC=C3)Cl)Cl,*c1cccc(-c2nnc(*)n2-c2ccccc2)c1,Polyimines
P460010,72700,7451,Polycondensation/Polymer_reaction,C1=CC(=CC(=C1)C(=O)NN)C(=O)NN,C1=CC(=CC(=C1)C(=O)Cl)C(=O)Cl,*c1cccc(-c2nnc(*)n2-c2ccccc2)c1,Polyimines
P382353,4130339,0,Polycondensation,COC1=CC=C(C=C1)C2=CSC=C2,,*c1cc(-c2ccc(OC)cc2)c(*)s1,Polysulfides
P433011,4138100,0,Polycondensation,CC1=C(C=CC(=C1)O)C2=C(C=C(C=C2)O)C,,*C(=O)Oc1ccc(-c2ccc(OC(=O)c3ccc4c(c3)C(=O)N(c3ccc(-c5ccc(N6C(=O)c7ccc(*)cc7C6=O)cc5C)c(C)c3)C4=O)cc2C)c(C)c1,"Polyimides/thioimides, Polyesters/thioesters"
P214593,4200703,0,Polycondensation,COC(=O)C1=C2CCC3=CC=C(CCC(=C1)C=C2)C=C3,,*CCc1ccc(*)c(C(=O)OC)c1,Polyphenylenes
P070128,4245470,16305,Polycondensation,C1=CC(=CC=C1OC2=CC=C(C=C2)S)S,C1=CC(=CC=C1OC2=CC=C(C=C2)Br)Br,*Oc1ccc(Sc2ccc(*)cc2)cc1,"Polyoxides/ethers/acetals, Polysulfides"
P372112,4245470,74843,Polycondensation,C1=CC(=CC=C1OC2=CC=C(C=C2)S)S,CC(C)(C1=CC=C(C=C1)OC(=O)Cl)C2=CC=C(C=C2)OC(=O)Cl,*Oc1ccc(SC(=O)Oc2ccc(C(C)(C)c3ccc(OC(=O)Sc4ccc(*)cc4)cc3)cc2)cc1,"Polyoxides/ethers/acetals, Polycarbonates/thiocarbonates"
P372933,4401294,102593505,Polycondensation,CCOC(=O)C(CCCCCBr)C(=O)OCC,C1=CC(=CC=C1N[N+](=O)C2=CC=C(C=C2)OCCCCCCO)OCCCCCCO,*CCCCCCOC(=O)C(CCCCCBr)C(=O)OCCCCCCOc1ccc(-n2on2-c2ccc(O*)cc2)cc1,"Polyoxides/ethers/acetals, Polyesters/thioesters, Polyimines"
P372026,4454346,67842,Polycondensation,C1C2CC3(CC1CC(C2)(C3)C4=CC=C(C=C4)O)C5=CC=C(C=C5)O,C1=CC(=CC=C1F)S(=O)(=O)C2=CC=C(C=C2)F,*Oc1ccc(S(=O)(=O)c2ccc(Oc3ccc(C45CC6CC(CC(c7ccc(*)cc7)(C6)C4)C5)cc3)cc2)cc1,"Polyoxides/ethers/acetals, Polysulfones/sulfoxides/sufonates/sulfoamides"
P100783,4552223,67165,Polycondensation,C(CN)CNC(=O)C(=O)NCCCN,C(CCCC(=O)Cl)CCCC(=O)Cl,*CCCNC(=O)CCCCCCCC(=O)NCCCNC(=O)C(=O)N*,Polyamides/thioamides
P130369,4616894,75494,Polycondensation,CC1=CC2=C(C=C1N)S(=O)(=O)C3=C2C=C(C(=C3)N)C,C1=CC2=C(C=C1C3=CC4=C(C=C3)C(=O)OC4=O)C(=O)OC2=O,*c1cc2c(cc1C)-c1cc(C)c(N3C(=O)c4ccc(-c5ccc6c(c5)C(=O)N(*)C6=O)cc4C3=O)cc1S2(=O)=O,"Polyimides/thioimides, Polysulfones/sulfoxides/sufonates/sulfoamides"
P372137,4657281,7489,Polycondensation,C1=CC(=CC=C1C(=O)C2=CC=C(C=C2)OC3=CC=C(C=C3)N)C(=O)C4=CC=C(C=C4)OC5=CC=C(C=C5)N,C1=CC(=CC=C1C(=O)O)C(=O)O,*Oc1ccc(Oc2ccc(C(=O)c3ccc(NC(=O)c4ccc(C(=O)Nc5ccc(C(=O)c6ccc(*)cc6)cc5)cc4)cc3)cc2)cc1,"Polyoxides/ethers/acetals, Polyamides/thioamides, Polyketones/thioketones"
P372149,4657281,5192,Polycondensation,C1=CC(=CC=C1C(=O)C2=CC=C(C=C2)OC3=CC=C(C=C3)N)C(=O)C4=CC=C(C=C4)OC5=CC=C(C=C5)N,C(CCCCC(=O)O)CCCC(=O)O,*Oc1ccc(Oc2ccc(C(=O)c3ccc(NC(=O)CCCCCCCCC(=O)Nc4ccc(C(=O)c5ccc(*)cc5)cc4)cc3)cc2)cc1,"Polyoxides/ethers/acetals, Polyamides/thioamides, Polyketones/thioketones"
P382160,5072754,0,Polycondensation,CCCCCCCCCCCCC1=C(SC(=C1)Br)Br,,*/C=C/c1cc(CCCCCCCCCCCC)c(*)s1,Polysulfides
P382190,5147814,0,Polycondensation,C1=CC(=CC=C1C2=CC=C(S2)Br)C3=CC=C(S3)Br,,*c1ccc(-c2ccc(-c3cc(CCCCCCCC)c(-c4ccc(*)s4)cc3CCCCCCCC)s2)cc1,Polysulfides
P380011,5161703,614540,Polycondensation,C1=CC(=NC(=C1)C(=S)N)C(=S)N,C1=CC(=CC=C1C(=O)CBr)C(=O)CBr,*c1ccc(-c2csc(-c3cccc(-c4nc(*)cs4)n3)n2)cc1,"Polysulfides, Polyimines"
P090425,5214895,8064,Polycondensation,C1=CC(=CC(=C1)N=C=O)C(=O)Cl,C(CCO)CO,*CCCCOC(=O)c1cccc(NC(=O)O*)c1,"Polyesters/thioesters, Polyurethanes/thiourethanes"
P522038,5246851,4547245,Addition_polymerization,C1=CC=C(C=C1)[As]2[As]([As]([As]([As]([As]2C3=CC=CC=C3)C4=CC=CC=C4)C5=CC=CC=C5)C6=CC=CC=C6)C7=CC=CC=C7,C#CC1=CC=C(C=C1)C#N,*/C=C(\c1ccc(C#N)cc1)[As](*)c1ccccc1,Other polymers
P210054,5250599,0,Addition_polymerization,C1=CC=C(C=C1)NC(=O)OCCCCC#CC#CCCCCOC(=O)NC2=CC=CC=C2,,*=C=C=C(CCCCOC(=O)Nc1ccccc1)C(=*)CCCCOC(=O)Nc1ccccc1,Polyvinyls
P402032,5257303,102402830,Polycondensation,C[Si](C)(C)NC1=CC=C(C=C1)N[Si](C)(C)C,CCCCCCCCCCCCCCCCSC1=C(C(=C(C(=C1SCCCCCCCCCCCCCCCC)C(=O)Cl)SCCCCCCCCCCCCCCCC)SCCCCCCCCCCCCCCCC)C(=O)Cl,*Nc1ccc(NC(=O)c2c(SCCCCCCCCCCCCCCCC)c(SCCCCCCCCCCCCCCCC)c(C(*)=O)c(SCCCCCCCCCCCCCCCC)c2SCCCCCCCCCCCCCCCC)cc1,Polyamides/thioamides
P382384,5278214,0,Ring_opening_polymerization,C1C2=CC=CC=C2CSS1,,*Cc1ccccc1CSS*,Polysulfides
P020184,5284459,0,Addition_polymerization,C1=CC=C(C=C1)C=C[N+](=O)[O-],,*C(c1ccccc1)C(*)[N+](=O)[O-],"Polystyrenes, Polyvinyls"
P460318,5284646,606648,Polycondensation,C1=CC(=CC=C1C=CC2=CC=C(C=C2)N)N,COC1=CC(=C(C=C1C=O)OC)C=O,*=Cc1cc(OC)c(/C=N/c2ccc(/C=C/c3ccc(N=*)cc3)cc2)cc1OC,Polyimines
P460317,5284646,12173,Polycondensation,C1=CC(=CC=C1C=CC2=CC=C(C=C2)N)N,C1=CC(=CC=C1C=O)C=O,*=Cc1ccc(/C=N/c2ccc(/C=C/c3ccc(N=*)cc3)cc2)cc1,Polyimines
P462064,5284646,0,Polycondensation/Polymer_reaction,C1=CC(=CC=C1C=CC2=CC=C(C=C2)N)N,,*/N=N/c1ccc(/C=C/c2ccc(*)cc2)cc1,Polyimines
P074489,5286094,76716,Polycondensation,C1=CC(=CC=C1C=CC(=O)C2=CC=C(C=C2)F)F,C1=CC=C2C(=C1)C3=CC=CC=C3C2(C4=CC=C(C=C4)O)C5=CC=C(C=C5)O,*Oc1ccc(C2(c3ccc(Oc4ccc(/C=C/C(=O)c5ccc(*)cc5)cc4)cc3)c3ccccc3-c3ccccc32)cc1,"Polyoxides/ethers/acetals, Polyketones/thioketones"
P030036,5323650,0,Addition_polymerization,CC=CC=CC(=O)OC,,*/C=C/C(C)C(*)C(=O)OC,Polyvinyls
P390225,5325908,0,Ring_opening_polymerization,C1C(OC1=O)C(Cl)(Cl)Cl,,*OC(C)(CC(*)=O)C(F)(F)F,Polyesters/thioesters
P390190,5331276,12917277,Polycondensation,CC(=C1C=CC(=O)C=C1)NNC(=C2C=CC(=O)C=C2)C,C(CCCCCCC(=O)Cl)CCCCCC(=O)Cl,*Oc1ccc(/C(C)=N/N=C(\C)c2ccc(OC(=O)CCCCCCCCCCCCC(*)=O)cc2)cc1,"Polyesters/thioesters, Polyimines"
P010020,5352586,0,Ring_opening_polymerization/Polymer_reaction,CC1CCCCCC=C1,,*CCCCCCCC(*)C,Polyolefins
P342159,5357078,0,Addition_polymerization,CC(C)OC(=O)C=CC(=O)OC(C)C,,*C(*)C(=O)OC(C)C,"Polyacrylics, Polyvinyls"
P030059,5365243,0,Addition_polymerization,CC=COC(C)C,,*C(C)C(*)OC(C)C,Polyvinyls
P030059,5463215,0,Addition_polymerization,CC=COC(C)C,,*C(C)C(*)OC(C)C,Polyvinyls
P050014,5365501,0,Addition_polymerization,C(=CF)F,,*C(*)F,Polyhalo-olefins
P342399,5365824,0,Addition_polymerization,CCCOC(=O)C=CC,,*C(C)C(*)C(=O)OCCC,"Polyacrylics, Polyvinyls"
P502023,5367612,1119,Addition_polymerization,CC=CC(=CC)C,O=S=O,*C(C)/C=C(\C)C(C)S(*)(=O)=O,Polysulfones/sulfoxides/sufonates/sulfoamides
P512085,5371178,0,Polycondensation,C1=CC(=O)C=CC1=NNC2=CC=C(C=C2)C(=O)O,,*c1cc(/N=N/c2ccc(C(=O)O)cc2)cc(*)c1O,Polyphenylenes
P210049,5386830,0,Addition_polymerization,C1=CC=NC(=C1)C=CC2=CC=C(C=C2)C=CC3=CC=CC=N3,,*c1ccc(C2C(c3ccccn3)C(*)C2c2ccccn2)cc1,Polyphenylenes
P030051,5462719,0,Addition_polymerization,COC=CC=C,,*/C=C/C(C*)OC,Polyvinyls
P340120,5463127,0,Addition_polymerization,CC=CC(=O)OC(C)(C)C,,*C(C)C(*)C(=O)OC(C)(C)C,"Polyacrylics, Polyvinyls"
P390427,5470829,102403295,Polycondensation,COC1=C(C=CC(=C1)C=C2CCC(=CC3=CC(=C(C=C3)O)OC)C2=O)O,C1=CC(=CC=C1C=NC2=CC=C(C=C2)C(=O)Cl)C=NC3=CC=C(C=C3)C(=O)Cl,*Oc1ccc(/C=C2\CC/C(=C\c3ccc(OC(=O)c4ccc(/N=C/c5ccc(/C=N/c6ccc(C(*)=O)cc6)cc5)cc4)c(OC)c3)C2=O)cc1OC,"Polyesters/thioesters, Polyimines, Polyketones/thioketones"
P392623,5709925,0,Polycondensation,C1=CC(=CC=C1[N+](=O)[O-])OC(=O)C=CC(=O)OC2=CC=C(C=C2)[N+](=O)[O-],,*CCCCOC(=O)C(Cc1ccccc1)NC(=O)/C=C/C(=O)NC(Cc1ccccc1)C(=O)O*,"Polyesters/thioesters, Polyamides/thioamides"
P402415,5919521,0,Polycondensation,C(=CC(=O)O)C(=O)NNC(=O)C=CC(=O)O,,*NNC(=O)/C=C/C(=O)Nc1cccc(/C=C2\CCC/C(=C\c3cccc(NC(=O)/C=C/C(*)=O)c3)C2=O)c1,"Polyamides/thioamides, Polyketones/thioketones"
P402414,5919521,0,Polycondensation,C(=CC(=O)O)C(=O)NNC(=O)C=CC(=O)O,,*NNC(=O)/C=C/C(=O)Nc1cccc(/C=C2\CC/C(=C\c3cccc(NC(=O)/C=C/C(*)=O)c3)C2=O)c1,"Polyamides/thioamides, Polyketones/thioketones"
P390039,6033433,0,Polycondensation,C(=CC(=O)[O-])C(=O)[O-].[Na+].[Na+],,*O[Sn](CCCC)(CCCC)OC(=O)/C=C/C(*)=O,Polyesters/thioesters
P373516,6422930,459111,Polycondensation,C1=CC(=CC=C1C=O)OCCCCOC2=CC=C(C=C2)C=O,C1=CC(=CC=C1C2=CSC(=N2)N)OC3=CC=C(C=C3)C4=CSC(=N4)N,*c1ccc(Oc2ccc(-c3csc(/N=C/c4ccc(OCCCCOc5ccc(/C=N/c6nc(*)cs6)cc5)cc4)n3)cc2)cc1,"Polyoxides/ethers/acetals, Polysulfides, Polyimines"
P130213,6610699,7579,Polycondensation,C1=CC(=CC(=C1)OC2=CC3=C(C=C2)C(=O)OC3=O)OC4=CC5=C(C=C4)C(=O)OC5=O,C1=CC(=CC=C1N)OC2=CC=C(C=C2)N,*c1ccc(Oc2ccc(N3C(=O)c4ccc(Oc5cccc(Oc6ccc7c(c6)C(=O)N(*)C7=O)c5)cc4C3=O)cc2)cc1,"Polyimides/thioimides, Polyoxides/ethers/acetals"
P130210,6610700,17201,Polycondensation,C1=CC(=CC=C1OC2=CC3=C(C=C2)C(=O)OC3=O)S(=O)(=O)C4=CC=C(C=C4)OC5=CC6=C(C=C5)C(=O)OC6=O,C1=CC(=CC(=C1)OC2=CC=C(C=C2)N)OC3=CC=C(C=C3)N,*c1ccc(Oc2cccc(Oc3ccc(N4C(=O)c5ccc(Oc6ccc(S(=O)(=O)c7ccc(Oc8ccc9c(c8)C(=O)N(*)C9=O)cc7)cc6)cc5C4=O)cc3)c2)cc1,"Polyimides/thioimides, Polyoxides/ethers/acetals, Polysulfones/sulfoxides/sufonates/sulfoamides"
P090360,6749546,66072,Polycondensation,COC1=CC(=CNC2=CC=CC3=C2C=CC=C3NC=C4C=CC(=O)C(=C4)OC)C=CC1=O,C(CCCCC(=O)Cl)CCCC(=O)Cl,*Oc1ccc(/C=N/c2cccc3c(/N=C/c4ccc(OC(=O)CCCCCCCCC(*)=O)c(OC)c4)cccc23)cc1OC,"Polyesters/thioesters, Polyimines"
P070580,6759360,14474483,Polycondensation,COC1=CC(=CNC2=CC=C(C=C2)OC3=CC=C(C=C3)NC=C4C=CC(=O)C(=C4)OC)C=CC1=O,C(CCC(=O)Cl)CC(=O)O,*Oc1ccc(/N=C/c2ccc(OC(=O)CCCCC(=O)Oc3ccc(/C=N/c4ccc(*)cc4)cc3OC)c(OC)c2)cc1,"Polyoxides/ethers/acetals, Polyesters/thioesters, Polyimines"
P390069,6778470,7488,Polycondensation,COC1=CC(=CNC2=CC=C(C=C2)C3=CC=C(C=C3)NC=C4C=CC(=O)C(=C4)OC)C=CC1=O,C1=CC(=CC=C1C(=O)Cl)C(=O)Cl,*Oc1ccc(/C=N/c2ccc(-c3ccc(/N=C/c4ccc(OC(=O)c5ccc(C(*)=O)cc5)c(OC)c4)cc3)cc2)cc1OC,"Polyesters/thioesters, Polyimines"
P422046,6793822,1176,Polycondensation(3-monomer+712),CCC(=C1C=CC(=O)C=C1O)NO,C(=O)(N)N,*Cc1c(O)c(CNC(=O)N*)cc(/C(CC)=N/O)c1O,Polyureas/thioureas
P373432,6847910,0,Polyaddition,C1COC(=C2C=CC=CC2=O)N1,,*CCNC(=O)c1ccccc1O*,"Polyoxides/ethers/acetals, Polyamides/thioamides"
P430436,7010431,15027174,Polycondensation,COC(=O)C1=CC(=CC(=C1)N)N,C1=C2C(=CC(=C1C(=O)C3=C(C=C4C(=C3)C(=O)OC4=O)Cl)Cl)C(=O)OC2=O,*C(=O)c1cc2c(cc1Cl)C(=O)N(c1cc(C(=O)OC)cc(N3C(=O)c4cc(*)c(Cl)cc4C3=O)c1)C2=O,"Polyimides/thioimides, Polyketones/thioketones"
P382330,7176329,0,Polycondensation,C1=CC(=CC=C1C2=CSC=C2)F,,*c1cc(-c2ccc(F)cc2)c(*)s1,Polysulfides
P390087,9793767,0,Ring_opening_polymerization,CC(C)(C)C1CC(=O)O1,,*OC(CC(*)=O)C(C)(C)C,Polyesters/thioesters
P010029,9877374,0,Addition_polymerization,CC(C=C)C1=CC=CC=C1,,*CC(*)C(C)c1ccccc1,Polyvinyls
P100734,9919396,534653,Polycondensation,C(CCCNC(=O)C(=O)NCCCCCCN)CCN,C(CCCC(=O)Cl)CCC(=O)Cl,*CCCCCCNC(=O)CCCCCCC(=O)NCCCCCCNC(=O)C(=O)N*,Polyamides/thioamides
P100712,9919396,67165,Polycondensation,C(CCCNC(=O)C(=O)NCCCCCCN)CCN,C(CCCC(=O)Cl)CCCC(=O)Cl,*CCCCCCNC(=O)CCCCCCCC(=O)NCCCCCCNC(=O)C(=O)N*,Polyamides/thioamides
P370025,10044424,66072,Polycondensation,C1=CC=C2C(=C1)C(C3=CC=CC=C3O2)(C4=CC=C(C=C4)O)C5=CC=C(C=C5)O,C(CCCCC(=O)Cl)CCCC(=O)Cl,*c1ccc(OC(=O)CCCCCCCCC(=O)Oc2ccc(C3(*)c4ccccc4Oc4ccccc43)cc2)cc1,"Polyoxides/ethers/acetals, Polyesters/thioesters"
P380142,10088279,0,Polycondensation,CCCCCCCCCCCCC1=C(SC=C1)C2=CC=CS2,,*c1ccc(-c2cc(CCCCCCCCCCCC)c(*)s2)s1,Polysulfides
P370366,10198903,11141804,Polycondensation,C1=CC(=O)C=CC1=C2C=C(NN2)C3=CC=C(C=C3)O,C1=CC(=CC=C1C(=O)C2=CC=C(C=C2)F)C(=O)C3=CC=C(C=C3)F,*c1ccc(Oc2ccc(C(=O)c3ccc(C(=O)c4ccc(Oc5ccc(-c6cc(*)[nH]n6)cc5)cc4)cc3)cc2)cc1,"Polyoxides/ethers/acetals, Polyimines, Polyketones/thioketones"
P390230,10307850,0,Ring_opening_polymerization,C=CC1CC(=O)O1,,*OC(C=C)CC(*)=O,Polyesters/thioesters
P340056,10313114,0,Addition_polymerization,CCNC(=O)C(=C)C,,*CC(*)(C)C(=O)NCC,"Polyacrylics, Polyvinyls"
P330104,10329681,0,Ring_opening_polymerization,C[Si](C)(C)C1CC2CC1C=C2,,*/C=C/C1CC(*)C([Si](C)(C)C)C1,Polyvinyls
P380104,10532853,0,Polycondensation,CCCCCCCCC1=C(SC(=C1)Br)C2=CC=C(S2)C3=CC=C(S3)C4=C(C=C(S4)Br)CCCCCCCC,,*c1ccc(-c2cc(CCCCCCCC)c(-c3ccc(-c4ccc(-c5sc(-c6ccc([Si](*)(C)C)s6)cc5CCCCCCCC)s4)s3)s2)s1,"Polysulfides, Polysiloxanes/silanes"
P090583,10587720,7451,Polycondensation,CCCCCCCCCCCC1=CC(=CC(=C1)O)O,C1=CC(=CC(=C1)C(=O)Cl)C(=O)Cl,*Oc1cc(CCCCCCCCCCC)cc(OC(=O)c2cccc(C(*)=O)c2)c1,Polyesters/thioesters
P472332,10599945,0,Polycondensation,C1=CC=C(C=C1)[Si](NC2=CC=C(C=C2)N[Si](C3=CC=CC=C3)(Cl)Cl)(Cl)Cl,,*O[SiH](*1=CC=CC=C1)Nc1ccc(cc1)N[Si](c1ccccc1)(O*)*,Polysiloxanes/silanes
P100083,10845438,8496,Polycondensation,CC(C)(C)C1=CC(=CC(=C1)CN)CN,C1=CC(=CC(=C1)C(=O)O)C(=O)O,*Cc1cc(CNC(=O)c2cccc(C(=O)N*)c2)cc(C(C)(C)C)c1,Polyamides/thioamides
P130194,10874832,17201,Polycondensation,C1=CC(=CC=C1C(=O)C2=CC=C(C=C2)OC3=CC4=C(C=C3)C(=O)OC4=O)OC5=CC6=C(C=C5)C(=O)OC6=O,C1=CC(=CC(=C1)OC2=CC=C(C=C2)N)OC3=CC=C(C=C3)N,*c1ccc(Oc2cccc(Oc3ccc(N4C(=O)c5ccc(Oc6ccc(C(=O)c7ccc(Oc8ccc9c(c8)C(=O)N(*)C9=O)cc7)cc6)cc5C4=O)cc3)c2)cc1,"Polyimides/thioimides, Polyoxides/ethers/acetals, Polyketones/thioketones"
P050027,10887850,0,Addition_polymerization,C=CCC(F)(F)F,,*CC(*)CC(F)(F)F,Polyhalo-olefins
P470133,10888071,0,Ring_opening_polymerization,C[Si]1(CC2=CC=CC=C21)C,,*Cc1ccccc1[Si](*)(C)C,Polysiloxanes/silanes
P370838,10892800,688263,Polycondensation,C1=CC=C(C=C1)C2=NC(=C(N2)C3=CC=C(C=C3)O)C4=CC=C(C=C4)O,C1=CC(=CC(=C1)C(=O)C2=CC=C(C=C2)F)C(=O)C3=CC=C(C=C3)F,*c1ccc(Oc2ccc(C(=O)c3cccc(C(=O)c4ccc(Oc5ccc(-c6nc(-c7ccccc7)[nH]c6*)cc5)cc4)c3)cc2)cc1,"Polyoxides/ethers/acetals, Polyimines, Polyketones/thioketones"
P370843,10892800,19097657,Polycondensation,C1=CC=C(C=C1)C2=NC(=C(N2)C3=CC=C(C=C3)O)C4=CC=C(C=C4)O,C1=CC(=CC=C1C(=O)C2=CC3=C(C=C2)C=C(C=C3)C(=O)C4=CC=C(C=C4)F)F,*c1ccc(Oc2ccc(C(=O)c3ccc4cc(C(=O)c5ccc(Oc6ccc(-c7nc(-c8ccccc8)[nH]c7*)cc6)cc5)ccc4c3)cc2)cc1,"Polyoxides/ethers/acetals, Polyimines, Polyketones/thioketones"
P370837,10892800,11141804,Polycondensation,C1=CC=C(C=C1)C2=NC(=C(N2)C3=CC=C(C=C3)O)C4=CC=C(C=C4)O,C1=CC(=CC=C1C(=O)C2=CC=C(C=C2)F)C(=O)C3=CC=C(C=C3)F,*c1ccc(Oc2ccc(C(=O)c3ccc(C(=O)c4ccc(Oc5ccc(-c6nc(-c7ccccc7)[nH]c6*)cc5)cc4)cc3)cc2)cc1,"Polyoxides/ethers/acetals, Polyimines, Polyketones/thioketones"
P462035,10910790,0,Ring_opening_polymerization/Polymer_reaction,C=CCCCCCCCCC1=NCCO1,,*CCN(*)C(=O)CCCCCCCCCCO,Polyimines
P330167,10924368,0,Ring_opening_polymerization,C1=CC=C(C=C1)COCC2C=CC2COCC3=CC=CC=C3,,*/C=C/C(COCc1ccccc1)C(*)COCc1ccccc1,Polyvinyls
P160008,10931449,0,Ring_opening_polymerization,CC(C)(C)C1=NCCO1,,*CCN(*)C(=O)C(C)(C)C,Polyimines
P380145,10944218,0,Polycondensation,CCCCOC1=CSC=C1OCCCC,,*c1sc(*)c(OCCCC)c1OCCCC,Polysulfides
P472017,10955943,0,Polycondensation,C[Si](C)(C1=CC=CC=C1)[Si](C)(Cl)Cl,,*[Si](*)(C)[Si](C)(C)c1ccccc1,Polysiloxanes/silanes
P372680,11003935,101026785,Polycondensation,C1=CC(=CC=C1[N+](=O)[O-])OC(=O)CCCCCC(=O)OC2=CC=C(C=C2)[N+](=O)[O-],CC(C(=O)OC1COC2C1OCC2OC(=O)C(C)N)N,*OC(=O)C(C)NC(=O)CCCCCC(=O)NC(C)C(=O)OC1COC2C(*)COC12,"Polyoxides/ethers/acetals, Polyesters/thioesters, Polyamides/thioamides"
P392189,11004750,102003298,Polycondensation,C1=CC(=CC=C1C(=O)OC2=CC=C(C=C2)C(=O)Cl)C(=O)OC3=CC=C(C=C3)C(=O)Cl,C1=CC=C(C=C1)OC2=C(C=CC(=C2)C(=O)NN)C(=O)NN,*Oc1ccc(C(=O)NNC(=O)c2ccc(C(=O)NNC(=O)c3ccc(OC(=O)c4ccc(C(*)=O)cc4)cc3)cc2Oc2ccccc2)cc1,"Polyesters/thioesters, Polyamides/thioamides"
P014525,11007845,0,Addition_polymerization,CC(C)(C)C(=C)C=C,,*CC/C=C(/*)C(C)(C)C,Polydienes
P510052,11014247,0,Polycondensation,C1=CC=C(C=C1)C2=CC=C(C=C2)C3=CC=C(C=C3)C4=C(C=CC(=C4)Cl)Cl,,*c1ccc(*)c(-c2ccc(-c3ccc(-c4ccccc4)cc3)cc2)c1,Polyphenylenes
P370603,11014345,22023798,Polycondensation,CC1=C(C=CC(=C1)C2(C3=CC=CC=C3C4=CC=CC=C42)C5=CC(=C(C=C5)O)C)O,C1=CC(=CC(=C1)C(=O)C2=CC=C(C=C2)Cl)C(=O)C3=CC=C(C=C3)Cl,*Oc1ccc(C2(c3ccc(Oc4ccc(C(=O)c5cccc(C(=O)c6ccc(*)cc6)c5)cc4)c(C)c3)c3ccccc3-c3ccccc32)cc1C,"Polyoxides/ethers/acetals, Polyketones/thioketones"
P114564,11020172,101056885,Polycondensation,C1CN(CCN1C(=O)Cl)C(=O)Cl,CC(C)(CO)CS(=O)(=O)CC(C)(C)CO,*C(=O)OCC(C)(C)CS(=O)(=O)CC(C)(C)COC(=O)N1CCN(*)CC1,"Polyurethanes/thiourethanes, Polysulfones/sulfoxides/sufonates/sulfoamides"
P332021,11029772,0,Addition_polymerization,CCSC#CC,,*/C(C)=C(/*)SCC,Polyvinyls
P370008,11030660,3106710,Polycondensation,C1=CC(=NC(=C1)C(=NN)N)C(=NN)N,C1=CC=C(C=C1)C(=O)C(=O)C2=CC=C(C=C2)OC3=CC=C(C=C3)C(=O)C(=O)C4=CC=CC=C4,*c1ccc(Oc2ccc(-c3nc(-c4cccc(-c5nnc(-c6ccccc6)c(*)n5)n4)nnc3-c3ccccc3)cc2)cc1,"Polyoxides/ethers/acetals, Polyimines"
P460026,11030660,100828,Polycondensation,C1=CC(=NC(=C1)C(=NN)N)C(=NN)N,C1=CC=C(C=C1)C(=O)C(=O)C2=CC(=CC=C2)C(=O)C(=O)C3=CC=CC=C3,*c1cccc(-c2nc(-c3cccc(-c4nnc(-c5ccccc5)c(*)n4)n3)nnc2-c2ccccc2)c1,Polyimines
P462197,11038291,2735519,Polycondensation,C1=CC2=C(C3=C1C=CC(=N3)C4=CC=C(C=C4)Br)N=C(C=C2)C5=CC=C(C=C5)Br,B(C1=CC(=C(C=C1CCCCCC)B(O)O)CCCCCC)(O)O,*c1ccc(-c2cc(CCCCCC)c(-c3ccc(-c4ccc5ccc6ccc(*)nc6c5n4)cc3)cc2CCCCCC)cc1,Polyimines
P160079,11083823,0,Ring_opening_polymerization/Polymer_reaction,C1CN=COC1,,*CCCN*,Polyimines
P432229,11092651,7814,Ring_opening_polymerization/Polymer_reaction,C1=CC=C(C=C1)N(CCOC(=O)C2=CC3=C(C=C2)C(=O)OC3=O)CCOC(=O)C4=CC5=C(C=C4)C(=O)OC5=O,C1=CC(=CC=C1N)N,*C(=O)OCCN(CCOC(=O)c1ccc2c(c1)C(=O)N(c1ccc(N3C(=O)c4ccc(*)cc4C3=O)cc1)C2=O)c1ccc(/N=N/c2ccc([N+](=O)[O-])cc2)cc1,"Polyimides/thioimides, Polyesters/thioesters, Polyimines"
P392148,11092651,8413,Ring_opening_polymerization,C1=CC=C(C=C1)N(CCOC(=O)C2=CC3=C(C=C2)C(=O)OC3=O)CCOC(=O)C4=CC5=C(C=C4)C(=O)OC5=O,CC1=C(C=CC(=C1)C2=CC(=C(C=C2)N)C)N,*CCN(CCOC(=O)c1ccc(C(=O)O)c(C(=O)Nc2ccc(-c3ccc(NC(=O)c4cc(C(=O)O*)ccc4C(=O)O)c(C)c3)cc2C)c1)c1ccc(/N=N/c2ccc([N+](=O)[O-])cc2)cc1,"Polyesters/thioesters, Polyamides/thioamides, Polyimines"
P392149,11092651,7577,Ring_opening_polymerization,C1=CC=C(C=C1)N(CCOC(=O)C2=CC3=C(C=C2)C(=O)OC3=O)CCOC(=O)C4=CC5=C(C=C4)C(=O)OC5=O,C1=CC(=CC=C1CC2=CC=C(C=C2)N)N,*CCN(CCOC(=O)c1ccc(C(=O)O)c(C(=O)Nc2ccc(Cc3ccc(NC(=O)c4cc(C(=O)O*)ccc4C(=O)O)cc3)cc2)c1)c1ccc(/N=N/c2ccc([N+](=O)[O-])cc2)cc1,"Polyesters/thioesters, Polyamides/thioamides, Polyimines"
P432234,11092651,7543,Ring_opening_polymerization/Polymer_reaction,C1=CC=C(C=C1)N(CCOC(=O)C2=CC3=C(C=C2)C(=O)OC3=O)CCOC(=O)C4=CC5=C(C=C4)C(=O)OC5=O,C1=CC(=C(C=C1CC2=CC(=C(C=C2)N)Cl)Cl)N,*C(=O)OCCN(CCOC(=O)c1ccc2c(c1)C(=O)N(c1ccc(Cc3ccc(N4C(=O)c5ccc(*)cc5C4=O)c(Cl)c3)cc1Cl)C2=O)c1ccc(/N=N/c2ccc([N+](=O)[O-])cc2)cc1,"Polyimides/thioimides, Polyesters/thioesters, Polyimines"
P392146,11092651,7814,Ring_opening_polymerization,C1=CC=C(C=C1)N(CCOC(=O)C2=CC3=C(C=C2)C(=O)OC3=O)CCOC(=O)C4=CC5=C(C=C4)C(=O)OC5=O,C1=CC(=CC=C1N)N,*CCN(CCOC(=O)c1ccc(C(=O)O)c(C(=O)Nc2ccc(NC(=O)c3cc(C(=O)O*)ccc3C(=O)O)cc2)c1)c1ccc(/N=N/c2ccc([N+](=O)[O-])cc2)cc1,"Polyesters/thioesters, Polyamides/thioamides, Polyimines"
P432233,11092651,7577,Ring_opening_polymerization/Polymer_reaction,C1=CC=C(C=C1)N(CCOC(=O)C2=CC3=C(C=C2)C(=O)OC3=O)CCOC(=O)C4=CC5=C(C=C4)C(=O)OC5=O,C1=CC(=CC=C1CC2=CC=C(C=C2)N)N,*C(=O)OCCN(CCOC(=O)c1ccc2c(c1)C(=O)N(c1ccc(Cc3ccc(N4C(=O)c5ccc(*)cc5C4=O)cc3)cc1)C2=O)c1ccc(/N=N/c2ccc([N+](=O)[O-])cc2)cc1,"Polyimides/thioimides, Polyesters/thioesters, Polyimines"
P370069,11094546,0,Addition_polymerization,CC1(CC=CO1)C,,*C1CC(C)(C)OC1*,Polyoxides/ethers/acetals
P392028,11116663,92866,Polycondensation,C(C=CCC(=O)Cl)C(=O)Cl,CCCCCCCCCCC(CO)O,*CCCCCCCCCCCCOC(=O)C/C=C/CC(=O)O*,Polyesters/thioesters
P070298,11132553,7451,Polycondensation,COC1=C(C=CC(=C1)C(=O)O)OCCCOC2=C(C=C(C=C2)C(=O)O)OC,C1=CC(=CC(=C1)C(=O)Cl)C(=O)Cl,*CCCOc1ccc(C(=O)OC(=O)c2cccc(C(=O)OC(=O)c3ccc(O*)c(OC)c3)c2)cc1OC,"Polyoxides/ethers/acetals, Polyanhydrides/thioanhydrides"
P070297,11132553,7488,Polycondensation,COC1=C(C=CC(=C1)C(=O)O)OCCCOC2=C(C=C(C=C2)C(=O)O)OC,C1=CC(=CC=C1C(=O)Cl)C(=O)Cl,*CCCOc1ccc(C(=O)OC(=O)c2ccc(C(=O)OC(=O)c3ccc(O*)c(OC)c3)cc2)cc1OC,"Polyoxides/ethers/acetals, Polyanhydrides/thioanhydrides"
P392380,11141782,102504988,Polycondensation,CCCCCCCN1C2=C(C=C(C=C2)C=O)C3=C1C=CC(=C3)C=O,C(CCCCCOC(=O)CC#N)CCCCOC(=O)CC#N,*/C=C(\C#N)C(=O)OCCCCCCCCCCOC(=O)/C(C#N)=C/c1ccc2c(c1)c1cc(*)ccc1n2CCCCCCC,"Polyesters/thioesters, Polyimines"
P510041,11145543,15304993,Polycondensation,B(C1=CC(=C(C=C1CCCCCCCCCCCC)B(O)O)CCCCCCCCCCCC)(O)O,CCCCCCCCCCCCC1=CC(=C(C=C1Br)CCCCCCCCCCCC)Br,*c1cc(CCCCCCCCCCCC)c(*)cc1CCCCCCCCCCCC,Polyphenylenes
P370330,11156392,0,Polycondensation,C[Si](C)(C)NC1=C(C=C(C=C1)C2=CC(=C(C=C2)N[Si](C)(C)C)O[Si](C)(C)C)O[Si](C)(C)C,,*CCCCCCCCCCc1nc2ccc(-c3ccc4nc(*)oc4c3)cc2o1,"Polyoxides/ethers/acetals, Polyimines"
P372724,11159706,0,Ring_opening_polymerization,CCC1(COC1)COC(=O)C(=C)C,,*CC(CC)(CO*)COC(=O)C(=C)C,Polyoxides/ethers/acetals
P430196,11192445,7111,Polycondensation,CC(C)(C1=CC=C(C=C1)OC(=O)C2=CC3=C(C=C2)C(=O)OC3=O)C4=CC=C(C=C4)OC(=O)C5=CC6=C(C=C5)C(=O)OC6=O,C1=CC(=CC=C1C2=CC=C(C=C2)N)N,*C(=O)Oc1ccc(C(C)(C)c2ccc(OC(=O)c3ccc4c(c3)C(=O)N(c3ccc(-c5ccc(N6C(=O)c7ccc(*)cc7C6=O)cc5)cc3)C4=O)cc2)cc1,"Polyimides/thioimides, Polyesters/thioesters"
P090178,11251997,0,Ring_opening_polymerization,C1C(OC1=O)CCl,,*OC(CCl)CC(*)=O,Polyesters/thioesters
P433071,11254010,0,Addition_polymerization,C[Si](C)(C)OC1=CC=C(C=C1)N2C(=O)C=CC2=O,,*C1C(=O)N(c2ccc(O[Si](C)(C)C)cc2)C(=O)C1*,Polyimides/thioimides
P462276,11299928,79813,Polycondensation,CC1=CC=C(C=C1)N(C2=CC=CC=C2)C3=CC=CC=C3,CCCCOC1=CC=C(C=C1)C=O,*c1ccc(C(c2ccc(OCCCC)cc2)c2ccc(N(*)c3ccc(C)cc3)cc2)cc1,Polyimines
P332364,11313633,0,Addition_polymerization,C1C2C=CC1C(C2COCC3=CC=CC=C3)COCC4=CC=CC=C4,,*C1C(*)C2CC1C(COCc1ccccc1)C2COCc1ccccc1,Polyvinyls
P462381,11339570,22603579,Polycondensation,CCCCCCCCN1C2=C(C=C(C=C2)Br)C3=C1C=CC(=C3)Br,B1(OC(C(O1)(C)C)(C)C)C2=CC=C(C=C2)N(C3=CC=C(C=C3)B4OC(C(O4)(C)C)(C)C)C5=CC=C(C=C5)CCCC,*c1ccc(N(c2ccc(CCCC)cc2)c2ccc(-c3ccc4c(c3)c3cc(*)ccc3n4CCCCCCCC)cc2)cc1,Polyimines
P340108,11390128,0,Addition_polymerization,C=CC(=O)OC12CC3CC(C1)CC(C3)C2,,*CC(*)C(=O)OC12CC3CC(CC(C3)C1)C2,"Polyacrylics, Polyvinyls"
P200011,11424093,0,Polycondensation,C1=CC(=CC=C1O)S(=O)(=O)Cl,,*OS(=O)(=O)c1ccc(*)cc1,Polysulfones/sulfoxides/sufonates/sulfoamides
P433605,11478294,101496128,Polycondensation,C1=CC(=CC=C1SC2=CC=C(C=C2)SC3=CC4=C(C=C3)C(=O)OC4=O)SC5=CC6=C(C=C5)C(=O)OC6=O,C1=CC(=CC=C1N)SC2=CC=C(S2)SC3=CC=C(S3)SC4=CC=C(S4)SC5=CC=C(C=C5)N,*c1ccc(Sc2ccc(Sc3ccc(Sc4ccc(Sc5ccc(N6C(=O)c7ccc(Sc8ccc(Sc9ccc(Sc%10ccc%11c(c%10)C(=O)N(*)C%11=O)cc9)cc8)cc7C6=O)cc5)s4)s3)s2)cc1,"Polyimides/thioimides, Polysulfides"
P330096,11480818,0,Addition_polymerization,C#CC1=CC(=CC=C1)Br,,*/C=C(/*)c1cccc(Br)c1,Polyvinyls
P370491,11480968,13249359,Polycondensation/Polymer_reaction,C1=C(OC(=C1)C(=O)Cl)C(=O)Cl,C1=CC=C(C=C1)[Si](C2=CC=CC=C2)(C3=CC=C(C=C3)C(=O)Cl)C4=CC=C(C=C4)C(=O)Cl,*c1ccc([Si](c2ccccc2)(c2ccccc2)c2ccc(-c3nnc(-c4ccc(-c5nnc(*)o5)o4)o3)cc2)cc1,"Polyoxides/ethers/acetals, Polyimines, Polysiloxanes/silanes"
P070144,11481491,174,Polycondensation,C1=CC(=CC=C1C(=O)O)OCCCC(=O)O,C(CO)O,*CCCC(=O)OCCOC(=O)c1ccc(O*)cc1,"Polyoxides/ethers/acetals, Polyesters/thioesters"
P432057,11685671,7579,Polycondensation,C12=C(C(=C(C(=C1F)OC3=C(C(=C(C(=C3F)F)OC4=C(C5=C(C(=C4F)F)C(=O)OC5=O)F)F)F)F)F)C(=O)OC2=O,C1=CC(=CC=C1N)OC2=CC=C(C=C2)N,*c1ccc(Oc2ccc(N3C(=O)c4c(F)c(F)c(Oc5c(F)c(F)c(Oc6c(F)c(F)c7c(c6F)C(=O)N(*)C7=O)c(F)c5F)c(F)c4C3=O)cc2)cc1,"Polyimides/thioimides, Polyoxides/ethers/acetals"
P460253,11784159,23369078,Polycondensation,C1=CC=C(C=C1)C(=O)C2=C(C=CC(=C2)C3=CC(=C(C=C3)N)C(=O)C4=CC=CC=C4)N,CC(=O)C1=CC=C(C=C1)C2(C3=CC=CC=C3C4=CC=CC=C42)C5=CC=C(C=C5)C(=O)C,*c1ccc(C2(c3ccc(-c4cc(-c5ccccc5)c5cc(-c6ccc7nc(*)cc(-c8ccccc8)c7c6)ccc5n4)cc3)c3ccccc3-c3ccccc32)cc1,Polyimines
P370637,11784159,21554349,Polycondensation,C1=CC=C(C=C1)C(=O)C2=C(C=CC(=C2)C3=CC(=C(C=C3)N)C(=O)C4=CC=CC=C4)N,C1=CC=C(C=C1)C(=O)CC2=CC=C(C=C2)OC3=CC=C(C=C3)CC(=O)C4=CC=CC=C4,*c1ccc(Oc2ccc(-c3nc4ccc(-c5ccc6nc(*)c(-c7ccccc7)c(-c7ccccc7)c6c5)cc4c(-c4ccccc4)c3-c3ccccc3)cc2)cc1,"Polyoxides/ethers/acetals, Polyimines"
P460248,11784159,102402153,Polycondensation,C1=CC=C(C=C1)C(=O)C2=C(C=CC(=C2)C3=CC(=C(C=C3)N)C(=O)C4=CC=CC=C4)N,C1=CC=C(C=C1)C(=O)CC2=CC=C(C=C2)C3=CC=C(C=C3)CC(=O)C4=CC=CC=C4,*c1ccc(-c2ccc(-c3c(-c4ccccc4)nc4ccc(-c5ccc6nc(-c7ccccc7)c(*)c(-c7ccccc7)c6c5)cc4c3-c3ccccc3)cc2)cc1,Polyimines
P460261,11784159,102402153,Polycondensation,C1=CC=C(C=C1)C(=O)C2=C(C=CC(=C2)C3=CC(=C(C=C3)N)C(=O)C4=CC=CC=C4)N,C1=CC=C(C=C1)C(=O)CC2=CC=C(C=C2)C3=CC=C(C=C3)CC(=O)C4=CC=CC=C4,*c1ccc(-c2ccc(-c3nc4ccc(-c5ccc6nc(*)c(-c7ccccc7)c(-c7ccccc7)c6c5)cc4c(-c4ccccc4)c3-c3ccccc3)cc2)cc1,Polyimines
P430283,11811985,146486,Polycondensation,C[Si](C)(C1=CC2=C(C=C1)C(=O)OC2=O)O[Si](C)(C)C3=CC4=C(C=C3)C(=O)OC4=O,C1=CC(=CC(=C1)N)CC2=CC(=CC=C2)N,*c1cccc(Cc2cccc(N3C(=O)c4ccc([Si](C)(C)O[Si](C)(C)c5ccc6c(c5)C(=O)N(*)C6=O)cc4C3=O)c2)c1,"Polyimides/thioimides, Polysiloxanes/silanes"
P090188,11815373,0,Ring_opening_polymerization,CCCC1(COC1=O)C,,*CC(C)(CCC)C(=O)O*,Polyesters/thioesters
P462145,11825417,0,Polycondensation,CCCCCCN1C(=CC=C1CSC2=CC=CC=C2)CSC3=CC=CC=C3,,*/C=C/c1ccc(*)n1CCCCCC,Polyimines
P110010,11948527,8064,Polyaddition,C(CN=C=O)CN=C=O,C(CCO)CO,*CCCCOC(=O)NCCCNC(=O)O*,Polyurethanes/thiourethanes
P462011,12067678,0,Polycondensation,CCOC(=O)CCN1C2=CC=CC=C2C3=CC=CC=C31,,*c1ccc2c(c1)c1cc(*)ccc1n2CCC(=O)OCC,Polyimines
P433242,12079250,632695,Polycondensation,C1=CC(=CC=C1C(C2=CC=C(C=C2)OC3=CC4=C(C=C3)C(=O)OC4=O)(C(F)(F)F)C(F)(F)F)OC5=CC6=C(C=C5)C(=O)OC6=O,C1=CC(=CC=C1C2=CC=C(C=C2)OC3=CC=C(C=C3)N)OC4=CC=C(C=C4)N,*c1ccc(Oc2ccc(-c3ccc(Oc4ccc(N5C(=O)c6ccc(Oc7ccc(C(c8ccc(Oc9ccc%10c(c9)C(=O)N(*)C%10=O)cc8)(C(F)(F)F)C(F)(F)F)cc7)cc6C5=O)cc4)cc3)cc2)cc1,"Polyimides/thioimides, Polyoxides/ethers/acetals"
P460147,12143522,7814,Polycondensation,CCCCCCCCCCCCOC1=CC(=C(C=C1C=O)OCCCCCCCCCCCC)C=O,C1=CC(=CC=C1N)N,*=Cc1cc(OCCCCCCCCCCCC)c(/C=N/c2ccc(N=*)cc2)cc1OCCCCCCCCCCCC,Polyimines
P342583,60075958,0,Addition_polymerization/Polymer_reaction,CCN(CCOC(=O)C(=C)C)C1=CC=C(C=C1)N=NC2=CC=C(C=C2)C#N,,*CC(*)(C)C(=O)OCCN(CC)c1ccc(/N=N/c2ccc(C#N)cc2)cc1,"Polyacrylics, Polyvinyls"
P020193,12295509,0,Addition_polymerization,C=CN1C=C2C=CC=CC2=N1,,*CC(*)n1cc2ccccc2n1,Polyvinyls
P370196,12297436,7071,Polycondensation,C1=CC2=C(C=CC3=C2C(=C1)C(=O)OC3=O)OC4=CC=C(C=C4)S(=O)(=O)C5=CC=C(C=C5)OC6=C7C=CC=C8C7=C(C=C6)C(=O)OC8=O,C1=CC(=C(C=C1C2=CC(=C(C=C2)N)N)N)N,*Oc1ccc(S(=O)(=O)c2ccc(Oc3ccc4c(=O)n5c6cc(-c7ccc8c(c7)nc7c9ccc(*)c%10cccc(c(=O)n87)c%109)ccc6nc5c5cccc3c45)cc2)cc1,"Polyoxides/ethers/acetals, Polyamides/thioamides, Polyimines, Polysulfones/sulfoxides/sufonates/sulfoamides"
P390028,12306305,14474483,Polycondensation,C1=CC=C2C(=C1)C(=O)C3=CC=CC=C3C2(C4=CC=C(C=C4)O)C5=CC=C(C=C5)O,C(CCC(=O)Cl)CC(=O)O,*Oc1ccc(C2(c3ccc(OC(=O)CCCCC(*)=O)cc3)c3ccccc3C(=O)c3ccccc32)cc1,"Polyesters/thioesters, Polyketones/thioketones"
P390027,12306305,10970,Polycondensation,C1=CC=C2C(=C1)C(=O)C3=CC=CC=C3C2(C4=CC=C(C=C4)O)C5=CC=C(C=C5)O,C(CC(=O)Cl)C(=O)Cl,*Oc1ccc(C2(c3ccc(OC(=O)CCC(*)=O)cc3)c3ccccc3C(=O)c3ccccc32)cc1,"Polyesters/thioesters, Polyketones/thioketones"
P433500,12311562,11478294,Polycondensation,C1=CC(=CC=C1N)SC2=CC=C(C=C2)SC3=CC=C(C=C3)N,C1=CC(=CC=C1SC2=CC=C(C=C2)SC3=CC4=C(C=C3)C(=O)OC4=O)SC5=CC6=C(C=C5)C(=O)OC6=O,*c1ccc(Sc2ccc(Sc3ccc(N4C(=O)c5ccc(Sc6ccc(Sc7ccc(Sc8ccc9c(c8)C(=O)N(*)C9=O)cc7)cc6)cc5C4=O)cc3)cc2)cc1,"Polyimides/thioimides, Polysulfides"
P320016,12332889,0,Addition_polymerization,CC(=C)C1=NC2=CC=CC=C2C=C1,,*CC(*)(C)c1ccc2ccccc2n1,"Polystyrenes, Polyvinyls"
P390237,12378412,4184462,Polycondensation,C1=CC=C(C=C1)C2=C(C=CC(=C2)C3=CC=C(C=C3)C(=O)O)C(=O)O,CC1=C(C=CC(=C1)OC(=O)C)OC(=O)C,*Oc1ccc(OC(=O)c2ccc(-c3ccc(C(*)=O)cc3)cc2-c2ccccc2)cc1C,Polyesters/thioesters
P432082,12403582,13429016,Polycondensation,CC(=O)OC1=CC=C(C=C1)OC2=CC=C(C=C2)OC(=O)C,C1=C2C(=CC3=C1C(=O)N(C3=O)CCCCCC(=O)O)C(=O)N(C2=O)CCCCCC(=O)O,*CCCCCC(=O)Oc1ccc(Oc2ccc(OC(=O)CCCCCn3c(=O)c4cc5c(=O)n(*)c(=O)c5cc4c3=O)cc2)cc1,"Polyimides/thioimides, Polyoxides/ethers/acetals, Polyesters/thioesters"
P370159,12403582,75183,Polycondensation,CC(=O)OC1=CC=C(C=C1)OC2=CC=C(C=C2)OC(=O)C,C1=CC(=CC=C1C(=O)O)OC2=CC=C(C=C2)C(=O)O,*Oc1ccc(Oc2ccc(OC(=O)c3ccc(Oc4ccc(C(*)=O)cc4)cc3)cc2)cc1,"Polyoxides/ethers/acetals, Polyesters/thioesters"
P070571,12405380,8117,Polycondensation,C(CCS(=O)(=O)CCCCC(=O)O)CC(=O)O,C(COCCO)O,*CCOCCOC(=O)CCCCS(=O)(=O)CCCCC(=O)O*,"Polyoxides/ethers/acetals, Polyesters/thioesters, Polysulfones/sulfoxides/sufonates/sulfoamides"
P390121,12405380,11506,Polycondensation,C(CCS(=O)(=O)CCCCC(=O)O)CC(=O)O,C1=CC(=CC=C1CO)CO,*Cc1ccc(COC(=O)CCCCS(=O)(=O)CCCCC(=O)O*)cc1,"Polyesters/thioesters, Polysulfones/sulfoxides/sufonates/sulfoamides"
P390169,12443118,12374,Polycondensation,C1C(C(=O)CC(C1=O)C(=O)O)C(=O)O,C(CCCO)CCO,*CCCCCCOC(=O)C1CC(=O)C(C(=O)O*)CC1=O,"Polyesters/thioesters, Polyketones/thioketones"
P472051,12451987,0,Polycondensation,C[Si](C1=CC=CC=C1)(C2=CC=C(C=C2)[Si](C)(C3=CC=CC=C3)Cl)Cl,,*c1ccc([Si](C)(c2ccccc2)[Si](*)(C)c2ccccc2)cc1,Polysiloxanes/silanes
P370054,12467958,712,Polycondensation,C1C2CC(C1C(C2)O)O,C=O,*COC1CC2CC(O*)C1C2,Polyoxides/ethers/acetals
P370060,12480610,7451,Polycondensation,C1=CC(=CC=C1C(=O)O)OCCOCCOC2=CC=C(C=C2)C(=O)O,C1=CC(=CC(=C1)C(=O)Cl)C(=O)Cl,*CCOCCOc1ccc(C(=O)OC(=O)c2cccc(C(=O)OC(=O)c3ccc(O*)cc3)c2)cc1,"Polyoxides/ethers/acetals, Polyanhydrides/thioanhydrides"
P382410,12509453,0,Polycondensation,COC(=O)C(C1=CSC=C1)C(=O)OC,,*c1cc(C(C(=O)OC)C(=O)OC)c(*)s1,Polysulfides
P020018,12541466,0,Addition_polymerization,COC(=O)C1=CC=CC=C1C=C,,*CC(*)c1ccccc1C(=O)OC,"Polystyrenes, Polyvinyls"
P020018,12541466,0,Addition_polymerization,COC(=O)C1=CC=CC=C1C=C,,*CC(*)c1ccccc1C(=O)OC,"Polystyrenes, Polyvinyls"
P020020,12541467,0,Addition_polymerization,CCCOC(=O)C1=CC=CC=C1C=C,,*CC(*)c1ccccc1C(=O)OCCC,"Polystyrenes, Polyvinyls"
P020020,12541467,0,Addition_polymerization,CCCOC(=O)C1=CC=CC=C1C=C,,*CC(*)c1ccccc1C(=O)OCCC,"Polystyrenes, Polyvinyls"
P020022,12541469,0,Addition_polymerization,CCCCOC(=O)C1=CC=CC=C1C=C,,*CC(*)c1ccccc1C(=O)OCCCC,"Polystyrenes, Polyvinyls"
P020023,12541470,0,Addition_polymerization,CC(C)COC(=O)C1=CC=CC=C1C=C,,*CC(*)c1ccccc1C(=O)OCC(C)C,"Polystyrenes, Polyvinyls"
P020025,12541472,0,Addition_polymerization,CC(C)CCOC(=O)C1=CC=CC=C1C=C,,*CC(*)c1ccccc1C(=O)OCCC(C)C,"Polystyrenes, Polyvinyls"
P020014,12541482,0,Addition_polymerization,CNC(=O)C1=CC=CC=C1C=C,,*CC(*)c1ccccc1C(=O)NC,"Polystyrenes, Polyvinyls"
P020100,12541534,0,Addition_polymerization,CCCCC(=O)C1=CC=C(C=C1)C=C,,*CC(*)c1ccc(C(=O)CCCC)cc1,"Polystyrenes, Polyvinyls"
P020186,12541539,0,Addition_polymerization,COC1=CC=C(C=C1)C(=O)C2=CC=C(C=C2)C=C,,*CC(*)c1ccc(C(=O)c2ccc(OC)cc2)cc1,"Polystyrenes, Polyvinyls"
P020008,12541548,0,Addition_polymerization,CC(C)OCC1=CC=CC=C1C=C,,*CC(*)c1ccccc1COC(C)C,"Polystyrenes, Polyvinyls"
P020009,12541549,0,Addition_polymerization,CCCCOCC1=CC=CC=C1C=C,,*CC(*)c1ccccc1COCCCC,"Polystyrenes, Polyvinyls"
P020139,12542424,0,Addition_polymerization,CCCOC1=C(C=C(C=C1)Br)C=C,,*CC(*)c1cc(Br)ccc1OCCC,"Polystyrenes, Polyvinyls"
P020070,12542442,0,Addition_polymerization,CN(C)CCC(C1=CC=C(C=C1)C=C)O,,*CC(*)c1ccc(C(O)CCN(C)C)cc1,"Polystyrenes, Polyvinyls"
P372050,12547826,6569,Polycondensation,C1=C(OC(=C1)SC2=CC=C(O2)C=O)C=O,CCC(=O)C,*/C=C/C(=O)/C(C)=C/c1ccc(Sc2ccc(*)o2)o1,"Polyoxides/ethers/acetals, Polysulfides, Polyketones/thioketones"
P372610,12547826,7814,Polycondensation,C1=C(OC(=C1)SC2=CC=C(O2)C=O)C=O,C1=CC(=CC=C1N)N,*/C=N/c1ccc(/N=C/c2ccc(Sc3ccc(*)o3)o2)cc1,"Polyoxides/ethers/acetals, Polysulfides, Polyimines"
P522033,12579660,0,Addition_polymerization,CC1=CC(=C(C=C1C#C)C)C#C,,*=Cc1cc(C)c(C2=C[Se]C(=*)[Se]2)cc1C,Other polymers
P400238,12590456,0,Ring_opening_polymerization,CCC1CC(=O)N1,,*NC(CC)CC(*)=O,Polyamides/thioamides
P070385,12592481,0,Polycondensation,CC1=C(C(=CC=C1)C2=CC=CC=C2)O,,*Oc1c(C)cc(*)cc1-c1ccccc1,Polyoxides/ethers/acetals
P150014,12611576,6371,Polycondensation,CC1=C(C=CC(=C1)O)C(C2=CC=CC=C2)C3=C(C=C(C=C3)O)C,C(=O)(Cl)Cl,*Oc1ccc(C(c2ccccc2)c2ccc(OC(*)=O)cc2C)c(C)c1,Polycarbonates/thiocarbonates
P030056,12615634,0,Addition_polymerization,CCCCOC=CC,,*C(C)C(*)OCCCC,Polyvinyls
P030056,12615635,0,Addition_polymerization,CCCCOC=CC,,*C(C)C(*)OCCCC,Polyvinyls
P433086,12626482,101157972,Polycondensation,CC1=CC=C(C=C1)N=NC2=C(C=C(C=C2)N)N,CC1=CC(=CC(=C1NC(=O)C2=CC3=C(C=C2)C(=O)OC3=O)C)CC4=CC(=C(C(=C4)C)NC(=O)C5=CC6=C(C=C5)C(=O)OC6=O)C,*C(=O)Nc1c(C)cc(Cc2cc(C)c(NC(=O)c3ccc4c(c3)C(=O)N(c3ccc(/N=N/c5ccc(C)cc5)c(N5C(=O)c6ccc(*)cc6C5=O)c3)C4=O)c(C)c2)cc1C,"Polyimides/thioimides, Polyamides/thioamides"
P330062,12629491,0,Addition_polymerization,C=CCCCN1C2=CC=CC=C2C3=CC=CC=C31,,*CC(*)CCCn1c2ccccc2c2ccccc21,Polyvinyls
P433260,12642119,25689,Polycondensation,C[Si](C)(C1=CC2=C(C=C1)C(=O)OC2=O)C3=CC4=C(C=C3)C(=O)OC4=O,C1=CC(=CC=C1N)OC2=CC=C(C=C2)S(=O)(=O)C3=CC=C(C=C3)OC4=CC=C(C=C4)N,*c1ccc(Oc2ccc(S(=O)(=O)c3ccc(Oc4ccc(N5C(=O)c6ccc([Si](C)(C)c7ccc8c(c7)C(=O)N(*)C8=O)cc6C5=O)cc4)cc3)cc2)cc1,"Polyimides/thioimides, Polyoxides/ethers/acetals, Polysiloxanes/silanes, Polysulfones/sulfoxides/sufonates/sulfoamides"
P392330,12646888,102275251,Polycondensation,C(CCCCCCCC(=O)Cl)CCCCCCC(=O)Cl,CCCCOC1=CC=C(C=C1)C(=O)OC2=CC(=C(C=C2O)OC(=O)C3=CC=C(C=C3)OCCCC)O,*Oc1cc(OC(=O)c2ccc(OCCCC)cc2)c(OC(=O)CCCCCCCCCCCCCCC(*)=O)cc1OC(=O)c1ccc(OCCCC)cc1,Polyesters/thioesters
P392327,12646888,102378620,Polycondensation,C(CCCCCCCC(=O)Cl)CCCCCCC(=O)Cl,COC1=CC=C(C=C1)C(=O)OC2=CC(=C(C=C2O)OC(=O)C3=CC=C(C=C3)OC)O,*Oc1cc(OC(=O)c2ccc(OC)cc2)c(OC(=O)CCCCCCCCCCCCCCC(*)=O)cc1OC(=O)c1ccc(OC)cc1,Polyesters/thioesters
P030064,12867990,0,Addition_polymerization,CC1=CC(=C(C=C1)C)CC=C,,*CC(*)Cc1cc(C)ccc1C,Polyvinyls
P433002,12966108,75073,Polyaddition,C1=CC(=CC2=C1C=CC(=C2)OC(=O)C3=CC=C(C=C3)N4C(=O)C=CC4=O)OC(=O)C5=CC=C(C=C5)N6C(=O)C=CC6=O,C(CS)OCCS,*c1ccc(C(=O)Oc2ccc3ccc(OC(=O)c4ccc(N5C(=O)CC(SCCOCCSC6CC(=O)N(*)C6=O)C5=O)cc4)cc3c2)cc1,"Polyimides/thioimides, Polyoxides/ethers/acetals, Polysulfides, Polyesters/thioesters"
P433000,12966110,75073,Polyaddition,C1=CC(=CC(=C1)OC(=O)C2=CC=C(C=C2)N3C(=O)C=CC3=O)OC(=O)C4=CC=C(C=C4)N5C(=O)C=CC5=O,C(CS)OCCS,*c1ccc(C(=O)Oc2cccc(OC(=O)c3ccc(N4C(=O)CC(SCCOCCSC5CC(=O)N(*)C5=O)C4=O)cc3)c2)cc1,"Polyimides/thioimides, Polyoxides/ethers/acetals, Polysulfides, Polyesters/thioesters"
P402135,12989365,0,Polycondensation,C1=CC=C2C(=C1)C=C(N2)CC(C(=O)O)N,,*NC(Cc1c[nH]c2ccccc12)C(*)=O,Polyamides/thioamides
P320026,12998940,0,Addition_polymerization,C=CC1=CC=CC=C1,,*CC(*)c1c([2H])c([2H])c([2H])c([2H])c1[2H],"Polystyrenes, Polyvinyls"
P330056,13005310,0,Addition_polymerization,C(#CS(F)(F)(F)(F)F)C#CS(F)(F)(F)(F)F,,*/C(C#CS(F)(F)(F)(F)F)=C(/*)S(F)(F)(F)(F)F,Polyvinyls
P522032,13022371,0,Polycondensation,CC1=C[Se]C=C1,,*c1cc(C)c(*)[se]1,Other polymers
P470090,13033313,0,Polycondensation/Polymer_reaction,CCO[Si](C1=CC=C(C=C1)Br)(OCC)OCC,,*c1ccc([Si](*)(CCCC)CCCC)cc1,Polysiloxanes/silanes
P470103,13033313,0,Polycondensation/Polymer_reaction,CCO[Si](C1=CC=C(C=C1)Br)(OCC)OCC,,*c1ccc([Si](*)(C)c2ccc(C#C)cc2)cc1,Polysiloxanes/silanes
P030195,13129785,0,Ring_opening_polymerization,COC1=CC=C(C=C1)C(=C)C2CC2,,*CCC/C=C(/*)c1ccc(OC)cc1,Polyvinyls
P372682,13168332,101026785,Polycondensation,C1=CC(=CC=C1[N+](=O)[O-])OC(=O)CCCCCCCC(=O)OC2=CC=C(C=C2)[N+](=O)[O-],CC(C(=O)OC1COC2C1OCC2OC(=O)C(C)N)N,*OC(=O)C(C)NC(=O)CCCCCCCC(=O)NC(C)C(=O)OC1COC2C(*)COC12,"Polyoxides/ethers/acetals, Polyesters/thioesters, Polyamides/thioamides"
P330053,13199502,0,Addition_polymerization,CCCCCC(C#C)[Si](C)(C)C,,*/C=C(/*)C(CCCCC)[Si](C)(C)C,Polyvinyls
P470087,13201436,0,Polycondensation/Polymer_reaction,CCO[Si](C)(C1=CC=C(C=C1)Br)OCC,,*c1ccc([Si](*)(C)CCCC)cc1,Polysiloxanes/silanes
P470094,13201436,0,Polycondensation/Polymer_reaction,CCO[Si](C)(C1=CC=C(C=C1)Br)OCC,,*c1ccc([Si](*)(C)c2ccccc2)cc1,Polysiloxanes/silanes
P470094,100946649,13201436,Polycondensation,C[Si](C1=CC=CC=C1)(OS(=O)(=O)C(F)(F)F)OS(=O)(=O)C(F)(F)F,CCO[Si](C)(C1=CC=C(C=C1)Br)OCC,*c1ccc([Si](*)(C)c2ccccc2)cc1,Polysiloxanes/silanes
P470097,13201436,0,Polycondensation/Polymer_reaction,CCO[Si](C)(C1=CC=C(C=C1)Br)OCC,,*c1ccc([Si](*)(C)c2ccc(C#C[Si](C)(C)C)cc2)cc1,Polysiloxanes/silanes
P470099,13201436,0,Polycondensation/Polymer_reaction,CCO[Si](C)(C1=CC=C(C=C1)Br)OCC,,*c1ccc([Si](*)(C)c2ccc(CN(C)C)cc2)cc1,Polysiloxanes/silanes
P160078,13297193,0,Polycondensation,CC(=O)C1=CC(=C(C=C1)N)C(=O)C2=CC=CC=C2,,*c1ccc2nc(*)cc(-c3ccccc3)c2c1,Polyimines
P370828,13304384,0,Ring_opening_polymerization,C1C2C=CC1C3C2C(=O)N(C3=O)CC4CO4,,*CC(CN1C(=O)C2C3C=CC(C3)C2C1=O)O*,Polyoxides/ethers/acetals
P373677,13351508,101506119,Polycondensation,C1=CC(=CC=C1C2=NN=C(O2)C3=CC=C(C=C3)C(=O)Cl)C(=O)Cl,C1CCC(=CC2=CC=C(C=C2)OCCCCCCO)C(=O)C(=CC3=CC=C(C=C3)OCCCCCCO)C1,*c1ccc(C(=O)OCCCCCCOc2ccc(/C=C3\CCCC/C(=C\c4ccc(OCCCCCCOC(=O)c5ccc(-c6nnc(*)o6)cc5)cc4)C3=O)cc2)cc1,"Polyoxides/ethers/acetals, Polyesters/thioesters, Polyimines, Polyketones/thioketones"
P380078,13403202,221483,Polycondensation,C(CC[S-])C[S-].[Na+].[Na+],C(CCCCCBr)CCCCBr,*CCCCCCCCCCSCCCCS*,Polysulfides
P090622,13423286,0,Polycondensation,C1=CC(=CC=C1C(=O)O)OCCCO,,*CCCOC(=O)c1ccc(O*)cc1,"Polyoxides/ethers/acetals, Polyesters/thioesters"
P342262,13426356,0,Addition_polymerization/Polymer_reaction,CC=CC=C(C)C(=O)OC,,*CCC(C)C(*)(C)C(=O)OC,"Polyacrylics, Polyvinyls"
P432080,13429016,93909,Polycondensation,C1=C2C(=CC3=C1C(=O)N(C3=O)CCCCCC(=O)O)C(=O)N(C2=O)CCCCCC(=O)O,CC(=O)OC1=CC(=C(C=C1)OC(=O)C)Cl,*CCCCCC(=O)Oc1ccc(OC(=O)CCCCCn2c(=O)c3cc4c(=O)n(*)c(=O)c4cc3c2=O)c(Cl)c1,"Polyimides/thioimides, Polyesters/thioesters"
P432079,13429016,4184462,Polycondensation,C1=C2C(=CC3=C1C(=O)N(C3=O)CCCCCC(=O)O)C(=O)N(C2=O)CCCCCC(=O)O,CC1=C(C=CC(=C1)OC(=O)C)OC(=O)C,*CCCCCC(=O)Oc1ccc(OC(=O)CCCCCn2c(=O)c3cc4c(=O)n(*)c(=O)c4cc3c2=O)c(C)c1,"Polyimides/thioimides, Polyesters/thioesters"
P520014,13439265,0,Polycondensation,C1=C([Se]C(=C1)Br)Br,,*c1ccc(*)[se]1,Other polymers
P170071,13445285,0,Ring_opening_polymerization,CCC[Si]1(O[Si](O[Si](O1)(C)CCC)(C)CCC)C,,*O[Si](*)(C)CCC,Polysiloxanes/silanes
P372306,13484891,6625,Polycondensation,C1CCCC(CC1)(C2=CC=C(C=C2)O)C3=CC=C(C=C3)O,C1=CC(=CC=C1S(=O)(=O)C2=CC=C(C=C2)Cl)Cl,*Oc1ccc(S(=O)(=O)c2ccc(Oc3ccc(C4(c5ccc(*)cc5)CCCCCC4)cc3)cc2)cc1,"Polyoxides/ethers/acetals, Polysulfones/sulfoxides/sufonates/sulfoamides"
P342264,13608860,0,Addition_polymerization,CC(=C)C(=O)OCCCC1CCCCC1,,*CC(*)(C)C(=O)OCCCC1CCCCC1,"Polyacrylics, Polyvinyls"
P510011,13685192,0,Addition_polymerization,CCCCOC(=O)C(=C1C=CC(=C(C#N)C(=O)OCCCC)C=C1)C#N,,*c1ccc(C(C#N)(C(=O)OCCCC)C(*)(C#N)C(=O)OCCCC)cc1,Polyphenylenes
P342025,13742939,0,Addition_polymerization,CN1CCN(CC1)C(=O)C=C,,*CC(*)C(=O)N1CCN(C)CC1,"Polyacrylics, Polyvinyls"
P040193,13759502,0,Addition_polymerization,CC1=CC(=CC=C1)OC(=O)C=C,,*CC(*)C(=O)Oc1cccc(C)c1,"Polyacrylics, Polyvinyls"
P040194,13759504,0,Addition_polymerization,CC1=CC=C(C=C1)OC(=O)C=C,,*CC(*)C(=O)Oc1ccc(C)cc1,"Polyacrylics, Polyvinyls"
P432070,13782543,7579,Polycondensation,C1=CC=C(C=C1)C2=C(C(=O)OC2=O)C3=CC=C(C=C3)C4=C(C(=O)OC4=O)C5=CC=CC=C5,C1=CC(=CC=C1N)OC2=CC=C(C=C2)N,*c1ccc(Oc2ccc(N3C(=O)C(c4ccccc4)=C(c4ccc(C5=C(c6ccccc6)C(=O)N(*)C5=O)cc4)C3=O)cc2)cc1,"Polyimides/thioimides, Polyoxides/ethers/acetals"
P432120,13932769,102446150,Polycondensation,C1=CC=C(C=C1)OC(=O)OCCCCCCCCCCOC(=O)OC2=CC=CC=C2,C1=C2C(=CC3=C1C(=O)N(C3=O)CCCCCCO)C(=O)N(C2=O)CCCCCCO,*CCCCCCOC(=O)OCCCCCCCCCCOC(=O)OCCCCCCn1c(=O)c2cc3c(=O)n(*)c(=O)c3cc2c1=O,"Polyimides/thioimides, Polycarbonates/thiocarbonates"
P070606,14121937,4184462,Polycondensation,C1=CC(=CC=C1C(=O)O)OCCCCOC2=CC=C(C=C2)C(=O)O,CC1=C(C=CC(=C1)OC(=O)C)OC(=O)C,*Oc1ccc(OC(=O)c2ccc(OCCCCOc3ccc(C(*)=O)cc3)cc2)cc1C,"Polyoxides/ethers/acetals, Polyesters/thioesters"
P340065,14150346,0,Addition_polymerization,COC1=CC=C(C=C1)OC(=O)C2=CC=C(C=C2)OCCCCCCOC(=O)C=C,,*CC(*)C(=O)OCCCCCCOc1ccc(C(=O)Oc2ccc(OC)cc2)cc1,"Polyacrylics, Polyvinyls"
P340070,14177857,0,Addition_polymerization,CCOC(C(F)(F)F)OC(=O)C=C,,*CC(*)C(=O)OC(OCC)C(F)(F)F,"Polyacrylics, Polyvinyls"
P400015,14244003,4837,Polycondensation,CC(=CC(=O)Cl)C(=O)Cl,C1CNCCN1,*C(=O)/C=C(\C)C(=O)N1CCN(*)CC1,Polyamides/thioamides
P100079,14244003,15133,Polycondensation,CC(=CC(=O)Cl)C(=O)Cl,C1=CC(=CC(=C1)CN)CN,*Cc1cccc(CNC(=O)/C=C(\C)C(=O)N*)c1,Polyamides/thioamides
P372501,14267123,7579,Polyaddition,C#CC(=O)C1=CC=C(C=C1)C(=O)C#C,C1=CC(=CC=C1N)OC2=CC=C(C=C2)N,*Oc1ccc(N/C=C/C(=O)c2ccc(C(=O)/C=C/Nc3ccc(*)cc3)cc2)cc1,"Polyoxides/ethers/acetals, Polyimines, Polyketones/thioketones"
P370306,14267124,3707920,Polycondensation,C1=CC=C(C=C1)C#CC(=O)C2=CC=C(C=C2)C(=O)C#CC3=CC=CC=C3,C1=CC(=CC=C1NN)OC2=CC=C(C=C2)NN,*c1ccc(Oc2ccc(-n3nc(-c4ccccc4)cc3-c3ccc(-c4cc(-c5ccccc5)nn4*)cc3)cc2)cc1,"Polyoxides/ethers/acetals, Polyimines"
P320047,14270498,0,Addition_polymerization,CC(=C)C1=CC=C(C=C1)C#N,,*CC(*)(C)c1ccc(C#N)cc1,"Polystyrenes, Polyvinyls"
P090185,14318253,0,Ring_opening_polymerization,CCC1(COC1=O)C,,*CC(C)(CC)C(=O)O*,Polyesters/thioesters
P372634,14323687,18996787,Polycondensation,C1=CC(=CC2=C1C=CC(=C2)I)I,COC1=CC=C(C=C1)NC2=CC=C(C=C2)OC3=CC=C(C=C3)NC4=CC=C(C=C4)OC,*Oc1ccc(N(c2ccc(OC)cc2)c2ccc3ccc(N(c4ccc(*)cc4)c4ccc(OC)cc4)cc3c2)cc1,"Polyoxides/ethers/acetals, Polyimines"
P462228,14323687,68280,Polycondensation,C1=CC(=CC2=C1C=CC(=C2)I)I,C1=CC=C(C=C1)NC2=CC=C(C=C2)C3=CC=C(C=C3)NC4=CC=CC=C4,*c1ccc(-c2ccc(N(c3ccccc3)c3ccc4ccc(N(*)c5ccccc5)cc4c3)cc2)cc1,Polyimines
P090637,14401172,300668,Polycondensation,CC(C)(C1=CC=C(C=C1)C(=O)Cl)C2=CC=C(C=C2)C(=O)Cl,C[Si](C)(C)OC1=CC(=CC=C1)O[Si](C)(C)C,*Oc1cccc(OC(=O)c2ccc(C(C)(C)c3ccc(C(*)=O)cc3)cc2)c1,Polyesters/thioesters
P090635,14401172,298121,Polycondensation,CC(C)(C1=CC=C(C=C1)C(=O)Cl)C2=CC=C(C=C2)C(=O)Cl,C[Si](C)(C)OC1=CC=C(C=C1)O[Si](C)(C)C,*Oc1ccc(OC(=O)c2ccc(C(C)(C)c3ccc(C(*)=O)cc3)cc2)cc1,Polyesters/thioesters
P090633,14401172,140321,Polycondensation,CC(C)(C1=CC=C(C=C1)C(=O)Cl)C2=CC=C(C=C2)C(=O)Cl,C[Si](C)(C)OCCCCO[Si](C)(C)C,*CCCCOC(=O)c1ccc(C(C)(C)c2ccc(C(=O)O*)cc2)cc1,Polyesters/thioesters
P030076,14435332,0,Addition_polymerization,C=CC(=O)C1=CC=CC=C1O,,*CC(*)C(=O)c1ccccc1O,Polyvinyls
P100576,14440437,224167,Polycondensation,CC(C)(CCCN)CCCN,C1=CC(=CC=C1C(=O)O)S(=O)(=O)C2=CC=C(C=C2)C(=O)O,*c1ccc(C(=O)NCCCC(C)(C)CCCNC(=O)c2ccc(S(*)(=O)=O)cc2)cc1,"Polyamides/thioamides, Polysulfones/sulfoxides/sufonates/sulfoamides"
P100053,14440439,75379,Polycondensation,CC(CCC(C)CN)CN,CC(C)(C)C1=CC(=CC(=C1)C(=O)O)C(=O)O,*CC(C)CCC(C)CNC(=O)c1cc(C(=O)N*)cc(C(C)(C)C)c1,Polyamides/thioamides
P392058,14474483,1550234,Polycondensation,C(CCC(=O)Cl)CC(=O)O,COC1=C(C=CC(=C1)C=C2CCCC(=CC3=CC(=C(C=C3)O)OC)C2=O)O,*Oc1ccc(/C=C2\CCC/C(=C\c3ccc(OC(=O)CCCCC(*)=O)c(OC)c3)C2=O)cc1OC,"Polyesters/thioesters, Polyketones/thioketones"
P390438,14474483,373780,Polycondensation,C(CCC(=O)Cl)CC(=O)O,C1=CC(=CC=C1CS)C2=CC=C(C=C2)CS,*Cc1ccc(-c2ccc(CSC(=O)CCCCC(=O)S*)cc2)cc1,Polyesters/thioesters
P373365,14474483,1549252,Polycondensation,C(CCC(=O)Cl)CC(=O)O,C1CC(=CC2=CC=CO2)C(=O)C1=CC3=CC=CO3,*C(=O)CCCCC(=O)c1ccc(/C=C2\CC/C(=C\c3ccc(*)o3)C2=O)o1,"Polyoxides/ethers/acetals, Polyketones/thioketones"
P433650,14474483,0,Polycondensation,C(CCC(=O)Cl)CC(=O)O,,*Nc1cccc(NC(=O)CCCCC(=O)Nc2ccc(C(=O)NC(*)=S)cc2)c1,"Polyimides/thioimides, Polyamides/thioamides, Polyureas/thioureas"
P090456,14474483,85783526,Polycondensation,C(CCC(=O)Cl)CC(=O)O,C(C(CO)(CCl)CBr)O,*CC(CCl)(CBr)COC(=O)CCCCC(=O)O*,Polyesters/thioesters
P090454,14474483,18692,Polycondensation,C(CCC(=O)Cl)CC(=O)O,C(C(CO)(CBr)CBr)O,*CC(CBr)(CBr)COC(=O)CCCCC(=O)O*,Polyesters/thioesters
P090492,14474483,12412130,Polycondensation,C(CCC(=O)Cl)CC(=O)O,CC1=C(C(=C(C(=C1CS)C)C)CS)C,*Cc1c(C)c(C)c(CSC(=O)CCCCC(=O)S*)c(C)c1C,Polyesters/thioesters
P390390,14474483,14595657,Polycondensation,C(CCC(=O)Cl)CC(=O)O,C(CCCCC#CC#CCCCCCCCCCO)CCCCO,*CCCCCCCCCC#CC#CCCCCCCCCCOC(=O)CCCCC(=O)O*,Polyesters/thioesters
P372548,14474483,102076849,Polycondensation,C(CCC(=O)Cl)CC(=O)O,CCCCOC1=CC=C(C=C1)C2=NC(=C(C(=N2)OCCO)C3=CC=C(C=C3)OC)OCCO,*OCCOC(=O)CCCCC(=O)OCCOc1nc(-c2ccc(OCCCC)cc2)nc(*)c1-c1ccc(OC)cc1,"Polyoxides/ethers/acetals, Polyesters/thioesters, Polyimines"
P390095,14474483,101717482,Polycondensation,C(CCC(=O)Cl)CC(=O)O,C1=CC(=CC=C1NC(=O)CCCCCO)NC(=O)CCCCCO,*CCCCCC(=O)Nc1ccc(NC(=O)CCCCCOC(=O)CCCCC(=O)O*)cc1,"Polyesters/thioesters, Polyamides/thioamides"
P392135,14474483,100913772,Polycondensation,C(CCC(=O)Cl)CC(=O)O,C1=CC=C(C=C1)N(C2=CC=CC=C2)N=CC3=CC=C(C=C3)N(CCO)CCO,*CCN(CCOC(=O)CCCCC(=O)O*)c1ccc(/C=N/N(c2ccccc2)c2ccccc2)cc1,"Polyesters/thioesters, Polyimines"
P402408,14474483,101538529,Polycondensation,C(CCC(=O)Cl)CC(=O)O,C1=CC=NC(=C1)C2=NN=C(O2)C3=CC(=CC(=C3)N)N,*Nc1cc(NC(=O)CCCCC(*)=O)cc(-c2nnc(-c3ccccn3)o2)c1,Polyamides/thioamides
P392342,14533877,102275251,Polycondensation,CC(CCC(=O)Cl)C(=O)Cl,CCCCOC1=CC=C(C=C1)C(=O)OC2=CC(=C(C=C2O)OC(=O)C3=CC=C(C=C3)OCCCC)O,*Oc1cc(OC(=O)c2ccc(OCCCC)cc2)c(OC(=O)C(C)CCC(*)=O)cc1OC(=O)c1ccc(OCCCC)cc1,Polyesters/thioesters
P432049,14549436,8411,Polycondensation,C1=CC(=CC=C1OC2=CC3=C(C=C2)C(=O)OC3=O)OC4=CC5=C(C=C4)C(=O)OC5=O,COC1=C(C=CC(=C1)C2=CC(=C(C=C2)N)OC)N,*c1ccc(-c2ccc(N3C(=O)c4ccc(Oc5ccc(Oc6ccc7c(c6)C(=O)N(*)C7=O)cc5)cc4C3=O)c(OC)c2)cc1OC,"Polyimides/thioimides, Polyoxides/ethers/acetals"
P430262,14549436,632695,Polycondensation,C1=CC(=CC=C1OC2=CC3=C(C=C2)C(=O)OC3=O)OC4=CC5=C(C=C4)C(=O)OC5=O,C1=CC(=CC=C1C2=CC=C(C=C2)OC3=CC=C(C=C3)N)OC4=CC=C(C=C4)N,*c1ccc(Oc2ccc(-c3ccc(Oc4ccc(N5C(=O)c6ccc(Oc7ccc(Oc8ccc9c(c8)C(=O)N(*)C9=O)cc7)cc6C5=O)cc4)cc3)cc2)cc1,"Polyimides/thioimides, Polyoxides/ethers/acetals"
P430263,14549436,21881701,Polycondensation,C1=CC(=CC=C1OC2=CC3=C(C=C2)C(=O)OC3=O)OC4=CC5=C(C=C4)C(=O)OC5=O,C1=CC(=CC=C1N)OC2=CC=C(C=C2)OC3=CC=C(C=C3)OC4=CC=C(C=C4)N,*c1ccc(Oc2ccc(Oc3ccc(Oc4ccc(N5C(=O)c6ccc(Oc7ccc(Oc8ccc9c(c8)C(=O)N(*)C9=O)cc7)cc6C5=O)cc4)cc3)cc2)cc1,"Polyimides/thioimides, Polyoxides/ethers/acetals"
P130219,14549436,17201,Polycondensation,C1=CC(=CC=C1OC2=CC3=C(C=C2)C(=O)OC3=O)OC4=CC5=C(C=C4)C(=O)OC5=O,C1=CC(=CC(=C1)OC2=CC=C(C=C2)N)OC3=CC=C(C=C3)N,*c1ccc(Oc2cccc(Oc3ccc(N4C(=O)c5ccc(Oc6ccc(Oc7ccc8c(c7)C(=O)N(*)C8=O)cc6)cc5C4=O)cc3)c2)cc1,"Polyimides/thioimides, Polyoxides/ethers/acetals"
P432209,14549436,220590,Polyaddition,C1=CC(=CC=C1OC2=CC3=C(C=C2)C(=O)OC3=O)OC4=CC5=C(C=C4)C(=O)OC5=O,CC1=CC(=C(C=C1N)C)CC2=C(C=C(C(=C2)C)N)C,*c1cc(C)c(Cc2cc(C)c(N3C(=O)c4ccc(Oc5ccc(Oc6ccc7c(c6)C(=O)N(*)C7=O)cc5)cc4C3=O)cc2C)cc1C,"Polyimides/thioimides, Polyoxides/ethers/acetals"
P432052,14549436,2955,Polycondensation,C1=CC(=CC=C1OC2=CC3=C(C=C2)C(=O)OC3=O)OC4=CC5=C(C=C4)C(=O)OC5=O,C1=CC(=CC=C1N)S(=O)(=O)C2=CC=C(C=C2)N,*c1ccc(S(=O)(=O)c2ccc(N3C(=O)c4ccc(Oc5ccc(Oc6ccc7c(c6)C(=O)N(*)C7=O)cc5)cc4C3=O)cc2)cc1,"Polyimides/thioimides, Polyoxides/ethers/acetals, Polysulfones/sulfoxides/sufonates/sulfoamides"
P432050,14549436,69149,Polycondensation,C1=CC(=CC=C1OC2=CC3=C(C=C2)C(=O)OC3=O)OC4=CC5=C(C=C4)C(=O)OC5=O,C1=CC(=CC=C1C(=O)C2=CC=C(C=C2)N)N,*c1ccc(C(=O)c2ccc(N3C(=O)c4ccc(Oc5ccc(Oc6ccc7c(c6)C(=O)N(*)C7=O)cc5)cc4C3=O)cc2)cc1,"Polyimides/thioimides, Polyoxides/ethers/acetals, Polyketones/thioketones"
P432986,14574292,15597559,Polycondensation,C1=CC2=C(C(=C1)OC3=CC4=C(C=C3)C(=O)OC4=O)C(=O)OC2=O,C1=CC(=CC(=C1)OC2=CC=C(C=C2)C(=O)C3=CC=C(C=C3)OC4=CC=CC(=C4)N)N,*c1ccc(Oc2ccc(C(=O)c3ccc(Oc4ccc(N5C(=O)c6ccc(Oc7ccc8c(c7)C(=O)N(*)C8=O)cc6C5=O)cc4)cc3)cc2)cc1,"Polyimides/thioimides, Polyoxides/ethers/acetals, Polyketones/thioketones"
P433006,14574292,7579,Polyaddition/Polymer_reaction,C1=CC2=C(C(=C1)OC3=CC4=C(C=C3)C(=O)OC4=O)C(=O)OC2=O,C1=CC(=CC=C1N)OC2=CC=C(C=C2)N,*c1ccc(Oc2ccc(N3C(=O)c4ccc(Oc5cccc6c5C(=O)N(*)C6=O)cc4C3=O)cc2)cc1,"Polyimides/thioimides, Polyoxides/ethers/acetals"
P150040,14670642,6371,Polycondensation,C1CCC(CC1)(C2=CC(=C(C=C2)O)Cl)C3=CC(=C(C=C3)O)Cl,C(=O)(Cl)Cl,*Oc1ccc(C2(c3ccc(OC(*)=O)c(Cl)c3)CCCCC2)cc1Cl,Polycarbonates/thiocarbonates
P090510,14739871,7451,Polycondensation,CCCCC1=CC(=CC(=C1)O)O,C1=CC(=CC(=C1)C(=O)Cl)C(=O)Cl,*Oc1cc(CCCC)cc(OC(=O)c2cccc(C(*)=O)c2)c1,Polyesters/thioesters
P372155,14848723,248905,Polycondensation,CC1=CC(=C(C=C1S(=O)(=O)C2=CC(=C(C=C2C)O)C)C)O,CC1=CC=C(C=C1)OP(=O)(Cl)Cl,*OP(=O)(Oc1ccc(C)cc1)Oc1c(C)cc(S(=O)(=O)c2cc(C)c(*)c(C)c2)cc1C,"Polyoxides/ethers/acetals, Polysulfones/sulfoxides/sufonates/sulfoamides"
P382004,14900818,0,Addition_polymerization,CCCCCCCCCCCCCCCCCC1=CSC=C1,,*c1cc(CCCCCCCCCCCCCCCCC)c(*)s1,Polysulfides
P382005,14900819,0,Addition_polymerization,CCCCCCCCCCCCCCCCCCCC1=CSC=C1,,*c1cc(CCCCCCCCCCCCCCCCCCC)c(*)s1,Polysulfides
P430434,15027174,15095170,Polycondensation,C1=C2C(=CC(=C1C(=O)C3=C(C=C4C(=C3)C(=O)OC4=O)Cl)Cl)C(=O)OC2=O,CC(C)(C)C1=CC(=CC(=C1)N)N,*C(=O)c1cc2c(cc1Cl)C(=O)N(c1cc(N3C(=O)c4cc(*)c(Cl)cc4C3=O)cc(C(C)(C)C)c1)C2=O,"Polyimides/thioimides, Polyketones/thioketones"
P382017,15033728,0,Polycondensation,CCCCOC1=CSC=C1,,*c1cc(OCCCC)c(*)s1,Polysulfides
P370161,15044680,75183,Polycondensation,CC(=O)OC1=CC=C(C=C1)OC2=CC=C(C=C2)OC3=CC=C(C=C3)OC4=CC=C(C=C4)OC(=O)C,C1=CC(=CC=C1C(=O)O)OC2=CC=C(C=C2)C(=O)O,*Oc1ccc(Oc2ccc(Oc3ccc(Oc4ccc(OC(=O)c5ccc(Oc6ccc(C(*)=O)cc6)cc5)cc4)cc3)cc2)cc1,"Polyoxides/ethers/acetals, Polyesters/thioesters"
P373038,15113939,101348979,Polycondensation,C1=CC(=CC=C1C2=CC=C(C=C2)OCCCCCCCCCCCO)OCCCCCCCCCCCO,CCOC(=O)C1=CC(=CC(=C1)OCCCCCCCCOC2=CC=C(C=C2)N=NC3=CC=C(C=C3)OC)C(=O)OCC,*CCCCCCCCCCCOC(=O)c1cc(OCCCCCCCCOc2ccc(/N=N/c3ccc(OC)cc3)cc2)cc(C(=O)OCCCCCCCCCCCOc2ccc(-c3ccc(O*)cc3)cc2)c1,"Polyoxides/ethers/acetals, Polyesters/thioesters"
P462361,15180744,0,Polycondensation,COCCOCCC1=CNC=C1,,*c1cc(CCOCCOC)c(*)[nH]1,Polyimines
P340041,15185294,0,Addition_polymerization,CC1=C(C=CC(=C1)OC(=O)C=C)Cl,,*CC(*)C(=O)Oc1ccc(Cl)c(C)c1,"Polyacrylics, Polyvinyls"
P070713,15239611,13167282,Polyaddition,C1C(C(CO1)CO)CO,CC(C)(C1=CC=C(O1)CN=C=O)C2=CC=C(O2)CN=C=O,*CNC(=O)OCc1cocc1COC(=O)NCc1ccc(C(C)(C)c2ccc(*)o2)o1,"Polyoxides/ethers/acetals, Polyurethanes/thiourethanes"
P070613,15250478,8100,Polycondensation,CC(=CC1=CC=C(C=C1)O)C2=CC=C(C=C2)O,C(CCBr)CCBr,*CCCCCOc1ccc(/C=C(\C)c2ccc(O*)cc2)cc1,Polyoxides/ethers/acetals
P070612,15250478,78310,Polycondensation,CC(=CC1=CC=C(C=C1)O)C2=CC=C(C=C2)O,C(CCCCBr)CCCBr,*CCCCCCCCOc1ccc(/C=C(\C)c2ccc(O*)cc2)cc1,Polyoxides/ethers/acetals
P390136,15250478,0,Polycondensation,CC(=CC1=CC=C(C=C1)O)C2=CC=C(C=C2)O,,*Oc1ccc(/C(C)=C/c2ccc(OC(=O)CCCCCCCCCCC(*)=O)cc2)cc1,Polyesters/thioesters
P372349,15250478,8115,Polycondensation,CC(=CC1=CC=C(C=C1)O)C2=CC=C(C=C2)O,C(CCl)OCCCl,*CCOCCOc1ccc(/C=C(\C)c2ccc(O*)cc2)cc1,Polyoxides/ethers/acetals
P382267,15254788,0,Polycondensation,CCCCCCCCCCCCSC1=CSC=C1,,*c1cc(SCCCCCCCCCCCC)c(*)s1,Polysulfides
P380151,15269221,0,Polycondensation,COCCOCCOC1=CSC=C1,,*c1cc(OCCOCCOC)c(*)s1,Polysulfides
P400068,15320160,13185,Polycondensation,CCNCC1=CC=C(C=C1)CNCC,C(CCCCCCC(=O)O)CCCCCC(=O)O,*Cc1ccc(CN(CC)C(=O)CCCCCCCCCCCCC(=O)N(*)CC)cc1,Polyamides/thioamides
P522003,15352417,0,Polyaddition,C1=CC=C(C=C1)C#CC2=C(C=C(C=C2)C(C3=CC(=C(C=C3)C#CC4=CC=CC=C4)C#CC5=CC=CC=C5)(C(F)(F)F)C(F)(F)F)C#CC6=CC=CC=C6,,*c1c(-c2ccccc2)c(-c2ccccc2)c(*)c2cc(C(c3ccc(C#Cc4ccccc4)c(C#Cc4ccccc4)c3)(C(F)(F)F)C(F)(F)F)ccc12,Other polymers
P522004,15352418,0,Polyaddition,C1=CC=C(C=C1)C#CC2=C(C=C(C=C2)OC3=CC(=C(C=C3)C#CC4=CC=CC=C4)C#CC5=CC=CC=C5)C#CC6=CC=CC=C6,,*c1c(-c2ccccc2)c(-c2ccccc2)c(*)c2cc(Oc3ccc(C#Cc4ccccc4)c(C#Cc4ccccc4)c3)ccc12,Other polymers
P522006,15352420,0,Polyaddition,C1=CC=C(C=C1)C#CC2=C(C=C(C=C2)C3(C4=CC=CC=C4C5=CC=CC=C53)C6=CC(=C(C=C6)C#CC7=CC=CC=C7)C#CC8=CC=CC=C8)C#CC9=CC=CC=C9,,*c1c(-c2ccccc2)c(-c2ccccc2)c(*)c2cc(C3(c4ccc(C#Cc5ccccc5)c(C#Cc5ccccc5)c4)c4ccccc4-c4ccccc43)ccc12,Other polymers
P380092,15365739,18453,Polycondensation,CCCCCCCCCCCCN1C(=CC=C1C2=CC=CS2)C3=CC=CS3,C1=C(SC(=C1)Br)Br,*c1ccc(-c2ccc(-c3ccc(-c4ccc(-c5ccc(*)n5CCCCCCCCCCCC)s4)s3)s2)s1,"Polysulfides, Polyimines"
P432806,15373719,101988860,Polycondensation,C1=CC=C(C(=C1)OC2=CC=C(C=C2)N)OC3=CC=C(C=C3)N,C1=CC(=CC(=C1)N2C(=O)C3=C(C2=O)C=C(C=C3)C(C4=CC5=C(C=C4)C(=O)N(C5=O)C6=CC=CC(=C6)C(=O)O)(C(F)(F)F)C(F)(F)F)C(=O)O,*c1ccc2c(c1)C(=O)N(c1cccc(C(=O)Nc3ccc(Oc4ccccc4Oc4ccc(NC(=O)c5cccc(N6C(=O)c7ccc(C(*)(C(F)(F)F)C(F)(F)F)cc7C6=O)c5)cc4)cc3)c1)C2=O,"Polyimides/thioimides, Polyoxides/ethers/acetals, Polyamides/thioamides"
P400018,15420362,0,Polycondensation,C(CCCCCCCN)CCCCCCC(=O)O,,*CCCCCCCCCCCCCCC(=O)N*,Polyamides/thioamides
P380077,15429803,18453,Polycondensation,CCCCCCCCCCCCOC1=CC(=C(C=C1C#C)OCCCCCCCCCCCC)C#C,C1=C(SC(=C1)Br)Br,*C#Cc1cc(OCCCCCCCCCCCC)c(C#Cc2ccc(*)s2)cc1OCCCCCCCCCCCC,Polysulfides
P510036,15429803,77004,Polycondensation,CCCCCCCCCCCCOC1=CC(=C(C=C1C#C)OCCCCCCCCCCCC)C#C,C1=CC(=C(C=C1Br)[N+](=O)[O-])Br,*C#Cc1cc(OCCCCCCCCCCCC)c(C#Cc2ccc(*)c([N+](=O)[O-])c2)cc1OCCCCCCCCCCCC,Polyphenylenes
P432956,15457419,618483,Polycondensation,C12=C(C(=C3C(=C1F)C(=O)OC3=O)F)C(=O)OC2=O,COC1=C(C=CC(=C1)N)C2=C(C=C(C=C2)N)OC,*c1ccc(-c2ccc(-n3c(=O)c4c(F)c5c(=O)n(*)c(=O)c5c(F)c4c3=O)cc2OC)c(OC)c1,Polyimides/thioimides
P433527,15457419,27465,Polycondensation,C12=C(C(=C3C(=C1F)C(=O)OC3=O)F)C(=O)OC2=O,C1=C(C(=CC(=C1Cl)N)Cl)C2=CC(=C(C=C2Cl)N)Cl,*c1cc(Cl)c(-c2cc(Cl)c(-n3c(=O)c4c(F)c5c(=O)n(*)c(=O)c5c(F)c4c3=O)cc2Cl)cc1Cl,Polyimides/thioimides
P372004,15457423,0,Ring_opening_polymerization,CC1(COC1)COCC(F)(F)F,,*CC(C)(CO*)COCC(F)(F)F,Polyoxides/ethers/acetals
P330064,15597042,0,Addition_polymerization,C=CCCCCN1C2=CC=CC=C2C3=CC=CC=C31,,*CC(*)CCCCn1c2ccccc2c2ccccc21,Polyvinyls
P400176,15610180,248194,Polycondensation,C1=CC(=NC=C1C(=O)Cl)C(=O)Cl,C1=CC(=NC=C1C(=O)NN)C(=O)NN,*C(=O)NNC(=O)c1ccc(*)nc1,"Polyamides/thioamides, Polyimines"
P332032,15687718,0,Addition_polymerization,C#CC1=C(SC(=C1)C(F)(F)F)C(F)(F)F,,*/C=C(/*)c1cc(C(F)(F)F)sc1C(F)(F)F,Polyvinyls
P360021,15920394,0,Addition_polymerization,CC(=C1C=CC2C1CC=CC2)C,,*C1C=C(C(*)(C)C)C2CC=CCC12,Polydienes
P320030,15930922,0,Addition_polymerization,C[Si](C)(C)C#CC1=CC=C(C=C1)C=C,,*CC(*)c1ccc(C#C[Si](C)(C)C)cc1,"Polystyrenes, Polyvinyls"
P432595,15935091,100939193,Polycondensation,CC(C)(C)C1=C(C=CC(=C1)OC2=CC=C(C=C2)N)OC3=CC=C(C=C3)N,C1CC2C(C1)C3CC2CC3(C4=CC=C(C=C4)OC5=CC=C(C=C5)N6C(=O)C7=C(C6=O)C=C(C=C7)C(=O)O)C8=CC=C(C=C8)OC9=CC=C(C=C9)N1C(=O)C2=C(C1=O)C=C(C=C2)C(=O)O,*C(=O)Nc1ccc(Oc2ccc(Oc3ccc(NC(=O)c4ccc5c(c4)C(=O)N(c4ccc(Oc6ccc(C7(c8ccc(Oc9ccc(N%10C(=O)c%11ccc(*)cc%11C%10=O)cc9)cc8)CC8CC7C7CCCC87)cc6)cc4)C5=O)cc3)c(C(C)(C)C)c2)cc1,"Polyimides/thioimides, Polyoxides/ethers/acetals, Polyamides/thioamides"
P100138,16744147,12172,Polycondensation,CC1=CC(=C(C=C1COC(=O)C)C)COC(=O)C,C1=CC(=CC=C1C#N)C#N,*Cc1cc(C)c(CNC(=O)c2ccc(C(=O)N*)cc2)cc1C,Polyamides/thioamides
P432462,17362677,101026811,Polycondensation/Polymer_reaction,C1=CC2=C(C=C1C(C3=CC4=C(C=C3)C(=O)NC4=O)(C(F)(F)F)C(F)(F)F)C(=O)NC2=O,C1COC(O1)C2=CC=C(C=C2)N=NC3=CC=C(C=C3)N(CCO)CCO,*CCN(CCN1C(=O)c2ccc(C(c3ccc4c(c3)C(=O)N(*)C4=O)(C(F)(F)F)C(F)(F)F)cc2C1=O)c1ccc(/N=N/c2ccc(C=O)cc2)cc1,"Polyimides/thioimides, Polyimines"
P432792,17362677,17651,Polycondensation,C1=CC2=C(C=C1C(C3=CC4=C(C=C3)C(=O)NC4=O)(C(F)(F)F)C(F)(F)F)C(=O)NC2=O,C1=CC(=CC=C1N=NC2=CC=C(C=C2)[N+](=O)[O-])N(CCO)CCO,*CCN(CCN1C(=O)c2ccc(C(c3ccc4c(c3)C(=O)N(*)C4=O)(C(F)(F)F)C(F)(F)F)cc2C1=O)c1ccc(/N=N/c2ccc([N+](=O)[O-])cc2)cc1,"Polyimides/thioimides, Polyimines"
P050050,18381056,0,Addition_polymerization,CC(CC=C)C(F)(F)F,,*CC(*)CC(C)C(F)(F)F,Polyhalo-olefins
P392077,18401323,31214,Polycondensation,C1=CC(=CC=C1C(=O)OCCCCOC(=O)C2=CC=C(C=C2)N)N,CCOC(OCC)OCC,*CCCCOC(=O)c1ccc(N/C=N/c2ccc(C(=O)O*)cc2)cc1,"Polyesters/thioesters, Polyimines"
P090550,18412942,7451,Polycondensation,CCCCCCCCC1=CC(=CC(=C1)O)O,C1=CC(=CC(=C1)C(=O)Cl)C(=O)Cl,*Oc1cc(CCCCCCCC)cc(OC(=O)c2cccc(C(*)=O)c2)c1,Polyesters/thioesters
P450015,18426622,74843,Polycondensation,COC1=CC(=C(C=C1)OC)N(CCO)CCO,CC(C)(C1=CC=C(C=C1)OC(=O)Cl)C2=CC=C(C=C2)OC(=O)Cl,*Oc1ccc(C(C)(C)c2ccc(OC(=O)OCCN(CCOC(*)=O)c3cc(OC)ccc3OC)cc2)cc1,"Polycarbonates/thiocarbonates, Polyimines"
P040135,18435209,0,Addition_polymerization,CCCCCCCCCCCCCCCCCCCCCCNC(=O)C=C,,*CC(*)C(=O)NCCCCCCCCCCCCCCCCCCCCCC,"Polyacrylics, Polyvinyls"
P390299,18476114,0,Polycondensation,CC(=O)OC1=C(C=C(C=C1)C2=CC=C(C=C2)C(=O)O)C3=CC=CC=C3,,*Oc1ccc(-c2ccc(C(*)=O)cc2)cc1-c1ccccc1,Polyesters/thioesters
P160007,18547391,0,Ring_opening_polymerization,CC(C)CC1=NCCO1,,*CCN(*)C(=O)CC(C)C,Polyimines
P370657,18615484,0,Ring_opening_polymerization,CC1CC(=O)OCCO1,,*CCOC(=O)CC(C)O*,"Polyoxides/ethers/acetals, Polyesters/thioesters"
P370657,18615484,0,Ring_opening_polymerization,CC1CC(=O)OCCO1,,*CCOC(=O)CC(C)O*,"Polyoxides/ethers/acetals, Polyesters/thioesters"
P340173,18618576,0,Addition_polymerization,CCCCCCCCCCOC(=O)C(=C)C(=O)O,,*CC(*)(C(=O)O)C(=O)OCCCCCCCCCC,"Polyacrylics, Polyvinyls"
P340172,18618606,0,Addition_polymerization,CCCCCCCCOC(=O)C(=C)C(=O)O,,*CC(*)(C(=O)O)C(=O)OCCCCCCCC,"Polyacrylics, Polyvinyls"
P340030,18618617,0,Addition_polymerization,CCCCCCCCCCOC(=O)CC(=C)C(=O)OCCCCCCCCCC,,*CC(*)(CC(=O)OCCCCCCCCCC)C(=O)OCCCCCCCCCC,"Polyacrylics, Polyvinyls"
P433036,18624853,101490691,Polycondensation,C1=CC=C(C=C1)P(=O)(C2=CC=CC(=C2)N)C3=CC=CC(=C3)N,C1=CC=C(C=C1)P(=O)(C2=CC=CC(=C2)N3C(=O)C4=C(C3=O)C=C(C=C4)C(=O)O)C5=CC=CC(=C5)N6C(=O)C7=C(C6=O)C=C(C=C7)C(=O)O,*C(=O)Nc1cccc(P(=O)(c2ccccc2)c2cccc(NC(=O)c3ccc4c(c3)C(=O)N(c3cccc(P(=O)(c5ccccc5)c5cccc(N6C(=O)c7ccc(*)cc7C6=O)c5)c3)C4=O)c2)c1,"Polyimides/thioimides, Polyamides/thioamides"
P433174,18624853,85612499,Polycondensation,C1=CC=C(C=C1)P(=O)(C2=CC=CC(=C2)N)C3=CC=CC(=C3)N,C1=CC=C(C=C1)C2=C3C(=CC4=C2C(=O)OC4=O)C(=O)OC3=O,*c1cccc(P(=O)(c2ccccc2)c2cccc(-n3c(=O)c4cc5c(=O)n(*)c(=O)c5c(-c5ccccc5)c4c3=O)c2)c1,Polyimides/thioimides
P433167,18624854,101728729,Polycondensation,C1=CC(=CC(=C1)P(=O)(C2=CC=C(C=C2)C(F)(F)F)C3=CC=CC(=C3)N)N,C1=C(C=C(C=C1C(F)(F)F)C(F)(F)F)C2=C3C(=CC4=C2C(=O)OC4=O)C(=O)OC3=O,*c1cccc(P(=O)(c2ccc(C(F)(F)F)cc2)c2cccc(-n3c(=O)c4cc5c(=O)n(*)c(=O)c5c(-c5cc(C(F)(F)F)cc(C(F)(F)F)c5)c4c3=O)c2)c1,Polyimides/thioimides
P402084,18680677,53978929,Polycondensation,CCC1=C(C=CC(=C1)N)N,C1=CC(=CC=C1C(=O)O)NC(=O)CCCCCCCCC(=O)NC2=CC=C(C=C2)C(=O)O,*Nc1ccc(NC(=O)c2ccc(NC(=O)CCCCCCCCC(=O)Nc3ccc(C(*)=O)cc3)cc2)cc1CC,Polyamides/thioamides
P390012,18698970,66072,Polycondensation,CCC(C1=CC=CC=C1)(C2=CC=C(C=C2)O)C3=CC=C(C=C3)O,C(CCCCC(=O)Cl)CCCC(=O)Cl,*Oc1ccc(C(CC)(c2ccccc2)c2ccc(OC(=O)CCCCCCCCC(*)=O)cc2)cc1,Polyesters/thioesters
P342247,18755131,0,Addition_polymerization,CC(OCCOC1=CC=CC=C1)OC(=O)C(=C)C,,*CC(*)(C)C(=O)OC(C)OCCOc1ccccc1,"Polyacrylics, Polyvinyls"
P340035,18758812,0,Addition_polymerization,C=CC(=O)N1C2=CC=CC=C2C3=CC=CC=C31,,*CC(*)C(=O)n1c2ccccc2c2ccccc21,"Polyacrylics, Polyvinyls"
P422032,18793326,102249732,Polyaddition,C1=CC=C(C(=C1)CCC2=CC=C(C=C2)N)N,C1=CC=C(C(=C1)CCC2=CC=C(C=C2)N=C=O)N=C=O,*Nc1ccccc1CCc1ccc(NC(*)=O)cc1,Polyureas/thioureas
P370174,18951215,7942,Polycondensation,C1=CC(=CC(=C1)OC2=CC=C(C=C2)C(=O)O)OC3=CC=C(C=C3)C(=O)O,CC(=O)OC1=CC(=CC=C1)OC(=O)C,*Oc1cccc(Oc2ccc(C(=O)Oc3cccc(OC(=O)c4ccc(*)cc4)c3)cc2)c1,"Polyoxides/ethers/acetals, Polyesters/thioesters"
P320008,18974187,0,Addition_polymerization,CC(=C)C1=NC=NC=N1,,*CC(*)(C)c1ncncn1,"Polystyrenes, Polyvinyls"
P342152,19022080,0,Addition_polymerization,C=CC(=O)NCP(=O)(O)O,,*CC(*)C(=O)NCP(=O)(O)O,"Polyacrylics, Polyvinyls"
P432102,19045004,7935,Polycondensation,CC1(CC2(CC(C3=C2C=C(C=C3)OC4=CC5=C(C=C4)C(=O)OC5=O)(C)C)C6=C1C=CC(=C6)OC7=CC8=C(C=C7)C(=O)OC8=O)C,C1=CC(=CC(=C1)N)N,*c1cccc(N2C(=O)c3ccc(Oc4ccc5c(c4)C4(CC(C)(C)c6ccc(Oc7ccc8c(c7)C(=O)N(*)C8=O)cc64)CC5(C)C)cc3C2=O)c1,"Polyimides/thioimides, Polyoxides/ethers/acetals"
P030138,19076078,0,Addition_polymerization,CC1=CC(=CC=C1)C(=O)OC=C,,*CC(*)OC(=O)c1cccc(C)c1,Polyvinyls
P462159,19089024,0,Addition_polymerization,C=CCN(CC=C)C(P(=O)(O)O)P(=O)(O)O,,*CCC1CN(C(P(=O)(O)O)P(=O)(O)O)CC1*,Polyimines
P370796,19097657,136900470,Polycondensation,C1=CC(=CC=C1C(=O)C2=CC3=C(C=C2)C=C(C=C3)C(=O)C4=CC=C(C=C4)F)F,C1=CC=C(C=C1)C2=C(NC(=N2)C3=CC=C(C=C3)C4=NC(=C(N4)C5=CC=C(C=C5)O)C6=CC=CC=C6)C7=CC=C(C=C7)O,*c1ccc(Oc2ccc(C(=O)c3ccc4cc(C(=O)c5ccc(Oc6ccc(-c7nc(-c8ccc(-c9nc(*)c(-c%10ccccc%10)[nH]9)cc8)[nH]c7-c7ccccc7)cc6)cc5)ccc4c3)cc2)cc1,"Polyoxides/ethers/acetals, Polyimines, Polyketones/thioketones"
P090253,2266,4134690,Polycondensation,C(CCCC(=O)O)CCCC(=O)O,C(CCCCCCCCCCO)CCCCCCCCCO,*CCCCCCCCCCCCCCCCCCCCOC(=O)CCCCCCCC(=O)O*,Polyesters/thioesters
P090017,2266,10442,Polycondensation,C(CCCC(=O)O)CCCC(=O)O,C(CO)CO,*CCCOC(=O)CCCCCCCC(=O)O*,Polyesters/thioesters
P090016,2266,174,Polycondensation,C(CCCC(=O)O)CCCC(=O)O,C(CO)O,*CCOC(=O)CCCCCCCC(=O)O*,Polyesters/thioesters
P392712,19375306,11409434,Polycondensation,COC1=C(C=CC(=C1)C(=O)Cl)C(=O)Cl,CCN1C2=C(C=CC(=C2)[N+](=O)[O-])N=C1C=CC3=CC=C(C=C3)N=NC4=CC=C(C=C4)N(CCO)CCO,*CCN(CCOC(=O)c1ccc(C(=O)O*)c(OC)c1)c1ccc(/N=N/c2ccc(/C=C/c3nc4ccc([N+](=O)[O-])cc4n3CC)cc2)cc1,"Polyesters/thioesters, Polyimines"
P070039,19424493,0,Ring_opening_polymerization,C1C(O1)COC2=C(C=C(C=C2Cl)Cl)Cl,,*CC(COc1c(Cl)cc(Cl)cc1Cl)O*,Polyoxides/ethers/acetals
P070730,19426230,9582,Polycondensation,C1=CC=C2C(=C1)NC(=C3C=CC(=O)C=C3)N2C4=CC=C(C=C4)N5C6=CC=CC=C6NC5=C7C=CC(=O)C=C7,C1=CC(=CC=C1C(=O)C2=CC=C(C=C2)F)F,*c1ccc(Oc2ccc(C(=O)c3ccc(Oc4ccc(-c5nc6ccccc6n5-c5ccc(-n6c(*)nc7ccccc76)cc5)cc4)cc3)cc2)cc1,"Polyoxides/ethers/acetals, Polyimines, Polyketones/thioketones"
P370804,19736178,0,Polycondensation,C1=CC(=CC=C1C2=CC=C(C=C2)C(=O)C3=CC=C(C=C3)F)C(=O)C4=CC=C(C=C4)F,,*c1ccc(Oc2ccc(C(=O)c3ccc(-c4ccc(C(=O)c5ccc(Oc6ccc(-c7nc(-c8cccc(-c9nc(*)c(-c%10ccccc%10)[nH]9)c8)[nH]c7-c7ccccc7)cc6)cc5)cc4)cc3)cc2)cc1,"Polyoxides/ethers/acetals, Polyimines, Polyketones/thioketones"
P373383,19736178,0,Polycondensation/Polymer_reaction,C1=CC(=CC=C1C2=CC=C(C=C2)C(=O)C3=CC=C(C=C3)F)C(=O)C4=CC=C(C=C4)F,,*Oc1ccc(Oc2ccc(C(=O)c3ccc(-c4ccc(C(=O)c5ccc(*)cc5)cc4)cc3)cc2)cc1-c1ccc(S(=O)(=O)O)c(C)c1,"Polyoxides/ethers/acetals, Polyketones/thioketones"
P373524,19795109,459111,Polycondensation,COC1=C(C=CC(=C1)C=O)OCCCCCCCCCCOC2=C(C=C(C=C2)C=O)OC,C1=CC(=CC=C1C2=CSC(=N2)N)OC3=CC=C(C=C3)C4=CSC(=N4)N,*c1ccc(Oc2ccc(-c3csc(/N=C/c4ccc(OCCCCCCCCCCOc5ccc(/C=N/c6nc(*)cs6)cc5OC)c(OC)c4)n3)cc2)cc1,"Polyoxides/ethers/acetals, Polysulfides, Polyimines"
P370634,19802264,17471,Polycondensation,C1=CC=C(C=C1)C(=O)C2=C(C=CC(=C2)C3(C4=CC=CC=C4C5=CC=CC=C53)C6=CC(=C(C=C6)N)C(=O)C7=CC=CC=C7)N,CC(=O)C1=CC=C(C=C1)OC2=CC=C(C=C2)C(=O)C,*c1ccc(Oc2ccc(-c3cc(-c4ccccc4)c4cc(C5(c6ccc7nc(*)cc(-c8ccccc8)c7c6)c6ccccc6-c6ccccc65)ccc4n3)cc2)cc1,"Polyoxides/ethers/acetals, Polyimines"
P342493,19807651,0,Addition_polymerization,CC(=C)C(=O)OCC1=C(C=C(C=C1)Cl)Cl,,*CC(*)(C)C(=O)OCc1ccc(Cl)cc1Cl,"Polyacrylics, Polyvinyls"
P373422,19812385,102253562,Polycondensation,C1=CC(=CC=C1C2=CC=C(C=C2)OCCCCCCO)OCCCCCCO,CCOC(=O)C(CCCCCOC1=CC=C(C=C1)N=NC2=CC=NC=C2)C(=O)OCC,*CCCCCCOC(=O)C(CCCCCOc1ccc(/N=N/c2ccncc2)cc1)C(=O)OCCCCCCOc1ccc(-c2ccc(O*)cc2)cc1,"Polyoxides/ethers/acetals, Polyesters/thioesters"
P382114,19871013,0,Polycondensation/Polymer_reaction,C1=CSC(=C1)C2=CN=C(C=C2)C3=CC=CS3,,*c1ccc(-c2ccc(-c3ccc(*)s3)s2)cn1,"Polysulfides, Polyimines"
P342263,19873883,0,Addition_polymerization,CC(=C)C(=O)OCCC1CCCCC1,,*CC(*)(C)C(=O)OCCC1CCCCC1,"Polyacrylics, Polyvinyls"
P130281,19875140,3084645,Polycondensation,C1=CC(=CC(=C1)N)C(=O)C2=CC=C(C=C2)CC3=CC=C(C=C3)C(=O)C4=CC(=CC=C4)N,COC(=O)C1=C(C=C(C=C1)C(=O)C2=CC(=C(C=C2)C(=O)OC)C(=O)O)C(=O)O,*C(=O)c1ccc2c(c1)C(=O)N(c1cccc(C(=O)c3ccc(Cc4ccc(C(=O)c5cccc(N6C(=O)c7ccc(*)cc7C6=O)c5)cc4)cc3)c1)C2=O,"Polyimides/thioimides, Polyketones/thioketones"
P130130,19875142,3084645,Polycondensation,C1=CC(=CC=C1CC2=CC=C(C=C2)N)C(=O)C3=CC=C(C=C3)N,COC(=O)C1=C(C=C(C=C1)C(=O)C2=CC(=C(C=C2)C(=O)OC)C(=O)O)C(=O)O,*C(=O)c1ccc2c(c1)C(=O)N(c1ccc(Cc3ccc(C(=O)c4ccc(N5C(=O)c6ccc(*)cc6C5=O)cc4)cc3)cc1)C2=O,"Polyimides/thioimides, Polyketones/thioketones"
P130132,19875144,3084645,Polycondensation,C1=CC(=CC(=C1)N)C(=O)C2=CC=C(C=C2)CC3=CC=C(C=C3)N,COC(=O)C1=C(C=C(C=C1)C(=O)C2=CC(=C(C=C2)C(=O)OC)C(=O)O)C(=O)O,*C(=O)c1ccc2c(c1)C(=O)N(c1ccc(Cc3ccc(C(=O)c4cccc(N5C(=O)c6ccc(*)cc6C5=O)c4)cc3)cc1)C2=O,"Polyimides/thioimides, Polyketones/thioketones"
P433218,19934264,0,Polycondensation,CC1=C(C=CC(=C1)OC2=CC=C(C=C2)OC3=CC(=C(C=C3)N)C)N,,*c1ccc(Oc2ccc(Oc3ccc(N4C(=O)c5cccc(Oc6c(C)cc(Cc7cc(C)c(Oc8cccc9c8C(=O)N(*)C9=O)c(C)c7)cc6C)c5C4=O)c(C)c3)cc2)cc1C,"Polyimides/thioimides, Polyoxides/ethers/acetals"
P450024,20025676,6371,Polycondensation,C1CC(C2=CC=CC=C21)(C3=CC=C(C=C3)O)C4=CC=C(C=C4)O,C(=O)(Cl)Cl,*Oc1ccc(C2(c3ccc(OC(*)=O)cc3)CCc3ccccc32)cc1,Polycarbonates/thiocarbonates
P090627,20033956,7489,Polycondensation,C1=CC=C(C=C1)C2=C(C=CC(=C2)C3=CC=C(C=C3)O)O,C1=CC(=CC=C1C(=O)O)C(=O)O,*Oc1ccc(-c2ccc(OC(=O)c3ccc(C(*)=O)cc3)cc2)cc1-c1ccccc1,Polyesters/thioesters
P390197,20035376,7488,Polycondensation,CCCCCCCCCC1=C(C=CC(=C1)O)O,C1=CC(=CC=C1C(=O)Cl)C(=O)Cl,*Oc1ccc(OC(=O)c2ccc(C(*)=O)cc2)cc1CCCCCCCCC,Polyesters/thioesters
P452059,20040826,82437,Polycondensation,C1=CC=C(C=C1)OC(=O)OC2=CC(=CC=C2)OC(=O)OC3=CC=CC=C3,CC(=O)OC1=CC=C(C=C1)C(C)(C)C2=CC=C(C=C2)OC(=O)C,*Oc1cccc(OC(=O)Oc2ccc(C(C)(C)c3ccc(OC(*)=O)cc3)cc2)c1,Polycarbonates/thiocarbonates
P070663,20041649,0,Ring_opening_polymerization/Polymer_reaction,C[Si](C)(C)OCC1(COC1)CO[Si](C)(C)C,,*CC(CO*)(COC=O)COC=O,Polyoxides/ethers/acetals
P502014,20060820,3368486,Polycondensation,C1CC2CC1CC2(C3=CC(=C(C(=C3)Br)O)Br)C4=CC(=C(C(=C4)Br)O)Br,C1=CC(=CC=C1CC2=CC=C(C=C2)S(=O)(=O)Cl)S(=O)(=O)Cl,*OS(=O)(=O)c1ccc(Cc2ccc(S(=O)(=O)Oc3c(Br)cc(C4(c5cc(Br)c(*)c(Br)c5)CC5CCC4C5)cc3Br)cc2)cc1,Polysulfones/sulfoxides/sufonates/sulfoamides
P462229,20080995,14323687,Polycondensation,COC1=CC=C(C=C1)NC2=CC=C(C=C2)C3=CC=C(C=C3)NC4=CC=C(C=C4)OC,C1=CC(=CC2=C1C=CC(=C2)I)I,*c1ccc(-c2ccc(N(c3ccc(OC)cc3)c3ccc4ccc(N(*)c5ccc(OC)cc5)cc4c3)cc2)cc1,Polyimines
P340077,20093724,0,Addition_polymerization,CC(=C)C(=O)OCC1=CC=CS1,,*CC(*)(C)C(=O)OCc1cccs1,"Polyacrylics, Polyvinyls"
P400012,20093779,196,Polycondensation,CNCC1=CC(=CC=C1)CNC,C(CCC(=O)O)CC(=O)O,*Cc1cccc(CN(C)C(=O)CCCCC(=O)N(*)C)c1,Polyamides/thioamides
P370124,20306312,0,Ring_opening_polymerization,C1C(CO1)(COC2=CC=CC=C2)COC3=CC=CC=C3,,*CC(CO*)(COc1ccccc1)COc1ccccc1,Polyoxides/ethers/acetals
P372396,8088,20657049,Polycondensation,C(C(=O)O)OCC(=O)O,CCCCCCOC(=O)C(CC1=CC=C(C=C1)O)NC(=O)CCC2=CC=C(C=C2)O,*Oc1ccc(CC(NC(=O)CCc2ccc(OC(=O)COCC(*)=O)cc2)C(=O)OCCCCCC)cc1,"Polyoxides/ethers/acetals, Polyesters/thioesters, Polyamides/thioamides"
P372397,8088,11857627,Polycondensation,C(C(=O)O)OCC(=O)O,COC(=O)C(CC1=CC=C(C=C1)O)NC(=O)CCC2=CC=C(C=C2)O,*Oc1ccc(CC(NC(=O)CCc2ccc(OC(=O)COCC(*)=O)cc2)C(=O)OC)cc1,"Polyoxides/ethers/acetals, Polyesters/thioesters, Polyamides/thioamides"
P372400,8088,101353365,Polycondensation,C(C(=O)O)OCC(=O)O,CC(C)OC(=O)C(CC1=CC=C(C=C1)O)NC(=O)CCC2=CC=C(C=C2)O,*Oc1ccc(CC(NC(=O)CCc2ccc(OC(=O)COCC(*)=O)cc2)C(=O)OC(C)C)cc1,"Polyoxides/ethers/acetals, Polyesters/thioesters, Polyamides/thioamides"
P372414,8088,101353361,Polycondensation,C(C(=O)O)OCC(=O)O,CCCCCCOC(=O)C(CC1=CC=C(C=C1)O)NC(=O)CC2=CC=C(C=C2)O,*Oc1ccc(CC(NC(=O)Cc2ccc(OC(=O)COCC(*)=O)cc2)C(=O)OCCCCCC)cc1,"Polyoxides/ethers/acetals, Polyesters/thioesters, Polyamides/thioamides"
P372399,8088,101353366,Polycondensation,C(C(=O)O)OCC(=O)O,CC(C)COC(=O)C(CC1=CC=C(C=C1)O)NC(=O)CCC2=CC=C(C=C2)O,*Oc1ccc(CC(NC(=O)CCc2ccc(OC(=O)COCC(*)=O)cc2)C(=O)OCC(C)C)cc1,"Polyoxides/ethers/acetals, Polyesters/thioesters, Polyamides/thioamides"
P372003,20668807,0,Ring_opening_polymerization,COC1=CC=C(C=C1)C2=CC=C(C=C2)OCC3CO3,,*CC(COc1ccc(-c2ccc(OC)cc2)cc1)O*,Polyoxides/ethers/acetals
P462535,20759561,102256660,Polycondensation,C1=CC(=CC=C1C(F)(F)F)N(C2=CC=C(C=C2)Br)C3=CC=C(C=C3)Br,B1(OC(C(O1)(C)C)(C)C)C2=CC=C(C=C2)N(C3=CC=C(C=C3)B4OC(C(O4)(C)C)(C)C)C5=CC=C(C=C5)C(F)(F)F,*c1ccc(-c2ccc(N(*)c3ccc(C(F)(F)F)cc3)cc2)cc1,Polyimines
P342419,21072079,0,Addition_polymerization,CCCCOC1=CC=C(C=C1)C(=O)OC2=CC=C(C=C2)OC(=O)C3=CC=C(C=C3)OCCOC(=O)C=C,,*CC(*)C(=O)OCCOc1ccc(C(=O)Oc2ccc(OC(=O)c3ccc(OCCCC)cc3)cc2)cc1,"Polyacrylics, Polyvinyls"
P322013,21225537,0,Addition_polymerization,C=CC1=CC=C(C=C1)C2CCCCC2,,*CC(*)c1ccc(C2CCCCC2)cc1,"Polystyrenes, Polyvinyls"
P452005,21465858,10967529,Polycondensation,CC(C)(C)C1CCC(CC1)(C2=CC=C(C=C2)O)C3=CC=C(C=C3)O,CC1(C(C(C1OC(=O)Cl)(C)C)OC(=O)Cl)C,*Oc1ccc(C2(c3ccc(OC(=O)OC4C(C)(C)C(OC(*)=O)C4(C)C)cc3)CCC(C(C)(C)C)CC2)cc1,Polycarbonates/thiocarbonates
P320001,21484393,0,Addition_polymerization,CCN(CC)CCOC(=O)C1=CC=C(C=C1)C=C,,*CC(*)c1ccc(C(=O)OCCN(CC)CC)cc1,"Polystyrenes, Polyvinyls"
P312035,21584940,0,Addition_polymerization,CCCCCCC1CC2CC1C=C2,,*C1CC2CC1C(*)C2CCCCCC,Polyolefins
P373255,21683096,0,Polycondensation,CC1=C(C(=CC=C1)C)OC2=CC=C(C=C2)C(=O)O,,*Oc1c(C)cc(C(=O)c2ccc(*)cc2)cc1C,"Polyoxides/ethers/acetals, Polyketones/thioketones"
P472011,21686995,0,Polycondensation,C[Si](C1=CC=C(C=C1)C2=CC=CC=C2)(Cl)Cl,,*[Si](*)(C)c1ccc(-c2ccccc2)cc1,Polysiloxanes/silanes
P392096,21693334,12691803,Polycondensation,C1=CC=C(C=C1)CCCOC2=CC(=C(C=C2C(=O)Cl)OCCCC3=CC=CC=C3)C(=O)Cl,CC1=C(C=CC(=C1)O[Si](C)(C)C)O[Si](C)(C)C,*Oc1ccc(OC(=O)c2cc(OCCCc3ccccc3)c(C(*)=O)cc2OCCCc2ccccc2)cc1C,Polyesters/thioesters
P030114,21697888,0,Addition_polymerization,C=COC(=O)C1=CC(=CC=C1)Cl,,*CC(*)OC(=O)c1cccc(Cl)c1,Polyvinyls
P400252,21712966,7451,Polycondensation,C1=CC(=CC(=C1)N)C#CC2=CC(=CC=C2)N,C1=CC(=CC(=C1)C(=O)Cl)C(=O)Cl,*Nc1ccc(C#Cc2ccc(NC(=O)c3cccc(C(*)=O)c3)cc2)cc1,Polyamides/thioamides
P040093,21742214,0,Addition_polymerization,CC(=C)C(=O)OC(C(F)(F)F)(C(F)(F)Cl)F,,*CC(*)(C)C(=O)OC(F)(C(F)(F)F)C(F)(F)Cl,"Polyacrylics, Polyvinyls"
P460068,21816730,0,Ring_opening_polymerization,C[Si](C)(C)CCN1CC1,,*CCN(*)CC[Si](C)(C)C,Polyimines
P100190,21833373,0,Polycondensation,CCOC(=O)CCCCCCCCCCCCCCCCN,,*CCCCCCCCCCCCCCCCC(=O)N*,Polyamides/thioamides
P100054,21850781,75379,Polycondensation,CC(CCN)C(C)CCN,CC(C)(C)C1=CC(=CC(=C1)C(=O)O)C(=O)O,*CCC(C)C(C)CCNC(=O)c1cc(C(=O)N*)cc(C(C)(C)C)c1,Polyamides/thioamides
P100074,21850781,69779,Polycondensation,CC(CCN)C(C)CCN,C1=CC=C(C=C1)OC(=O)C2=CC(=CC=C2)C(=O)OC3=CC=CC=C3,*CCC(C)C(C)CCNC(=O)c1cccc(C(=O)N*)c1,Polyamides/thioamides
P020134,21871890,0,Addition_polymerization,C=CC1=C(C=CC(=C1)F)F,,*CC(*)c1cc(F)ccc1F,"Polystyrenes, Polyvinyls"
P380075,21881190,0,Polycondensation,CCCCCCCCC1=CC=C(C=C1)C2=CSC=C2,,*c1cc(-c2ccc(CCCCCCCC)cc2)c(*)s1,Polysulfides
P430117,21881701,102068474,Polycondensation,C1=CC(=CC=C1N)OC2=CC=C(C=C2)OC3=CC=C(C=C3)OC4=CC=C(C=C4)N,C1=CC(=CC(=C1)N2C(=O)C3=C(C2=O)C=C(C=C3)C4=C5C(=CC=C4)C(=O)N(C5=O)C6=CC=CC(=C6)C(=O)O)C(=O)O,*c1cccc(C(=O)Nc2ccc(Oc3ccc(Oc4ccc(Oc5ccc(NC(=O)c6cccc(N7C(=O)c8ccc(-c9cccc%10c9C(=O)N(*)C%10=O)cc8C7=O)c6)cc5)cc4)cc3)cc2)c1,"Polyimides/thioimides, Polyoxides/ethers/acetals, Polyamides/thioamides"
P430103,21881701,102401580,Polycondensation,C1=CC(=CC=C1N)OC2=CC=C(C=C2)OC3=CC=C(C=C3)OC4=CC=C(C=C4)N,C1=CC(=CC(=C1)N2C(=O)C3=C(C2=O)C=C(C=C3)C4=CC5=C(C=C4)C(=O)N(C5=O)C6=CC=CC(=C6)C(=O)Cl)C(=O)Cl,*c1cccc(C(=O)Nc2ccc(Oc3ccc(Oc4ccc(Oc5ccc(NC(=O)c6cccc(N7C(=O)c8ccc(-c9ccc%10c(c9)C(=O)N(*)C%10=O)cc8C7=O)c6)cc5)cc4)cc3)cc2)c1,"Polyimides/thioimides, Polyoxides/ethers/acetals, Polyamides/thioamides"
P430454,21881701,102402494,Polycondensation,C1=CC(=CC=C1N)OC2=CC=C(C=C2)OC3=CC=C(C=C3)OC4=CC=C(C=C4)N,C1=CC(=CC2=C1C=CC(=C2)OC3=CC=C(C=C3)N4C(=O)C5=C(C4=O)C=C(C=C5)C(=O)O)OC6=CC=C(C=C6)N7C(=O)C8=C(C7=O)C=C(C=C8)C(=O)O,*C(=O)Nc1ccc(Oc2ccc(Oc3ccc(Oc4ccc(NC(=O)c5ccc6c(c5)C(=O)N(c5ccc(Oc7ccc8ccc(Oc9ccc(N%10C(=O)c%11ccc(*)cc%11C%10=O)cc9)cc8c7)cc5)C6=O)cc4)cc3)cc2)cc1,"Polyimides/thioimides, Polyoxides/ethers/acetals, Polyamides/thioamides"
P340125,21893992,0,Addition_polymerization,CC(=C)C(=O)OC1CCC1,,*CC(*)(C)C(=O)OC1CCC1,"Polyacrylics, Polyvinyls"
P100337,21909825,5192,Polycondensation,C1CC(CCC1CCC2CCC(CC2)N)N,C(CCCCC(=O)O)CCCC(=O)O,*NC1CCC(CCC2CCC(NC(=O)CCCCCCCCC(*)=O)CC2)CC1,Polyamides/thioamides
P370156,21922391,71006,Polycondensation,C1=CC(=CC=C1C(=O)O)OC2=CC=C(C=C2)OC3=CC=C(C=C3)C(=O)O,CC(=O)OC1=CC=C(C=C1)OC(=O)C,*Oc1ccc(Oc2ccc(C(=O)Oc3ccc(OC(=O)c4ccc(*)cc4)cc3)cc2)cc1,"Polyoxides/ethers/acetals, Polyesters/thioesters"
P372121,21924551,8496,Polycondensation,C1=CC(=CC=C1C(=O)C2=CC=C(C=C2)OC3=CC=C(C=C3)N)OC4=CC=C(C=C4)C(=O)C5=CC=C(C=C5)OC6=CC=C(C=C6)N,C1=CC(=CC(=C1)C(=O)O)C(=O)O,*Oc1cccc(NC(=O)c2cccc(C(=O)Nc3ccc(Oc4ccc(C(=O)c5ccc(*)cc5)cc4)cc3)c2)c1,"Polyoxides/ethers/acetals, Polyamides/thioamides, Polyketones/thioketones"
P090628,21943950,14357,Polycondensation,C1=CC=C(C=C1)C2=C(C=CC(=C2)C3=CC(=C(C=C3)O)C4=CC=CC=C4)O,C1=CC2=C(C=CC(=C2)C(=O)O)C=C1C(=O)O,*Oc1ccc(-c2ccc(OC(=O)c3ccc4cc(C(*)=O)ccc4c3)c(-c3ccccc3)c2)cc1-c1ccccc1,Polyesters/thioesters
P030163,21958342,0,Addition_polymerization,C=COC(C(F)(F)F)(C(F)(F)F)F,,*CC(*)OC(F)(C(F)(F)F)C(F)(F)F,Polyvinyls
P342071,22140119,0,Addition_polymerization,CC(=C)C(=O)OCCCN1CCCC1=O,,*CC(*)(C)C(=O)OCCCN1CCCC1=O,"Polyacrylics, Polyvinyls"
P100640,22161461,0,Polycondensation,CC(C(=O)NCCC(=O)O)NC(=O)OC(C)(C)C,,*NC(C)C(=O)NCCC(*)=O,Polyamides/thioamides
P450045,22237245,6371,Polycondensation,CC(CCC#N)(C1=CC=C(C=C1)O)C2=CC=C(C=C2)O,C(=O)(Cl)Cl,*Oc1ccc(C(C)(CCC#N)c2ccc(OC(*)=O)cc2)cc1,Polycarbonates/thiocarbonates
P472120,962,102079058,Polycondensation,O,COCCOCCOCCOCCOCCOCCC[Si](CCCOCCOCCOCCOCCOCCOC)(Cl)Cl,*O[Si](*)(CCCOCCOCCOCCOCCOCCOC)CCCOCCOCCOCCOCCOCCOC,Polysiloxanes/silanes
P472116,962,102079038,Polycondensation,O,COCCOCCC[Si](CCCOCCOC)(Cl)Cl,*O[Si](*)(CCCOCCOC)CCCOCCOC,Polysiloxanes/silanes
P472117,962,102079047,Polycondensation,O,COCCOCCOCCC[Si](CCCOCCOCCOC)(Cl)Cl,*O[Si](*)(CCCOCCOCCOC)CCCOCCOCCOC,Polysiloxanes/silanes
P373724,22411255,15123944,Polycondensation,C1=CC(=C(C=C1C(=O)NN)O)N,C1=CC(=CC=C1C(=O)Cl)OC2=CC=C(C=C2)OC3=CC=C(C=C3)C(=O)Cl,*Oc1ccc(Oc2ccc(C(=O)NNC(=O)c3ccc(NC(=O)c4ccc(*)cc4)c(O)c3)cc2)cc1,"Polyoxides/ethers/acetals, Polyamides/thioamides"
P370256,7489,612294,Polycondensation,C1=CC(=CC=C1C(=O)O)C(=O)O,C1=CC(=C(C=C1C2=CC(=C(C=C2)O)N)N)O,*c1ccc(-c2nc3cc(-c4ccc5oc(*)nc5c4)ccc3o2)cc1,"Polyoxides/ethers/acetals, Polyimines"
P402288,7489,101771601,Polycondensation,C1=CC(=CC=C1C(=O)O)C(=O)O,C1=CC=C(C=C1)C(=O)C=CC2=CC=C(C=C2)OCCOC(=O)C3=CC(=CC(=C3)N)N,*Nc1cc(NC(=O)c2ccc(C(*)=O)cc2)cc(C(=O)OCCOc2ccc(/C=C/C(=O)c3ccccc3)cc2)c1,Polyamides/thioamides
P372490,7489,399966,Polycondensation,C1=CC(=CC=C1C(=O)O)C(=O)O,C1C2CC3CC1CC(C2)C3(C4=CC=C(C=C4)OC5=CC=C(C=C5)N)C6=CC=C(C=C6)OC7=CC=C(C=C7)N,*Oc1ccc(NC(=O)c2ccc(C(=O)Nc3ccc(Oc4ccc(C5(c6ccc(*)cc6)C6CC7CC(C6)CC5C7)cc4)cc3)cc2)cc1,"Polyoxides/ethers/acetals, Polyamides/thioamides"
P402245,7489,57701293,Polycondensation,C1=CC(=CC=C1C(=O)O)C(=O)O,C1=CC=C2C(=C1)C3=CC=CC=C3P(=O)(O2)C(C4=CC=C(C=C4)N)(C5=CC=C(C=C5)N)P6(=O)C7=CC=CC=C7C8=CC=CC=C8O6,*Nc1ccc(C(c2ccc(NC(=O)c3ccc(C(*)=O)cc3)cc2)(P2(=O)Oc3ccccc3-c3ccccc32)P2(=O)Oc3ccccc3-c3ccccc32)cc1,Polyamides/thioamides
P030137,22462039,0,Addition_polymerization,CC1=CC=CC=C1C(=O)OC=C,,*CC(*)OC(=O)c1ccccc1C,Polyvinyls
P342006,22507477,0,Addition_polymerization,CC(=C)C(=O)OCCCCC1=CC=CC=C1,,*CC(*)(C)C(=O)OCCCCc1ccccc1,"Polyacrylics, Polyvinyls"
P392379,22559821,11701563,Polycondensation,CCCCCCCCCCCCCCN1C2=C(C=C(C=C2)C=O)C3=C1C=CC(=C3)C=O,C(CCCOC(=O)CC#N)CCOC(=O)CC#N,*/C=C(\C#N)C(=O)OCCCCCCOC(=O)/C(C#N)=C/c1ccc2c(c1)c1cc(*)ccc1n2CCCCCCCCCCCCCC,"Polyesters/thioesters, Polyimines"
P392378,22559821,102504988,Polycondensation,CCCCCCCCCCCCCCN1C2=C(C=C(C=C2)C=O)C3=C1C=CC(=C3)C=O,C(CCCCCOC(=O)CC#N)CCCCOC(=O)CC#N,*/C=C(\C#N)C(=O)OCCCCCCCCCCOC(=O)/C(C#N)=C/c1ccc2c(c1)c1cc(*)ccc1n2CCCCCCCCCCCCCC,"Polyesters/thioesters, Polyimines"
P512095,22561263,12995285,Polycondensation,CCCCCCOC1=C(C2=C(C=C1)C=C(C=C2)C#C)C3=C(C=CC4=C3C=CC(=C4)C#C)O,CCCCCCOC1=CC(=C(C=C1I)OCCCCCC)I,*C#Cc1cc(OCCCCCC)c(C#Cc2ccc3c(-c4c(O)ccc5cc(*)ccc45)c(OCCCCCC)ccc3c2)cc1OCCCCCC,Polyphenylenes
P462382,22603579,85981226,Polycondensation,B1(OC(C(O1)(C)C)(C)C)C2=CC=C(C=C2)N(C3=CC=C(C=C3)B4OC(C(O4)(C)C)(C)C)C5=CC=C(C=C5)CCCC,CCCCCCCCN1C2=C(C=C(C=C2)C3=CC4=C(C=C3)N(C5=C4C=C(C=C5)Br)CCCCCCCC)C6=C1C=CC(=C6)Br,*c1ccc(N(c2ccc(CCCC)cc2)c2ccc(-c3ccc4c(c3)c3cc(-c5ccc6c(c5)c5cc(*)ccc5n6CCCCCCCC)ccc3n4CCCCCCCC)cc2)cc1,Polyimines
P432599,22666776,100939193,Polycondensation,CC1=CC(=CC(=C1OC2=CC=C(C=C2)N)C)C(C)(C)C3=CC(=C(C(=C3)C)OC4=CC=C(C=C4)N)C,C1CC2C(C1)C3CC2CC3(C4=CC=C(C=C4)OC5=CC=C(C=C5)N6C(=O)C7=C(C6=O)C=C(C=C7)C(=O)O)C8=CC=C(C=C8)OC9=CC=C(C=C9)N1C(=O)C2=C(C1=O)C=C(C=C2)C(=O)O,*C(=O)Nc1ccc(Oc2c(C)cc(C(C)(C)c3cc(C)c(Oc4ccc(NC(=O)c5ccc6c(c5)C(=O)N(c5ccc(Oc7ccc(C8(c9ccc(Oc%10ccc(N%11C(=O)c%12ccc(*)cc%12C%11=O)cc%10)cc9)CC9CC8C8CCCC98)cc7)cc5)C6=O)cc4)c(C)c3)cc2C)cc1,"Polyimides/thioimides, Polyoxides/ethers/acetals, Polyamides/thioamides"
P160020,22667487,0,Ring_opening_polymerization,C1COC(=N1)C(C(F)(F)F)(F)F,,*CCN(*)C(=O)C(F)(F)C(F)(F)F,Polyimines
P160044,22667488,0,Ring_opening_polymerization,COC(=O)CCC1=NCCO1,,*CCN(*)C(=O)CCC(=O)OC,Polyimines
P370123,22677093,0,Ring_opening_polymerization,C1CC2CCC1CC23COC3,,*CC1(CO*)CC2CCC1CC2,Polyoxides/ethers/acetals
P070383,22715514,0,Ring_opening_polymerization,C1C(O1)COC(C(F)(F)F)(C(F)(F)F)F,,*CC(COC(F)(C(F)(F)F)C(F)(F)F)O*,Polyoxides/ethers/acetals
P452021,22909894,6371,Polycondensation,CN(C)C1=CC2=C(C=C1)C3=C(C2(C4=CC=C(C=C4)O)C5=CC=C(C=C5)O)C=C(C=C3)[N+](=O)[O-],C(=O)(Cl)Cl,*Oc1ccc(C2(c3ccc(OC(*)=O)cc3)c3cc(N(C)C)ccc3-c3ccc([N+](=O)[O-])cc32)cc1,Polycarbonates/thiocarbonates
P460284,22999539,0,Ring_opening_polymerization,CCCCCCCCCCCCC1=NCCO1,,*CCN(*)C(=O)CCCCCCCCCCCC,Polyimines
P373387,23085488,0,Addition_polymerization,C1(=C(F)F)OC(C(O1)(C(F)(F)F)F)(C(F)(F)F)F,,*C(F)(F)C1(*)OC(F)(C(F)(F)F)C(F)(C(F)(F)F)O1,Polyoxides/ethers/acetals
P433172,23131984,85612499,Polycondensation,C1=CC(=CC(=C1)P(=O)(C2=CC=CC(=C2)N)C3=CC(=CC(=C3)C(F)(F)F)C(F)(F)F)N,C1=CC=C(C=C1)C2=C3C(=CC4=C2C(=O)OC4=O)C(=O)OC3=O,*c1cccc(P(=O)(c2cccc(-n3c(=O)c4cc5c(=O)n(*)c(=O)c5c(-c5ccccc5)c4c3=O)c2)c2cc(C(F)(F)F)cc(C(F)(F)F)c2)c1,Polyimides/thioimides
P432995,23215314,23131984,Polyaddition/Polymer_reaction,C1=CC=C(C=C1)C2=C3C(=C(C4=C2C(=O)OC4=O)C5=CC=CC=C5)C(=O)OC3=O,C1=CC(=CC(=C1)P(=O)(C2=CC=CC(=C2)N)C3=CC(=CC(=C3)C(F)(F)F)C(F)(F)F)N,*c1cccc(P(=O)(c2cccc(-n3c(=O)c4c(-c5ccccc5)c5c(=O)n(*)c(=O)c5c(-c5ccccc5)c4c3=O)c2)c2cc(C(F)(F)F)cc(C(F)(F)F)c2)c1,Polyimides/thioimides
P432997,23215314,18624853,Polyaddition/Polymer_reaction,C1=CC=C(C=C1)C2=C3C(=C(C4=C2C(=O)OC4=O)C5=CC=CC=C5)C(=O)OC3=O,C1=CC=C(C=C1)P(=O)(C2=CC=CC(=C2)N)C3=CC=CC(=C3)N,*c1cccc(P(=O)(c2ccccc2)c2cccc(-n3c(=O)c4c(-c5ccccc5)c5c(=O)n(*)c(=O)c5c(-c5ccccc5)c4c3=O)c2)c1,Polyimides/thioimides
P370261,23282238,0,Polycondensation,C(CCCCCCC(=O)NN)CCCCCC(=O)NN,,*CCCCCCCCCCCCc1nnc(*)o1,"Polyoxides/ethers/acetals, Polyimines"
P392036,23439249,22859183,Polycondensation,C1=CC=C(C=C1)OC(=O)CCCCCCCCCCCCC(=O)OC2=CC=CC=C2,C1=CC(=CC=C1C#N)N=NC2=CC=C(C=C2)OCCCCCCCCCCC(CO)CO,*CC(CCCCCCCCCCOc1c([2H])c([2H])c(/N=N/c2ccc(C#N)cc2)c([2H])c1[2H])COC(=O)CCCCCCCCCCCCC(=O)O*,Polyesters/thioesters
P400271,23448509,101926884,Polycondensation,C1=CC(=CC=C1C(=O)Cl)S(=O)(=O)C2=CC=C(C=C2)C(=O)Cl,C[Si](C)(C)NC1=CC=C(C=C1)C2=C(C=CC(=C2)Br)N[Si](C)(C)C,*c1ccc(C(=O)Nc2ccc(-c3cc(Br)ccc3NC(=O)c3ccc(S(*)(=O)=O)cc3)cc2)cc1,"Polyamides/thioamides, Polysulfones/sulfoxides/sufonates/sulfoamides"
P372141,8496,102404898,Polycondensation,C1=CC(=CC(=C1)C(=O)O)C(=O)O,C1=CC(=CC(=C1)N)C(=O)C2=CC=C(C=C2)OC3=CC=C(C=C3)C(=O)C4=CC=C(C=C4)N,*Oc1ccc(C(=O)c2cccc(NC(=O)c3cccc(C(=O)Nc4ccc(C(=O)c5ccc(*)cc5)cc4)c3)c2)cc1,"Polyoxides/ethers/acetals, Polyamides/thioamides, Polyketones/thioketones"
P373416,8496,0,Polycondensation,C1=CC(=CC(=C1)C(=O)O)C(=O)O,,*Oc1ccc(NC(=O)c2cccc(C(=O)Nc3ccc(OC4COC5C(*)COC45)cc3)c2)cc1,"Polyoxides/ethers/acetals, Polyamides/thioamides"
P373421,23520496,102253561,Polycondensation,C1=CC(=CC=C1C(=O)O)OCCCCCCCCCCCCOC2=CC=C(C=C2)C(=O)O,CC(=O)OC1=CC(=C(C=C1)OC(=O)C)C=CC2=CC=NC=C2,*Oc1ccc(OC(=O)c2ccc(OCCCCCCCCCCCCOc3ccc(C(*)=O)cc3)cc2)cc1/C=C/c1ccncc1,"Polyoxides/ethers/acetals, Polyesters/thioesters"
P372054,23557784,58288707,Polycondensation,C1=CC(=CC=C1OCCCCCCO)OC2=CC=C(C=C2)OCCCCCCO,C1=CC=C(C=C1)OC(=O)OCCOC(=O)OC2=CC=CC=C2,*CCCCCCOC(=O)OCCOC(=O)OCCCCCCOc1ccc(Oc2ccc(O*)cc2)cc1,"Polyoxides/ethers/acetals, Polycarbonates/thiocarbonates"
P372057,23557784,101920494,Polycondensation,C1=CC(=CC=C1OCCCCCCO)OC2=CC=C(C=C2)OCCCCCCO,C1=CC=C(C=C1)OC(=O)OCCCCCOC(=O)OC2=CC=CC=C2,*CCCCCCOC(=O)OCCCCCOC(=O)OCCCCCCOc1ccc(Oc2ccc(O*)cc2)cc1,"Polyoxides/ethers/acetals, Polycarbonates/thiocarbonates"
P372060,23557784,102404771,Polycondensation,C1=CC(=CC=C1OCCCCCCO)OC2=CC=C(C=C2)OCCCCCCO,C1=CC=C(C=C1)OC(=O)OCCCCCCCCCOC(=O)OC2=CC=CC=C2,*CCCCCCOC(=O)OCCCCCCCCCOC(=O)OCCCCCCOc1ccc(Oc2ccc(O*)cc2)cc1,"Polyoxides/ethers/acetals, Polycarbonates/thiocarbonates"
P432172,23557790,102446150,Polycondensation,CCOC(=O)C1=CC(=CC(=C1)OCCCCCCOC2=CC=C(C=C2)N=NC3=CC=C(C=C3)C#N)C(=O)OCC,C1=C2C(=CC3=C1C(=O)N(C3=O)CCCCCCO)C(=O)N(C2=O)CCCCCCO,*CCCCCCOC(=O)c1cc(OCCCCCCOc2ccc(/N=N/c3ccc(C#N)cc3)cc2)cc(C(=O)OCCCCCCn2c(=O)c3cc4c(=O)n(*)c(=O)c4cc3c2=O)c1,"Polyimides/thioimides, Polyesters/thioesters"
P432173,23557790,101100859,Polycondensation,CCOC(=O)C1=CC(=CC(=C1)OCCCCCCOC2=CC=C(C=C2)N=NC3=CC=C(C=C3)C#N)C(=O)OCC,C1=CC2=C(C=C1C3=CC4=C(C=C3)C(=O)N(C4=O)CCCCCCO)C(=O)N(C2=O)CCCCCCO,*CCCCCCOC(=O)c1cc(OCCCCCCOc2ccc(/N=N/c3ccc(C#N)cc3)cc2)cc(C(=O)OCCCCCCN2C(=O)c3ccc(-c4ccc5c(c4)C(=O)N(*)C5=O)cc3C2=O)c1,"Polyimides/thioimides, Polyesters/thioesters"
P342393,23573909,0,Addition_polymerization,CC(=C)C(=O)OCCOC1=CC=C(C=C1)C(=O)OC2=CC=C(C=C2)C(=O)OC3=CC=C(C=C3)OC,,*CC(*)(C)C(=O)OCCOc1ccc(C(=O)Oc2ccc(C(=O)Oc3ccc(OC)cc3)cc2)cc1,"Polyacrylics, Polyvinyls"
P512057,25127628,77004,Polycondensation,COCCOCCOC1=CC(=C(C=C1C#C)OCCOCCOC)C#C,C1=CC(=C(C=C1Br)[N+](=O)[O-])Br,*C#Cc1cc(OCCOCCOC)c(C#Cc2ccc(*)c([N+](=O)[O-])c2)cc1OCCOCCOC,Polyphenylenes
P390393,25184819,712,Polycondensation,C1CC(CCC1ON=O)ON=O,C=O,*OC1CCC(OC(=O)C(*)=O)CC1,Polyesters/thioesters
P080152,28936555,7489,Polycondensation,C1=C(C(=CC(=C1S)N)[S-])[NH3+],C1=CC(=CC=C1C(=O)O)C(=O)O,*c1ccc(-c2nc3cc4sc(*)nc4cc3s2)cc1,"Polysulfides, Polyimines"
P080152,68542494,7488,Polycondensation,C1=C(C(=CC(=C1SCCC#N)N)SCCC#N)N,C1=CC(=CC=C1C(=O)Cl)C(=O)Cl,*c1ccc(-c2nc3cc4sc(*)nc4cc3s2)cc1,"Polysulfides, Polyimines"
P382056,28936555,12736,Polycondensation,C1=C(C(=CC(=C1S)N)[S-])[NH3+],C(CCCCCC(=O)O)CCCCC(=O)O,*CCCCCCCCCCc1nc2cc3sc(*)nc3cc2s1,"Polysulfides, Polyimines"
P382043,28936555,5356793,Polycondensation,C1=C(C(=CC(=C1S)N)[S-])[NH3+],C(=C/C(=O)O)\C=C\C(=O)O,*/C=C/C=C/c1nc2cc3sc(*)nc3cc2s1,"Polysulfides, Polyimines"
P380119,28936555,102210459,Polycondensation,C1=C(C(=CC(=C1S)N)[S-])[NH3+],CCCCOC1=CC(=C(C=C1C(=O)Cl)OCCCC)C(=O)Cl,*c1nc2cc3sc(-c4cc(OCCCC)c(*)cc4OCCCC)nc3cc2s1,"Polysulfides, Polyimines"
P380120,4598355,71333063,Polycondensation,C1=C(C(=CC(=C1S)N)S)N,CCCCCCOC1=CC(=C(C=C1C(=O)Cl)OCCCCCC)C(=O)Cl,*c1nc2cc3sc(-c4cc(OCCCCCC)c(*)cc4OCCCCCC)nc3cc2s1,"Polysulfides, Polyimines"
P100028,29971559,0,Polycondensation,C(CCCCCC[NH3+])CCCCCC(=O)[O-],,*CCCCCCCCCCCCC(=O)N*,Polyamides/thioamides
P460224,44181958,333378,Polycondensation,C[Si](C)(C)N=[N+]=[N-],C1=CC=C(C=C1)P(C2=CC=CC=C2)OCC(F)(F)F,*N=P(*)(c1ccccc1)c1ccccc1,"Polyphosphazenes, Polyimines"
P400227,44603846,300673,Polycondensation,C1=CC=C2C(=C1)N=NN2OC(=O)C3=CC(=CC=C3)C(=O)ON4C5=CC=CC=C5N=N4,CC(CC(C)N)N,*NC(C)CC(C)NC(=O)c1cccc(C(*)=O)c1,Polyamides/thioamides
P332031,45079255,0,Addition_polymerization,CC1=CC(=C(S1)C)C#C,,*/C=C(/*)c1cc(C)sc1C,Polyvinyls
P392169,45086562,0,Ring_opening_polymerization,CC1C(=O)OCC(=O)N1,,*CC(=O)NC(C)C(=O)O*,"Polyesters/thioesters, Polyamides/thioamides"
P462009,45087284,0,Polycondensation,C1=CN(C=C1)C(=O)NO,,*c1ccc(*)n1C(=O)NO,Polyimines
P402057,46887690,8496,Polycondensation,C1=CC(=CC(=C1)N)C=CC(=O)C=CC2=CC(=CC=C2)N,C1=CC(=CC(=C1)C(=O)O)C(=O)O,*Nc1cccc(/C=C/C(=O)/C=C/c2cccc(NC(=O)c3cccc(C(*)=O)c3)c2)c1,"Polyamides/thioamides, Polyketones/thioketones"
P382391,51341870,58500676,Polycondensation,B1(OC(C(O1)(C)C)(C)C)C2=CC3=C(C=C2)C4=C(N3C(CCCCCCCC)CCCCCCCC)C=C(C=C4)B5OC(C(O5)(C)C)(C)C,C1=CC(=C2C(=C1C3=CC=C(S3)Br)N=CC=N2)C4=CC=C(S4)Br,*c1ccc2c3ccc(-c4ccc(-c5ccc(-c6ccc(*)s6)c6nccnc56)s4)cc3n(C(CCCCCCCC)CCCCCCCC)c2c1,"Polysulfides, Polyimines"
P370548,53446559,71006,Polycondensation,C1=CC(=CC=C1C(=O)O)OCCCCCCCCOC2=CC=C(C=C2)C(=O)O,CC(=O)OC1=CC=C(C=C1)OC(=O)C,*Oc1ccc(OC(=O)c2ccc(OCCCCCCCCOc3ccc(C(*)=O)cc3)cc2)cc1,"Polyoxides/ethers/acetals, Polyesters/thioesters, Polyoxides/ethers/acetals"
P130217,53639622,7579,Polycondensation,C1=CC2=C(C(=C1)OC3=CC=C(C=C3)OC4=CC=CC5=C4C(=O)OC5=O)C(=O)OC2=O,C1=CC(=CC=C1N)OC2=CC=C(C=C2)N,*c1ccc(Oc2ccc(N3C(=O)c4cccc(Oc5ccc(Oc6cccc7c6C(=O)N(*)C7=O)cc5)c4C3=O)cc2)cc1,"Polyimides/thioimides, Polyoxides/ethers/acetals"
P342445,53672097,0,Addition_polymerization,COC(=O)C=C,,*CC(*)C(=O)OC([2H])([2H])[2H],"Polyacrylics, Polyvinyls"
P130192,53688251,7579,Polycondensation,C1=CC2=C(C(=C1)OC3=CC=C(C=C3)C(=O)C4=CC=C(C=C4)OC5=CC=CC6=C5C(=O)OC6=O)C(=O)OC2=O,C1=CC(=CC=C1N)OC2=CC=C(C=C2)N,*c1ccc(Oc2ccc(-c3cccc4c3C(=O)N(Oc3ccc(C(=O)c5ccc(Oc6cccc7c6C(=O)N(*)C7=O)cc5)cc3)C4=O)cc2)cc1,"Polyimides/thioimides, Polyoxides/ethers/acetals, Polyketones/thioketones"
P342007,53775775,0,Addition_polymerization,CC1=CC(=C(C=C1)C)OC(=O)C(=C)C,,*CC(*)(C)C(=O)Oc1cc(C)ccc1C,"Polyacrylics, Polyvinyls"
P040026,53833887,0,Addition_polymerization,C=CC(=O)OC(C(F)(F)Cl)(C(F)(F)Cl)F,,*CC(*)C(=O)OC(F)(C(F)(F)Cl)C(F)(F)Cl,"Polyacrylics, Polyvinyls"
P402096,53978929,102272912,Polycondensation,C1=CC(=CC=C1C(=O)O)NC(=O)CCCCCCCCC(=O)NC2=CC=C(C=C2)C(=O)O,CCCCCCCCCCCCCCCCCCOC(=O)C1=C(C=CC(=C1)N)N,*Nc1ccc(NC(=O)c2ccc(NC(=O)CCCCCCCCC(=O)Nc3ccc(C(*)=O)cc3)cc2)cc1C(=O)OCCCCCCCCCCCCCCCCCC,Polyamides/thioamides
P070674,54066258,0,Polycondensation,C1=CC(=CC=C1C2=CC=C(C=C2)S(=O)(=O)C3=CC=C(C=C3)O)C4=CC=C(C=C4)S(=O)(=O)C5=CC=C(C=C5)O,,*Oc1ccc(S(=O)(=O)c2ccc(-c3ccc(-c4ccc(S(=O)(=O)c5ccc(*)cc5)cc4)cc3)cc2)cc1,"Polyoxides/ethers/acetals, Polysulfones/sulfoxides/sufonates/sulfoamides"
P100757,54253537,534653,Polycondensation,C(CCN)CCNC(=O)C(=O)NCCCCCN,C(CCCC(=O)Cl)CCC(=O)Cl,*CCCCCNC(=O)CCCCCCC(=O)NCCCCCNC(=O)C(=O)N*,Polyamides/thioamides
P342265,54264182,0,Addition_polymerization,CC(=C)C(=O)OCCCCC1CCCCC1,,*CC(*)(C)C(=O)OCCCCC1CCCCC1,"Polyacrylics, Polyvinyls"
P472047,54277336,0,Polycondensation,CN(C)C1=CC=C(C=C1)CCC[Si](C)(Cl)Cl,,*[Si](*)(C)CCCc1ccc(N(C)C)cc1,Polysiloxanes/silanes
P110038,54285968,37153,Polycondensation,COC(=O)NCCCCCCCCCCNC(=O)OC,C(CCCCCO)CCCCO,*CCCCCCCCCCOC(=O)NCCCCCCCCCCNC(=O)O*,Polyurethanes/thiourethanes
P342353,54298097,0,Addition_polymerization,CC(=C)C(=O)OCC1CCC1,,*CC(*)(C)C(=O)OCC1CCC1,"Polyacrylics, Polyvinyls"
P100778,54443602,66072,Polycondensation,C(CCNC(=O)C(=O)NCCCCN)CN,C(CCCCC(=O)Cl)CCCC(=O)Cl,*CCCCNC(=O)CCCCCCCCC(=O)NCCCCNC(=O)C(=O)N*,Polyamides/thioamides
P100772,54443602,14474483,Polycondensation,C(CCNC(=O)C(=O)NCCCCN)CN,C(CCC(=O)Cl)CC(=O)O,*CCCCNC(=O)CCCCC(=O)NCCCCNC(=O)C(=O)N*,Polyamides/thioamides
P100773,54443602,67165,Polycondensation,C(CCNC(=O)C(=O)NCCCCN)CN,C(CCCC(=O)Cl)CCCC(=O)Cl,*CCCCNC(=O)CCCCCCCC(=O)NCCCCNC(=O)C(=O)N*,Polyamides/thioamides
P382462,54480151,102285513,Polycondensation,C1=CC(=CC(=C1)N=NC2=CC=CC(=C2)C(=O)Cl)C(=O)Cl,C1CC(=CC2=CC=C(C=C2)C3=CSC(=N3)N)C(=O)C1=CC4=CC=C(C=C4)C5=CSC(=N5)N,*c1ccc(/C=C2\CC/C(=C\c3ccc(-c4csc(NC(=O)c5cccc(/N=N/c6cccc(C(=O)Nc7nc(*)cs7)c6)c5)n4)cc3)C2=O)cc1,"Polysulfides, Polyamides/thioamides, Polyimines, Polyketones/thioketones"
P070195,54531792,409128,Polycondensation,C(CCC(=O)O)CCOCCCCCC(=O)O,C(CCN)CCOCCCCCN,*CCCCCNC(=O)CCCCCOCCCCCC(=O)NCCCCCO*,"Polyoxides/ethers/acetals, Polyamides/thioamides"
P433140,54536255,18793568,Polycondensation,C1=CC=C(C(=C1)OC2=CC3=C(C=C2)C(=O)OC3=O)OC4=CC5=C(C=C4)C(=O)OC5=O,CC(C)(C1=CC=C(C=C1)OC2=C(C=C(C=C2)N)C(F)(F)F)C3=CC=C(C=C3)OC4=C(C=C(C=C4)N)C(F)(F)F,*c1ccc(Oc2ccc(C(C)(C)c3ccc(Oc4ccc(N5C(=O)c6ccc(Oc7ccccc7Oc7ccc8c(c7)C(=O)N(*)C8=O)cc6C5=O)cc4C(F)(F)F)cc3)cc2)c(C(F)(F)F)c1,"Polyimides/thioimides, Polyoxides/ethers/acetals"
P430379,54536255,7814,Polycondensation,C1=CC=C(C(=C1)OC2=CC3=C(C=C2)C(=O)OC3=O)OC4=CC5=C(C=C4)C(=O)OC5=O,C1=CC(=CC=C1N)N,*c1ccc(N2C(=O)c3ccc(Oc4ccccc4Oc4ccc5c(c4)C(=O)N(*)C5=O)cc3C2=O)cc1,"Polyimides/thioimides, Polyoxides/ethers/acetals"
P430384,54536255,15373719,Polycondensation,C1=CC=C(C(=C1)OC2=CC3=C(C=C2)C(=O)OC3=O)OC4=CC5=C(C=C4)C(=O)OC5=O,C1=CC=C(C(=C1)OC2=CC=C(C=C2)N)OC3=CC=C(C=C3)N,*c1ccc(Oc2ccccc2Oc2ccc(N3C(=O)c4ccc(Oc5ccccc5Oc5ccc6c(c5)C(=O)N(*)C6=O)cc4C3=O)cc2)cc1,"Polyimides/thioimides, Polyoxides/ethers/acetals"
P430382,54536255,7579,Polycondensation,C1=CC=C(C(=C1)OC2=CC3=C(C=C2)C(=O)OC3=O)OC4=CC5=C(C=C4)C(=O)OC5=O,C1=CC(=CC=C1N)OC2=CC=C(C=C2)N,*c1ccc(Oc2ccc(N3C(=O)c4ccc(Oc5ccccc5Oc5ccc6c(c5)C(=O)N(*)C6=O)cc4C3=O)cc2)cc1,"Polyimides/thioimides, Polyoxides/ethers/acetals"
P330022,55284573,0,Addition_polymerization,C(C=CC=CC(=O)O)N,,*/C=C/C(CN)C(*)C(=O)O,Polyvinyls
P370112,55291504,5192,Polycondensation,C1C(OCC(O1)CN)CN,C(CCCCC(=O)O)CCCC(=O)O,*CNC(=O)CCCCCCCCC(=O)NCC1COC(*)CO1,"Polyoxides/ethers/acetals, Polyamides/thioamides"
P432264,56614249,7579,Polyaddition/Polymer_reaction,CCCCCCCCOC1=CC=C(C=C1)OC2=C3C(=C(C4=C2C(=O)OC4=O)OC5=CC=C(C=C5)OCCCCCCCC)C(=O)OC3=O,C1=CC(=CC=C1N)OC2=CC=C(C=C2)N,*c1ccc(Oc2ccc(-n3c(=O)c4c(Oc5ccc(OCCCCCCCC)cc5)c5c(=O)n(*)c(=O)c5c(Oc5ccc(OCCCCCCCC)cc5)c4c3=O)cc2)cc1,"Polyimides/thioimides, Polyoxides/ethers/acetals"
P432264,56614249,7579,Polycondensation,CCCCCCCCOC1=CC=C(C=C1)OC2=C3C(=C(C4=C2C(=O)OC4=O)OC5=CC=C(C=C5)OCCCCCCCC)C(=O)OC3=O,C1=CC(=CC=C1N)OC2=CC=C(C=C2)N,*c1ccc(Oc2ccc(-n3c(=O)c4c(Oc5ccc(OCCCCCCCC)cc5)c5c(=O)n(*)c(=O)c5c(Oc5ccc(OCCCCCCCC)cc5)c4c3=O)cc2)cc1,"Polyimides/thioimides, Polyoxides/ethers/acetals"
P370363,56672015,3532979,Polycondensation,C1=CC=C(C=C1)N2C(=CC(=C3C=CC(=O)C=C3)N2)C4=CC=C(C=C4)O,C1=CC=C(C=C1)P(=O)(C2=CC=C(C=C2)F)C3=CC=C(C=C3)F,*c1ccc(Oc2ccc(P(=O)(c3ccccc3)c3ccc(Oc4ccc(-c5cc(*)n(-c6ccccc6)n5)cc4)cc3)cc2)cc1,"Polyoxides/ethers/acetals, Polyimines"
P030111,57168546,0,Addition_polymerization,C=COC(=O)C1=CC=C(C=C1)Br,,*CC(*)OC(=O)c1ccc(Br)cc1,Polyvinyls
P370178,57303444,13671119,Polycondensation,C[Si](C)(C)C1=CC=C(C=C1)CC2=CC=C(C=C2)[Si](C)(C)C,C1=CC(=C(C(=C1)Cl)OP(=O)(Cl)Cl)Cl,*OP(=O)(Oc1ccc(C(C)(C)c2ccc(*)cc2)cc1)Oc1c(Cl)cccc1Cl,Polyoxides/ethers/acetals
P462476,57338093,0,Ring_opening_polymerization,C1COC(=N1)C2=C(C(=C(C(=C2F)F)F)F)F,,*CCN(*)C(=O)c1c(F)c(F)c(F)c(F)c1F,Polyimines
P372826,57548637,0,Addition_polymerization,C(OC=C(F)F)OC=C(F)F,,*C1OCOC(C(*)(F)F)C1(F)F,Polyoxides/ethers/acetals
P150133,57645729,11397,Polycondensation,C1=CC=C(C=C1)OC(=O)OC2=CC=C(C=C2)OC(=O)OC3=CC=CC=C3,C1=CC(=CC2=C1C=CC(=C2)O)O,*Oc1ccc2ccc(OC(=O)Oc3ccc(OC(*)=O)cc3)cc2c1,Polycarbonates/thiocarbonates
P070729,57701481,9582,Polycondensation,C1=CC=C2C(=C1)NC(=C3C=CC(=O)C=C3)N2C4=CC=C(C=C4)C5=CC=C(C=C5)N6C7=CC=CC=C7NC6=C8C=CC(=O)C=C8,C1=CC(=CC=C1C(=O)C2=CC=C(C=C2)F)F,*c1ccc(-c2ccc(-n3c(-c4ccc(Oc5ccc(C(=O)c6ccc(Oc7ccc(-c8nc9ccccc9n8*)cc7)cc6)cc5)cc4)nc4ccccc43)cc2)cc1,"Polyoxides/ethers/acetals, Polyimines, Polyketones/thioketones"
P402174,57713446,3614132,Polycondensation,C1=CC=C(C=C1)N(C2=CC=C(C=C2)C=O)C3=CC=C(C=C3)N(C4=CC=CC=C4)C5=CC=C(C=C5)C=O,C1=CC(=CC(=C1)NC(=O)CC#N)NC(=O)CC#N,*c1ccc(/C=C(\C#N)C(=O)Nc2cccc(NC(=O)/C(C#N)=C/c3ccc(N(c4ccccc4)c4ccc(N(*)c5ccccc5)cc4)cc3)c2)cc1,"Polyamides/thioamides, Polyimines"
P402172,57713446,10800567,Polycondensation,C1=CC=C(C=C1)N(C2=CC=C(C=C2)C=O)C3=CC=C(C=C3)N(C4=CC=CC=C4)C5=CC=C(C=C5)C=O,C1CCC(C(C1)NC(=O)CC#N)NC(=O)CC#N,*c1ccc(/C=C(\C#N)C(=O)NC2CCCCC2NC(=O)/C(C#N)=C/c2ccc(N(c3ccccc3)c3ccc(N(*)c4ccccc4)cc3)cc2)cc1,"Polyamides/thioamides, Polyimines"
P430273,57810725,19012,Polycondensation,C1=CC(=CC=C1OC2=CC3=C(C=C2)C(=O)OC3=O)SC4=CC=C(C=C4)OC5=CC6=C(C=C5)C(=O)OC6=O,C1=CC(=CC=C1N)OC2=CC=C(C=C2)OC3=CC=C(C=C3)N,*c1ccc(Oc2ccc(-c3ccc(Oc4ccc(N5C(=O)c6ccc(Oc7ccc(Sc8ccc(Oc9ccc%10c(c9)C(=O)N(*)C%10=O)cc8)cc7)cc6C5=O)cc4)cc3)cc2)cc1,"Polyimides/thioimides, Polyoxides/ethers/acetals, Polysulfides"
P130204,57810725,17201,Polycondensation,C1=CC(=CC=C1OC2=CC3=C(C=C2)C(=O)OC3=O)SC4=CC=C(C=C4)OC5=CC6=C(C=C5)C(=O)OC6=O,C1=CC(=CC(=C1)OC2=CC=C(C=C2)N)OC3=CC=C(C=C3)N,*c1ccc(Oc2cccc(Oc3ccc(N4C(=O)c5ccc(Oc6ccc(Sc7ccc(Oc8ccc9c(c8)C(=O)N(*)C9=O)cc7)cc6)cc5C4=O)cc3)c2)cc1,"Polyimides/thioimides, Polyoxides/ethers/acetals, Polysulfides"
P373066,58689928,0,Polycondensation,C1=CC=C2C(=C1)C=CC=C2OC3=C(C4=CC=CC=C4C=C3)C5=C(C=CC6=CC=CC=C65)OC7=CC=CC8=CC=CC=C87,,*Oc1ccc(-c2ccc(Oc3ccc4ccccc4c3-c3c(*)ccc4ccccc34)c3ccccc23)c2ccccc12,Polyoxides/ethers/acetals
P330140,58851194,0,Addition_polymerization,C=CC1=C2C(=CC=C1)OCO2,,*CC(*)c1cccc2c1OCO2,Polyvinyls
P322154,58939360,0,Addition_polymerization,CC1=CC=C(C=C1)N(C2=CC=C(C=C2)C)C3=CC=CC(=C3)C=C,,*CC(*)c1cccc(N(c2ccc(C)cc2)c2ccc(C)cc2)c1,"Polystyrenes, Polyvinyls"
P392032,59029064,88261,Polycondensation,C(CC(=O)Cl)C=CCCC(=O)Cl,C(CCCCCCCO)CCCCCCO,*CCCCCCCCCCCCCCOC(=O)CC/C=C/CCC(=O)O*,Polyesters/thioesters
P100260,59029064,428,Polycondensation,C(CC(=O)Cl)C=CCCC(=O)Cl,C(CN)CN,*CCCNC(=O)CC/C=C/CCC(=O)N*,Polyamides/thioamides
P100175,59029064,16402,Polycondensation,C(CC(=O)Cl)C=CCCC(=O)Cl,C(CCCN)CCN,*CCCCCCNC(=O)CC/C=C/CCC(=O)N*,Polyamides/thioamides
P100177,59029064,1317,Polycondensation,C(CC(=O)Cl)C=CCCC(=O)Cl,C(CCCCCN)CCCCN,*CCCCCCCCCCNC(=O)CC/C=C/CCC(=O)N*,Polyamides/thioamides
P430311,59216751,15048802,Polycondensation,C1=CC(=CC=C1OC2=CC=C(C=C2)OC3=CC4=C(C=C3)C(=O)OC4=O)OC5=CC6=C(C=C5)C(=O)OC6=O,C1=CC(=CC(=C1)C(=O)C2=CC=C(C=C2)OC3=CC=C(C=C3)N)C(=O)C4=CC=C(C=C4)OC5=CC=C(C=C5)N,*c1ccc(Oc2ccc(C(=O)c3cccc(C(=O)c4ccc(Oc5ccc(N6C(=O)c7ccc(Oc8ccc(Oc9ccc(Oc%10ccc%11c(c%10)C(=O)N(*)C%11=O)cc9)cc8)cc7C6=O)cc5)cc4)c3)cc2)cc1,"Polyimides/thioimides, Polyoxides/ethers/acetals, Polyketones/thioketones"
P130226,59216751,17201,Polycondensation,C1=CC(=CC=C1OC2=CC=C(C=C2)OC3=CC4=C(C=C3)C(=O)OC4=O)OC5=CC6=C(C=C5)C(=O)OC6=O,C1=CC(=CC(=C1)OC2=CC=C(C=C2)N)OC3=CC=C(C=C3)N,*c1ccc(Oc2cccc(Oc3ccc(N4C(=O)c5ccc(Oc6ccc(Oc7ccc(Oc8ccc9c(c8)C(=O)N(*)C9=O)cc7)cc6)cc5C4=O)cc3)c2)cc1,"Polyimides/thioimides, Polyoxides/ethers/acetals"
P382401,59426895,0,Polycondensation,B1(OC(C(O1)(C)C)(C)C)C2=CC3=C(S2)C4=C(C3(CC(CC)CCCC)CC(CC)CCCC)C=C(S4)B5OC(C(O5)(C)C)(C)C,,*c1ccc(/C(C#N)=C/c2cc3c(s2)-c2sc(/C=C(\C#N)c4ccc(-c5cc6c(s5)-c5sc(*)cc5C6(CC(CC)CCCC)CC(CC)CCCC)cc4)cc2C3(CC(CC)CCCC)CC(CC)CCCC)cc1,Polysulfides
P382298,59582544,0,Polycondensation,CCCCCCCCC1(C2=C(C3=C1C=CS3)SC=C2)CCCCCCCC,,*c1cc2c(s1)-c1sc(*)cc1C2(CCCCCCCC)CCCCCCCC,Polysulfides
P330098,59755702,0,Addition_polymerization,C[Si](C)(C)C1=CC=CC(=C1)C#C,,*/C=C(/*)c1cccc([Si](C)(C)C)c1,Polyvinyls
P432319,59814110,25689,Polycondensation,C1=CC(=CC(=C1)C(=O)C2=CC3=C(C=C2)C(=O)OC3=O)C(=O)C4=CC5=C(C=C4)C(=O)OC5=O,C1=CC(=CC=C1N)OC2=CC=C(C=C2)S(=O)(=O)C3=CC=C(C=C3)OC4=CC=C(C=C4)N,*C(=O)c1cccc(C(=O)c2ccc3c(c2)C(=O)N(c2ccc(Oc4ccc(S(=O)(=O)c5ccc(Oc6ccc(N7C(=O)c8ccc(*)cc8C7=O)cc6)cc5)cc4)cc2)C3=O)c1,"Polyimides/thioimides, Polyoxides/ethers/acetals, Polyketones/thioketones, Polysulfones/sulfoxides/sufonates/sulfoamides"
P432318,59814110,7579,Polycondensation,C1=CC(=CC(=C1)C(=O)C2=CC3=C(C=C2)C(=O)OC3=O)C(=O)C4=CC5=C(C=C4)C(=O)OC5=O,C1=CC(=CC=C1N)OC2=CC=C(C=C2)N,*C(=O)c1cccc(C(=O)c2ccc3c(c2)C(=O)N(c2ccc(Oc4ccc(N5C(=O)c6ccc(*)cc6C5=O)cc4)cc2)C3=O)c1,"Polyimides/thioimides, Polyoxides/ethers/acetals, Polyketones/thioketones"
P332347,61342656,0,Addition_polymerization,CCCCS(=O)(=O)NCC#C,,*/C=C(/*)CNS(=O)(=O)CCCC,Polyvinyls
P340019,67240707,0,Addition_polymerization,C=C(CC(=O)OC1CCCCCCC1)C(=O)OC2CCCCCCC2,,*CC(*)(CC(=O)OC1CCCCCCC1)C(=O)OC1CCCCCCC1,"Polyacrylics, Polyvinyls"
P200010,67570856,0,Ring_opening_polymerization/Polymer_reaction,C1CC2CC(C1)S2,,*C1CCCC(S(*)(=O)=O)C1,Polysulfones/sulfoxides/sufonates/sulfoamides
P382030,67611922,0,Polycondensation,CCCCCOC1=C(SC=C1)C2=C(C=CS2)OCCCCC,,*c1sc(-c2cc(OCCCCC)c(*)s2)cc1OCCCCC,Polysulfides
P402063,68542494,7488,Polycondensation,C1=C(C(=CC(=C1SCCC#N)N)SCCC#N)N,C1=CC(=CC=C1C(=O)Cl)C(=O)Cl,*Nc1cc(SCCC#N)c(NC(=O)c2ccc(C(*)=O)cc2)cc1SCCC#N,Polyamides/thioamides
P402062,68542494,7451,Polycondensation,C1=C(C(=CC(=C1SCCC#N)N)SCCC#N)N,C1=CC(=CC(=C1)C(=O)Cl)C(=O)Cl,*Nc1cc(SCCC#N)c(NC(=O)c2cccc(C(*)=O)c2)cc1SCCC#N,Polyamides/thioamides
P342620,68581167,0,Addition_polymerization,C1C2C=CC1C(C2C(=O)OCC3=CC=CC=C3)C(=O)OCC4=CC=CC=C4,,*C1C(*)C2CC1C(C(=O)OCc1ccccc1)C2C(=O)OCc1ccccc1,"Polyacrylics, Polyvinyls"
P402049,68817098,101948779,Polycondensation,CC(C)CCCC(C)C1CCC2C1(CCC3C2CC=C4C3(CCC(C4)OC(=O)C5=CC(=CC(=C5)N)N)C)C,CN(CCOC1=CC(=CC(=C1)C(=O)Cl)C(=O)Cl)C2=CC=C(C=C2)[N+](=O)[O-],*Nc1cc(NC(=O)c2cc(OCCN(C)c3ccc([N+](=O)[O-])cc3)cc(C(*)=O)c2)cc(C(=O)OC2CCC3(C)C(=CCC4C3CCC3(C)C(C(C)CCCC(C)C)CCC43)C2)c1,Polyamides/thioamides
P340151,68927558,0,Addition_polymerization,CC(C)(C)OC(=O)OC1=CC=C(C=C1)COC(=O)C=C,,*CC(*)C(=O)OCc1ccc(OC(=O)OC(C)(C)C)cc1,"Polyacrylics, Polyvinyls"
P340113,68934383,0,Addition_polymerization,C=C(CC(=O)OC12CC3CC(C1)CC(C3)C2)C(=O)OC45CC6CC(C4)CC(C6)C5,,*CC(*)(CC(=O)OC12CC3CC(CC(C3)C1)C2)C(=O)OC12CC3CC(CC(C3)C1)C2,"Polyacrylics, Polyvinyls"
P433692,69003622,101952188,Polycondensation,C1=CC=C(C=C1)C2=C(C=CC(=C2)N)OC3=C(C=C(C=C3)N)C4=CC=CC=C4,C1=CC=C(C=C1)C2=C(C=CC(=C2)N3C(=O)C4=C(C3=O)C=C(C=C4)C(=O)O)OC5=C(C=C(C=C5)N6C(=O)C7=C(C6=O)C=C(C=C7)C(=O)O)C8=CC=CC=C8,*C(=O)Nc1ccc(Oc2ccc(NC(=O)c3ccc4c(c3)C(=O)N(c3ccc(Oc5ccc(N6C(=O)c7ccc(*)cc7C6=O)cc5-c5ccccc5)c(-c5ccccc5)c3)C4=O)cc2-c2ccccc2)c(-c2ccccc2)c1,"Polyimides/thioimides, Polyoxides/ethers/acetals, Polyamides/thioamides"
P320014,69099762,0,Addition_polymerization,CN1CCN(C1C2=CC=C(C=C2)C=C)C,,*CC(*)c1ccc(C=O)cc1,"Polystyrenes, Polyvinyls"
P372262,69250228,0,Polycondensation,CCCCCCC(C)C1=CC=CC(=C1O)C,,*Oc1c(C)cc(*)cc1C(C)CCCCCC,Polyoxides/ethers/acetals
P460183,69301817,0,Ring_opening_polymerization,CN1[Si](N([Si]1(C)C=C)C)(C)C,,*N(C)[Si](C)(C=C)N(C)[Si](*)(C)C,"Polyimines, Polysiloxanes/silanes"
P432570,70617156,0,Ring_opening_polymerization,CCCCCCN1C(=O)C2C3CC(C2C1=O)C=C3,,*/C=C/C1CC(*)C2C(=O)N(CCCCCC)C(=O)C12,Polyimides/thioimides
P320056,71328733,136705,Addition_polymerization,CCCC(=O)OC1=CC=C(C=C1)C(=C)OC(=O)C,C=C(C#N)C#N,*CC(CC(*)(C#N)C#N)(OC(C)=O)c1ccc(OC(=O)CCC)cc1,"Polystyrenes, Polyvinyls"
P320054,71328734,136705,Addition_polymerization,CC(=O)OC(=C)C1=CC=C(C=C1)OC(=O)OC,C=C(C#N)C#N,*CC(CC(*)(C#N)C#N)(OC(C)=O)c1ccc(OC(=O)OC)cc1,"Polystyrenes, Polyvinyls"
P402173,71345325,3614132,Polycondensation,CCN(CC1=CC=CC=C1CN(CC)C2=CC=C(C=C2)C=O)C3=CC=C(C=C3)C=O,C1=CC(=CC(=C1)NC(=O)CC#N)NC(=O)CC#N,*Cc1ccccc1CN(CC)c1ccc(/C=C(\C#N)C(=O)Nc2cccc(NC(=O)/C(C#N)=C/c3ccc(N(*)CC)cc3)c2)cc1,"Polyamides/thioamides, Polyimines"
P390092,71346677,8441,Polycondensation,C(CCC(=O)NCCNC(=O)CCCCCO)CCO,COC(=O)C1=CC=C(C=C1)C(=O)OC,*CCCCCC(=O)NCCNC(=O)CCCCCOC(=O)c1ccc(C(=O)O*)cc1,"Polyesters/thioesters, Polyamides/thioamides"
P390092,71346677,7488,Polycondensation,C(CCC(=O)NCCNC(=O)CCCCCO)CCO,C1=CC(=CC=C1C(=O)Cl)C(=O)Cl,*CCCCCC(=O)NCCNC(=O)CCCCCOC(=O)c1ccc(C(=O)O*)cc1,"Polyesters/thioesters, Polyamides/thioamides"
P390170,71346803,0,Ring_opening_polymerization,CCC1(COC1=O)C2=CC=CC=C2,,*CC(CC)(C(=O)O*)c1ccccc1,Polyesters/thioesters
P402186,71347309,85821475,Polycondensation,CCCCCOC1=C(C=CC(=C1)C(=O)Cl)C(=O)Cl,CCCCCOC1=C(C=CC(=C1)C(=O)NN)C(=O)NN,*NNC(=O)c1ccc(C(*)=O)cc1OCCCCC,Polyamides/thioamides
P472214,71353121,0,Polycondensation,C1=CC=C(C=C1)[Si](C2=CC=CC=C2)(C3=CC=C(C=C3)C4=CC=C(C=C4)[Si](C5=CC=CC=C5)(C6=CC=CC=C6)O)O,,*O[Si](c1ccccc1)(c1ccccc1)c1ccc(-c2ccc([Si](*)(c3ccccc3)c3ccccc3)cc2)cc1,Polysiloxanes/silanes
P372378,71358289,10874729,Polycondensation,COC1=CC(=CC(=C1OCCCCCCCCOC2=C(C=C(C=C2OC)C=C)OC)OC)C=C,CCCCCCC1=CC(=C(C=C1I)CCCCCC)I,*CCCCCCCCOc1c(OC)cc(/C=C/c2cc(CCCCCC)c(/C=C/c3cc(OC)c(O*)c(OC)c3)cc2CCCCCC)cc1OC,Polyoxides/ethers/acetals
P390418,71403666,102402491,Polycondensation,C1=CC(=CC=C1C(=O)Cl)OC(=O)CCCCCCCCC(=O)OC2=CC=C(C=C2)C(=O)Cl,CCCCCOC1=CC=C(C=C1)C(=O)OC2=CC(=C(C=C2O)OC(=O)C3=CC=C(C=C3)OCCCCC)O,*Oc1cc(OC(=O)c2ccc(OCCCCC)cc2)c(OC(=O)c2ccc(OC(=O)CCCCCCCCC(=O)Oc3ccc(C(*)=O)cc3)cc2)cc1OC(=O)c1ccc(OCCCCC)cc1,Polyesters/thioesters
P382394,71405592,0,Polycondensation,CC(C(=O)OCCC1=CSC=C1)Br,,*c1cc(CCOC(=O)C(C)Br)c(*)s1,Polysulfides
P422040,71441290,61009,Polyaddition,C1=CC(=CC=C1C2=NC(=C(N=C2C3=CC=C(C=C3)N)C#N)C#N)N,C1=CC(=CC=C1N=C=O)N=C=O,*c1ccc(NC(=O)Nc2ccc(NC(=O)Nc3ccc(-c4nc(C#N)c(C#N)nc4*)cc3)cc2)cc1,"Polyureas/thioureas, Polyimines"
P342351,71441947,0,Addition_polymerization,C=CC(=O)OC1=CC=C(C=C1)C(=O)OCC2=CC=CC=C2,,*CC(*)C(=O)Oc1ccc(C(=O)OCc2ccccc2)cc1,"Polyacrylics, Polyvinyls"
P100182,76223936,0,Ring_opening_polymerization,CC1CCCCNC(=O)C1,,*CCCCC(C)CC(=O)N*,Polyamides/thioamides
P370277,85531969,0,Ring_opening_polymerization,CC1=CC(=O)C(=CC12CC2C=C)C,,*Oc1cc(C)c(CC(*)C=C)cc1C,Polyoxides/ethers/acetals
P370278,85531973,0,Ring_opening_polymerization,CC1=CC2(CC2C=C)C3=CC=CC=C3C1=O,,*Oc1c(C)cc(CC(*)C=C)c2ccccc12,Polyoxides/ethers/acetals
P340083,85556007,0,Addition_polymerization,CCCCCCCOC1=CC=C(C=C1)OC(=O)CC(=C)C(=O)OC2=CC=C(C=C2)OCCCCCCC,,*CC(*)(CC(=O)Oc1ccc(OCCCCCCC)cc1)C(=O)Oc1ccc(OCCCCCCC)cc1,"Polyacrylics, Polyvinyls"
P322015,85557888,8100,Polycondensation,CC1=C(C=CC(=C1)O)CCC2=CC=C(C=C2)O,C(CCBr)CCBr,*CCCCCC(c1ccc(O)cc1)C(*)c1ccc(O)cc1C,"Polystyrenes, Polyvinyls"
P322017,85557888,78309,Polycondensation,CC1=C(C=CC(=C1)O)CCC2=CC=C(C=C2)O,C(CCCBr)CCCBr,*CCCCCCCC(c1ccc(O)cc1)C(*)c1ccc(O)cc1C,"Polystyrenes, Polyvinyls"
P322016,85557888,12368,Polycondensation,CC1=C(C=CC(=C1)O)CCC2=CC=C(C=C2)O,C(CCCBr)CCBr,*CCCCCCC(c1ccc(O)cc1)C(*)c1ccc(O)cc1C,"Polystyrenes, Polyvinyls"
P370522,85557888,221483,Polycondensation,CC1=C(C=CC(=C1)O)CCC2=CC=C(C=C2)O,C(CCCCCBr)CCCCBr,*CCCCCCCCCCOc1ccc(CCc2ccc(O*)cc2C)cc1,Polyoxides/ethers/acetals
P370502,85557888,78309,Polycondensation,CC1=C(C=CC(=C1)O)CCC2=CC=C(C=C2)O,C(CCCBr)CCCBr,*CCCCCCCOc1ccc(CCc2ccc(O*)cc2C)cc1,Polyoxides/ethers/acetals
P322021,85557888,85551,Polycondensation,CC1=C(C=CC(=C1)O)CCC2=CC=C(C=C2)O,C(CCCCCBr)CCCCCBr,*CCCCCCCCCCCC(c1ccc(O)cc1)C(*)c1ccc(O)cc1C,"Polystyrenes, Polyvinyls"
P322020,85557888,221483,Polycondensation,CC1=C(C=CC(=C1)O)CCC2=CC=C(C=C2)O,C(CCCCCBr)CCCCBr,*CCCCCCCCCCC(c1ccc(O)cc1)C(*)c1ccc(O)cc1C,"Polystyrenes, Polyvinyls"
P322022,85557888,18766,Polycondensation,CC1=C(C=CC(=C1)O)CCC2=CC=C(C=C2)O,C(CCCCCCBr)CCCCCBr,*CCCCCCCCCCCCC(c1ccc(O)cc1)C(*)c1ccc(O)cc1C,"Polystyrenes, Polyvinyls"
P390220,85560934,71006,Polycondensation,C1=CC=C2C=C(C=CC2=C1)SC3=C(C=CC(=C3)C(=O)O)C(=O)O,CC(=O)OC1=CC=C(C=C1)OC(=O)C,*Oc1ccc(OC(=O)c2ccc(C(*)=O)cc2Sc2ccc3ccccc3c2)cc1,Polyesters/thioesters
P390221,85560934,604281,Polycondensation,C1=CC=C2C=C(C=CC2=C1)SC3=C(C=CC(=C3)C(=O)O)C(=O)O,CC(=O)OC1=CC=C(C=C1)C2=CC=C(C=C2)OC(=O)C,*Oc1ccc(-c2ccc(OC(=O)c3ccc(C(*)=O)cc3Sc3ccc4ccccc4c3)cc2)cc1,Polyesters/thioesters
P342030,85573154,0,Addition_polymerization,C=CC(=O)OCCCN1C2=CC=CC=C2C3=CC=CC=C31,,*CC(*)C(=O)OCCCn1c2ccccc2c2ccccc21,"Polyacrylics, Polyvinyls"
P342036,85573156,0,Addition_polymerization,C=CC(=O)OCCCCN1C2=CC=CC=C2C3=CC=CC=C31,,*CC(*)C(=O)OCCCCn1c2ccccc2c2ccccc21,"Polyacrylics, Polyvinyls"
P430516,85618079,688263,Polycondensation,CN1C(=O)C2=C(C3=CC=CC=C3C(=C2C1=O)C4=CC=C(C=C4)O)C5=CC=C(C=C5)O,C1=CC(=CC(=C1)C(=O)C2=CC=C(C=C2)F)C(=O)C3=CC=C(C=C3)F,*c1ccc(Oc2ccc(C(=O)c3cccc(C(=O)c4ccc(Oc5ccc(-c6c7c(c(*)c8ccccc68)C(=O)N(C)C7=O)cc5)cc4)c3)cc2)cc1,"Polyimides/thioimides, Polyoxides/ethers/acetals, Polyketones/thioketones"
P430506,85618079,67842,Polycondensation,CN1C(=O)C2=C(C3=CC=CC=C3C(=C2C1=O)C4=CC=C(C=C4)O)C5=CC=C(C=C5)O,C1=CC(=CC=C1F)S(=O)(=O)C2=CC=C(C=C2)F,*c1ccc(Oc2ccc(S(=O)(=O)c3ccc(Oc4ccc(-c5c6c(c(*)c7ccccc57)C(=O)N(C)C6=O)cc4)cc3)cc2)cc1,"Polyimides/thioimides, Polyoxides/ethers/acetals, Polysulfones/sulfoxides/sufonates/sulfoamides"
P430496,85618079,9582,Polycondensation,CN1C(=O)C2=C(C3=CC=CC=C3C(=C2C1=O)C4=CC=C(C=C4)O)C5=CC=C(C=C5)O,C1=CC(=CC=C1C(=O)C2=CC=C(C=C2)F)F,*c1ccc(Oc2ccc(C(=O)c3ccc(Oc4ccc(-c5c6c(c(*)c7ccccc57)C(=O)N(C)C6=O)cc4)cc3)cc2)cc1,"Polyimides/thioimides, Polyoxides/ethers/acetals, Polyketones/thioketones"
P433630,85618083,71362172,Polycondensation,C1=CC=C(C=C1)N2C(=O)C3=C(C4=CC=CC=C4C(=C3C2=O)C5=CC=C(C=C5)O)C6=CC=C(C=C6)O,C1=CC(=CC(=C1)C2=CC(=C(C=C2)F)C(F)(F)F)C3=CC(=C(C=C3)F)C(F)(F)F,*c1ccc(Oc2ccc(-c3cccc(-c4ccc(Oc5ccc(-c6c7c(c(*)c8ccccc68)C(=O)N(c6ccccc6)C7=O)cc5)c(C(F)(F)F)c4)c3)cc2C(F)(F)F)cc1,"Polyimides/thioimides, Polyoxides/ethers/acetals"
P433634,85618083,100974681,Polycondensation,C1=CC=C(C=C1)N2C(=O)C3=C(C4=CC=CC=C4C(=C3C2=O)C5=CC=C(C=C5)O)C6=CC=C(C=C6)O,C1=CC(=NC(=C1)C2=CC(=C(C=C2)F)C(F)(F)F)C3=CC(=C(C=C3)F)C(F)(F)F,*c1ccc(Oc2ccc(-c3cccc(-c4ccc(Oc5ccc(-c6c7c(c(*)c8ccccc68)C(=O)N(c6ccccc6)C7=O)cc5)c(C(F)(F)F)c4)n3)cc2C(F)(F)F)cc1,"Polyimides/thioimides, Polyoxides/ethers/acetals, Polyimines"
P342088,85633675,0,Addition_polymerization/Polymer_reaction,CC(=O)C1=C(C=C(C=C1)OC(=O)C=C)O,,*CC(*)C(=O)Oc1ccc(/C(C)=N/NC(N)=O)c(O)c1,"Polyacrylics, Polyvinyls"
P080084,85661254,11469725,Polycondensation,C(CCSCCN)CSCCN,C(COC(=O)Cl)COC(=O)Cl,*CCCOC(=O)NCCSCCCCSCCNC(=O)O*,"Polysulfides, Polyurethanes/thiourethanes"
P080070,85661254,20566886,Polycondensation,C(CCSCCN)CSCCN,C(CCOC(=O)Cl)CCOC(=O)Cl,*CCCCCOC(=O)NCCSCCCCSCCNC(=O)O*,"Polysulfides, Polyurethanes/thiourethanes"
P080070,101052587,79148,Polyaddition,C1CN1C(=O)OCCCCCOC(=O)N2CC2,C(CCS)CS,*CCCCCOC(=O)NCCSCCCCSCCNC(=O)O*,"Polysulfides, Polyurethanes/thiourethanes"
P080083,85679858,11469725,Polycondensation,C(CCSCCN)CCSCCN,C(COC(=O)Cl)COC(=O)Cl,*CCCOC(=O)NCCSCCCCCSCCNC(=O)O*,"Polysulfides, Polyurethanes/thiourethanes"
P080063,85679858,31282,Polycondensation,C(CCSCCN)CCSCCN,C(COC(=O)Cl)OC(=O)Cl,*CCOC(=O)NCCSCCCCCSCCNC(=O)O*,"Polysulfides, Polyurethanes/thiourethanes"
P462031,85700202,0,Ring_opening_polymerization,C=CCOC1=CC=C(C=C1)C2=NCCO2,,*CCN(*)C(=O)c1ccc(OCC=C)cc1,Polyimines
P462191,85719749,0,Polycondensation,CC1=C2C(=CC=C3C2=C(C=C1)C4=CNC=C34)C,,*c1[nH]c(*)c2c1-c1ccc(C)c3c(C)ccc-2c13,Polyimines
P372534,85740504,0,Polycondensation,C1=CC(=C2C(=C1C(Br)Br)C=CO2)C(Br)Br,,*/C=C/c1ccc(*)c2occc12,Polyoxides/ethers/acetals
P382026,85753491,0,Polycondensation,CCCCCCCCCCSC1=C(SC(=C1)C2=CC=C(C=C2)Cl)C3=CC=C(C=C3)Cl,,*c1ccc(-c2ccc(-c3cc(SCCCCCCCCCC)c(*)s3)cc2)cc1,Polysulfides
P382027,85753492,0,Polycondensation,CCCCCCCCCCCCCCCCCCSC1=C(SC(=C1)C2=CC=C(C=C2)Cl)C3=CC=C(C=C3)Cl,,*c1ccc(-c2ccc(-c3cc(SCCCCCCCCCCCCCCCCCC)c(*)s3)cc2)cc1,Polysulfides
P430071,85770467,604281,Polycondensation,C1=CC2=C(C=C1C(=O)O)C(=O)N(C2=O)CCCCCCCCCCC(=O)O,CC(=O)OC1=CC=C(C=C1)C2=CC=C(C=C2)OC(=O)C,*CCCCCCCCCCC(=O)Oc1ccc(-c2ccc(OC(=O)c3ccc4c(c3)C(=O)N(*)C4=O)cc2)cc1,"Polyimides/thioimides, Polyesters/thioesters"
P430072,85776801,604281,Polycondensation,C1=CC2=C(C=C1C(=O)O)C(=O)N(C2=O)CCCCCCCCCCCC(=O)O,CC(=O)OC1=CC=C(C=C1)C2=CC=C(C=C2)OC(=O)C,*CCCCCCCCCCCC(=O)Oc1ccc(-c2ccc(OC(=O)c3ccc4c(c3)C(=O)N(*)C4=O)cc2)cc1,"Polyimides/thioimides, Polyesters/thioesters"
P432492,85776801,82437,Polycondensation,C1=CC2=C(C=C1C(=O)O)C(=O)N(C2=O)CCCCCCCCCCCC(=O)O,CC(=O)OC1=CC=C(C=C1)C(C)(C)C2=CC=C(C=C2)OC(=O)C,*CCCCCCCCCCCC(=O)Oc1ccc(C(C)(C)c2ccc(OC(=O)c3ccc4c(c3)C(=O)N(*)C4=O)cc2)cc1,"Polyimides/thioimides, Polyesters/thioesters"
P432493,85776801,101996856,Polycondensation,C1=CC2=C(C=C1C(=O)O)C(=O)N(C2=O)CCCCCCCCCCCC(=O)O,CC(C)(C1=CC=C(C=C1)C(C)(C)C2=CC=C(C=C2)OC3=CC=C(C=C3)C(=O)O)C4=CC=C(C=C4)OC5=CC=C(C=C5)C(=O)O,*CCCCCCCCCCCC(=O)Oc1ccc(C(C)(C)c2ccc(C(C)(C)c3ccc(OC(=O)c4ccc5c(c4)C(=O)N(*)C5=O)cc3)cc2)cc1,"Polyimides/thioimides, Polyesters/thioesters"
P433360,85779837,101854539,Polycondensation,C1=CC=C(C=C1)C2=CC(=NC(=C2)C3=CC=C(C=C3)N)C4=CC=C(C=C4)N,C1=CC2=C(C=CC=C2OC3=CC=C(C=C3)N4C(=O)C5=C(C4=O)C=C(C=C5)C(=O)O)C(=C1)N6C(=O)C7=C(C6=O)C=C(C=C7)C(=O)O,*C(=O)Nc1ccc(-c2cc(-c3ccccc3)cc(-c3ccc(NC(=O)c4ccc5c(c4)C(=O)N(c4ccc(Oc6cccc7c(N8C(=O)c9ccc(*)cc9C8=O)cccc67)cc4)C5=O)cc3)n2)cc1,"Polyimides/thioimides, Polyoxides/ethers/acetals, Polyamides/thioamides, Polyimines"
P372805,85781546,85821479,Polycondensation/Polymer_reaction,CCCCCCCCCCOC1=C(C=CC(=C1)C(=O)Cl)C(=O)Cl,CCCCCCCCCCOC1=C(C=CC(=C1)C(=O)NN)C(=O)NN,*c1ccc(-c2nnc(*)o2)c(OCCCCCCCCCC)c1,"Polyoxides/ethers/acetals, Polyimines"
P402188,85781546,85821479,Polycondensation,CCCCCCCCCCOC1=C(C=CC(=C1)C(=O)Cl)C(=O)Cl,CCCCCCCCCCOC1=C(C=CC(=C1)C(=O)NN)C(=O)NN,*NNC(=O)c1ccc(C(*)=O)cc1OCCCCCCCCCC,Polyamides/thioamides
P332353,85781554,0,Addition_polymerization,C#CCNS(=O)(=O)C1=CC=CC2=CC=CC=C21,,*/C=C(/*)CNS(=O)(=O)c1cccc2ccccc12,Polyvinyls
P472123,85782948,0,Ring_opening_polymerization,C[Si]1(CC(C1)CC2=CC=CC3=CC=CC=C32)C,,*CC(Cc1cccc2ccccc12)C[Si](*)(C)C,Polysiloxanes/silanes
P472110,85787196,0,Polycondensation,CCO[Si](C1=CC=CC=C1)(C2=CC=C(C=C2)OC(C)(C)C)OCC,,*O[Si](*)(c1ccccc1)c1ccc(OC(C)(C)C)cc1,Polysiloxanes/silanes
P460326,85793338,0,Addition_polymerization,C1=CC=C2C(=C1)C(=O)N(C2=O)C3=NC=C(C=C3)C#N,,*/N=C(/*)c1ccc(N2C(=O)c3ccccc3C2=O)nc1,Polyimines
P382255,85794144,7927,Polycondensation,CCCCCCCCCCCCSC1=C(SC(=C1)Br)C2=CC=C(C=C2)C3=C(C=C(S3)Br)SCCCCCCCCCCCC,C1=CC(=CC(=C1)Br)Br,*c1ccc(-c2sc(-c3ccc(-c4cc(SCCCCCCCCCCCC)c(*)s4)cc3)cc2SCCCCCCCCCCCC)cc1,Polysulfides
P392459,85818219,4246116,Polycondensation,C1=CC(=O)C=CC1=NNC2=CC(=C(C=C2)S(=O)(=O)C3=C(C=C(C=C3)NN=C4C=CC(=O)C=C4)[N+](=O)[O-])[N+](=O)[O-],C1=CC(=CC=C1C(=O)Cl)N=NC2=CC=C(C=C2)C(=O)Cl,*Oc1ccc(/N=N/c2ccc(S(=O)(=O)c3ccc(/N=N/c4ccc(OC(=O)c5ccc(/N=N/c6ccc(C(*)=O)cc6)cc5)cc4)cc3[N+](=O)[O-])c([N+](=O)[O-])c2)cc1,"Polyesters/thioesters, Polyimines, Polysulfones/sulfoxides/sufonates/sulfoamides"
P512169,85822601,0,Polycondensation,CCCCC(CC)COC1=CC(=C(C=C1C#C)OCC(CC)CCCC)C#C,,*C#Cc1cc(OCC(CC)CCCC)c(C#Cc2cc(OCCO)c(*)cc2OCCO)cc1OCC(CC)CCCC,Polyphenylenes
P130205,85864478,17201,Polycondensation,C1=CC2=C(C(=C1)OC3=CC=C(C=C3)SC4=CC=C(C=C4)OC5=CC=CC6=C5C(=O)OC6=O)C(=O)OC2=O,C1=CC(=CC(=C1)OC2=CC=C(C=C2)N)OC3=CC=C(C=C3)N,*c1ccc(Oc2cccc(Oc3ccc(N4C(=O)c5cccc(Oc6ccc(Sc7ccc(Oc8cccc9c8C(=O)N(*)C9=O)cc7)cc6)c5C4=O)cc3)c2)cc1,"Polyimides/thioimides, Polyoxides/ethers/acetals, Polysulfides"
P370206,85874033,67630,Polyaddition,C(=C(F)SC(F)(F)F)(F)F,C(N=O)(F)(F)F,*ON(C(F)(F)F)C(F)(F)C(*)(F)SC(F)(F)F,"Polyoxides/ethers/acetals, Polyimines"
P392505,85881527,71366868,Polycondensation,CCOCCOC1=C(C=CC(=C1)C(=O)Cl)C(=O)Cl,COCCOC1=CC(=C(C=C1O[Si](C)(C)C)OCCOC)O[Si](C)(C)C,*Oc1cc(OCCOC)c(OC(=O)c2ccc(C(*)=O)cc2OCCOCC)cc1OCCOC,Polyesters/thioesters
P100809,85882332,66072,Polycondensation,C(CCCN)CCCNC(=O)C(=O)NCCCCCCCN,C(CCCCC(=O)Cl)CCCC(=O)Cl,*CCCCCCCNC(=O)CCCCCCCCC(=O)NCCCCCCCNC(=O)C(=O)N*,Polyamides/thioamides
P100703,85882336,66072,Polycondensation,C(CCCCCNC(=O)C(=O)NCCCCCCCCCCN)CCCCN,C(CCCCC(=O)Cl)CCCC(=O)Cl,*CCCCCCCCCCNC(=O)CCCCCCCCC(=O)NCCCCCCCCCCNC(=O)C(=O)N*,Polyamides/thioamides
P100788,85882338,66072,Polycondensation,C(CCCCCN)CCCCCNC(=O)C(=O)NCCCCCCCCCCCN,C(CCCCC(=O)Cl)CCCC(=O)Cl,*CCCCCCCCCCCNC(=O)CCCCCCCCC(=O)NCCCCCCCCCCCNC(=O)C(=O)N*,Polyamides/thioamides
P462340,85972140,85775430,Polycondensation,CCCCC(CC)CN1C2=C(C=CC(=C2)CC#N)C3=C1C=C(C=C3)CC#N,CCCCC(CC)COC1=CC(=C(C=C1C=O)OCC(CC)CCCC)C=O,*/C(C#N)=C/c1cc(OCC(CC)CCCC)c(/C=C(\C#N)c2ccc3c4ccc(*)cc4n(CC(CC)CCCC)c3c2)cc1OCC(CC)CCCC,Polyimines
P382288,85990235,0,Polycondensation,C1=CC(=CC=C1C#N)N=NC2=CC=C(C=C2)OCCCCCCOC(=O)CC3=CSC=C3,,*c1cc(CC(=O)OCCCCCCOc2ccc(/N=N/c3ccc(C#N)cc3)cc2)c(*)s1,Polysulfides
P080068,85998897,75085,Polycondensation,C(CCCSCCN)CCSCCN,C(CCOC(=O)Cl)COC(=O)Cl,*CCCCOC(=O)NCCSCCCCCCSCCNC(=O)O*,"Polysulfides, Polyurethanes/thiourethanes"
P382277,86002874,0,Polycondensation,CCCCCCOC1=CSC=C1C,,*c1sc(*)c(OCCCCCC)c1C,Polysulfides
P462368,86057864,0,Polycondensation,C1=CN(C=C1)C2=CC=C(C=C2)OC(=O)CC3=CSC=C3,,*c1cn(-c2ccc(OC(=O)Cc3ccsc3)cc2)cc1*,Polyimines
P342170,86101304,0,Addition_polymerization,CCCCCCN1C2=C(C=C(C=C2)COC(=O)C(=C)C)C3=CC=CC=C31,,*CC(*)(C)C(=O)OCc1ccc2c(c1)c1ccccc1n2CCCCCC,"Polyacrylics, Polyvinyls"
P400326,86165393,101916926,Polycondensation,C[Si](C)(C)NCCCCCN[Si](C)(C)C,COC(C(C(=O)OC1=C(C(=C(C(=C1Cl)Cl)Cl)Cl)Cl)OC)C(=O)OC2=C(C(=C(C(=C2Cl)Cl)Cl)Cl)Cl,*CCCCCNC(=O)C(OC)C(OC)C(=O)N*,Polyamides/thioamides
P400327,86165397,101916926,Polycondensation,C[Si](C)(C)NCCCCCCCN[Si](C)(C)C,COC(C(C(=O)OC1=C(C(=C(C(=C1Cl)Cl)Cl)Cl)Cl)OC)C(=O)OC2=C(C(=C(C(=C2Cl)Cl)Cl)Cl)Cl,*CCCCCCCNC(=O)C(OC)C(OC)C(=O)N*,Polyamides/thioamides
P330143,86180623,0,Addition_polymerization,COC1=CC=C(C=C1)S(=O)C=C,,*CC(*)S(=O)c1ccc(OC)cc1,Polyvinyls
P390252,86184015,11701563,Polycondensation,C1=CC=C2C(=C1)C3=C(N2CCCCCCN4C5=C(C=C(C=C5)C=O)C6=CC=CC=C64)C=CC(=C3)C=O,C(CCCOC(=O)CC#N)CCOC(=O)CC#N,*CCCCCCn1c2ccccc2c2cc(/C=C(\C#N)C(=O)OCCCCCCOC(=O)/C(C#N)=C/c3ccc4c(c3)c3ccccc3n4*)ccc21,"Polyesters/thioesters, Polyimines"
P342390,86203164,0,Addition_polymerization,CC(=C)C(=O)OCCCCCCCCCCN1C2=CC=CC=C2C3=CC=CC=C31,,*CC(*)(C)C(=O)OCCCCCCCCCCn1c2ccccc2c2cc(/N=N/c3ccc([N+](=O)[O-])cc3)ccc21,"Polyacrylics, Polyvinyls"
P382306,86210574,0,Polycondensation,CCCCCCCCCCCCCCC1=C(SC=C1)C2=CC(=C3C2=CC=CC=C3)C4=C(C=CS4)CCCCCCCCCCCCCC,,*c1cc(-c2sc(-c3cc(CCCCCCCCCCCCCC)c(*)s3)cc2CCCCCCCCCCCCCC)c2cccccc1-2,Polysulfides
P130211,86251169,17201,Polycondensation,C1=CC2=C(C(=C1)OC3=CC=C(C=C3)S(=O)(=O)C4=CC=C(C=C4)OC5=CC=CC6=C5C(=O)OC6=O)C(=O)OC2=O,C1=CC(=CC(=C1)OC2=CC=C(C=C2)N)OC3=CC=C(C=C3)N,*c1ccc(Oc2cccc(Oc3ccc(N4C(=O)c5cccc(Oc6ccc(S(=O)(=O)c7ccc(Oc8cccc9c8C(=O)N(*)C9=O)cc7)cc6)c5C4=O)cc3)c2)cc1,"Polyimides/thioimides, Polyoxides/ethers/acetals, Polysulfones/sulfoxides/sufonates/sulfoamides"
P100803,87643367,0,Polycondensation,CC(CCCC(=O)O)CCN,,*CCC(C)CCCC(=O)N*,Polyamides/thioamides
P320064,88334226,0,Addition_polymerization,C=CC1=CC=C(C=C1)COCCC(C(C(C(C(C(C(C(F)(F)F)(F)F)(F)F)(F)F)(F)F)(F)F)(F)F)(F)F,,*CC(*)c1ccc(COCCC(F)(F)C(F)(F)C(F)(F)C(F)(F)C(F)(F)C(F)(F)C(F)(F)C(F)(F)F)cc1,"Polystyrenes, Polyvinyls"
P340121,88409193,0,Addition_polymerization,CCC(C)(C)OC(=O)C=CC,,*C(C)C(*)C(=O)OC(C)(C)CC,"Polyacrylics, Polyvinyls"
P400013,88472104,196,Polycondensation,CCCCCCCCP(CCCN)CCCN,C(CCC(=O)O)CC(=O)O,*CCCP(CCCCCCCC)CCCNC(=O)CCCCC(=O)N*,Polyamides/thioamides
P400187,88472104,11120,Polycondensation,CCCCCCCCP(CCCN)CCCN,COC(=O)C(=O)OC,*CCCP(CCCCCCCC)CCCNC(=O)C(=O)N*,Polyamides/thioamides
P433021,9855967,83119,Polycondensation,C1CC2C(C3C1C(=O)OC3=O)C(=O)OC2=O,CC(C)(C1=CC=C(C=C1)OC2=CC=C(C=C2)N)C3=CC=C(C=C3)OC4=CC=C(C=C4)N,*c1ccc(Oc2ccc(C(C)(C)c3ccc(Oc4ccc(N5C(=O)C6CCC7C(=O)N(*)C(=O)C7C6C5=O)cc4)cc3)cc2)cc1,"Polyimides/thioimides, Polyoxides/ethers/acetals"
P433019,9855967,13283,Polycondensation,C1CC2C(C3C1C(=O)OC3=O)C(=O)OC2=O,CC1=C(C=CC(=C1)CC2=CC(=C(C=C2)N)C)N,*c1ccc(Cc2ccc(N3C(=O)C4CCC5C(=O)N(*)C(=O)C5C4C3=O)c(C)c2)cc1C,Polyimides/thioimides
P433018,9855967,7577,Polycondensation,C1CC2C(C3C1C(=O)OC3=O)C(=O)OC2=O,C1=CC(=CC=C1CC2=CC=C(C=C2)N)N,*c1ccc(Cc2ccc(N3C(=O)C4CCC5C(=O)N(*)C(=O)C5C4C3=O)cc2)cc1,Polyimides/thioimides
P522011,89159898,0,Addition_polymerization,C=C(C(=O)OCC(C(C(C(C(C(C(C(F)(F)F)(F)F)(F)F)(F)F)(F)F)(F)F)(F)F)(F)F)F,,*CC(*)(F)C(=O)OCC(F)(F)C(F)(F)C(F)(F)C(F)(F)C(F)(F)C(F)(F)C(F)(F)C(F)(F)F,Other polymers
P432814,89417977,399966,Polyaddition/Polymer_reaction,CC1=CC(=CC(=C1OC2=CC3=C(C=C2)C(=O)OC3=O)C)C(C)(C)C4=CC(=C(C(=C4)C)OC5=CC6=C(C=C5)C(=O)OC6=O)C,C1C2CC3CC1CC(C2)C3(C4=CC=C(C=C4)OC5=CC=C(C=C5)N)C6=CC=C(C=C6)OC7=CC=C(C=C7)N,*c1ccc(Oc2ccc(C3(c4ccc(Oc5ccc(N6C(=O)c7ccc(Oc8c(C)cc(C(C)(C)c9cc(C)c(Oc%10ccc%11c(c%10)C(=O)N(*)C%11=O)c(C)c9)cc8C)cc7C6=O)cc5)cc4)C4CC5CC(C4)CC3C5)cc2)cc1,"Polyimides/thioimides, Polyoxides/ethers/acetals"
P432812,89417977,629349,Polyaddition/Polymer_reaction,CC1=CC(=CC(=C1OC2=CC3=C(C=C2)C(=O)OC3=O)C)C(C)(C)C4=CC(=C(C(=C4)C)OC5=CC6=C(C=C5)C(=O)OC6=O)C,C1=CC(=C(C=C1N)C(F)(F)F)C2=C(C=C(C=C2)N)C(F)(F)F,*c1ccc(-c2ccc(N3C(=O)c4ccc(Oc5c(C)cc(C(C)(C)c6cc(C)c(Oc7ccc8c(c7)C(=O)N(*)C8=O)c(C)c6)cc5C)cc4C3=O)cc2C(F)(F)F)c(C(F)(F)F)c1,"Polyimides/thioimides, Polyoxides/ethers/acetals"
P382414,89766296,68642538,Polycondensation,CCCCCCCCN1C2=C(C=C(C=C2)C=C)SC3=C1C=CC(=C3)C=C,CCC1=NC2=C(C=CC(=C2N=C1CC)Br)Br,*/C=C/c1ccc(/C=C/c2ccc3c(c2)Sc2cc(*)ccc2N3CCCCCCCC)c2nc(CC)c(CC)nc12,"Polysulfides, Polyimines"
P130320,90946806,1317,Polycondensation,C1=C2C(=C(C3=C1C(=O)OC3=O)Br)C(=O)OC2=O,C(CCCCCN)CCCCN,*CCCCCCCCCCn1c(=O)c2cc3c(=O)n(*)c(=O)c3c(Br)c2c1=O,Polyimides/thioimides
P373110,91941078,102356834,Polycondensation,C1=CC(=CC(=C1)OC(=O)C2=CC=C(C=C2)C=O)OC(=O)C3=CC=C(C=C3)C=O,C1=CC(=C(C=C1N)Cl)OCCCCCCOC2=C(C=C(C=C2)N)Cl,*Oc1cccc(OC(=O)c2ccc(/C=N/c3ccc(OCCCCCCOc4ccc(/N=C/c5ccc(C(*)=O)cc5)cc4Cl)c(Cl)c3)cc2)c1,"Polyoxides/ethers/acetals, Polyesters/thioesters, Polyimines"
P373115,91941078,102356836,Polycondensation,C1=CC(=CC(=C1)OC(=O)C2=CC=C(C=C2)C=O)OC(=O)C3=CC=C(C=C3)C=O,C1=CC(=C(C=C1N)F)OCCCCCCCCCCCCOC2=C(C=C(C=C2)N)F,*Oc1cccc(OC(=O)c2ccc(/C=N/c3ccc(OCCCCCCCCCCCCOc4ccc(/N=C/c5ccc(C(*)=O)cc5)cc4F)c(F)c3)cc2)c1,"Polyoxides/ethers/acetals, Polyesters/thioesters, Polyimines"
P373109,91941078,102356835,Polycondensation,C1=CC(=CC(=C1)OC(=O)C2=CC=C(C=C2)C=O)OC(=O)C3=CC=C(C=C3)C=O,C1=CC(=C(C=C1N)F)OCCCCCCOC2=C(C=C(C=C2)N)F,*Oc1cccc(OC(=O)c2ccc(/C=N/c3ccc(OCCCCCCOc4ccc(/N=C/c5ccc(C(*)=O)cc5)cc4F)c(F)c3)cc2)c1,"Polyoxides/ethers/acetals, Polyesters/thioesters, Polyimines"
P372068,91941211,101678209,Polycondensation,C1=CC(=CC=C1C(=O)C2=CC=C(C=C2)OCCCCCCO)OCCCCCCO,C1=CC=C(C=C1)OC(=O)OCCCCCCCCOC(=O)OC2=CC=CC=C2,*CCCCCCOC(=O)OCCCCCCCCOC(=O)OCCCCCCOc1ccc(C(=O)c2ccc(O*)cc2)cc1,"Polyoxides/ethers/acetals, Polycarbonates/thiocarbonates, Polyketones/thioketones"
P372067,91941211,101678208,Polycondensation,C1=CC(=CC=C1C(=O)C2=CC=C(C=C2)OCCCCCCO)OCCCCCCO,C1=CC=C(C=C1)OC(=O)OCCCCCCOC(=O)OC2=CC=CC=C2,*CCCCCCOC(=O)OCCCCCCOC(=O)OCCCCCCOc1ccc(C(=O)c2ccc(O*)cc2)cc1,"Polyoxides/ethers/acetals, Polycarbonates/thiocarbonates, Polyketones/thioketones"
P372071,91941211,101678210,Polycondensation,C1=CC(=CC=C1C(=O)C2=CC=C(C=C2)OCCCCCCO)OCCCCCCO,C1=CC=C(C=C1)OC(=O)OCCCCCCCCCCCCOC(=O)OC2=CC=CC=C2,*CCCCCCOC(=O)OCCCCCCCCCCCCOC(=O)OCCCCCCOc1ccc(C(=O)c2ccc(O*)cc2)cc1,"Polyoxides/ethers/acetals, Polycarbonates/thiocarbonates, Polyketones/thioketones"
P372065,91941211,101920493,Polycondensation,C1=CC(=CC=C1C(=O)C2=CC=C(C=C2)OCCCCCCO)OCCCCCCO,C1=CC=C(C=C1)OC(=O)OCCCCOC(=O)OC2=CC=CC=C2,*CCCCCCOC(=O)OCCCCOC(=O)OCCCCCCOc1ccc(C(=O)c2ccc(O*)cc2)cc1,"Polyoxides/ethers/acetals, Polycarbonates/thiocarbonates, Polyketones/thioketones"
P342403,92012818,0,Addition_polymerization,CC(=C)C(=O)OCCCCCCOC1=CC=C(C=C1)N=NC2=CC=NC=C2,,*CC(*)(C)C(=O)OCCCCCCOc1ccc(/N=N/c2ccncc2)cc1,"Polyacrylics, Polyvinyls"
P332006,92035152,0,Addition_polymerization,CCCCCCCCC1CCC(CC1)C2=CC=C(C=C2)OCCCC#C,,*/C=C(/*)CCCOc1ccc(C2CCC(CCCCCCCC)CC2)cc1,Polyvinyls
P450016,94281052,74843,Polycondensation,COC1=CC(=CC(=C1OC)OC)N(CCO)CCO,CC(C)(C1=CC=C(C=C1)OC(=O)Cl)C2=CC=C(C=C2)OC(=O)Cl,*Oc1ccc(C(C)(C)c2ccc(OC(=O)OCCN(CCOC(*)=O)c3cc(OC)c(OC)c(OC)c3)cc2)cc1,"Polycarbonates/thiocarbonates, Polyimines"
P100390,95014447,0,Polyaddition,CCC(C)CN=C=O,,*C(=O)N(*)CC(C)CC,Polyamides/thioamides
P392531,100915560,43836003,Polycondensation,CCOC(=O)C(CCCCCCOC1=CC=C(C=C1)N=NC2=CC=C(C=C2)[N+](=O)[O-])C(=O)OCC,C[Sn](C)(CCCO)CCCO,*CCC[Sn](C)(C)CCCOC(=O)C(CCCCCCOc1ccc(/N=N/c2ccc([N+](=O)[O-])cc2)cc1)C(=O)O*,Polyesters/thioesters
P332113,100915910,0,Addition_polymerization,CC(C)[Si](C1=CC=C(C=C1)C#CC2=CC=CC=C2)(C(C)C)C(C)C,,*/C(=C(/*)c1ccc([Si](C(C)C)(C(C)C)C(C)C)cc1)c1ccccc1,Polyvinyls
P432526,100919085,0,Addition_polymerization,C1=CC(=CC=C1C#N)C2=CC=C(C=C2)OCCN3C(=O)C=CC3=O,,*C1C(=O)N(CCOc2ccc(-c3ccc(C#N)cc3)cc2)C(=O)C1*,Polyimides/thioimides
P432528,100919087,0,Addition_polymerization,C1=CC(=CC=C1C#N)C2=CC=C(C=C2)OCCCCN3C(=O)C=CC3=O,,*C1C(=O)N(CCCCOc2ccc(-c3ccc(C#N)cc3)cc2)C(=O)C1*,Polyimides/thioimides
P432365,100928562,20095964,Polycondensation,C1=CC(=CC=C1CC2=CC=C(C=C2)N3C(=O)C4=C(C3=O)C=C(C=C4)C(=O)Cl)N5C(=O)C6=C(C5=O)C=C(C=C6)C(=O)Cl,C1=CC(=CC=C1O)OCCCCCCCCCCCCOC2=CC=C(C=C2)O,*C(=O)Oc1ccc(OCCCCCCCCCCCCOc2ccc(OC(=O)c3ccc4c(c3)C(=O)N(c3ccc(Cc5ccc(N6C(=O)c7ccc(*)cc7C6=O)cc5)cc3)C4=O)cc2)cc1,"Polyimides/thioimides, Polyoxides/ethers/acetals, Polyesters/thioesters"
P372281,100934307,100934308,Polycondensation/Polymer_reaction,CCCCCCCCC1=C(SC(=C1)C(=O)Cl)C2=CC=C(S2)C3=C(C=C(S3)C(=O)Cl)CCCCCCCC,CCCCCCCCOC1=CC(=C(C=C1C(=O)NN)OCCCCCCCC)C(=O)NN,*c1nnc(-c2cc(CCCCCCCC)c(-c3ccc(-c4sc(-c5nnc(-c6cc(OCCCCCCCC)c(*)cc6OCCCCCCCC)o5)cc4CCCCCCCC)s3)s2)o1,"Polyoxides/ethers/acetals, Polysulfides, Polyimines"
P392257,100934903,785,Polycondensation,C1CC(N(C1)C2=CC=C(C=C2)[N+](=O)[O-])COCCCCOC3=CC(=C(C=C3C(=O)O)OCCCCOCC4CCCN4C5=CC=C(C=C5)[N+](=O)[O-])C(=O)O,C1=CC(=CC=C1O)O,*Oc1ccc(OC(=O)c2cc(OCCCCOCC3CCCN3c3ccc([N+](=O)[O-])cc3)c(C(*)=O)cc2OCCCCOCC2CCCN2c2ccc([N+](=O)[O-])cc2)cc1,Polyesters/thioesters
P392260,100934904,785,Polycondensation,C1CC(N(C1)C2=CC=C(C=C2)[N+](=O)[O-])COCCCCCCCOC3=CC(=C(C=C3C(=O)O)OCCCCCCCOCC4CCCN4C5=CC=C(C=C5)[N+](=O)[O-])C(=O)O,C1=CC(=CC=C1O)O,*Oc1ccc(OC(=O)c2cc(OCCCCCCCOCC3CCCN3c3ccc([N+](=O)[O-])cc3)c(C(*)=O)cc2OCCCCCCCOCC2CCCN2c2ccc([N+](=O)[O-])cc2)cc1,Polyesters/thioesters
P392262,100934907,785,Polycondensation,C1CC(N(C1)C2=CC=C(C=C2)[N+](=O)[O-])COCCCCCCCCCOC3=CC(=C(C=C3C(=O)O)OCCCCCCCCCOCC4CCCN4C5=CC=C(C=C5)[N+](=O)[O-])C(=O)O,C1=CC(=CC=C1O)O,*Oc1ccc(OC(=O)c2cc(OCCCCCCCCCOCC3CCCN3c3ccc([N+](=O)[O-])cc3)c(C(*)=O)cc2OCCCCCCCCCOCC2CCCN2c2ccc([N+](=O)[O-])cc2)cc1,Polyesters/thioesters
P402161,100939000,100939002,Polycondensation,CN(CCCOC(=O)C1=CC(=CC(=C1)N)N)C2=CC=C(C=C2)N=NC3=CC=C(C=C3)S(=O)(=O)C,CN(CCCOC1=CC(=CC(=C1)C(=O)O)C(=O)O)C2=CC=C(C=C2)N=NC3=CC=C(C=C3)S(=O)(=O)C,*Nc1cc(NC(=O)c2cc(OCCCN(C)c3ccc(/N=N/c4ccc(S(C)(=O)=O)cc4)cc3)cc(C(*)=O)c2)cc(C(=O)OCCCN(C)c2ccc(/N=N/c3ccc(S(C)(=O)=O)cc3)cc2)c1,Polyamides/thioamides
P402093,100944491,102272910,Polycondensation,C1=CC(=CC=C1C(=O)O)NC(=O)CCCCCCCCCCC(=O)NC2=CC=C(C=C2)C(=O)O,CCCCCCCCCCCCCCCCOC(=O)C1=C(C=CC(=C1)N)N,*Nc1ccc(NC(=O)c2ccc(NC(=O)CCCCCCCCCCC(=O)Nc3ccc(C(*)=O)cc3)cc2)cc1C(=O)OCCCCCCCCCCCCCCCC,Polyamides/thioamides
P402090,100944491,102272908,Polycondensation,C1=CC(=CC=C1C(=O)O)NC(=O)CCCCCCCCCCC(=O)NC2=CC=C(C=C2)C(=O)O,CCCCCCCCCCCCCCOC(=O)C1=C(C=CC(=C1)N)N,*Nc1ccc(NC(=O)c2ccc(NC(=O)CCCCCCCCCCC(=O)Nc3ccc(C(*)=O)cc3)cc2)cc1C(=O)OCCCCCCCCCCCCCC,Polyamides/thioamides
P392544,100945989,526553,Polycondensation,C1=CC(=CC=C1C(F)(F)F)N=NC2=CC=C(C=C2)OCCCCCCC(CO)CO,C1=CC=C(C=C1)OC(=O)CCCCC(=O)OC2=CC=CC=C2,*CC(CCCCCCOc1ccc(/N=N/c2ccc(C(F)(F)F)cc2)cc1)COC(=O)CCCCC(=O)O*,Polyesters/thioesters
P392547,100945991,526553,Polycondensation,C1=CC(=CC=C1N=NC2=CC=C(C=C2)Br)OCCCCCCC(CO)CO,C1=CC=C(C=C1)OC(=O)CCCCC(=O)OC2=CC=CC=C2,*CC(CCCCCCOc1ccc(/N=N/c2ccc(Br)cc2)cc1)COC(=O)CCCCC(=O)O*,Polyesters/thioesters
P472137,100946650,0,Polycondensation,CN(C)[Si](C)(OS(=O)(=O)C(F)(F)F)OS(=O)(=O)C(F)(F)F,,*c1ccc([Si](*)(C)N(C)C)cc1,Polysiloxanes/silanes
P382231,100946650,0,Polycondensation,CN(C)[Si](C)(OS(=O)(=O)C(F)(F)F)OS(=O)(=O)C(F)(F)F,,*c1ccc([Si](*)(C)N(C)C)s1,"Polysulfides, Polysiloxanes/silanes"
P382232,100946650,0,Polycondensation,CN(C)[Si](C)(OS(=O)(=O)C(F)(F)F)OS(=O)(=O)C(F)(F)F,,*c1ccc([Si](C)(C)c2ccc([Si](*)(C)N(C)C)s2)s1,"Polysulfides, Polysiloxanes/silanes"
P392451,100946993,15883718,Polycondensation,CCCOC1=C(C=CC(=C1)C(=O)Cl)C(=O)Cl,C1=CC=C2C(=C1)N=C(O2)C3=CC=C(C=C3)N=NC4=CC=C(C=C4)N(CCO)CCO,*CCN(CCOC(=O)c1ccc(C(=O)O*)c(OCCC)c1)c1ccc(/N=N/c2ccc(-c3nc4ccccc4o3)cc2)cc1,"Polyesters/thioesters, Polyimines"
P432320,100957441,7935,Polycondensation,CC(C)(C)C1=CC(=CC(=C1)C(=O)C2=CC3=C(C=C2)C(=O)OC3=O)C(=O)C4=CC5=C(C=C4)C(=O)OC5=O,C1=CC(=CC(=C1)N)N,*C(=O)c1cc(C(=O)c2ccc3c(c2)C(=O)N(c2cccc(N4C(=O)c5ccc(*)cc5C4=O)c2)C3=O)cc(C(C)(C)C)c1,"Polyimides/thioimides, Polyketones/thioketones"
P382108,100957577,0,Polycondensation,C1C(O1)CCCCCCCCCC2=CSC=C2,,*c1cc(CCCCCCCCCC2CO2)c(*)s1,Polysulfides
P382092,100957578,0,Polycondensation,C1C(OC(=O)O1)CCCCCCCCCC2=CSC=C2,,*c1cc(CCCCCCCCCC2COC(=O)O2)c(*)s1,Polysulfides
P400354,100961123,17727,Polycondensation,C1=CC=C(C=C1)SC2=C(C=CC(=C2)C(=O)Cl)C(=O)Cl,C(CCCCCCN)CCCCCN,*CCCCCCCCCCCCNC(=O)c1ccc(C(=O)N*)c(Sc2ccccc2)c1,Polyamides/thioamides
P522015,100969578,0,Addition_polymerization,C=C(C(=O)OCC(C(C(C(C(C(C(C(F)F)(F)F)(F)F)(F)F)(F)F)(F)F)(F)F)(F)F)F,,*CC(*)(F)C(=O)OCC(F)(F)C(F)(F)C(F)(F)C(F)(F)C(F)(F)C(F)(F)C(F)(F)C(F)F,Other polymers
P342123,100974117,0,Addition_polymerization,CC(=C)C(=O)OCCCCOC1=CC2=C(C=C1)C=C(C=C2)C(=O)OC3=CC=CC=C3,,*CC(*)(C)C(=O)OCCCCOc1ccc2cc(C(=O)Oc3ccccc3)ccc2c1,"Polyacrylics, Polyvinyls"
P342124,100974118,0,Addition_polymerization,CC(=C)C(=O)OCCCCCOC1=CC2=C(C=C1)C=C(C=C2)C(=O)OC3=CC=CC=C3,,*CC(*)(C)C(=O)OCCCCCOc1ccc2cc(C(=O)Oc3ccccc3)ccc2c1,"Polyacrylics, Polyvinyls"
P342125,100974119,0,Addition_polymerization,CC(=C)C(=O)OCCCCCCOC1=CC2=C(C=C1)C=C(C=C2)C(=O)OC3=CC=CC=C3,,*CC(*)(C)C(=O)OCCCCCCOc1ccc2cc(C(=O)Oc3ccccc3)ccc2c1,"Polyacrylics, Polyvinyls"
P472061,100977907,0,Ring_opening_polymerization,C[Si]1(CCC1)O[Si](C)(C)CCCOC2=CC=C(C=C2)C(=O)OC3=CC=C(C=C3)C4=CC=C(C=C4)C#N,,*CCC[Si](*)(C)O[Si](C)(C)CCCOc1ccc(C(=O)Oc2ccc(-c3ccc(C#N)cc3)cc2)cc1,Polysiloxanes/silanes
P382091,100984094,0,Polycondensation,C1=CSC=C1CCCCCCCCCC(CO)O,,*c1cc(CCCCCCCCCC(O)CO)c(*)s1,Polysulfides
P382181,100995290,0,Polycondensation,C1=CC(=CC=C1[N+](=O)[O-])OC(=O)CCCCCCCCCCCC2=CSC=C2,,*c1cc(CCCCCCCCCCCC(=O)Oc2ccc([N+](=O)[O-])cc2)c(*)s1,Polysulfides
P342082,101003775,0,Addition_polymerization,CC(=C)C(=O)OC1=CC=C(C=C1)C(=O)OC2=CC=C(C=C2)C(=O)C3=CC=CC=C3,,*CC(*)(C)C(=O)Oc1ccc(C(=O)Oc2ccc(C(=O)c3ccccc3)cc2)cc1,"Polyacrylics, Polyvinyls"
P342526,101006549,0,Addition_polymerization,CC(=C)C(=O)OCC1C(C(C(O1)N2C=CC(=O)NC2=O)O)O,,*CC(*)(C)C(=O)OCC1OC(n2ccc(=O)[nH]c2=O)C(O)C1O,"Polyacrylics, Polyvinyls"
P332115,101009152,0,Addition_polymerization,CCCCCCC(COC1=CC=C(C=C1)C2=CC=C(C=C2)OCCCCCCCCCCC#C)F,,*/C=C(/*)CCCCCCCCCCOc1ccc(-c2ccc(OCC(F)CCCCCC)cc2)cc1,Polyvinyls
P430070,101019927,604281,Polycondensation,C1=CC2=C(C=C1C(=O)O)C(=O)N(C2=O)CCCCCCC(=O)O,CC(=O)OC1=CC=C(C=C1)C2=CC=C(C=C2)OC(=O)C,*CCCCCCC(=O)Oc1ccc(-c2ccc(OC(=O)c3ccc4c(c3)C(=O)N(*)C4=O)cc2)cc1,"Polyimides/thioimides, Polyesters/thioesters"
P430076,101019927,71006,Polycondensation,C1=CC2=C(C=C1C(=O)O)C(=O)N(C2=O)CCCCCCC(=O)O,CC(=O)OC1=CC=C(C=C1)OC(=O)C,*CCCCCCC(=O)Oc1ccc(OC(=O)c2ccc3c(c2)C(=O)N(*)C3=O)cc1,"Polyimides/thioimides, Polyesters/thioesters"
P382077,101028655,0,Polycondensation/Polymer_reaction,CCCCC1=C(SC=C1)C2=CC=C(C=C2)C3=C(C=CS3)CCCC,,*c1ccc(-c2sc(-c3cc(CCCC)c(*)s3)cc2CCCC)cc1,Polysulfides
P372528,101035478,0,Addition_polymerization,C[Si]1(O[SiH](O[Si](O1)(C)C)O[Si](C)(C)C=C)C,,*CC[Si](C)(C)O[Si]1(*)O[Si](C)(C)O[Si](C)(C)O1,"Polyoxides/ethers/acetals, Polysiloxanes/silanes"
P432847,101039444,71441290,Polyaddition,C1=CC=C(C=C1)C2=C(SC(=C2C3=CC=CC=C3)C4=CC=C(C=C4)N5C(=O)C=CC5=O)C6=CC=C(C=C6)N7C(=O)C=CC7=O,C1=CC(=CC=C1C2=NC(=C(N=C2C3=CC=C(C=C3)N)C#N)C#N)N,*c1ccc(NC2CC(=O)N(c3ccc(-c4sc(-c5ccc(N6C(=O)CC(Nc7ccc(-c8nc(C#N)c(C#N)nc8*)cc7)C6=O)cc5)c(-c5ccccc5)c4-c4ccccc4)cc3)C2=O)cc1,"Polyimides/thioimides, Polysulfides, Polyimines"
P432774,101039444,102019894,Polyaddition,C1=CC=C(C=C1)C2=C(SC(=C2C3=CC=CC=C3)C4=CC=C(C=C4)N5C(=O)C=CC5=O)C6=CC=C(C=C6)N7C(=O)C=CC7=O,C1=CC(=CC=C1C=CC2=S=C(C=C2)C3=NC(=C(N3)C4=CC=C(C=C4)N)C5=CC=C(C=C5)N)[N+](=O)[O-],*c1ccc(NC2CC(=O)N(c3ccc(-c4sc(-c5ccc(N6C(=O)CC(Nc7ccc(-c8nc(-c9ccc(/C=C/c%10ccc([N+](=O)[O-])cc%10)s9)[nH]c8*)cc7)C6=O)cc5)c(-c5ccccc5)c4-c4ccccc4)cc3)C2=O)cc1,"Polyimides/thioimides, Polysulfides, Polyimines"
P070145,101045990,174,Polycondensation,CC(CCCC(=O)O)OC1=CC=C(C=C1)C(=O)O,C(CO)O,*CCCCCC(=O)OCCOC(=O)c1ccc(O*)cc1,"Polyoxides/ethers/acetals, Polyesters/thioesters"
P150051,101046158,6371,Polycondensation,C1=CC(=CC(=C1)O)C(C(C(C2=CC(=CC=C2)O)(F)F)(F)F)(F)F,C(=O)(Cl)Cl,*Oc1cccc(C(F)(F)C(F)(F)C(F)(F)c2cccc(OC(*)=O)c2)c1,Polycarbonates/thiocarbonates
P070390,101046159,0,Polycondensation,C1=CC=C(C=C1)C2=C(C(=CC=C2)C3=CC=CC4=CC=CC=C43)O,,*Oc1c(-c2ccccc2)cc(*)cc1-c1cccc2ccccc12,Polyoxides/ethers/acetals
P382204,101047281,0,Polycondensation,C1=CC=C(C=C1)N(C2=CC=C(C=C2)C=CC3=CC=C(S3)C=O)C4=CC=C(C=C4)N(C5=CC=CC=C5)C6=CC=C(C=C6)C=CC7=CC=C(S7)C=O,,*/C=C(\C#N)C(=O)Nc1cc(-c2ccc(O)c(NC(=O)/C(C#N)=C/c3ccc(/C=C/c4ccc(N(c5ccccc5)c5ccc(N(c6ccccc6)c6ccc(/C=C/c7ccc(*)s7)cc6)cc5)cc4)s3)c2)ccc1O,"Polysulfides, Polyamides/thioamides, Polyimines"
P330135,101051364,0,Addition_polymerization,CCCCOC(=O)CNC(=O)OCCCCC#CC#CC1=CN=CN=C1,,*C#C/C(CCCCOC(=O)NCC(=O)OCCCC)=C(/*)c1cncnc1,Polyvinyls
P430208,101052142,41206,Polyaddition/Polymer_reaction,C1=CC(=CC2=C1C=CC(=C2)C3=CC4=C(C=C3)C(=O)OC4=O)C5=CC6=C(C=C5)C(=O)OC6=O,CC1=CC(=CC(=C1N)C)C2=CC(=C(C(=C2)C)N)C,*c1c(C)cc(-c2cc(C)c(N3C(=O)c4ccc(Oc5ccc6ccc(Oc7ccc8c(c7)C(=O)N(*)C8=O)cc6c5)cc4C3=O)c(C)c2)cc1C,"Polyimides/thioimides, Polyoxides/ethers/acetals"
P070313,101052161,20283168,Polycondensation,CN1[Si](O[Si](O[Si](O[Si]1(C)C)(C)C)(C)C)(C)C,C[Si](C)(C1=CC=C(C=C1)OC2=CC=C(C=C2)[Si](C)(C)O)O,*O[Si](C)(C)O[Si](C)(C)O[Si](C)(C)O[Si](C)(C)O[Si](C)(C)c1ccc(Oc2ccc([Si](*)(C)C)cc2)cc1,"Polyoxides/ethers/acetals, Polysiloxanes/silanes"
P432964,101052367,1775,Polycondensation,C1=CC(=CC=C1C2=CC3=C(C=C2C(=O)Cl)C(=O)NC3=O)OC4=CC=C(C=C4)C5=CC6=C(C=C5C(=O)Cl)C(=O)NC6=O,C1=CC=C(C=C1)C2(C(=O)NC(=O)N2)C3=CC=CC=C3,*C(=O)N1C(=O)N(C(=O)c2ccc3c(c2)C(=O)N(c2ccc(Oc4ccc(N5C(=O)c6ccc(*)cc6C5=O)cc4)cc2)C3=O)C(c2ccccc2)(c2ccccc2)C1=O,"Polyimides/thioimides, Polyureas/thioureas, Polyoxides/ethers/acetals, Polyketones/thioketones"
P432366,101052369,16043,Polycondensation,C1=CC(=CC=C1C2=CC3=C(C=C2C(=O)Cl)C(=O)NC3=O)S(=O)(=O)C4=CC=C(C=C4)C5=CC6=C(C=C5C(=O)Cl)C(=O)NC6=O,CC(C)(C)C1=C(C=CC(=C1)O)O,*C(=O)Oc1ccc(OC(=O)c2ccc3c(c2)C(=O)N(c2ccc(S(=O)(=O)c4ccc(N5C(=O)c6ccc(*)cc6C5=O)cc4)cc2)C3=O)c(C(C)(C)C)c1,"Polyimides/thioimides, Polyesters/thioesters, Polysulfones/sulfoxides/sufonates/sulfoamides"
P130048,101052369,7935,Polycondensation,C1=CC(=CC=C1C2=CC3=C(C=C2C(=O)Cl)C(=O)NC3=O)S(=O)(=O)C4=CC=C(C=C4)C5=CC6=C(C=C5C(=O)Cl)C(=O)NC6=O,C1=CC(=CC(=C1)N)N,*C(=O)Nc1cccc(NC(=O)c2ccc3c(c2)C(=O)N(c2ccc(S(=O)(=O)c4ccc(N5C(=O)c6ccc(*)cc6C5=O)cc4)cc2)C3=O)c1,"Polyimides/thioimides, Polyamides/thioamides, Polysulfones/sulfoxides/sufonates/sulfoamides"
P370017,101052370,15660,Polycondensation,C1CC(C2CCC(C1O2)OC(=O)Cl)OC(=O)Cl,C1CC(CCC1CC2CCC(CC2)N)N,*OC(=O)NC1CCC(CC2CCC(NC(=O)OC3CC4CC(*)CC(C3)O4)CC2)CC1,"Polyoxides/ethers/acetals, Polyurethanes/thiourethanes"
P130016,101052461,257659,Polycondensation,C1=CC=C(C=C1)C(=O)C(=O)C2=CC=C(C=C2)N3C(=O)C4=CC5=C(C=C4C3=O)C(=O)N(C5=O)C6=CC=C(C=C6)C(=O)C(=O)C7=CC=CC=C7,C1=CC(=C(C=C1S(=O)(=O)C2=CC(=C(C=C2)N)N)N)N,*c1ccc(-c2nc3cc(S(=O)(=O)c4ccc5nc(-c6ccccc6)c(-c6ccc(-n7c(=O)c8cc9c(=O)n(*)c(=O)c9cc8c7=O)cc6)nc5c4)ccc3nc2-c2ccccc2)cc1,"Polyimides/thioimides, Polyimines, Polysulfones/sulfoxides/sufonates/sulfoamides"
P370020,101052465,13739,Polycondensation,C1CC(C2CCC(C1O2)OC(=O)OC3=CC=CC=C3)OC(=O)OC4=CC=CC=C4,C1=CC(=CC=C1C(=O)OCCO)C(=O)OCCO,*OC(=O)OCCOC(=O)c1ccc(C(=O)OCCOC(=O)OC2CC3CC(*)CC(C2)O3)cc1,"Polyoxides/ethers/acetals, Polyesters/thioesters, Polycarbonates/thiocarbonates"
P080096,101052605,14491,Polyaddition,C1CC(CCC1OC(=O)N2CC2)OC(=O)N3CC3,C(CCCS)CCS,*OC1CCC(OC(=O)NCCSCCCCCCSCCNC(*)=O)CC1,"Polysulfides, Polyurethanes/thiourethanes"
P470008,101052735,0,Ring_opening_polymerization,CC1=CC=C(C=C1)CC[Si]2(O[Si](O[Si](O[Si](O2)(C)C)(C)C)(C)C)C,,*O[Si](C)(C)O[Si](C)(C)O[Si](C)(C)O[Si](*)(C)CCc1ccc(C)cc1,Polysiloxanes/silanes
P470007,101052736,0,Ring_opening_polymerization,C[Si]1(O[Si](O[Si](O[Si](O1)(C)C)(C)CCC2=CC=C(C=C2)Cl)(C)C)C,,*O[Si](C)(C)O[Si](C)(C)O[Si](C)(C)O[Si](*)(C)CCc1ccc(Cl)cc1,Polysiloxanes/silanes
P074567,101055063,0,Polycondensation,C1=CC=C(C=C1)C2=C(C(=CC=C2)C3=CC=CC(=C3O)C4=CC=CC=C4)C5=CC=CC=C5,,*Oc1c(-c2ccccc2)cc(*)cc1-c1cccc(-c2ccccc2)c1-c1ccccc1,Polyoxides/ethers/acetals
P070388,101055064,0,Polycondensation,C1=CC=C(C=C1)C2=C(C(=CC=C2)C3=CC=CC=C3C4=CC=CC=C4)O,,*Oc1c(-c2ccccc2)cc(*)cc1-c1ccccc1-c1ccccc1,Polyoxides/ethers/acetals
P450020,101055466,6371,Polycondensation,C1CC2CC1C3C2C4CC3CC4(C5=CC=C(C=C5)O)C6=CC=C(C=C6)O,C(=O)(Cl)Cl,*Oc1ccc(C2(c3ccc(OC(*)=O)cc3)CC3CC2C2C4CCC(C4)C32)cc1,Polycarbonates/thiocarbonates
P100795,101055690,66072,Polycondensation,C1=CC2=C(C=C1N)N=C(O2)CCCCCCC3=NC4=C(O3)C=CC(=C4)N,C(CCCCC(=O)Cl)CCCC(=O)Cl,*CCCCCCc1nc2cc(NC(=O)CCCCCCCCC(=O)Nc3ccc4oc(*)nc4c3)ccc2o1,"Polyoxides/ethers/acetals, Polyamides/thioamides, Polyimines"
P432621,101055910,7597,Polycondensation,C1=CC2=C(C=C1C3=CC4=C(C=C3)C(=O)N(C4=O)CCCCCO)C(=O)N(C2=O)CCCCCO,C1=CC=C(C=C1)OC(=O)OC2=CC=CC=C2,*CCCCCOC(=O)OCCCCCN1C(=O)c2ccc(-c3ccc4c(c3)C(=O)N(*)C4=O)cc2C1=O,"Polyimides/thioimides, Polycarbonates/thiocarbonates"
P100635,101055911,101056016,Polycondensation,C1=CC=C2C(=C1)C(=O)NC2(C3=CC=C(C=C3)N)C4=CC=C(C=C4)N,C1C2=CC=CC=C2C(O1)(C3=CC=C(C=C3)C(=O)Cl)C4=CC=C(C=C4)C(=O)Cl,*c1ccc(NC(=O)c2ccc(C3(c4ccc(C(=O)Nc5ccc(C6(*)NC(=O)c7ccccc76)cc5)cc4)OC(=O)c4ccccc43)cc2)cc1,"Polyesters/thioesters, Polyamides/thioamides"
P432266,101055925,101692621,Polycondensation,C1=CC=C2C(=C1)C(=O)N(C2=O)C3=CC(=C(C=C3)C(=O)Cl)C(=O)Cl,C1=CC=C(C=C1)C2=NC3=C(C=C(C=C3)OC4=CC=C(C=C4)N)N=C2C5=CC=C(C=C5)N6C(=O)C7=C8C(=CC=C9C8=C(C=C7)C(=O)N(C9=O)C1=CC=C(C=C1)C1=NC2=C(C=CC(=C2)OC2=CC=C(C=C2)N)N=C1C1=CC=CC=C1)C6=O,*c1ccc(-c2nc3cc(Oc4ccc(NC(=O)c5cc(C(=O)Nc6ccc(Oc7ccc8nc(-c9ccccc9)c(-c9ccc(-n%10c(=O)c%11ccc%12c(=O)n(*)c(=O)c%13ccc(c%10=O)c%11c%12%13)cc9)nc8c7)cc6)cc(N6C(=O)c7ccccc7C6=O)c5)cc4)ccc3nc2-c2ccccc2)cc1,"Polyimides/thioimides, Polyoxides/ethers/acetals, Polyamides/thioamides, Polyimines"
P090523,101055958,136181,Polycondensation,C(C(CC(=O)Cl)C(C(C(F)(F)F)(F)F)(F)F)C(=O)Cl,C(C(C(C(C(CO)(F)F)(F)F)(F)F)(F)F)O,*CC(F)(F)C(F)(F)C(F)(F)C(F)(F)COC(=O)CC(CC(=O)O*)C(F)(F)C(F)(F)C(F)(F)F,Polyesters/thioesters
P100033,101055983,14474483,Polycondensation,CCCCNCC(C(C(CNCCCC)(F)F)(F)F)(F)F,C(CCC(=O)Cl)CC(=O)O,*CC(F)(F)C(F)(F)C(F)(F)CN(CCCC)C(=O)CCCCC(=O)N(*)CCCC,Polyamides/thioamides
P090330,101055993,12374,Polycondensation,CCCCOC(=O)C1=CC=C(C=C1)C(=O)NCCCNC(=O)C2=CC=C(C=C2)C(=O)OCCCC,C(CCCO)CCO,*CCCCCCOC(=O)c1ccc(C(=O)NCCCNC(=O)c2ccc(C(=O)O*)cc2)cc1,"Polyesters/thioesters, Polyamides/thioamides"
P100145,101055996,14474483,Polycondensation,CC(C)NCC(C(C(CNC(C)C)(F)F)(F)F)(F)F,C(CCC(=O)Cl)CC(=O)O,*CC(F)(F)C(F)(F)C(F)(F)CN(C(=O)CCCCC(=O)N(*)C(C)C)C(C)C,Polyamides/thioamides
P100416,101056051,7488,Polycondensation,CCNC1=CC(=C(C=C1)C2=C(C=C(C=C2)NCC)C)C,C1=CC(=CC=C1C(=O)Cl)C(=O)Cl,*C(=O)c1ccc(C(=O)N(CC)c2ccc(-c3ccc(N(*)CC)cc3C)c(C)c2)cc1,Polyamides/thioamides
P140031,101056104,0,Polycondensation,C1=CC(=CC=C1O)OC(C(C(OC2=CC=C(C=C2)O)(F)F)(F)F)(F)F,,*OC(=O)c1ccc(C(F)(F)C(F)(F)C(F)(F)c2ccc(C(*)=O)cc2)cc1,Polyanhydrides/thioanhydrides
P090284,101056239,174,Polycondensation,CCOC(=O)SC1=CC(=CC=C1)SC(=O)OCC,C(CO)O,*CCOC(=S)c1cccc(C(=S)O*)c1,Polyesters/thioesters
P332022,101069421,0,Addition_polymerization,CCCCCCSC#CC,,*/C(C)=C(/*)SCCCCCC,Polyvinyls
P372622,101072167,0,Ring_opening_polymerization,CC1(OC2C3C(COC(=O)O3)OC2O1)C,,*COC(=O)OC1C(*)OC2OC(C)(C)OC21,"Polyoxides/ethers/acetals, Polycarbonates/thiocarbonates"
P412164,101097910,0,Polycondensation,CC(CNC(=O)OCC(C)CNC(=O)OC1=CC=CC=C1)CO,,*CC(C)CNC(=O)O*,Polyurethanes/thiourethanes
P372823,101105138,101039158,Polycondensation,CCCCCCC1(C2=C(C=CC(=C2)C=CC3=CC=C(C=C3)O)C4=C1C=C(C=C4)C=CC5=CC=C(C=C5)O)CCCCCC,C1=CC(=CC=C1C2=CC=C(C=C2)C3=CC(=C(C=C3)F)C(F)(F)F)C4=CC(=C(C=C4)F)C(F)(F)F,*Oc1ccc(-c2ccc(-c3ccc(-c4ccc(Oc5ccc(/C=C/c6ccc7c(c6)C(CCCCCC)(CCCCCC)c6cc(/C=C/c8ccc(*)cc8)ccc6-7)cc5)c(C(F)(F)F)c4)cc3)cc2)cc1C(F)(F)F,Polyoxides/ethers/acetals
P373092,101105639,102082598,Polycondensation,C1=CC(=CC=C1C2=CC=C(C=C2)C3=CC(=C(C=C3)F)C#N)C4=CC(=C(C=C4)F)C#N,CCCCC(CC)CN1C2=C(C=C(C=C2)C=CC3=CC=C(C=C3)O)C4=C1C=CC(=C4)C=CC5=CC=C(C=C5)O,*/C=C/c1ccc(Oc2ccc(-c3ccc(-c4ccc(-c5ccc(Oc6ccc(/C=C/c7ccc8c(c7)c7cc(*)ccc7n8CC(CC)CCCC)cc6)c(C#N)c5)cc4)cc3)cc2C#N)cc1,"Polyoxides/ethers/acetals, Polyimines"
P422050,101105768,61009,Polyaddition,C1=CC(=CC=C1C2=NC(=C(N2)C3=CC=C(C=C3)N)C4=CC=C(C=C4)N)C5=NC(=C(N5)C6=CC=C(C=C6)[N+](=O)[O-])C7=CC=C(C=C7)[N+](=O)[O-],C1=CC(=CC=C1N=C=O)N=C=O,*c1ccc(NC(=O)Nc2ccc(NC(=O)Nc3ccc(-c4nc(-c5ccc(-c6nc(-c7ccc([N+](=O)[O-])cc7)c(-c7ccc([N+](=O)[O-])cc7)[nH]6)cc5)[nH]c4*)cc3)cc2)cc1,"Polyureas/thioureas, Polyimines"
P382342,101108685,0,Polycondensation,C1=CC(=CC=C1C#N)C2=CC=C(C=C2)OCCCCCCCCCCOCC3=CSC=C3,,*c1cc(COCCCCCCCCCCOc2ccc(-c3ccc(C#N)cc3)cc2)c(*)s1,Polysulfides
P452015,101116266,6371,Polycondensation,[2H]C1=C(C(=C(C(=C1C(C2=C(C(=C(C(=C2[2H])[2H])O)[2H])[2H])(C([2H])([2H])[2H])C([2H])([2H])[2H])[2H])[2H])O)[2H],C(=O)(Cl)Cl,*Oc1c([2H])c([2H])c(C(c2c([2H])c([2H])c(OC(*)=O)c([2H])c2[2H])(C([2H])([2H])[2H])C([2H])([2H])[2H])c([2H])c1[2H],Polycarbonates/thiocarbonates
P512065,101137731,11750067,Polycondensation,CCCCCCCCCCCCCCCCOC1=CC(=C(C=C1CC#N)OC)CC#N,CCCCCCCCCCCCCCCCOC1=CC(=C(C=C1C=O)OC)C=O,*/C(C#N)=C/c1cc(OCCCCCCCCCCCCCCCC)c(/C=C(\C#N)c2cc(OCCCCCCCCCCCCCCCC)c(*)cc2OC)cc1OC,Polyphenylenes
P342437,101147879,0,Addition_polymerization,CCN(CCOC(=O)C(=C)C)C1=CC=C(C=C1)N=NC2=CC=C(C=C2)S(=O)(=O)C,,*CC(*)(C)C(=O)OCCN(CC)c1ccc(/N=N/c2ccc(S(C)(=O)=O)cc2)cc1,"Polyacrylics, Polyvinyls"
P342310,101155930,0,Addition_polymerization,C1C2CC(C1C=C2)C(=O)NCC(C(C(C(CO)O)OC3C(C(C(C(O3)CO)O)O)O)O)O,,*C1C2CC(C(=O)NCC(O)C(O)C(OC3OC(CO)C(O)C(O)C3O)C(O)CO)C(C2)C1*,"Polyacrylics, Polyvinyls"
P433087,101157972,12626483,Polycondensation,CC1=CC(=CC(=C1NC(=O)C2=CC3=C(C=C2)C(=O)OC3=O)C)CC4=CC(=C(C(=C4)C)NC(=O)C5=CC6=C(C=C5)C(=O)OC6=O)C,C1=CC(=CC=C1N=NC2=C(C=C(C=C2)N)N)F,*C(=O)Nc1c(C)cc(Cc2cc(C)c(NC(=O)c3ccc4c(c3)C(=O)N(c3ccc(/N=N/c5ccc(F)cc5)c(N5C(=O)c6ccc(*)cc6C5=O)c3)C4=O)c(C)c2)cc1C,"Polyimides/thioimides, Polyamides/thioamides"
P433088,101157972,86025596,Polycondensation,CC1=CC(=CC(=C1NC(=O)C2=CC3=C(C=C2)C(=O)OC3=O)C)CC4=CC(=C(C(=C4)C)NC(=O)C5=CC6=C(C=C5)C(=O)OC6=O)C,C1=CC(=CC=C1N=NC2=C(C=C(C=C2)N)N)OC(F)(F)F,*C(=O)Nc1c(C)cc(Cc2cc(C)c(NC(=O)c3ccc4c(c3)C(=O)N(c3ccc(/N=N/c5ccc(OC(F)(F)F)cc5)c(N5C(=O)c6ccc(*)cc6C5=O)c3)C4=O)c(C)c2)cc1C,"Polyimides/thioimides, Polyamides/thioamides"
P382234,101173788,0,Polycondensation,CS(=O)C1=CC=C(C=C1)NC2=CC=C(C=C2)NC3=CC=C(C=C3)NC4=CC=CC=C4,,*Sc1ccc(Nc2ccc(Nc3ccc(Nc4ccc(*)cc4)cc3)cc2)cc1,"Polysulfides, Polyimines"
P432742,101189080,7579,Polycondensation,C1CC(CCC1C2=CC=CC=C2)(C3=CC=C(C=C3)OC4=CC5=C(C=C4)C(=O)OC5=O)C6=CC=C(C=C6)OC7=CC8=C(C=C7)C(=O)OC8=O,C1=CC(=CC=C1N)OC2=CC=C(C=C2)N,*c1ccc(Oc2ccc(N3C(=O)c4ccc(Oc5ccc(C6(c7ccc(Oc8ccc9c(c8)C(=O)N(*)C9=O)cc7)CCC(c7ccccc7)CC6)cc5)cc4C3=O)cc2)cc1,"Polyimides/thioimides, Polyoxides/ethers/acetals"
P432743,101189080,7814,Polycondensation,C1CC(CCC1C2=CC=CC=C2)(C3=CC=C(C=C3)OC4=CC5=C(C=C4)C(=O)OC5=O)C6=CC=C(C=C6)OC7=CC8=C(C=C7)C(=O)OC8=O,C1=CC(=CC=C1N)N,*c1ccc(N2C(=O)c3ccc(Oc4ccc(C5(c6ccc(Oc7ccc8c(c7)C(=O)N(*)C8=O)cc6)CCC(c6ccccc6)CC5)cc4)cc3C2=O)cc1,"Polyimides/thioimides, Polyoxides/ethers/acetals"
P432736,101189080,101047269,Polycondensation,C1CC(CCC1C2=CC=CC=C2)(C3=CC=C(C=C3)OC4=CC5=C(C=C4)C(=O)OC5=O)C6=CC=C(C=C6)OC7=CC8=C(C=C7)C(=O)OC8=O,CC(C)(C)C1CCC(CC1)(C2=CC=C(C=C2)OC3=CC=C(C=C3)N)C4=CC=C(C=C4)OC5=CC=C(C=C5)N,*c1ccc(Oc2ccc(C3(c4ccc(Oc5ccc(N6C(=O)c7ccc(Oc8ccc(C9(c%10ccc(Oc%11ccc%12c(c%11)C(=O)N(*)C%12=O)cc%10)CCC(c%10ccccc%10)CC9)cc8)cc7C6=O)cc5)cc4)CCC(C(C)(C)C)CC3)cc2)cc1,"Polyimides/thioimides, Polyoxides/ethers/acetals"
P342455,101198870,0,Addition_polymerization,CC(=C)C(=[OH+])OCC[N+](C)(C)CCCCS(=O)(=O)[O-],,*CC(*)(C)C(=O)OCC[N+](C)(C)CCCCS(=O)(=O)O,"Polyacrylics, Polyvinyls"
P372979,101210056,0,Polycondensation,CO[P+](N=NC1=CC=C(C=C1)CO)([O-])OCCCCCCO[P+](N=NC2=CC=C(C=C2)CO)([O-])OC,,*CCCCCCOP(=O)(/N=N/c1ccc(COC(=O)c2cc(C(=O)OCc3ccc(/N=N/P(=O)(O*)OC)cc3)cc(C(C)(C)C)c2)cc1)OC,"Polyoxides/ethers/acetals, Polyesters/thioesters, Polyimines"
P372977,101210057,0,Polycondensation,CO[P+](N=NC1=CC=C(C=C1)CO)([O-])OCCO[P+](N=NC2=CC=C(C=C2)CO)([O-])OC,,*CCOP(=O)(/N=N/c1ccc(COC(=O)c2cc(C(=O)OCc3ccc(/N=N/P(=O)(O*)OC)cc3)cc(C(C)(C)C)c2)cc1)OC,"Polyoxides/ethers/acetals, Polyesters/thioesters, Polyimines, Polyurethanes/thiourethanes"
P432882,101214271,622236,Polyaddition,CC(C)(C)C1=CC=C(C=C1)C2=CC3=C(C=C2C4=CC5=C(C=C4C6=CC=C(C=C6)C(C)(C)C)C(=O)OC5=O)C(=O)OC3=O,C1=CC(=CC=C1C(C2=CC=C(C=C2)N)(C(F)(F)F)C(F)(F)F)N,*c1ccc(C(c2ccc(N3C(=O)c4cc(-c5ccc(C(C)(C)C)cc5)c(-c5cc6c(cc5-c5ccc(C(C)(C)C)cc5)C(=O)N(*)C6=O)cc4C3=O)cc2)(C(F)(F)F)C(F)(F)F)cc1,Polyimides/thioimides
P432880,101214271,7579,Polyaddition,CC(C)(C)C1=CC=C(C=C1)C2=CC3=C(C=C2C4=CC5=C(C=C4C6=CC=C(C=C6)C(C)(C)C)C(=O)OC5=O)C(=O)OC3=O,C1=CC(=CC=C1N)OC2=CC=C(C=C2)N,*c1ccc(Oc2ccc(N3C(=O)c4cc(-c5ccc(C(C)(C)C)cc5)c(-c5cc6c(cc5-c5ccc(C(C)(C)C)cc5)C(=O)N(*)C6=O)cc4C3=O)cc2)cc1,"Polyimides/thioimides, Polyoxides/ethers/acetals"
P432885,101214272,622236,Polyaddition,C[Si](C)(C)C1=CC=C(C=C1)C2=CC3=C(C=C2C4=CC5=C(C=C4C6=CC=C(C=C6)[Si](C)(C)C)C(=O)OC5=O)C(=O)OC3=O,C1=CC(=CC=C1C(C2=CC=C(C=C2)N)(C(F)(F)F)C(F)(F)F)N,*c1ccc(C(c2ccc(N3C(=O)c4cc(-c5ccc([Si](C)(C)C)cc5)c(-c5cc6c(cc5-c5ccc([Si](C)(C)C)cc5)C(=O)N(*)C6=O)cc4C3=O)cc2)(C(F)(F)F)C(F)(F)F)cc1,Polyimides/thioimides
P432897,101216310,7579,Polycondensation,C1CCCCCC(CCCCC1)(C2=CC=C(C=C2)OC3=CC4=C(C=C3)C(=O)OC4=O)C5=CC=C(C=C5)OC6=CC7=C(C=C6)C(=O)OC7=O,C1=CC(=CC=C1N)OC2=CC=C(C=C2)N,*c1ccc(Oc2ccc(N3C(=O)c4ccc(Oc5ccc(C6(c7ccc(Oc8ccc9c(c8)C(=O)N(*)C9=O)cc7)CCCCCCCCCCC6)cc5)cc4C3=O)cc2)cc1,"Polyimides/thioimides, Polyoxides/ethers/acetals"
P432895,101216310,7577,Polycondensation,C1CCCCCC(CCCCC1)(C2=CC=C(C=C2)OC3=CC4=C(C=C3)C(=O)OC4=O)C5=CC=C(C=C5)OC6=CC7=C(C=C6)C(=O)OC7=O,C1=CC(=CC=C1CC2=CC=C(C=C2)N)N,*c1ccc(Cc2ccc(N3C(=O)c4ccc(Oc5ccc(C6(c7ccc(Oc8ccc9c(c8)C(=O)N(*)C9=O)cc7)CCCCCCCCCCC6)cc5)cc4C3=O)cc2)cc1,"Polyimides/thioimides, Polyoxides/ethers/acetals"
P432894,101216310,11069315,Polycondensation,C1CCCCCC(CCCCC1)(C2=CC=C(C=C2)OC3=CC4=C(C=C3)C(=O)OC4=O)C5=CC=C(C=C5)OC6=CC7=C(C=C6)C(=O)OC7=O,CC1=C(C=CC(=C1)OC2=CC=C(C=C2)N)C3=C(C=C(C=C3)OC4=CC=C(C=C4)N)C,*c1ccc(Oc2ccc(-c3ccc(Oc4ccc(N5C(=O)c6ccc(Oc7ccc(C8(c9ccc(Oc%10ccc%11c(c%10)C(=O)N(*)C%11=O)cc9)CCCCCCCCCCC8)cc7)cc6C5=O)cc4)cc3C)c(C)c2)cc1,"Polyimides/thioimides, Polyoxides/ethers/acetals"
P373003,101220639,0,Polycondensation,C1COC2=C(SC=C2O1)C3=CC=C(S3(=O)=O)C4=C5C(=CS4)OCCO5,,*C1=CC=C(c2sc(-c3sc(*)c4c3OCCO4)c3c2OCCO3)S1(=O)=O,"Polyoxides/ethers/acetals, Polysulfides, Polysulfones/sulfoxides/sufonates/sulfoamides"
P373006,101220642,0,Polycondensation,C1COC2=C(S(=O)(=O)C(=C2O1)C3=CC=CS3)C4=CC=CS4,,*C1=C2OCCOC2=C(c2ccc(-c3ccc(*)s3)s2)S1(=O)=O,"Polyoxides/ethers/acetals, Polysulfides, Polysulfones/sulfoxides/sufonates/sulfoamides"
P342343,101260761,0,Addition_polymerization,CCOC1=CC=C(C=C1)C(=O)OC2=CC=C(C=C2)OC(=O)CCCCCOC(=O)C(=C)C,,*CC(*)(C)C(=O)OCCCCCC(=O)Oc1ccc(OC(=O)c2ccc(OCC)cc2)cc1,"Polyacrylics, Polyvinyls"
P512121,101344641,0,Polycondensation,CCCCC(CC)COC1=C(C2=CC=CC=C2C=C1)C3=C(C=CC(=C3)CCl)CCl,,*/C=C/c1ccc(*)c(-c2c(OCC(CC)CCCC)ccc3ccccc23)c1,Polyphenylenes
P462375,101353463,0,Polycondensation,CCOC(=O)C(C)OC(=O)CCN1C=CC=C1,,*c1ccc(*)n1CCC(=O)OC(C)C(=O)OCC,Polyimines
P373023,101354023,0,Polycondensation,COCCOCCOC1=C(SC=C1)C2=C3C(=C(S2)Br)OCCO3,,*c1cc(OCCOCCOC)c(-c2sc(*)c3c2OCCO3)s1,"Polyoxides/ethers/acetals, Polysulfides"
P373043,101355788,0,Polycondensation,C1COC2=C(SC=C2O1)C3=CC4=C(S3)C5=C(C4=O)C=C(S5)C6=C7C(=CS6)OCCO7,,*c1cc2c(s1)-c1sc(-c3sc(-c4sc(*)c5c4OCCO5)c4c3OCCO4)cc1C2=O,"Polyoxides/ethers/acetals, Polysulfides, Polyketones/thioketones"
P373306,101370626,24260,Polycondensation,C1=CC(=CC=C1C(=O)Cl)OCCOCCOCCOCCOCCOC2=CC=C(C=C2)C(=O)Cl,C1=CC(=CC=C1C2=NC3=C(N2)C=C(C=C3)N)N,*c1ccc(NC(=O)c2ccc(OCCOCCOCCOCCOCCOc3ccc(C(=O)Nc4ccc5[nH]c(*)nc5c4)cc3)cc2)cc1,"Polyoxides/ethers/acetals, Polyamides/thioamides, Polyimines"
P373311,101370626,46281,Polycondensation,C1=CC(=CC=C1C(=O)Cl)OCCOCCOCCOCCOCCOC2=CC=C(C=C2)C(=O)Cl,C1=CC(=CC(=C1)N)C2=NC3=C(N2)C=C(C=C3)N,*c1cccc(NC(=O)c2ccc(OCCOCCOCCOCCOCCOc3ccc(C(=O)Nc4ccc5[nH]c(*)nc5c4)cc3)cc2)c1,"Polyoxides/ethers/acetals, Polyamides/thioamides, Polyimines"
P373446,101374758,0,Polycondensation,COC1=C(C=CC(=C1)C=C2CCC(=CC3=CC(=C(C=C3)OCCCCO)OC)C2=O)OCCCCO,,*CCCCOc1ccc(/C=C2\CC/C(=C\c3ccc(OCCCCOP(=O)(O*)OCC)c(OC)c3)C2=O)cc1OC,"Polyoxides/ethers/acetals, Polyketones/thioketones"
P373449,101374760,74190,Polycondensation,COC1=C(C=CC(=C1)C=C2CCC(=CC3=CC(=C(C=C3)OCCCCCCCCCCO)OC)C2=O)OCCCCCCCCCCO,CCOP(=O)(O)O,*CCCCCCCCCCOc1ccc(/C=C2\CC/C(=C\c3ccc(OCCCCCCCCCCOP(=O)(O*)OCC)c(OC)c3)C2=O)cc1OC,"Polyoxides/ethers/acetals, Polyketones/thioketones"
P462387,101402433,68706351,Polycondensation,C1=CC=C(C=C1)C2=CC(=NC3=C2C=C(C=C3)Br)C4=CC(=CC=C4)C5=NC6=C(C=C(C=C6)Br)C(=C5)C7=CC=CC=C7,B(C1=CC(=C(C=C1OCCCCCCCCCCCC)B(O)O)OCCCCCCCCCCCC)(O)O,*c1ccc2nc(-c3cccc(-c4cc(-c5ccccc5)c5cc(-c6cc(OCCCCCCCCCCCC)c(*)cc6OCCCCCCCCCCCC)ccc5n4)c3)cc(-c3ccccc3)c2c1,Polyimines
P342495,101421030,0,Addition_polymerization,CC(=C)C(=O)OCC1=C(C=CC=C1Cl)Cl,,*CC(*)(C)C(=O)OCc1c(Cl)cccc1Cl,"Polyacrylics, Polyvinyls"
P462341,101430159,87642950,Polycondensation,CCCCC(CC)CN1C2=C(C=CC(=C2)C[P+]([O-])(OCC)OCC)C3=C1C=C(C=C3)C[P+]([O-])(OCC)OCC,CCCCC(CC)COC1=CC=C(C=C1)N(C2=CC=C(C=C2)C=O)C3=CC=C(C=C3)C=O,*/C=C/c1ccc(N(c2ccc(/C=C/c3ccc4c5ccc(*)cc5n(CC(CC)CCCC)c4c3)cc2)c2ccc(OCC(CC)CCCC)cc2)cc1,Polyimines
P392554,101431720,0,Polycondensation,CC1=CC(=C(C=C1)C(=O)OC2=CC=CC=C2)C(=O)OC3=CC=CC=C3,,*OC(COC(=O)c1ccc(C)cc1C(*)=O)COc1ccc(/N=N/c2ccc(C#N)cc2)cc1,Polyesters/thioesters
P392561,101431721,0,Polycondensation,COC1=C(C=CC(=C1)C(=O)OC2=CC=CC=C2)C(=O)OC3=CC=CC=C3,,*OC(COC(=O)c1ccc(C(*)=O)c(OC)c1)COc1ccc(/N=N/c2ccc(C#N)cc2)cc1,Polyesters/thioesters
P462466,101438902,0,Ring_opening_polymerization,C1COC(=N1)C2=C(C=C(C=C2)F)F,,*CCN(*)C(=O)c1ccc(F)cc1F,Polyimines
P462454,101460012,0,Polycondensation,CCCCCCCCCCCCCCCCN1C2=C(C=C(C=C2C3=CC(=CC(=C31)C#C)C(C)(C)C)C(C)(C)C)C#C,,*C#CC#Cc1cc(C(C)(C)C)cc2c3cc(C(C)(C)C)cc(*)c3n(CCCCCCCCCCCCCCCC)c12,Polyimines
P342541,101468201,0,Addition_polymerization,CC(=C)C(=O)OCCCCCCCCCCOC1=CC=C(C=C1)C#CC2=C(C=C(C(=C2)OC)C=CC3=CC=NC=C3)OC,,*CC(*)(C)C(=O)OCCCCCCCCCCOc1ccc(C#Cc2cc(OC)c(/C=C/c3ccncc3)cc2OC)cc1,"Polyacrylics, Polyvinyls"
P342541,101468201,0,Addition_polymerization/Polymer_reaction,CC(=C)C(=O)OCCCCCCCCCCOC1=CC=C(C=C1)C#CC2=C(C=C(C(=C2)OC)C=CC3=CC=NC=C3)OC,,*CC(*)(C)C(=O)OCCCCCCCCCCOc1ccc(C#Cc2cc(OC)c(/C=C/c3ccncc3)cc2OC)cc1,"Polyacrylics, Polyvinyls"
P382397,101472899,0,Addition_polymerization,CCCCN1C2=C(C=C(C=C2)N=CC3=CC=CS3)C4=C1C=CC(=C4)N=CC5=CC=CS5,,*/N=C/c1ccc(-c2ccc(/C=N/c3ccc4c(c3)c3cc(*)ccc3n4CCCC)s2)s1,"Polysulfides, Polyimines"
P382396,101472900,0,Addition_polymerization,CCN1C2=C(C=C(C=C2)N=CC3=CC=CS3)C4=C1C=CC(=C4)N=CC5=CC=CS5,,*/N=C/c1ccc(-c2ccc(/C=N/c3ccc4c(c3)c3cc(*)ccc3n4CC)s2)s1,"Polysulfides, Polyimines"
P382398,101472901,0,Addition_polymerization,CCCCCCN1C2=C(C=C(C=C2)N=CC3=CC=CS3)C4=C1C=CC(=C4)N=CC5=CC=CS5,,*/N=C/c1ccc(-c2ccc(/C=N/c3ccc4c(c3)c3cc(*)ccc3n4CCCCCC)s2)s1,"Polysulfides, Polyimines"
P462447,101479642,0,Ring_opening_polymerization,C1COC(=N1)CC2=CC=C(C=C2)C(F)(F)F,,*CCN(*)C(=O)Cc1ccc(C(F)(F)F)cc1,Polyimines
P433037,101490691,85779837,Polycondensation,C1=CC=C(C=C1)P(=O)(C2=CC=CC(=C2)N3C(=O)C4=C(C3=O)C=C(C=C4)C(=O)O)C5=CC=CC(=C5)N6C(=O)C7=C(C6=O)C=C(C=C7)C(=O)O,C1=CC=C(C=C1)C2=CC(=NC(=C2)C3=CC=C(C=C3)N)C4=CC=C(C=C4)N,*C(=O)Nc1ccc(-c2cc(-c3ccccc3)cc(-c3ccc(NC(=O)c4ccc5c(c4)C(=O)N(c4cccc(P(=O)(c6ccccc6)c6cccc(N7C(=O)c8ccc(*)cc8C7=O)c6)c4)C5=O)cc3)n2)cc1,"Polyimides/thioimides, Polyamides/thioamides, Polyimines"
P472331,101496277,0,Polycondensation,CO[Si](OC)(O[Si](C1=CC=CC=C1)(O)O)O[Si](C2=CC=CC=C2)(O)O,,*O[SiH](O[Si](c1ccccc1)(O*)*)*[SiH](*1=CC=CC=C1)O*,Polysiloxanes/silanes
P382423,101515453,0,Polycondensation,CC1=CC(=C(C=C1C2=CSC=C2)C)C3=CSC=C3,,*c1csc(-c2cc(-c3cc(C)c(*)cc3C)cs2)c1,Polysulfides
P462536,101536123,0,Polycondensation,C1=CC(=CC=C1N(C2=CC=C(C=C2)Br)C3=CC(=CC(=C3)C(F)(F)F)C(F)(F)F)Br,,*c1ccc(-c2ccc(N(*)c3cc(C(F)(F)F)cc(C(F)(F)F)c3)cc2)cc1,Polyimines
P433660,101538529,101584336,Polycondensation,C1=CC=NC(=C1)C2=NN=C(O2)C3=CC(=CC(=C3)N)N,C1=CC=NC(=C1)C2=NN=C(O2)C3=CC(=CC(=C3)N4C(=O)C5=C(C4=O)C=C(C=C5)C(=O)O)N6C(=O)C7=C(C6=O)C=C(C=C7)C(=O)O,*C(=O)Nc1cc(NC(=O)c2ccc3c(c2)C(=O)N(c2cc(-c4nnc(-c5ccccn5)o4)cc(N4C(=O)c5ccc(*)cc5C4=O)c2)C3=O)cc(-c2nnc(-c3ccccn3)o2)c1,"Polyimides/thioimides, Polyamides/thioamides"
P340116,101622212,0,Addition_polymerization,CC12CC3CC(C1)(CC(C3)(C2)OC(=O)CC(=C)C(=O)OC)C,,*CC(*)(CC(=O)OC)C(=O)OC12CC3CC(C)(CC(C)(C3)C1)C2,"Polyacrylics, Polyvinyls"
P340117,101622213,0,Addition_polymerization,CC(C)OC(=O)C(=C)CC(=O)OC12CC3CC(C1)CC(C3)C2,,*CC(*)(CC(=O)OC(C)C)C(=O)OC12CC3CC(CC(C3)C1)C2,"Polyacrylics, Polyvinyls"
P432121,101678210,102446150,Polycondensation,C1=CC=C(C=C1)OC(=O)OCCCCCCCCCCCCOC(=O)OC2=CC=CC=C2,C1=C2C(=CC3=C1C(=O)N(C3=O)CCCCCCO)C(=O)N(C2=O)CCCCCCO,*CCCCCCOC(=O)OCCCCCCCCCCCCOC(=O)OCCCCCCn1c(=O)c2cc3c(=O)n(*)c(=O)c3cc2c1=O,"Polyimides/thioimides, Polycarbonates/thiocarbonates"
P430356,101681828,8172,Polycondensation,CCOC(=O)C1=CC=C(C=C1)N2C(=O)C3=C(C2=O)C=C(C=C3)C(=O)OCC,C(COCCOCCO)O,*C(=O)OCCOCCOCCOC(=O)c1ccc(N2C(=O)c3ccc(*)cc3C2=O)cc1,"Polyimides/thioimides, Polyoxides/ethers/acetals, Polyesters/thioesters"
P430091,101682052,102062167,Polycondensation,C1=CC(=CC=C1C2=NC3=C(C=C(C=C3)OC4=CC=C(C=C4)N)N=C2C5=CC=C(C=C5)OC6=CC=C(C=C6)C7=NC8=C(C=CC(=C8)OC9=CC=C(C=C9)N)N=C7C1=CC=C(C=C1)[N+](=O)[O-])[N+](=O)O,C1=CC(=CC=C1C(C2=CC=C(C=C2)N3C(=O)C4=C(C3=O)C=C(C=C4)C(=O)Cl)(C(F)(F)F)C(F)(F)F)N5C(=O)C6=C(C5=O)C=C(C=C6)C(=O)Cl,*c1ccc(Oc2ccc(-c3nc4cc(Oc5ccc(NC(=O)c6ccc7c(c6)C(=O)N(c6ccc(C(c8ccc(N9C(=O)c%10ccc(C(=O)Nc%11ccc(Oc%12ccc%13nc(-c%14ccc([N+](=O)[O-])cc%14)c(*)nc%13c%12)cc%11)cc%10C9=O)cc8)(C(F)(F)F)C(F)(F)F)cc6)C7=O)cc5)ccc4nc3-c3ccc([N+](=O)[O-])cc3)cc2)cc1,"Polyimides/thioimides, Polyoxides/ethers/acetals, Polyamides/thioamides, Polyimines"
P320049,101689010,0,Addition_polymerization,CC(=O)OC1=CC=C(C=C1)C(=C)OC(=O)C,,*CC(*)(OC(C)=O)c1ccc(OC(C)=O)cc1,"Polystyrenes, Polyvinyls"
P370553,101692623,101129119,Polycondensation,C1=C(C=C(C=C1C(=O)Cl)N2C(=O)C3=C(C2=O)C(=C(C(=C3Cl)Cl)Cl)Cl)C(=O)Cl,C1=CC=C(C=C1)C2=NC3=C(C=CC(=C3)OC4=CC=C(C=C4)N)N=C2C5=CC=C(C=C5)OC6=CC=C(C=C6)C7=NC8=C(C=C(C=C8)OC9=CC=C(C=C9)N)N=C7C1=CC=CC=C1,*c1ccc(Oc2ccc(-c3nc4cc(Oc5ccc(NC(=O)c6cc(C(=O)Nc7ccc(Oc8ccc9nc(-c%10ccccc%10)c(*)nc9c8)cc7)cc(N7C(=O)c8c(Cl)c(Cl)c(Cl)c(Cl)c8C7=O)c6)cc5)ccc4nc3-c3ccccc3)cc2)cc1,"Polyoxides/ethers/acetals, Polyamides/thioamides, Polyimines"
P370554,101692623,101682052,Polycondensation,C1=C(C=C(C=C1C(=O)Cl)N2C(=O)C3=C(C2=O)C(=C(C(=C3Cl)Cl)Cl)Cl)C(=O)Cl,C1=CC(=CC=C1C2=NC3=C(C=C(C=C3)OC4=CC=C(C=C4)N)N=C2C5=CC=C(C=C5)OC6=CC=C(C=C6)C7=NC8=C(C=CC(=C8)OC9=CC=C(C=C9)N)N=C7C1=CC=C(C=C1)[N+](=O)[O-])[N+](=O)O,*c1ccc(Oc2ccc(-c3nc4cc(Oc5ccc(NC(=O)c6cc(C(=O)Nc7ccc(Oc8ccc9nc(-c%10ccc([N+](=O)[O-])cc%10)c(*)nc9c8)cc7)cc(N7C(=O)c8c(Cl)c(Cl)c(Cl)c(Cl)c8C7=O)c6)cc5)ccc4nc3-c3ccc([N+](=O)[O-])cc3)cc2)cc1,"Polyoxides/ethers/acetals, Polyamides/thioamides, Polyimines"
P372287,101692623,25689,Polycondensation,C1=C(C=C(C=C1C(=O)Cl)N2C(=O)C3=C(C2=O)C(=C(C(=C3Cl)Cl)Cl)Cl)C(=O)Cl,C1=CC(=CC=C1N)OC2=CC=C(C=C2)S(=O)(=O)C3=CC=C(C=C3)OC4=CC=C(C=C4)N,*Oc1ccc(S(=O)(=O)c2ccc(Oc3ccc(NC(=O)c4cc(C(=O)Nc5ccc(*)cc5)cc(N5C(=O)c6c(Cl)c(Cl)c(Cl)c(Cl)c6C5=O)c4)cc3)cc2)cc1,"Polyoxides/ethers/acetals, Polyamides/thioamides, Polysulfones/sulfoxides/sufonates/sulfoamides"
P372289,101692623,3106722,Polycondensation,C1=C(C=C(C=C1C(=O)Cl)N2C(=O)C3=C(C2=O)C(=C(C(=C3Cl)Cl)Cl)Cl)C(=O)Cl,C1=CC=C(C=C1)C2=NC3=C(C=C(C=C3)OC4=CC=C(C=C4)N)N=C2C5=CC=C(C=C5)C6=NC7=C(C=CC(=C7)OC8=CC=C(C=C8)N)N=C6C9=CC=CC=C9,*c1ccc(-c2nc3cc(Oc4ccc(NC(=O)c5cc(C(=O)Nc6ccc(Oc7ccc8nc(-c9ccccc9)c(*)nc8c7)cc6)cc(N6C(=O)c7c(Cl)c(Cl)c(Cl)c(Cl)c7C6=O)c5)cc4)ccc3nc2-c2ccccc2)cc1,"Polyoxides/ethers/acetals, Polyamides/thioamides, Polyimines"
P382187,101692722,0,Polycondensation,CCCCCCCCCCCCC1=C(SC(=C1CCCCCCCCCCCC)C2=CC=CS2)C3=CC=CS3,,*c1ccc(-c2ccc(-c3sc(*)c(CCCCCCCCCCCC)c3CCCCCCCCCCCC)s2)s1,Polysulfides
P462332,101700654,0,Addition_polymerization,CC[N+](CCCCS(=O)(=O)O)(CC#C)CC#C,,*/C=C1/C=C(*)C[N+](CC)(CCCCS(=O)(=O)O)C1,Polyimines
P462333,12471235,0,Addition_polymerization,CCCC[N+](CCCCS(=O)(=O)O)(CC#C)CC#C,,*/C=C1/C=C(*)C[N+](CCCC)(CCCCS(=O)(=O)O)C1,Polyimines
P342180,101707136,0,Addition_polymerization,C=CC(=O)NCCC(C(C(C(C(C(C(C(C(C(F)(F)F)(F)F)(F)F)(F)F)(F)F)(F)F)(F)F)(F)F)(F)F)(F)F,,*CC(*)C(=O)NCCC(F)(F)C(F)(F)C(F)(F)C(F)(F)C(F)(F)C(F)(F)C(F)(F)C(F)(F)C(F)(F)C(F)(F)F,"Polyacrylics, Polyvinyls"
P372519,101707440,9582,Polycondensation,C1=CC=C2C(=C1)C(=NNC2=O)C3=CC=C(C=C3)OC4=CC=C(C=C4)C5=NNC(=O)C6=CC=CC=C65,C1=CC(=CC=C1C(=O)C2=CC=C(C=C2)F)F,*c1ccc(C(=O)c2ccc(-n3nc(-c4ccc(Oc5ccc(-c6nn(*)c(=O)c7ccccc67)cc5)cc4)c4ccccc4c3=O)cc2)cc1,"Polyoxides/ethers/acetals, Polyamides/thioamides, Polyimines, Polyketones/thioketones"
P342590,101710878,0,Addition_polymerization,CC(=C)C(=O)OCCCCCCCCCCOC1=CC=C(C=C1)N=NC2=CC=C(C=C2)C#N,,*CC(*)(C)C(=O)OCCCCCCCCCCOc1ccc(/N=N/c2ccc(C#N)cc2)cc1,"Polyacrylics, Polyvinyls"
P090291,101717189,92866,Polycondensation,CCCCOC(=O)C1=CC=C(C=C1)C(=O)NCCCCCCCCCCCCNC(=O)C2=CC=C(C=C2)C(=O)OCCCC,CCCCCCCCCCC(CO)O,*CCCCCCCCCCCCOC(=O)c1ccc(C(=O)NCCCCCCCCCCCCNC(=O)c2ccc(C(=O)O*)cc2)cc1,"Polyesters/thioesters, Polyamides/thioamides"
P090224,101717196,37153,Polycondensation,CCOC(=O)CCCCCNC(=O)CCCCC(=O)NCCCCCC(=O)OCC,C(CCCCCO)CCCCO,*CCCCCCCCCCOC(=O)CCCCCNC(=O)CCCCC(=O)NCCCCCC(=O)O*,"Polyesters/thioesters, Polyamides/thioamides"
P090296,101717196,12374,Polycondensation,CCOC(=O)CCCCCNC(=O)CCCCC(=O)NCCCCCC(=O)OCC,C(CCCO)CCO,*CCCCCCOC(=O)CCCCCNC(=O)CCCCC(=O)NCCCCCC(=O)O*,"Polyesters/thioesters, Polyamides/thioamides"
P090447,101717198,8064,Polycondensation,CCOC(=O)CCCCCNC(=O)C1=CC=C(C=C1)C(=O)NCCCCCC(=O)OCC,C(CCO)CO,*CCCCOC(=O)CCCCCNC(=O)c1ccc(C(=O)NCCCCCC(=O)O*)cc1,"Polyesters/thioesters, Polyamides/thioamides"
P090436,101717211,8064,Polycondensation,CCOC(=O)C1=CC=C(C=C1)NC(=O)CCCCCCCCCCC(=O)NC2=CC=C(C=C2)C(=O)OCC,C(CCO)CO,*CCCCOC(=O)c1ccc(NC(=O)CCCCCCCCCCC(=O)Nc2ccc(C(=O)O*)cc2)cc1,"Polyesters/thioesters, Polyamides/thioamides"
P090244,101717211,92866,Polycondensation,CCOC(=O)C1=CC=C(C=C1)NC(=O)CCCCCCCCCCC(=O)NC2=CC=C(C=C2)C(=O)OCC,CCCCCCCCCCC(CO)O,*CCCCCCCCCCCCOC(=O)c1ccc(NC(=O)CCCCCCCCCCC(=O)Nc2ccc(C(=O)O*)cc2)cc1,"Polyesters/thioesters, Polyamides/thioamides"
P370108,101717219,0,Polycondensation,COC(=O)CCCCCCCC1OCC2(COC(OC2)CCCCCCCC(=O)NCCCCCCCN)CO1,,*CCCCCCCC(=O)NCCCCCCCNC(=O)CCCCCCCC1OCC2(COC(*)OC2)CO1,"Polyoxides/ethers/acetals, Polyamides/thioamides"
P070648,101717220,0,Polycondensation,COC(=O)CCCCCCCC1OCC2(CO1)COC(OC2)CCCCCCCC(=O)OCCO,,*CCCCCCCC(=O)OCCOC(=O)CCCCCCCC1OCC2(COC(*)OC2)CO1,"Polyoxides/ethers/acetals, Polyesters/thioesters"
P070562,101717221,0,Polycondensation,COC(=O)CCCCCCCC1OCC(O1)CCCCO,,*CCCCCCCC(=O)OCC1(C)COC(*)OC1,"Polyoxides/ethers/acetals, Polyesters/thioesters"
P370107,101717226,0,Polycondensation,COC(=O)CCCCCCCC1OCC(O1)COCC2COC(O2)CCCCCCCC(=O)NCCCCCCCN,,*CCCCCCCC(=O)NCCCCCCCNC(=O)CCCCCCCC1OCC(COCC2COC(*)O2)O1,"Polyoxides/ethers/acetals, Polyamides/thioamides"
P370110,101717238,0,Ring_opening_polymerization,CC(=O)OCC1(COC1)CCl,,*CC(CCl)(CO*)COC(C)=O,Polyoxides/ethers/acetals
P400104,101717249,75591,Polycondensation,C1C=CC(C2C1C(=O)NC2=O)C3=CC(=CC(=C3)C(=O)Cl)C(=O)Cl,CC(C)(C1=CC=C(C=C1)N)C2=CC=C(C=C2)N,*Nc1ccc(C(C)(C)c2ccc(NC(=O)c3cc(C(*)=O)cc(N4C(=O)C5CC=CCC5C4=O)c3)cc2)cc1,Polyamides/thioamides
P370093,101717438,196,Polycondensation,C1=CC(=CC=C1CCCN)OCCOC2=CC=C(C=C2)CCCN,C(CCC(=O)O)CC(=O)O,*CCOc1ccc(CCCNC(=O)CCCCC(=O)NCCCc2ccc(O*)cc2)cc1,"Polyoxides/ethers/acetals, Polyamides/thioamides"
P370095,101717446,196,Polycondensation,C1=CC(=CC=C1CCCN)OCCCCOC2=CC=C(C=C2)CCCN,C(CCC(=O)O)CC(=O)O,*CCCCOc1ccc(CCCNC(=O)CCCCC(=O)NCCCc2ccc(O*)cc2)cc1,"Polyoxides/ethers/acetals, Polyamides/thioamides"
P370102,101717448,5192,Polycondensation,C1=CC(=CC=C1CCCN)OCCCCCCOC2=CC=C(C=C2)CCCN,C(CCCCC(=O)O)CCCC(=O)O,*CCCCCCOc1ccc(CCCNC(=O)CCCCCCCCC(=O)NCCCc2ccc(O*)cc2)cc1,"Polyoxides/ethers/acetals, Polyamides/thioamides"
P070227,101717449,7451,Polycondensation,C1=CC(=CC(=C1)OCCCC(=O)NN)C(=O)NN,C1=CC(=CC(=C1)C(=O)Cl)C(=O)Cl,*CCCC(=O)NNC(=O)c1cccc(C(=O)NNC(=O)c2cccc(O*)c2)c1,"Polyoxides/ethers/acetals, Polyamides/thioamides"
P070320,101717481,0,Polycondensation,COC1=C(C=CC(=C1)C(=O)OCCO)OCCCCOC2=C(C=C(C=C2)C(=O)OCCO)OC,,*CCCCOc1ccc(C(=O)OCCOC(=O)c2ccc(O*)c(OC)c2)cc1OC,"Polyoxides/ethers/acetals, Polyesters/thioesters"
P390176,101717487,101717388,Polycondensation,CC(C)(C)C1=CC(=CC(=C1O)C(C)(C)C)C(=O)OC2=CC(=CC=C2)OC(=O)C3=CC(=C(C(=C3)C(C)(C)C)O)C(C)(C)C,CC(C)(C)C1=CC(=CC(=C1OC(=O)C2=CC=C(C=C2)C(=O)OC3=C(C=C(C=C3C(C)(C)C)C(=O)Cl)C(C)(C)C)C(C)(C)C)C(=O)Cl,*Oc1cccc(OC(=O)c2cc(C(C)(C)C)c(OC(=O)c3cc(C(C)(C)C)c(OC(=O)c4ccc(C(=O)Oc5c(C(C)(C)C)cc(C(=O)Oc6c(C(C)(C)C)cc(C(*)=O)cc6C(C)(C)C)cc5C(C)(C)C)cc4)c(C(C)(C)C)c3)c(C(C)(C)C)c2)c1,Polyesters/thioesters
P400083,101717775,0,Polycondensation,CC(C)COC(=O)C(CC(=O)OC1=C(C(=C(C(=C1Cl)Cl)Cl)Cl)Cl)N,,*NC(CC(*)=O)C(=O)OCC(C)C,Polyamides/thioamides
P080099,101717970,0,Polycondensation,C1=CC(=CC=C1CSS(=O)(=O)[O-])CSS(=O)(=O)[O-].[Na+].[Na+],,*Cc1ccc(CSS*)cc1,Polysulfides
P080099,66043,0,Polycondensation,C1=CC(=CC=C1CS)CS,,*Cc1ccc(CSS*)cc1,Polysulfides
P210050,101718010,0,Addition_polymerization,C1=CC=C(C=C1)OC(=O)C=CC2=CC=C(C=C2)C=CC(=O)OC3=CC=CC=C3,,*c1ccc(C2C(C(=O)Oc3ccccc3)C(*)C2C(=O)Oc2ccccc2)cc1,Polyphenylenes
P100641,101718045,0,Polycondensation,CC(C(=O)NCCCCC(=O)O)NC(=O)OC(C)(C)C,,*NC(C)C(=O)NCCCCC(*)=O,Polyamides/thioamides
P140008,101718050,0,Polycondensation,CC(=O)OC(=O)CS(=O)(=O)CCS(=O)(=O)CC(=O)OC(=O)C,,*OC(=O)CS(=O)(=O)CCS(=O)(=O)CC(*)=O,"Polyanhydrides/thioanhydrides, Polysulfones/sulfoxides/sufonates/sulfoamides"
P370192,101718170,7071,Polycondensation,C1=CC2=C(C=CC3=C2C(=C1)C(=O)OC3=O)OC4=CC5=C(C=C4)C=CC(=C5)OC6=C7C=CC=C8C7=C(C=C6)C(=O)OC8=O,C1=CC(=C(C=C1C2=CC(=C(C=C2)N)N)N)N,*Oc1ccc2cc(Oc3ccc4c(=O)n5c6cc(-c7ccc8c(c7)nc7c9ccc(*)c%10cccc(c(=O)n87)c%109)ccc6nc5c5cccc3c45)ccc2c1,"Polyoxides/ethers/acetals, Polyamides/thioamides, Polyimines"
P370201,101718190,7071,Polycondensation,C1=CC=C(C=C1)C(C2=CC=CC=C2)(C3=CC=C(C=C3)OC4=C5C=CC=C6C5=C(C=C4)C(=O)OC6=O)C7=CC=C(C=C7)OC8=C9C=CC=C1C9=C(C=C8)C(=O)OC1=O,C1=CC(=C(C=C1C2=CC(=C(C=C2)N)N)N)N,*Oc1ccc(C(c2ccccc2)(c2ccccc2)c2ccc(Oc3ccc4c(=O)n5c6cc(-c7ccc8c(c7)nc7c9ccc(*)c%10cccc(c(=O)n87)c%109)ccc6nc5c5cccc3c45)cc2)cc1,"Polyoxides/ethers/acetals, Polyamides/thioamides, Polyimines"
P450036,101718674,0,Ring_opening_polymerization,C1C2C=CC1C3(C2(OC(=O)O3)Cl)Cl,,*/C=C/C1CC(*)C2(Cl)OC(=O)OC12Cl,Polycarbonates/thiocarbonates
P430053,101718854,7577,Polycondensation,C1C(C(=O)OC1=O)SC2=CC=C(C=C2)C3=CC=C(C=C3)SC4CC(=O)OC4=O,C1=CC(=CC=C1CC2=CC=C(C=C2)N)N,*c1ccc(Cc2ccc(N3C(=O)CC(Sc4ccc(-c5ccc(SC6CC(=O)N(*)C6=O)cc5)cc4)C3=O)cc2)cc1,"Polyimides/thioimides, Polysulfides"
P370262,101719004,0,Polycondensation,C(CCCCCCCC(=O)NN)CCCCCCCC(=O)NN,,*CCCCCCCCCCCCCCCc1nnc(*)o1,"Polyoxides/ethers/acetals, Polyimines"
P340045,101719013,0,Addition_polymerization,CC(=C)C(=O)OCCN1C(=CC(=O)NC1=O)C#N,,*CC(*)(C)C(=O)OCCn1c(C#N)cc(=O)[nH]c1=O,"Polyacrylics, Polyvinyls"
P510013,101719040,0,Addition_polymerization,CCOC(=O)C(=C1C=CC(=C(C#N)C(=O)OCC)C=C1)C#N,,*c1ccc(C(C#N)(C(=O)OCC)C(*)(C#N)C(=O)OCC)cc1,Polyphenylenes
P432603,101719715,11069315,Polyaddition/Polymer_reaction,CC(C)(C)C1CCC(CC1)(C2=CC=C(C=C2)OC3=CC4=C(C=C3)C(=O)OC4=O)C5=CC=C(C=C5)OC6=CC7=C(C=C6)C(=O)OC7=O,CC1=C(C=CC(=C1)OC2=CC=C(C=C2)N)C3=C(C=C(C=C3)OC4=CC=C(C=C4)N)C,*c1ccc(Oc2ccc(-c3ccc(Oc4ccc(N5C(=O)c6ccc(Oc7ccc(C8(c9ccc(Oc%10ccc%11c(c%10)C(=O)N(*)C%11=O)cc9)CCC(C(C)(C)C)CC8)cc7)cc6C5=O)cc4)cc3C)c(C)c2)cc1,"Polyimides/thioimides, Polyoxides/ethers/acetals"
P373437,101721794,0,Polycondensation,CC(C1=CC=CC=C1)(C2=CC=C(C=C2)O[Si](C)(C)C)C3=CC=C(C=C3)O[Si](C)(C)C,,*Oc1ccc(C(C)(c2ccccc2)c2ccc(Oc3cccc(*)n3)cc2)cc1,"Polyoxides/ethers/acetals, Polyimines"
P433169,101728728,23131984,Polycondensation,C1=CC(=CC=C1C2=C3C(=CC4=C2C(=O)OC4=O)C(=O)OC3=O)C(F)(F)F,C1=CC(=CC(=C1)P(=O)(C2=CC=CC(=C2)N)C3=CC(=CC(=C3)C(F)(F)F)C(F)(F)F)N,*c1cccc(P(=O)(c2cccc(-n3c(=O)c4cc5c(=O)n(*)c(=O)c5c(-c5ccc(C(F)(F)F)cc5)c4c3=O)c2)c2cc(C(F)(F)F)cc(C(F)(F)F)c2)c1,Polyimides/thioimides
P433170,101728728,18624854,Polycondensation,C1=CC(=CC=C1C2=C3C(=CC4=C2C(=O)OC4=O)C(=O)OC3=O)C(F)(F)F,C1=CC(=CC(=C1)P(=O)(C2=CC=C(C=C2)C(F)(F)F)C3=CC=CC(=C3)N)N,*c1cccc(P(=O)(c2ccc(C(F)(F)F)cc2)c2cccc(-n3c(=O)c4cc5c(=O)n(*)c(=O)c5c(-c5ccc(C(F)(F)F)cc5)c4c3=O)c2)c1,Polyimides/thioimides
P373295,101734805,101772769,Polycondensation,C1=CC(=CC=C1N=NC2=CC=C(C=C2)Br)OCCCCCCCCCCO[P+]([O-])(Cl)Cl,C1=CC(=CC=C1C=CC2=CC=C(C=C2)OCCCCCCCCCCO)OCCCCCCCCCCO,*CCCCCCCCCCOc1ccc(/C=C/c2ccc(OCCCCCCCCCCOP(=O)(O*)OCCCCCCCCCCOc3ccc(/N=N/c4ccc(Br)cc4)cc3)cc2)cc1,Polyoxides/ethers/acetals
P512117,101737060,3591168,Polycondensation,CCCCCCOC1=CC=C(C=C1)C2=CC(=C(C(=C2)C3=CC=C(C=C3)Br)C4=CC=C(C=C4)OCCCCCC)C5=CC=C(C=C5)Br,B1(OCCCO1)C2=CC3=C(C=C2)C4=C(C3(CCCCCC)CCCCCC)C=C(C=C4)B5OCCCO5,*c1ccc(-c2cc(-c3ccc(OCCCCCC)cc3)cc(-c3ccc(-c4ccc5c(c4)C(CCCCCC)(CCCCCC)c4cc(*)ccc4-5)cc3)c2-c2ccc(OCCCCCC)cc2)cc1,Polyphenylenes
P342418,101744458,0,Addition_polymerization,CCCCCOC1=CC=C(C=C1)C(=O)OC2=CC=C(C=C2)OC(=O)C3=CC=C(C=C3)OC(=O)C=C,,*CC(*)C(=O)Oc1ccc(C(=O)Oc2ccc(OC(=O)c3ccc(OCCCCC)cc3)cc2)cc1,"Polyacrylics, Polyvinyls"
P373299,101772774,101772769,Polycondensation,COC1=CC=C(C=C1)N=NC2=CC=C(C=C2)OCCCCCCCCCCO[P+]([O-])(Cl)Cl,C1=CC(=CC=C1C=CC2=CC=C(C=C2)OCCCCCCCCCCO)OCCCCCCCCCCO,*CCCCCCCCCCOc1ccc(/C=C/c2ccc(OCCCCCCCCCCOP(=O)(O*)OCCCCCCCCCCOc3ccc(/N=N/c4ccc(OC)cc4)cc3)cc2)cc1,Polyoxides/ethers/acetals
P322163,101806061,0,Addition_polymerization,CCCCCCCCOC1=CC=C(C=C1)C2=C(C=C(C=C2)C(=O)OCCCC)C=C,,*CC(*)c1cc(C(=O)OCCCC)ccc1-c1ccc(OCCCCCCCC)cc1,"Polystyrenes, Polyvinyls"
P322161,101806062,0,Addition_polymerization,CCCCCCCCOC1=CC=C(C=C1)C2=C(C=C(C=C2)C(=O)OC)C=C,,*CC(*)c1cc(C(=O)OC)ccc1-c1ccc(OCCCCCCCC)cc1,"Polystyrenes, Polyvinyls"
P322166,101806066,0,Addition_polymerization,CCCCCCCCCCOC(=O)C1=CC(=C(C=C1)C2=CC=C(C=C2)OCCCCCCCC)C=C,,*CC(*)c1cc(C(=O)OCCCCCCCCCC)ccc1-c1ccc(OCCCCCCCC)cc1,"Polystyrenes, Polyvinyls"
P400323,101916926,0,Polycondensation,COC(C(C(=O)OC1=C(C(=C(C(=C1Cl)Cl)Cl)Cl)Cl)OC)C(=O)OC2=C(C(=C(C(=C2Cl)Cl)Cl)Cl)Cl,,*CCCCCCCCNC(=O)C(OC)C(OC)C(=O)N*,Polyamides/thioamides
P430148,101924379,3091520,Polycondensation,C1=CC=C2C(=C1)C(=O)NC2(C3=CC=C(C=C3)OC4=CC=C(C=C4)N)C5=CC=C(C=C5)OC6=CC=C(C=C6)N,C1=CC(=CC(=C1)OC2=CC=C(C=C2)N3C(=O)C4=C(C3=O)C=C(C=C4)C(=O)O)OC5=CC=C(C=C5)N6C(=O)C7=C(C6=O)C=C(C=C7)C(=O)O,*C(=O)Nc1ccc(Oc2ccc(C3(c4ccc(Oc5ccc(NC(=O)c6ccc7c(c6)C(=O)N(c6ccc(Oc8cccc(Oc9ccc(N%10C(=O)c%11ccc(*)cc%11C%10=O)cc9)c8)cc6)C7=O)cc5)cc4)NC(=O)c4ccccc43)cc2)cc1,"Polyimides/thioimides, Polyoxides/ethers/acetals, Polyamides/thioamides"
P430149,101924379,102403778,Polycondensation,C1=CC=C2C(=C1)C(=O)NC2(C3=CC=C(C=C3)OC4=CC=C(C=C4)N)C5=CC=C(C=C5)OC6=CC=C(C=C6)N,CC1=C(C=CC(=C1)OC2=CC=C(C=C2)N3C(=O)C4=C(C3=O)C=C(C=C4)C(=O)O)OC5=CC=C(C=C5)N6C(=O)C7=C(C6=O)C=C(C=C7)C(=O)O,*C(=O)Nc1ccc(Oc2ccc(C3(c4ccc(Oc5ccc(NC(=O)c6ccc7c(c6)C(=O)N(c6ccc(Oc8ccc(Oc9ccc(N%10C(=O)c%11ccc(*)cc%11C%10=O)cc9)c(C)c8)cc6)C7=O)cc5)cc4)NC(=O)c4ccccc43)cc2)cc1,"Polyimides/thioimides, Polyoxides/ethers/acetals, Polyamides/thioamides"
P430142,101924379,101988099,Polycondensation,C1=CC=C2C(=C1)C(=O)NC2(C3=CC=C(C=C3)OC4=CC=C(C=C4)N)C5=CC=C(C=C5)OC6=CC=C(C=C6)N,CC1=C(C=C(C=C1)N2C(=O)C3=C(C2=O)C=C(C=C3)C(=O)O)N4C(=O)C5=C(C4=O)C=C(C=C5)C(=O)O,*C(=O)Nc1ccc(Oc2ccc(C3(c4ccc(Oc5ccc(NC(=O)c6ccc7c(c6)C(=O)N(c6ccc(C)c(N8C(=O)c9ccc(*)cc9C8=O)c6)C7=O)cc5)cc4)NC(=O)c4ccccc43)cc2)cc1,"Polyimides/thioimides, Polyoxides/ethers/acetals, Polyamides/thioamides"
P392196,101929383,54232206,Polycondensation,C1=CC=C(C=C1)C#CC(=CC2=CC=C(C=C2)C#CC3=CC=C(C=C3)C=C(Br)Br)C#CC4=CC=CC=C4,C#CCOC(=O)CCCCCCCCC(=O)OCC#C,*CC#C/C(C#CCOC(=O)CCCCCCCCC(=O)O*)=C\c1ccc(C#Cc2ccc(C=C(C#Cc3ccccc3)C#Cc3ccccc3)cc2)cc1,Polyesters/thioesters
P392176,101934134,13766139,Polycondensation,C1=CC(=CC=C1C#N)C2=CC=C(C=C2)OCCCCCCCCCCCOC(=O)C3=C(C=CC(=C3)O)C4=C(C=C(C=C4)O)C(=O)OCCCCCCCCCCCOC5=CC=C(C=C5)C6=CC=C(C=C6)C#N,C1=CC(=C(C=C1C(=O)Cl)C(F)(F)F)C2=C(C=C(C=C2)C(=O)Cl)C(F)(F)F,*Oc1ccc(-c2ccc(OC(=O)c3ccc(-c4ccc(C(*)=O)cc4C(F)(F)F)c(C(F)(F)F)c3)cc2C(=O)OCCCCCCCCCCCOc2ccc(-c3ccc(C#N)cc3)cc2)c(C(=O)OCCCCCCCCCCCOc2ccc(-c3ccc(C#N)cc3)cc2)c1,Polyesters/thioesters
P382085,101940001,0,Polycondensation/Polymer_reaction,CS(=O)C1=C(C(=C(C(=C1F)F)SC2=C(C(=CC(=C2F)F)F)F)F)F,,*Sc1c(F)c(F)c(*)c(F)c1F,Polysulfides
P342029,101942669,0,Addition_polymerization,CC(=C)C(=O)OCCCCCCCCCCCN1C2=CC=CC=C2C3=CC=CC=C31,,*CC(*)(C)C(=O)OCCCCCCCCCCCn1c2ccccc2c2ccccc21,"Polyacrylics, Polyvinyls"
P432201,101946587,363539,Polycondensation,C1=CC(=CC=C1C=CC2=CC=C(C=C2)[N+](=O)[O-])N(CCN)CCN,C1=CC(=CC=C1N2C(=O)C3=C(C2=O)C=C(C=C3)C(=O)O)OC4=CC=C(C=C4)N5C(=O)C6=C(C5=O)C=C(C=C6)C(=O)O,*C(=O)NCCN(CCNC(=O)c1ccc2c(c1)C(=O)N(c1ccc(Oc3ccc(N4C(=O)c5ccc(*)cc5C4=O)cc3)cc1)C2=O)c1ccc(/C=C/c2ccc([N+](=O)[O-])cc2)cc1,"Polyimides/thioimides, Polyoxides/ethers/acetals, Polyamides/thioamides, Polyimines"
P373068,101995910,259840,Polycondensation,CCCCCCOC1=CC(=C(C=C1C2=CC=C(C=C2)O)OCCCCCC)C3=CC=C(C=C3)O,C1=CC(=CC=C1C2=NN=C(O2)C3=CC=C(C=C3)F)F,*c1ccc(Oc2ccc(-c3cc(OCCCCCC)c(-c4ccc(Oc5ccc(-c6nnc(*)o6)cc5)cc4)cc3OCCCCCC)cc2)cc1,"Polyoxides/ethers/acetals, Polyimines"
P432681,102003298,101056143,Polycondensation,C1=CC=C(C=C1)OC2=C(C=CC(=C2)C(=O)NN)C(=O)NN,C1=CC2=C(C=C1C(C3=CC4=C(C=C3)C(=O)N(C4=O)CC(=O)Cl)(C(F)(F)F)C(F)(F)F)C(=O)N(C2=O)CC(=O)Cl,*CC(=O)NNC(=O)c1ccc(C(=O)NNC(=O)CN2C(=O)c3ccc(C(c4ccc5c(c4)C(=O)N(*)C5=O)(C(F)(F)F)C(F)(F)F)cc3C2=O)c(Oc2ccccc2)c1,"Polyimides/thioimides, Polyamides/thioamides"
P432726,102012097,12138,Polycondensation,C1=CC(=CC=C1C(=O)Cl)N2C(=O)C3=C(C2=O)SC4=C(S3)C(=O)N(C4=O)C5=CC=C(C=C5)C(=O)Cl,C1=CC(=CC=C1CCC2=CC=C(C=C2)N)N,*c1ccc(C(=O)Nc2ccc(CCc3ccc(NC(=O)c4ccc(-n5c(=O)c6sc7c(=O)n(*)c(=O)c7sc6c5=O)cc4)cc3)cc2)cc1,"Polyimides/thioimides, Polysulfides, Polyamides/thioamides"
P462469,102025468,0,Ring_opening_polymerization,C1COC(=N1)C2=C(C=CC(=C2F)F)F,,*CCN(*)C(=O)c1c(F)ccc(F)c1F,Polyimines
P462473,102025472,0,Ring_opening_polymerization,C1COC(=N1)C2=CC(=C(C(=C2F)F)F)F,,*CCN(*)C(=O)c1cc(F)c(F)c(F)c1F,Polyimines
P402380,102036303,7570,Polycondensation,CC(C)CC(C(=O)NC1=CC(=CC(=C1)C(=O)O)C(=O)O)N2C(=O)C3=CC=CC=C3C2=O,C1=CC(=CC=C1CC2=CC=C(C=C2)N=C=O)N=C=O,*Nc1ccc(Cc2ccc(NC(=O)c3cc(NC(=O)C(CC(C)C)N4C(=O)c5ccccc5C4=O)cc(C(*)=O)c3)cc2)cc1,Polyamides/thioamides
P402380,7570,102036303,Polycondensation,C1=CC(=CC=C1CC2=CC=C(C=C2)N=C=O)N=C=O,CC(C)CC(C(=O)NC1=CC(=CC(=C1)C(=O)O)C(=O)O)N2C(=O)C3=CC=CC=C3C2=O,*Nc1ccc(Cc2ccc(NC(=O)c3cc(NC(=O)C(CC(C)C)N4C(=O)c5ccccc5C4=O)cc(C(*)=O)c3)cc2)cc1,Polyamides/thioamides
P342570,102042502,0,Addition_polymerization,C=CC(=O)OCCCOC1=CC=C(C=C1)C(=O)OCCCC(C(C(C(C(C(C(C(F)(F)F)(F)F)(F)F)(F)F)(F)F)(F)F)(F)F)(F)F,,*CC(*)C(=O)OCCCOc1ccc(C(=O)OCCCC(F)(F)C(F)(F)C(F)(F)C(F)(F)C(F)(F)C(F)(F)C(F)(F)C(F)(F)F)cc1,"Polyacrylics, Polyvinyls"
P322157,102043705,0,Addition_polymerization,CC1=CC=C(S1)C2=CC=C(C3=NSN=C23)C4=CC=C(C=C4)OCC5=CC=C(C=C5)C=C,,*CC(*)c1ccc(COc2ccc(-c3ccc(-c4ccc(C)s4)c4nsnc34)cc2)cc1,"Polystyrenes, Polyvinyls"
P342584,102055568,0,Addition_polymerization,C1C2CC(C1C=C2)C(=O)OCCC3=CC=C(C=C3)N(C4=CC=CC=C4)C5=CC=CC=C5,,*C1C2CC(C(=O)OCCc3ccc(N(c4ccccc4)c4ccccc4)cc3)C(C2)C1*,"Polyacrylics, Polyvinyls"
P430115,102068474,25689,Polycondensation,C1=CC(=CC(=C1)N2C(=O)C3=C(C2=O)C=C(C=C3)C4=C5C(=CC=C4)C(=O)N(C5=O)C6=CC=CC(=C6)C(=O)O)C(=O)O,C1=CC(=CC=C1N)OC2=CC=C(C=C2)S(=O)(=O)C3=CC=C(C=C3)OC4=CC=C(C=C4)N,*c1cccc(C(=O)Nc2ccc(Oc3ccc(S(=O)(=O)c4ccc(Oc5ccc(NC(=O)c6cccc(N7C(=O)c8ccc(-c9cccc%10c9C(=O)N(*)C%10=O)cc8C7=O)c6)cc5)cc4)cc3)cc2)c1,"Polyimides/thioimides, Polyoxides/ethers/acetals, Polyamides/thioamides, Polysulfones/sulfoxides/sufonates/sulfoamides"
P372657,102074241,102272960,Polycondensation,C[Si](C)(COC(=O)CCCCCCCCC(=O)[O-])O[Si](C)(C)COC(=O)CCCCCCCCC(=O)[O-].[Na+].[Na+],C1CC(=CC2=CC=C(C=C2)OC3=CC=C(C=C3)S(=O)(=O)C4=CC=C(C=C4)Cl)C(=O)C(=CC5=CC=C(C=C5)OC6=CC=C(C=C6)S(=O)(=O)C7=CC=C(C=C7)Cl)C1,*O[Si](C)(C)COC(=O)CCCCCCCCC(=O)Oc1ccc(S(=O)(=O)c2ccc(Oc3ccc(/C=C4\CCC/C(=C\c5ccc(Oc6ccc(S(=O)(=O)c7ccc(OC(=O)CCCCCCCCC(=O)OC[Si](*)(C)C)cc7)cc6)cc5)C4=O)cc3)cc2)cc1,"Polyoxides/ethers/acetals, Polyesters/thioesters, Polysiloxanes/silanes, Polyketones/thioketones, Polysulfones/sulfoxides/sufonates/sulfoamides"
P392435,102074262,10970,Polycondensation,C[Si](C)(C)OCCCCOC(=O)C1=CC=C(C=C1)C(=O)OCCCCO[Si](C)(C)C,C(CC(=O)Cl)C(=O)Cl,*CCCCOC(=O)CCC(=O)OCCCCOC(=O)c1ccc(C(=O)O*)cc1,Polyesters/thioesters
P332077,102074884,0,Addition_polymerization,CC=CC=CC(=O)OCCN(C)C1=CC=C(C=C1)N(C)C,,*/C=C/C(C)C(*)C(=O)OCCN(C)c1ccc(N(C)C)cc1,Polyvinyls
P342277,102074947,0,Addition_polymerization,CC(=C)C(=O)OCCOC1=CC=C(C=C1)N=NC2=CC=C(C=C2)C3OCC4(CC5CC4C=C5)CO3,,*CC(*)(C)C(=O)OCCOc1ccc(/N=N/c2ccc(C3OCC4(CO3)CC3C=CC4C3)cc2)cc1,"Polyacrylics, Polyvinyls"
P342279,102074950,0,Addition_polymerization,CC(=C)C(=O)OCCCCCCOC1=CC=C(C=C1)N=NC2=CC=C(C=C2)C3OCC4(CC5CC4C=C5)CO3,,*CC(*)(C)C(=O)OCCCCCCOc1ccc(/N=N/c2ccc(C3OCC4(CO3)CC3C=CC4C3)cc2)cc1,"Polyacrylics, Polyvinyls"
P372630,102076546,12133417,Polycondensation,CCC(C)C(C(=O)OC1COC2C1OCC2OC(=O)C(C(C)CC)N)N,C1=CC(=CC=C1[N+](=O)[O-])OC(=O)CCCCCCCCC(=O)OC2=CC=C(C=C2)[N+](=O)[O-],*OC(=O)C(NC(=O)CCCCCCCCC(=O)NC(C(=O)OC1COC2C(*)COC12)C(C)CC)C(C)CC,"Polyoxides/ethers/acetals, Polyesters/thioesters, Polyamides/thioamides"
P372629,102076546,95994,Polycondensation,CCC(C)C(C(=O)OC1COC2C1OCC2OC(=O)C(C(C)CC)N)N,C1=CC(=CC=C1[N+](=O)[O-])OC(=O)CCCCC(=O)OC2=CC=C(C=C2)[N+](=O)[O-],*OC(=O)C(NC(=O)CCCCC(=O)NC(C(=O)OC1COC2C(*)COC12)C(C)CC)C(C)CC,"Polyoxides/ethers/acetals, Polyesters/thioesters, Polyamides/thioamides"
P372631,102076550,95994,Polycondensation,CSCCC(C(=O)OC1COC2C1OCC2OC(=O)C(CCSC)N)N,C1=CC(=CC=C1[N+](=O)[O-])OC(=O)CCCCC(=O)OC2=CC=C(C=C2)[N+](=O)[O-],*OC(=O)C(CCSC)NC(=O)CCCCC(=O)NC(CCSC)C(=O)OC1COC2C(*)COC12,"Polyoxides/ethers/acetals, Polyesters/thioesters, Polyamides/thioamides"
P372623,102078482,95994,Polycondensation,C1C(C2C(O1)C(CO2)OC(=O)C(CC3=CC=CC=C3)N)OC(=O)C(CC4=CC=CC=C4)N,C1=CC(=CC=C1[N+](=O)[O-])OC(=O)CCCCC(=O)OC2=CC=C(C=C2)[N+](=O)[O-],*OC(=O)C(Cc1ccccc1)NC(=O)CCCCC(=O)NC(Cc1ccccc1)C(=O)OC1COC2C(*)COC12,"Polyoxides/ethers/acetals, Polyesters/thioesters, Polyamides/thioamides"
P372624,102078482,256801,Polycondensation,C1C(C2C(O1)C(CO2)OC(=O)C(CC3=CC=CC=C3)N)OC(=O)C(CC4=CC=CC=C4)N,C1=CC(=CC=C1[N+](=O)[O-])OC(=O)CCCCCCC(=O)OC2=CC=C(C=C2)[N+](=O)[O-],*OC(=O)C(Cc1ccccc1)NC(=O)CCCCCCC(=O)NC(Cc1ccccc1)C(=O)OC1COC2C(*)COC12,"Polyoxides/ethers/acetals, Polyesters/thioesters, Polyamides/thioamides"
P373465,102079716,768320,Polycondensation,C1=CC=C2C=C(C=CC2=C1)NC3=NC(=NC(=N3)OC4=CC5=CC=CC=C5C=C4C(=O)Cl)OC6=CC7=CC=CC=C7C=C6C(=O)Cl,C1=CC(=CC=C1N)NS(=O)(=O)C2=CC=C(C=C2)N,*Oc1cc2ccccc2cc1C(=O)Nc1ccc(NS(=O)(=O)c2ccc(NC(=O)c3cc4ccccc4cc3Oc3nc(*)nc(Nc4ccc5ccccc5c4)n3)cc2)cc1,"Polyoxides/ethers/acetals, Polyamides/thioamides, Polyimines, Polysulfones/sulfoxides/sufonates/sulfoamides"
P472032,102083691,75461,Polycondensation,C[Si](C)(C#C)C#C[Si](C)(C)C#C[Si](C)(C)C#C[Si](C)(C)C#C[Si](C)(C)C#C,C[Si](C)(O[Si](C)(C)Cl)Cl,*O[Si](C)(C)C#C[Si](C)(C)C#C[Si](C)(C)C#C[Si](C)(C)C#C[Si](C)(C)C#C[Si](C)(C)C#C[Si](*)(C)C,Polysiloxanes/silanes
P472059,102120210,0,Ring_opening_polymerization,C[Si]1(CCC1)O[Si](C)(C)CCCOC2=CC=C(C=C2)C3=CC=C(C=C3)C#N,,*CCC[Si](*)(C)O[Si](C)(C)CCCOc1ccc(-c2ccc(C#N)cc2)cc1,Polysiloxanes/silanes
P382439,102169717,102169716,Polycondensation,CCCCCCCCCCCCOC1=CC=C(C=C1)N2C3=C(C=C(C=C3)C=O)SC4=C2C=CC(=C4)C=O,CCCCCCCCCCCCOC1=CC=C(C=C1)N2C3=C(C=C(C=C3)C[P+]([O-])(OCC)OCC)SC4=C2C=CC(=C4)C[P+]([O-])(OCC)OCC,*/C=C/c1ccc2c(c1)Sc1cc(*)ccc1N2c1ccc(OCCCCCCCCCCCC)cc1,"Polysulfides, Polyimines"
P512133,102176018,0,Polycondensation,CC(C)CCOC1=C(C=C(C(=C1)C2=CC=C(C=C2)C(F)(F)F)C3=C(C=CC(=C3)CCl)CCl)OCCC(C)C,,*/C=C/c1ccc(*)c(-c2cc(OCCC(C)C)c(OCCC(C)C)cc2-c2ccc(C(F)(F)F)cc2)c1,Polyphenylenes
P512132,102176019,0,Polycondensation,CC(C)CCOC1=C(C=C(C(=C1)C2=CC=C(C=C2)OC)C3=C(C=CC(=C3)CCl)CCl)OCCC(C)C,,*/C=C/c1ccc(*)c(-c2cc(OCCC(C)C)c(OCCC(C)C)cc2-c2ccc(OC)cc2)c1,Polyphenylenes
P332258,102179514,0,Addition_polymerization,CCCCCCOC1=CC=C(C=C1)OC(=O)C2=CC(=C(C=C2)C(=O)OC3=CC=C(C=C3)OCCCCCC)C#C,,*/C=C(/*)c1cc(C(=O)Oc2ccc(OCCCCCC)cc2)ccc1C(=O)Oc1ccc(OCCCCCC)cc1,Polyvinyls
P342490,102185506,0,Addition_polymerization,CC(=C)C(=O)OCC1=CC(=CC=C1)Cl,,*CC(*)(C)C(=O)OCc1cccc(Cl)c1,"Polyacrylics, Polyvinyls"
P472264,102217653,0,Polycondensation,C[Si](C)(C1=C2C=CC=CC2=C(C3=CC=CC=C31)[Si](C)(C)O)O,,*O[Si](C)(C)c1c2ccccc2c([Si](*)(C)C)c2ccccc12,Polysiloxanes/silanes
P342064,102248249,0,Addition_polymerization,CC1(OCC(CO1)(C)COC(=O)C=C)C,,*CC(*)C(=O)OCC1(C)COC(C)(C)OC1,"Polyacrylics, Polyvinyls"
P040252,102248296,0,Addition_polymerization,CC(=C)C(=O)OCC(C)(C)C1OCC(CO1)(C)C,,*CC(*)(C)C(=O)OCC(C)(C)C1OCC(C)(C)CO1,"Polyacrylics, Polyvinyls"
P100428,102248449,8070,Polyaddition,CC(C)N(CCN(C(C)C)C(=O)C=C)C(=O)C=C,CNCCNC,*CCN(C(=O)CCN(C)CCN(C)CCC(=O)N(*)C(C)C)C(C)C,"Polyamides/thioamides, Polyimines"
P382094,102272710,0,Polycondensation,C1C(OC(O1)C2=CC=CC=C2)CCCCCCCCCC3=CSC=C3,,*c1cc(CCCCCCCCCC2COC(c3ccccc3)O2)c(*)s1,Polysulfides
P512032,102272741,0,Polycondensation,C1=CC(=CC=C1C#N)C2=CC=C(C=C2)OCCCCCCCCCCOC3=CC(=C(C=C3Br)OCCCCCCCCCCOC4=CC=C(C=C4)C5=CC=C(C=C5)C#N)Br,,*/C=C/c1cc(OCCCCCCCCCCOc2ccc(-c3ccc(C#N)cc3)cc2)c(*)cc1OCCCCCCCCCCOc1ccc(-c2ccc(C#N)cc2)cc1,Polyphenylenes
P462156,102272817,0,Polycondensation,C=CC(=O)CCO[P+]([N-][P+](OCCC(=O)C=C)(OCCC(=O)C=C)OCCC(=O)C=C)([O-])OCCC(=O)C=C,,*N=P(*)(OCCC(=O)C=C)OCCC(=O)C=C,"Polyphosphazenes, Polyimines"
P512034,102272820,0,Polycondensation,C1=C(C=C(C(=C1Br)[O-])Br)Br.C1=C(C=C(C(=C1Br)[O-])Br)Br.[Mn+2],,*Oc1cc(Br)cc(Br)c1*,Polyoxides/ethers/acetals
P402095,102272912,20527675,Polycondensation,CCCCCCCCCCCCCCCCCCOC(=O)C1=C(C=CC(=C1)N)N,C1=CC(=CC=C1C(=O)O)NC(=O)CCCCCCC(=O)NC2=CC=C(C=C2)C(=O)O,*Nc1ccc(NC(=O)c2ccc(NC(=O)CCCCCCC(=O)Nc3ccc(C(*)=O)cc3)cc2)cc1C(=O)OCCCCCCCCCCCCCCCCCC,Polyamides/thioamides
P372436,102272914,67294,Polycondensation,CC1=C(C=CC(=C1)OCCCCC(=O)Cl)OCCCCC(=O)Cl,C1=CC(=CC=C1C(=O)NN)C(=O)NN,*CCCCC(=O)NNC(=O)c1ccc(C(=O)NNC(=O)CCCCOc2ccc(O*)c(C)c2)cc1,"Polyoxides/ethers/acetals, Polyamides/thioamides"
P372439,102272914,67294,Polycondensation/Polymer_reaction,CC1=C(C=CC(=C1)OCCCCC(=O)Cl)OCCCCC(=O)Cl,C1=CC(=CC=C1C(=O)NN)C(=O)NN,*CCCCOc1ccc(OCCCCc2nnc(-c3ccc(-c4nnc(*)o4)cc3)o2)c(C)c1,"Polyoxides/ethers/acetals, Polyimines"
P372450,102272974,6623,Polycondensation,C1CCC(=CC2=CC=C(C=C2)OC3=CC=C(C=C3)S(=O)(=O)C4=CC=C(C=C4)Cl)C(=O)C(=CC5=CC=C(C=C5)OC6=CC=C(C=C6)S(=O)(=O)C7=CC=C(C=C7)Cl)C1,CC(C)(C1=CC=C(C=C1)O)C2=CC=C(C=C2)O,*Oc1ccc(S(=O)(=O)c2ccc(Oc3ccc(/C=C4\CCCC/C(=C\c5ccc(Oc6ccc(S(=O)(=O)c7ccc(Oc8ccc(C(C)(C)c9ccc(*)cc9)cc8)cc7)cc6)cc5)C4=O)cc3)cc2)cc1,"Polyoxides/ethers/acetals, Polyketones/thioketones, Polysulfones/sulfoxides/sufonates/sulfoamides"
P340028,102274222,0,Addition_polymerization,C=C(CC(=O)OC1CCCCCCCCC1)C(=O)OC2CCCCCCCCC2,,*CC(*)(CC(=O)OC1CCCCCCCCC1)C(=O)OC1CCCCCCCCC1,"Polyacrylics, Polyvinyls"
P100656,102274225,0,Polycondensation,CC(C)C(C(=O)NC(CCCCNC(=O)OCC1=CC=CC=C1)C(=O)OC2=CC=C(C=C2)[N+](=O)[O-])NC(=O)C(CCCCNC(=O)OCC3=CC=CC=C3)NC(=O)C(F)(F)F,,*NC(CCCCNC(=O)OCc1ccccc1)C(=O)NC(CCCCNC(=O)OCc1ccccc1)C(=O)NC(C(*)=O)C(C)C,Polyamides/thioamides
P342049,102274558,0,Addition_polymerization,CC(=C)C(=O)OC1=CC2=C(CCC2)C=C1,,*CC(*)(C)C(=O)Oc1ccc2c(c1)CCC2,"Polyacrylics, Polyvinyls"
P150135,102274575,11397,Polycondensation,CC1=C(C=CC(=C1)OC(=O)OC2=CC=CC=C2)OC(=O)OC3=CC=CC=C3,C1=CC(=CC2=C1C=CC(=C2)O)O,*Oc1ccc2ccc(OC(=O)Oc3ccc(OC(*)=O)cc3C)cc2c1,Polycarbonates/thiocarbonates
P432075,102274603,604281,Polycondensation,C1=C2C(=CC3=C1C(=O)N(C3=O)CCCCC(=O)O)C(=O)N(C2=O)CCCCC(=O)O,CC(=O)OC1=CC=C(C=C1)C2=CC=C(C=C2)OC(=O)C,*CCCCC(=O)Oc1ccc(-c2ccc(OC(=O)CCCCn3c(=O)c4cc5c(=O)n(*)c(=O)c5cc4c3=O)cc2)cc1,"Polyimides/thioimides, Polyesters/thioesters"
P432085,102275006,594930,Polycondensation,C1=C2C(=CC3=C1C(=O)N(C3=O)CCCCCCCCCCC(=O)O)C(=O)N(C2=O)CCCCCCCCCCC(=O)O,CC(=O)OC1=CC2=C(C=C1)C=C(C=C2)OC(=O)C,*CCCCCCCCCCC(=O)Oc1ccc2cc(OC(=O)CCCCCCCCCCn3c(=O)c4cc5c(=O)n(*)c(=O)c5cc4c3=O)ccc2c1,"Polyimides/thioimides, Polyesters/thioesters"
P432086,102275015,594930,Polycondensation,C1=C2C(=CC3=C1C(=O)N(C3=O)CCCCCCCCCCCC(=O)O)C(=O)N(C2=O)CCCCCCCCCCCC(=O)O,CC(=O)OC1=CC2=C(C=C1)C=C(C=C2)OC(=O)C,*CCCCCCCCCCCC(=O)Oc1ccc2cc(OC(=O)CCCCCCCCCCCn3c(=O)c4cc5c(=O)n(*)c(=O)c5cc4c3=O)ccc2c1,"Polyimides/thioimides, Polyesters/thioesters"
P432089,102275019,37153,Polycondensation,COC(=O)CCCCCN1C(=O)C2=CC3=C(C=C2C1=O)C(=O)N(C3=O)CCCCCC(=O)OC,C(CCCCCO)CCCCO,*CCCCCC(=O)OCCCCCCCCCCOC(=O)CCCCCn1c(=O)c2cc3c(=O)n(*)c(=O)c3cc2c1=O,"Polyimides/thioimides, Polyesters/thioesters"
P342194,102277470,0,Addition_polymerization,CC(=C)C(=O)OCCCN(C)C1=CC=C(C=C1)N(C)C,,*CC(*)(C)C(=O)OCCCN(C)c1ccc(N(C)C)cc1,"Polyacrylics, Polyvinyls"
P510018,102301631,0,Addition_polymerization,C1=CC(=C(C#N)C(=O)O)C=CC1=C(C#N)C(=O)O,,*c1ccc(C(C#N)(C(=O)O)C(*)(C#N)C(=O)O)cc1,Polyphenylenes
P342634,102310231,0,Addition_polymerization,CC(=C)C(=O)OC1=CC=C(C=C1)OCC2=CC=CC=C2,,*CC(*)(C)C(=O)Oc1ccc(OCc2ccccc2)cc1,"Polyacrylics, Polyvinyls"
P372942,102321725,102593505,Polycondensation/Polymer_reaction,CCOC(=O)C(CCCCCCCCCC[P+]([O-])(OCC)OCC)C(=O)OCC,C1=CC(=CC=C1N[N+](=O)C2=CC=C(C=C2)OCCCCCCO)OCCCCCCO,*CCCCCCOC(=O)C(CCCCCCCCCCP(=O)(O)O)C(=O)OCCCCCCOc1ccc(-n2on2-c2ccc(O*)cc2)cc1,"Polyoxides/ethers/acetals, Polyesters/thioesters, Polyimines"
P392533,102326410,43836003,Polycondensation,CCOC(=O)C(CCCCCCCCCCOC1=CC=C(C=C1)N=NC2=CC=C(C=C2)[N+](=O)[O-])C(=O)OCC,C[Sn](C)(CCCO)CCCO,*CCC[Sn](C)(C)CCCOC(=O)C(CCCCCCCCCCOc1ccc(/N=N/c2ccc([N+](=O)[O-])cc2)cc1)C(=O)O*,Polyesters/thioesters
P372983,102326906,102326702,Polycondensation/Polymer_reaction,C1C(OC2=CSC=C2O1)CCCCS(=O)(=O)[O-].[Na+],C1C(OC2=CSC=C2O1)CCCCS(=O)(=O)O,*c1sc(*)c2c1OCC(CCCCS(=O)(=O)O)O2,"Polyoxides/ethers/acetals, Polysulfides"
P342439,102348459,0,Ring_opening_polymerization,CC1(CC2CC1C3C2C4CC3C=C4)C(=O)OC,,*CCC1CC(*)C2C3CC(C12)C(C)(C(=O)OC)C3,"Polyacrylics, Polyvinyls"
P512127,102352189,0,Polycondensation,CCCCC(CC)COC1=CC(=CC(=C1)OCCC(C)CCCC(C)C)COC2=C(C=CC(=C2)CBr)CBr,,*/C=C/c1ccc(*)c(OCc2cc(OCCC(C)CCCC(C)C)cc(OCC(CC)CCCC)c2)c1,Polyphenylenes
P342429,102398126,0,Addition_polymerization,CC(=C)C(=O)OC(COC1=CC2=CC=CC=C2C3=CC=CC=C31)COC4=CC5=CC=CC=C5C6=CC=CC=C64,,*CC(*)(C)C(=O)OC(COc1cc2ccccc2c2ccccc12)COc1cc2ccccc2c2ccccc12,"Polyacrylics, Polyvinyls"
P430063,102401388,604281,Polycondensation,C1=CC2=C(C=C1C(=O)O)C(=O)N(C2=O)CCCCCCCCCN3C(=O)C4=C(C3=O)C=C(C=C4)C(=O)O,CC(=O)OC1=CC=C(C=C1)C2=CC=C(C=C2)OC(=O)C,*CCCCCCCCCN1C(=O)c2ccc(C(=O)Oc3ccc(-c4ccc(OC(=O)c5ccc6c(c5)C(=O)N(*)C6=O)cc4)cc3)cc2C1=O,"Polyimides/thioimides, Polyesters/thioesters"
P340078,102401518,0,Addition_polymerization,CC(=C)C(=O)OCC1=CC=C[Se]1,,*CC(*)(C)C(=O)OCc1ccc[se]1,"Polyacrylics, Polyvinyls"
P340089,102401538,0,Addition_polymerization,C=CC(=O)OCCCCCCCCCOC(=O)C1=CC=C(C=C1)OC(=O)C2=CC=C(C=C2)C#N,,*CC(*)C(=O)OCCCCCCCCCOC(=O)c1ccc(OC(=O)c2ccc(C#N)cc2)cc1,"Polyacrylics, Polyvinyls"
P430098,102401579,25689,Polycondensation,C1=CC(=CC=C1C(=O)Cl)N2C(=O)C3=C(C2=O)C=C(C=C3)C4=CC5=C(C=C4)C(=O)N(C5=O)C6=CC=C(C=C6)C(=O)Cl,C1=CC(=CC=C1N)OC2=CC=C(C=C2)S(=O)(=O)C3=CC=C(C=C3)OC4=CC=C(C=C4)N,*c1ccc(C(=O)Nc2ccc(Oc3ccc(S(=O)(=O)c4ccc(Oc5ccc(NC(=O)c6ccc(N7C(=O)c8ccc(-c9ccc%10c(c9)C(=O)N(*)C%10=O)cc8C7=O)cc6)cc5)cc4)cc3)cc2)cc1,"Polyimides/thioimides, Polyoxides/ethers/acetals, Polyamides/thioamides, Polysulfones/sulfoxides/sufonates/sulfoamides"
P340112,102401862,0,Addition_polymerization,CC(C)OC(=O)C=CC(=O)OC12CC3CC(C1)(CC(C3)(C2)C)C,,*C(C(=O)OC(C)C)C(*)C(=O)OC12CC3CC(C)(CC(C)(C3)C1)C2,"Polyacrylics, Polyvinyls"
P400284,102402043,0,Polycondensation,C1=CC=C(C=C1)COC(=O)C(CCC(=O)NC(CCC(=O)OC2=C(C(=C(C(=C2Cl)Cl)Cl)Cl)Cl)C(=O)OCC3=CC=CC=C3)N,,*NC(CCC(*)=O)C(=O)OC,Polyamides/thioamides
P330128,102402050,0,Addition_polymerization,CCCC(CCC)(CCC)OC=C,,*CC(*)OC(CCC)(CCC)CCC,Polyvinyls
P470063,102402052,0,Polycondensation,CCCCC[Si](CCC)(Cl)Cl,,*[Si](*)(CCC)CCCCC,Polysiloxanes/silanes
P400315,102402053,0,Polycondensation,CC(C(=O)NCCCCCCCCCCC(=O)OC1=C(C(=C(C(=C1Cl)Cl)Cl)Cl)Cl)N,,*NC(C)C(=O)NCCCCCCCCCCC(*)=O,Polyamides/thioamides
P390379,102402129,298121,Polycondensation,C1CCC(CC1)C2=CC=C(C=C2)OC3=C(C=CC(=C3)C(=O)Cl)C(=O)Cl,C[Si](C)(C)OC1=CC=C(C=C1)O[Si](C)(C)C,*Oc1ccc(OC(=O)c2ccc(C(*)=O)cc2Oc2ccc(C3CCCCC3)cc2)cc1,Polyesters/thioesters
P330159,102402136,0,Addition_polymerization,CCCCCCNC(=O)OCCCCC#CC#CCCCCOC(=O)NCCCCCC,,*C#C/C(CCCCOC(=O)NCCCCCC)=C(/*)CCCCOC(=O)NCCCCCC,Polyvinyls
P460262,102402168,301558,Polycondensation,C1=CC=C(C=C1)OC2=CC=C(C=C2)C3=CC=C(C=C3)C(=O)C4=C(C=CC(=C4)C5=CC(=C(C=C5)N)C(=O)C6=CC=C(C=C6)C7=CC=C(C=C7)OC8=CC=CC=C8)N,CC(=O)C1=CC=C(C=C1)C2=CC=C(C=C2)C(=O)C,*c1ccc(-c2ccc(-c3cc(-c4ccc(-c5ccc(Oc6ccccc6)cc5)cc4)c4cc(-c5ccc6nc(*)cc(-c7ccc(-c8ccc(Oc9ccccc9)cc8)cc7)c6c5)ccc4n3)cc2)cc1,Polyimines
P460263,102402169,301558,Polycondensation,C1=CC=C(C=C1)C2=CC=C(C=C2)OC3=CC=C(C=C3)C(=O)C4=C(C=CC(=C4)C5=CC(=C(C=C5)N)C(=O)C6=CC=C(C=C6)OC7=CC=C(C=C7)C8=CC=CC=C8)N,CC(=O)C1=CC=C(C=C1)C2=CC=C(C=C2)C(=O)C,*c1ccc(-c2ccc(-c3cc(-c4ccc(Oc5ccc(-c6ccccc6)cc5)cc4)c4cc(-c5ccc6nc(*)cc(-c7ccc(Oc8ccc(-c9ccccc9)cc8)cc7)c6c5)ccc4n3)cc2)cc1,Polyimines
P430500,102402478,9582,Polycondensation,C1=CC=C2C(=C1)C(=C3C(=C2C4=CC=C(C=C4)O)C(=O)N(C3=O)C5=CC=C(C=C5)F)C6=CC=C(C=C6)O,C1=CC(=CC=C1C(=O)C2=CC=C(C=C2)F)F,*c1ccc(Oc2ccc(C(=O)c3ccc(Oc4ccc(-c5c6c(c(*)c7ccccc57)C(=O)N(c5ccc(F)cc5)C6=O)cc4)cc3)cc2)cc1,"Polyimides/thioimides, Polyoxides/ethers/acetals, Polyketones/thioketones"
P430510,102402478,67842,Polycondensation,C1=CC=C2C(=C1)C(=C3C(=C2C4=CC=C(C=C4)O)C(=O)N(C3=O)C5=CC=C(C=C5)F)C6=CC=C(C=C6)O,C1=CC(=CC=C1F)S(=O)(=O)C2=CC=C(C=C2)F,*c1ccc(Oc2ccc(S(=O)(=O)c3ccc(Oc4ccc(-c5c6c(c(*)c7ccccc57)C(=O)N(c5ccc(F)cc5)C6=O)cc4)cc3)cc2)cc1,"Polyimides/thioimides, Polyoxides/ethers/acetals, Polysulfones/sulfoxides/sufonates/sulfoamides"
P430518,102402478,688263,Polycondensation,C1=CC=C2C(=C1)C(=C3C(=C2C4=CC=C(C=C4)O)C(=O)N(C3=O)C5=CC=C(C=C5)F)C6=CC=C(C=C6)O,C1=CC(=CC(=C1)C(=O)C2=CC=C(C=C2)F)C(=O)C3=CC=C(C=C3)F,*c1ccc(Oc2ccc(C(=O)c3cccc(C(=O)c4ccc(Oc5ccc(-c6c7c(c(*)c8ccccc68)C(=O)N(c6ccc(F)cc6)C7=O)cc5)cc4)c3)cc2)cc1,"Polyimides/thioimides, Polyoxides/ethers/acetals, Polyketones/thioketones"
P430504,102402482,9582,Polycondensation,C1=CC=C2C(=C1)C(=C3C(=C2C4=CC=C(C=C4)O)C(=O)N(C3=O)C5=CC=CC=C5C(F)(F)F)C6=CC=C(C=C6)O,C1=CC(=CC=C1C(=O)C2=CC=C(C=C2)F)F,*c1ccc(Oc2ccc(C(=O)c3ccc(Oc4ccc(-c5c6c(c(*)c7ccccc57)C(=O)N(c5ccccc5C(F)(F)F)C6=O)cc4)cc3)cc2)cc1,"Polyimides/thioimides, Polyoxides/ethers/acetals, Polyketones/thioketones"
P430458,102402494,83119,Polycondensation,C1=CC(=CC2=C1C=CC(=C2)OC3=CC=C(C=C3)N4C(=O)C5=C(C4=O)C=C(C=C5)C(=O)O)OC6=CC=C(C=C6)N7C(=O)C8=C(C7=O)C=C(C=C8)C(=O)O,CC(C)(C1=CC=C(C=C1)OC2=CC=C(C=C2)N)C3=CC=C(C=C3)OC4=CC=C(C=C4)N,*C(=O)Nc1ccc(Oc2ccc(C(C)(C)c3ccc(Oc4ccc(NC(=O)c5ccc6c(c5)C(=O)N(c5ccc(Oc7ccc8ccc(Oc9ccc(N%10C(=O)c%11ccc(*)cc%11C%10=O)cc9)cc8c7)cc5)C6=O)cc4)cc3)cc2)cc1,"Polyimides/thioimides, Polyoxides/ethers/acetals, Polyamides/thioamides"
P432155,102402623,82437,Polycondensation,C1=CC2=C(C=C1C(=O)O)C(=O)N(C2=O)CCOCCOCCN3C(=O)C4=C(C3=O)C=C(C=C4)C(=O)O,CC(=O)OC1=CC=C(C=C1)C(C)(C)C2=CC=C(C=C2)OC(=O)C,*CCOCCOCCN1C(=O)c2ccc(C(=O)Oc3ccc(C(C)(C)c4ccc(OC(=O)c5ccc6c(c5)C(=O)N(*)C6=O)cc4)cc3)cc2C1=O,"Polyimides/thioimides, Polyoxides/ethers/acetals, Polyesters/thioesters"
P510060,102402664,0,Polycondensation,C1=CC=C(C=C1)C(C2=CC=C(C=C2)CC#N)(Cl)Cl,,*/C(C#N)=C(\c1ccccc1)c1ccc(*)cc1,Polyphenylenes
P510061,102402665,0,Polycondensation,C1=CC=C(C=C1)C(C2=CC=C(C=C2)COC3=CC=CC=C3)(Cl)Cl,,*/C(=C(\Oc1ccccc1)c1ccc(*)cc1)c1ccccc1,Polyphenylenes
P430280,102403208,146486,Polycondensation,C[Si](C)(C1=CC=C(C=C1)[Si](C)(C)C2=CC3=C(C=C2)C(=O)OC3=O)C4=CC5=C(C=C4)C(=O)OC5=O,C1=CC(=CC(=C1)N)CC2=CC(=CC=C2)N,*c1cccc(Cc2cccc(N3C(=O)c4ccc([Si](C)(C)c5ccc([Si](C)(C)c6ccc7c(c6)C(=O)N(*)C7=O)cc5)cc4C3=O)c2)c1,"Polyimides/thioimides, Polysiloxanes/silanes"
P340175,102403253,0,Addition_polymerization,CCCCCCCCCCCCCCOC(=O)C(=C)C(=O)O,,*CC(*)(C(=O)O)C(=O)OCCCCCCCCCCCCCC,"Polyacrylics, Polyvinyls"
P340176,102403254,0,Addition_polymerization,CC(=C)C(=O)NCCCCCC(=O)NCCCCCC(=O)OC,,*CC(*)(C)C(=O)NCCCCCC(=O)NCCCCCC(=O)OC,"Polyacrylics, Polyvinyls"
P380146,102403301,0,Polycondensation/Polymer_reaction,CCCCOC1=CSC(=C1OCCCC)C=CC2=C(C(=CS2)OCCCC)OCCCC,,*/C=C/c1sc(-c2sc(*)c(OCCCC)c2OCCCC)c(OCCCC)c1OCCCC,Polysulfides
P370830,102403401,0,Ring_opening_polymerization,C1C2C=CC1C3C2C(=O)N(C3=O)CCCCCCCCCCC(=O)OCC4CO4,,*CC(COC(=O)CCCCCCCCCCN1C(=O)C2C3C=CC(C3)C2C1=O)O*,Polyoxides/ethers/acetals
P390446,102403404,0,Polycondensation,COC1=CC=C(C=C1)C(=C(C#N)C2=CC=C(C=C2)C(=O)OC)N3CCC(CC3)CCO,,*COC(=O)c1ccc(/C(C#N)=C(\c2ccc(OC)cc2)N2CCCC(*)C2)cc1,"Polyesters/thioesters, Polyimines"
P452016,102403805,10426,Polycondensation,C1=CC(=CC=C1C=CC2=CC=C(C=C2)OCCOC(CO)CO)[N+](=O)[O-],C(=O)(OC(Cl)(Cl)Cl)Cl,*CC(COC(=O)O*)OCCOc1ccc(/C=C/c2ccc([N+](=O)[O-])cc2)cc1,Polycarbonates/thiocarbonates
P100453,102404163,0,Polycondensation,CC(C(=O)NCC(=O)ON1C(=O)CCC1=O)NC(=O)C(C)NC(=O)C(F)(F)F,,*NC(C)C(=O)NCC(*)=O,Polyamides/thioamides
P382012,102404320,0,Polycondensation,CCCCCCCCCCCCOC1=C(SC(=C1)Br)Br,,*/C=C/c1cc(OCCCCCCCCCCCC)c(*)s1,Polysulfides
P472020,102404370,0,Polycondensation,C1=CC=C(C=C1)CCC[Si](CCCC2=CC=CC=C2)(Cl)Cl,,*[Si](*)(CCCc1ccccc1)CCCc1ccccc1,Polysiloxanes/silanes
P342041,102404381,0,Addition_polymerization,CC(=C)C(=O)OCCC1=CC=C(C=C1)N=NC2=CC=C(C=C2)OC(F)(F)F,,*CC(*)(C)C(=O)OCCc1ccc(/N=N/c2ccc(OC(F)(F)F)cc2)cc1,"Polyacrylics, Polyvinyls"
P342045,102404388,0,Addition_polymerization,CC(=C)C(=O)OCCCCCCC1=CC=C(C=C1)N=NC2=CC=C(C=C2)OC(F)(F)F,,*CC(*)(C)C(=O)OCCCCCCc1ccc(/N=N/c2ccc(OC(F)(F)F)cc2)cc1,"Polyacrylics, Polyvinyls"
P412023,102404389,67831872,Polycondensation,CN(C1=CC=C(C=C1)N(C)C(=O)Cl)C(=O)Cl,C1=CC(=CC=C1C#N)C2=CC=C(C=C2)OCCCCCCC(CO)CO,*CC(CCCCCCOc1ccc(-c2ccc(C#N)cc2)cc1)COC(=O)N(C)c1ccc(N(C)C(=O)O*)cc1,Polyurethanes/thiourethanes
P110192,102404427,13192,Polyaddition,C1=CC=C(C=C1)N=NC2=CC=C(C=C2)NC(=O)CN(CCO)CCO,C(CCCN=C=O)CCN=C=O,*CCN(CCOC(=O)NCCCCCCNC(=O)O*)CC(=O)Nc1ccc(/N=N/c2ccccc2)cc1,"Polyurethanes/thiourethanes, Polyimines"
P412031,102404427,21202,Polyaddition,C1=CC=C(C=C1)N=NC2=CC=C(C=C2)NC(=O)CN(CCO)CCO,C1CC(CCC1CC2CCC(CC2)N=C=O)N=C=O,*CCN(CCOC(=O)NC1CCC(CC2CCC(NC(=O)O*)CC2)CC1)CC(=O)Nc1ccc(/N=N/c2ccccc2)cc1,"Polyurethanes/thiourethanes, Polyimines"
P412034,102404427,7570,Polyaddition,C1=CC=C(C=C1)N=NC2=CC=C(C=C2)NC(=O)CN(CCO)CCO,C1=CC(=CC=C1CC2=CC=C(C=C2)N=C=O)N=C=O,*CCN(CCOC(=O)Nc1ccc(Cc2ccc(NC(=O)O*)cc2)cc1)CC(=O)Nc1ccc(/N=N/c2ccccc2)cc1,"Polyurethanes/thiourethanes, Polyimines"
P342008,102404466,0,Addition_polymerization,CC(=C)C(=O)OCCCCCCC(C(C(C(C(C(C(C(C(C(F)(F)F)(F)F)(F)F)(F)F)(F)F)(F)F)(F)F)(F)F)(F)F)(F)F,,*CC(*)(C)C(=O)OCCCCCCC(F)(F)C(F)(F)C(F)(F)C(F)(F)C(F)(F)C(F)(F)C(F)(F)C(F)(F)C(F)(F)C(F)(F)F,"Polyacrylics, Polyvinyls"
P100636,102404558,0,Polycondensation,CC(C)C(C(=O)NC(C)C(=O)OC1=CC=CC=C1O)NC(=O)C(C)NC(=O)C(C)N,,*NC(C)C(=O)NC(C)C(=O)NC(C)C(=O)NC(C(*)=O)C(C)C,Polyamides/thioamides
P382073,102404755,0,Polycondensation,CCCCCCCCCCCCC1=C(SC=C1)C2=CC=C(C=C2)N,,*c1ccc(Nc2cc(CCCCCCCCCCCC)c(*)s2)cc1,"Polysulfides, Polyimines"
P342058,102405014,0,Addition_polymerization,CC(=C)C(=O)OCCCCCCS(=O)(=O)[O-].[Na+],,*CC(*)(C)C(=O)OCCCCCCS(=O)(=O)O[Na],"Polyacrylics, Polyvinyls"
P372259,102405210,0,Ring_opening_polymerization,C(C1C(O1)COC(C(F)(F)F)(C(F)(F)F)F)OC(C(F)(F)F)(C(F)(F)F)F,,*OC(COC(F)(C(F)(F)F)C(F)(F)F)C(*)COC(F)(C(F)(F)F)C(F)(F)F,Polyoxides/ethers/acetals
P382376,102410644,0,Polycondensation,CCCCC1=C(SC(=C1)C2=C(C=C(S2)Br)CCCCCC(C(C(C(F)(F)F)(F)F)(F)F)(F)F)Br,,*c1cc(CCCCCC(F)(F)C(F)(F)C(F)(F)C(F)(F)F)c(-c2cc(CCCC)c(*)s2)s1,Polysulfides
P510070,102426057,0,Ring_opening_polymerization/Polymer_reaction,CC(C)(C)OC(=O)C1=C(C2C=CC1C=C2)C(=O)OC(C)(C)C,,*/C=C/c1ccc(*)c(C(=O)OC(C)(C)C)c1C(=O)OC(C)(C)C,Polyphenylenes
P510072,102426057,0,Ring_opening_polymerization/Polymer_reaction,CC(C)(C)OC(=O)C1=C(C2C=CC1C=C2)C(=O)OC(C)(C)C,,*/C=C/c1ccc(*)c(C(=O)O[Na])c1C(=O)O[Na],Polyphenylenes
P432118,102446150,101678208,Polycondensation,C1=C2C(=CC3=C1C(=O)N(C3=O)CCCCCCO)C(=O)N(C2=O)CCCCCCO,C1=CC=C(C=C1)OC(=O)OCCCCCCOC(=O)OC2=CC=CC=C2,*CCCCCCOC(=O)OCCCCCCOC(=O)OCCCCCCn1c(=O)c2cc3c(=O)n(*)c(=O)c3cc2c1=O,"Polyimides/thioimides, Polycarbonates/thiocarbonates"
P382378,102460759,0,Polycondensation,CCCCCCCCCC1=C(SC(=C1)C2=C(C=C(S2)Br)CCCCCC(C(C(C(F)(F)F)(F)F)(F)F)(F)F)Br,,*c1cc(CCCCCC(F)(F)C(F)(F)C(F)(F)C(F)(F)F)c(-c2cc(CCCCCCCCC)c(*)s2)s1,Polysulfides
P372245,102506865,0,Polycondensation,CO[PH+]([O-])OCCCCCCO[PH+]([O-])OC,,*CCCCCCOP(=O)(/N=N/c1ccc(Oc2ccc(/N=N/P(=O)(O*)OC)cc2)cc1)OC,"Polyoxides/ethers/acetals, Polyimines"
P372246,102506865,0,Polycondensation,CO[PH+]([O-])OCCCCCCO[PH+]([O-])OC,,*CCCCCCOP(=O)(/N=N/c1ccc(C(=O)c2ccc(/N=N/P(=O)(O*)OC)cc2)cc1)OC,"Polyoxides/ethers/acetals, Polyimines, Polyketones/thioketones"
P373504,102589725,0,Polycondensation,C1CC(=CC2=CC=C(C=C2)OCCCCCCCCO)C(=O)C1=CC3=CC=C(C=C3)OCCCCCCCCO,,*c1ccc(C(=O)OCCCCCCCCOc2ccc(/C=C3\CC/C(=C\c4ccc(OCCCCCCCCOC(=O)c5ccc(-c6nnc(*)o6)cc5)cc4)C3=O)cc2)cc1,"Polyoxides/ethers/acetals, Polyesters/thioesters, Polyimines, Polyketones/thioketones"
P432667,102594557,83119,Polycondensation,C1=CC(=CC=C1C2=CC=C(C=C2)C3=CC=C(C=C3)C4=CC5=C(C=C4)C(=O)OC5=O)C6=CC=C(C=C6)C7=CC8=C(C=C7)C(=O)OC8=O,CC(C)(C1=CC=C(C=C1)OC2=CC=C(C=C2)N)C3=CC=C(C=C3)OC4=CC=C(C=C4)N,*c1ccc(-c2ccc(-c3ccc(-c4ccc(-c5ccc6c(c5)C(=O)N(c5ccc(Oc7ccc(C(C)(C)c8ccc(Oc9ccc(N%10C(=O)c%11ccc(*)cc%11C%10=O)cc9)cc8)cc7)cc5)C6=O)cc4)cc3)cc2)cc1,"Polyimides/thioimides, Polyoxides/ethers/acetals"
P100153,2955,2266,Polycondensation,C1=CC(=CC=C1N)S(=O)(=O)C2=CC=C(C=C2)N,C(CCCC(=O)O)CCCC(=O)O,*c1ccc(NC(=O)CCCCCCCC(=O)Nc2ccc(S(*)(=O)=O)cc2)cc1,"Polyamides/thioamides, Polysulfones/sulfoxides/sufonates/sulfoamides"
P180021,220225,0,Ring_opening_polymerization/Polymer_reaction,N1=P(N=P(N=P1(Cl)Cl)(Cl)Cl)(Cl)Cl,,*N=P(*)(OCC(F)(F)C(F)(F)C(F)(F)C(F)(F)C(F)(F)C(F)(F)C(F)(F)F)OCC(F)(F)C(F)(F)C(F)(F)C(F)(F)C(F)(F)C(F)(F)C(F)(F)F,"Polyphosphazenes, Polyimines"
P342130,100974125,0,Addition_polymerization,CC(=C)C(=O)OCCCCCCCCCCCOC1=CC2=C(C=C1)C=C(C=C2)C(=O)OC3=CC=CC=C3,,*CC(*)(C)C(=O)OCCCCCCCCCCCOc1ccc2cc(C(=O)Oc3ccccc3)ccc2c1,"Polyacrylics, Polyvinyls"
P392661,1110,19835,Polycondensation,C(CC(=O)O)C(=O)O,C(CCCCO)CCCCO,*CCCCCCCCCOC(=O)CCC(=O)O*,Polyesters/thioesters
P320010,101718830,0,Addition_polymerization/Polymer_reaction,CCC(C)OC1=CC(=C(C=C1)OC(C)CC)C=C,,*CC(*)c1cc(O)ccc1O,"Polystyrenes, Polyvinyls"
P140006,2266,0,Polycondensation,C(CCCC(=O)O)CCCC(=O)O,,*OC(=O)CCCCCCCC(*)=O,Polyanhydrides/thioanhydrides
P020094,12541504,0,Addition_polymerization,CCCCOC(=O)C1=CC=C(C=C1)C=C,,*CC(*)c1ccc(C(=O)OCCCC)cc1,"Polystyrenes, Polyvinyls"
P100146,83131,123116,Polycondensation,CNCCCCCCNC,COC(=O)C(C(C(C(=O)OC)(F)F)(F)F)(F)F,*CCCCCCN(C)C(=O)C(F)(F)C(F)(F)C(F)(F)C(=O)N(*)C,Polyamides/thioamides
P452018,10426,0,Polycondensation,C(=O)(OC(Cl)(Cl)Cl)Cl,,*CC(COC(=O)O*)OCCCCCCOc1ccc(/C=C/c2ccc([N+](=O)[O-])cc2)cc1,Polycarbonates/thiocarbonates
P370021,85852,73757,Polycondensation,C1CC2C(CCC(C1O)O2)O,C1=CC=C(C=C1)OC(=O)C2=CC=C(C=C2)C(=O)OC3=CC=CC=C3,*OC(=O)c1ccc(C(=O)OC2CC3CC(*)CC(C2)O3)cc1,"Polyoxides/ethers/acetals, Polyesters/thioesters"
P070064,8028,0,Ring_opening_polymerization,C1CCOC1,,*CCCCO*,Polyoxides/ethers/acetals
P080181,102403380,0,Ring_opening_polymerization,N1=P(N=S(N=P1(Cl)Cl)Cl)(Cl)Cl,,*N=P(Cl)(Cl)N=P(Cl)(Cl)/N=S(/*)Cl,"Polysulfides, Polyphosphazenes, Polyimines"
P370590,11826437,0,Polycondensation,C1=CC(=CC=C1C(=O)C2=CC=C(C=C2)Cl)OC3=CC=C(C=C3)C(=O)C4=CC=C(C=C4)Cl,,*Oc1ccc(C(=O)c2ccc(-c3ccc(C(=O)c4ccc(*)cc4)cc3)cc2)cc1,"Polyoxides/ethers/acetals, Polyketones/thioketones"
P320006,22506484,0,Addition_polymerization/Polymer_reaction,C=CC1=CC=C(C=C1)C(=O)C(F)(F)F,,*CC(*)c1ccc(C(O)C(F)(F)F)cc1,"Polystyrenes, Polyvinyls"
P370157,71006,0,Polycondensation,CC(=O)OC1=CC=C(C=C1)OC(=O)C,,*Oc1ccc(Oc2ccc(Oc3ccc(C(=O)Oc4ccc(OC(=O)c5ccc(*)cc5)cc4)cc3)cc2)cc1,"Polyoxides/ethers/acetals, Polyesters/thioesters"
P400172,72700,101718832,Polycondensation,C1=CC(=CC(=C1)C(=O)NN)C(=O)NN,C1=CC(=CC(=C1)OC(CCCCCCCCC(C(=O)Cl)OC2=CC=CC(=C2)C=O)C(=O)Cl)C=O,*NNC(=O)c1cccc(C(=O)NNC(=O)C(CCCCCCCCC(Oc2cccc(C=O)c2)C(*)=O)Oc2cccc(C=O)c2)c1,Polyamides/thioamides
P390048,66166,5325504,Polycondensation,CCC(C)(C1=CC=C(C=C1)O)C2=CC=C(C=C2)O,C(=CC(=O)Cl)C(=O)Cl,*Oc1ccc(C(C)(CC)c2ccc(OC(=O)/C=C/C(*)=O)cc2)cc1,Polyesters/thioesters
P340057,9793765,0,Addition_polymerization,CCCNC(=O)C(=C)C,,*CC(*)(C)C(=O)NCCC,"Polyacrylics, Polyvinyls"
P372033,232881,0,Polycondensation,C1=CC=C(C=C1)C(C2=CC=CC=C2)(C3=CC=C(C=C3)O)C4=CC=C(C=C4)O,,*Oc1ccc(/C(=N/c2ccc(/N=C(\c3ccccc3)c3ccc(Oc4ccc(C(c5ccccc5)(c5ccccc5)c5ccc(*)cc5)cc4)cc3)cc2)c2ccccc2)cc1,"Polyoxides/ethers/acetals, Polyimines"
P030045,13557,0,Addition_polymerization,CC(C)OC=C,,*CC(*)OC(C)C,Polyvinyls
P342494,101421029,0,Addition_polymerization,CC(=C)C(=O)OCC1=C(C=CC(=C1)Cl)Cl,,*CC(*)(C)C(=O)OCc1cc(Cl)ccc1Cl,"Polyacrylics, Polyvinyls"
P462245,101719036,0,Polycondensation,C1CN1C(=O)CN2C3=CC=CC=C3C4=CC=CC=C42,,*c1ccc2c(c1)c1cc(*)ccc1n2CC1CO1,Polyimines
P070059,12721365,0,Ring_opening_polymerization,CCOCC1(COC1)COCC,,*CC(CO*)(COCC)COCC,Polyoxides/ethers/acetals
P370022,130124554,15088,Polycondensation,C1C(CC2CC(CC1O2)O)O,COC(=O)C1=CC(=CC=C1)C(=O)OC,*OC(=O)c1cccc(C(=O)OC2CC3CC(*)CC(C2)O3)c1,"Polyoxides/ethers/acetals, Polyesters/thioesters"
P322006,637511,227,Addition_polymerization,C1=CC=C(C=C1)C=CC=O,C1=CC=C(C(=C1)C(=O)O)N,*C(/C=N/c1ccccc1C(=O)O)C(*)c1ccccc1,"Polystyrenes, Polyvinyls"
P342094,59668563,0,Addition_polymerization,CC(=C)C(=O)OCCCCOC1=CC=C(C=C1)C(=O)OC2=CC=C(C=C2)OC,,*CC(*)(C)C(=O)OCCCCOc1ccc(OC(=O)c2ccc(OC)cc2)cc1,"Polyacrylics, Polyvinyls"
P460046,34777,239976,Polycondensation,C1=CC(=CC(=C1)C=O)C=O,CC1=CC(=NC(=N1)C2=CC=CC=C2)C,*/C=C/c1cccc(/C=C/c2cc(*)nc(-c3ccccc3)n2)c1,Polyimines
P100223,69534,10458,Polycondensation,C(CCCCN)CCCCN,C(CCCCCC(=O)O)CCCCCC(=O)O,*CCCCCCCCCNC(=O)CCCCCCCCCCCC(=O)N*,Polyamides/thioamides
P373705,169132,102296707,Polyaddition,CC1(CC(CC(C1)(C)CN=C=O)N=C=O)C,C1=CC=C(C=C1)OC2=CC=C(C=C2)C3=C(C=CC(=C3)N)OC4=C(C=C(C=C4)N)C5=CC=C(C=C5)OC6=CC=CC=C6,*Oc1ccc(NC(=O)NC2CC(C)(C)CC(C)(CNC(=O)Nc3ccc(*)c(-c4ccc(Oc5ccccc5)cc4)c3)C2)cc1-c1ccc(Oc2ccccc2)cc1,"Polyoxides/ethers/acetals, Polyureas/thioureas"
P402416,16402,291803,Polycondensation,C(CCCN)CCN,C1=CC=C(C(=C1)C(=O)NNC(=O)C2=CC=CC=C2C(=O)O)C(=O)O,*NNC(=O)c1ccccc1C(=O)NCCCCCCNC(=O)c1ccccc1C(*)=O,Polyamides/thioamides
P472052,14092831,0,Ring_opening_polymerization,CCCC[Si]1(C#C[Si]([Si](C#C[Si]1(CCCC)CCCC)(CCCC)CCCC)(CCCC)CCCC)CCCC,,*C#C[Si](CCCC)(CCCC)[Si](*)(CCCC)CCCC,Polysiloxanes/silanes
P030096,13028,0,Addition_polymerization,C=CC(=O)C1=CC=CC=C1,,*CC(*)C(=O)c1ccccc1,Polyvinyls
P320003,12541555,0,Addition_polymerization,CCCCCCCCOCC1=CC=CC=C1C=C,,*CC(*)c1ccccc1COCCCCCCCC,"Polystyrenes, Polyvinyls"
P372792,1097197,0,Polycondensation,C1=CC=C(C=C1)OC2=CC=C(C=C2)S(=O)(=O)C3=CC=C(C=C3)OC4=CC=CC=C4,,*Oc1ccc(S(=O)(=O)c2ccc(Oc3ccc(C(=O)c4cc(C(=O)c5ccc(*)cc5)cc(C(C)(C)C)c4)cc3)cc2)cc1,"Polyoxides/ethers/acetals, Polyketones/thioketones, Polysulfones/sulfoxides/sufonates/sulfoamides"
P502013,20060820,76950,Polycondensation,C1CC2CC1CC2(C3=CC(=C(C(=C3)Br)O)Br)C4=CC(=C(C(=C4)Br)O)Br,C1=CC(=CC=C1C2=CC=C(C=C2)S(=O)(=O)Cl)S(=O)(=O)Cl,*OS(=O)(=O)c1ccc(-c2ccc(S(=O)(=O)Oc3c(Br)cc(C4(c5cc(Br)c(*)c(Br)c5)CC5CCC4C5)cc3Br)cc2)cc1,Polysulfones/sulfoxides/sufonates/sulfoamides
P462056,59629373,0,Polycondensation,CC1=CC(=CN=C1C2=NC=C(C=C2C)Br)Br,,*c1ncc(-c2cnc(*)c(C)c2)cc1C,Polyimines
P020086,12541514,0,Addition_polymerization,C=CC1=CC=C(C=C1)C(=O)N2CCCCC2,,*CC(*)c1ccc(C(=O)N2CCCCC2)cc1,"Polystyrenes, Polyvinyls"
P432305,75494,100972708,Polycondensation,C1=CC2=C(C=C1C3=CC4=C(C=C3)C(=O)OC4=O)C(=O)OC2=O,CCCCCCCCOC(=O)C1=C(C(=CC(=C1)N)Br)C2=C(C=C(C=C2Br)N)C(=O)OCCCCCCCC,*c1cc(Br)c(-c2c(Br)cc(N3C(=O)c4ccc(-c5ccc6c(c5)C(=O)N(*)C6=O)cc4C3=O)cc2C(=O)OCCCCCCCC)c(C(=O)OCCCCCCCC)c1,Polyimides/thioimides
P400200,75659,0,Addition_polymerization,CCCCCCN=C=O,,*C(=O)N(*)CCCCCC,Polyamides/thioamides
P462485,262960,0,Polycondensation,C1=CC(=CC=C1C(=O)C2=CC=C(C=C2)Br)C(=O)C3=CC=C(C=C3)Br,,*Nc1ccc(C(=O)c2ccc(C(=O)c3ccc(Nc4ccc5c(c4)c4cc(*)ccc4n5CC(CC)CCCC)cc3)cc2)cc1,"Polyimines, Polyketones/thioketones"
P402403,7451,0,Polycondensation,C1=CC(=CC(=C1)C(=O)Cl)C(=O)Cl,,*Nc1cc(NC(=O)c2cccc(C(*)=O)c2)cc(C(=O)Oc2ccc(Oc3ccc(C#N)c(C#N)c3)cc2)c1,Polyamides/thioamides
P432503,3084646,100951155,Polycondensation,C1=CC(=C2C(=C1)C(=O)OC2=O)C3=CC4=C(C=C3)C(=O)OC4=O,C1=CC(=CC(=C1)OCCCCCCCCCOC2=CC=CC(=C2)N)N,*c1cccc(OCCCCCCCCCOc2cccc(N3C(=O)c4ccc(-c5cccc6c5C(=O)N(*)C6=O)cc4C3=O)c2)c1,"Polyimides/thioimides, Polyoxides/ethers/acetals"
P360022,556711,0,Ring_opening_polymerization,CC12CCC(C1)C=C2,,*/C=C/C1CCC(*)(C)C1,Polydienes
P330173,102426057,0,Ring_opening_polymerization,CC(C)(C)OC(=O)C1=C(C2C=CC1C=C2)C(=O)OC(C)(C)C,,*/C=C/C1C=CC(*)C(C(=O)OC(C)(C)C)=C1C(=O)OC(C)(C)C,Polyvinyls
P342081,101003774,0,Addition_polymerization,CC(=C)C(=O)OC1=CC=C(C=C1)C(=O)OC2=CC=C(C=C2)OC3=CC=CC=C3,,*CC(*)(C)C(=O)Oc1ccc(C(=O)Oc2ccc(Oc3ccccc3)cc2)cc1,"Polyacrylics, Polyvinyls"
P370033,2831290,257513,Polyaddition,C1C(O1)COC2=CC=C(C=C2)S(=O)(=O)C3=CC=C(C=C3)OCC4CO4,CC1=C(C=CC(=C1)S(=O)(=O)C2=CC(=C(C=C2)O)C)O,*CC(O)COc1ccc(S(=O)(=O)c2ccc(OCC(O)COc3ccc(S(=O)(=O)c4ccc(O*)c(C)c4)cc3C)cc2)cc1,"Polyoxides/ethers/acetals, Polysulfones/sulfoxides/sufonates/sulfoamides"
P090169,12329,7735,Polycondensation,COC(=O)CCCCC(=O)OC,C1CC(CCC1CO)CO,*CC1CCC(COC(=O)CCCCC(=O)O*)CC1,Polyesters/thioesters
P342040,102146659,0,Addition_polymerization,CCCCCCC(C)OC1=C(C=C(C=C1)C(=O)OC2=CC=C(C=C2)C3=CC=C(C=C3)OCCCCCCCCCCCOC(=O)C=C)[N+](=O)[O-],,*CC(*)C(=O)OCCCCCCCCCCCOc1ccc(-c2ccc(OC(=O)c3ccc(OC(C)CCCCCC)c([N+](=O)[O-])c3)cc2)cc1,"Polyacrylics, Polyvinyls"
P210060,14298098,0,Ring_opening_polymerization,C1CC2=CC(=C(CCC3=C(C=C1C=C3Cl)Cl)C(=C2)Cl)Cl,,*CCc1cc(Cl)c(*)c(Cl)c1,Polyphenylenes
P382258,85794137,0,Polycondensation,CCCCCCCCCCCCSC1=C(SC=C1)C2=CC=C(C=C2)C3=C(C=CS3)SCCCCCCCCCCCC,,*c1ccc(-c2sc(-c3cc(SCCCCCCCCCCCC)c(*)s3)cc2SCCCCCCCCCCCC)cc1,Polysulfides
P380117,12078077,0,Polycondensation,CCCCCCOC(=O)C1=C(SC(=C1)Br)Br,,*c1cc(C(=O)OCCCCCC)c(*)s1,Polysulfides
P382304,86210566,0,Polycondensation,CCCCCCCC1=C(SC=C1)C2=CC(=C3C2=CC=CC=C3)C4=C(C=CS4)CCCCCCC,,*c1cc(-c2sc(-c3cc(CCCCCCC)c(*)s3)cc2CCCCCCC)c2cccccc1-2,Polysulfides
P120047,7577,7570,Polyaddition,C1=CC(=CC=C1CC2=CC=C(C=C2)N)N,C1=CC(=CC=C1CC2=CC=C(C=C2)N=C=O)N=C=O,*Nc1ccc(Cc2ccc(NC(*)=O)cc2)cc1,Polyureas/thioureas
P070665,65083,0,Polycondensation,C1=CC(=C(C=C1C(=O)O)N)O,,*c1ccc2oc(*)nc2c1,"Polyoxides/ethers/acetals, Polyimines"
P342109,102272400,0,Addition_polymerization,CCCCCCOC1=CC=C(C=C1)C(=O)OC2=CC=C(C=C2)OCCCCCCCCCCOC(=O)C(=C)C,,*CC(*)(C)C(=O)OCCCCCCCCCCOc1ccc(OC(=O)c2ccc(OCCCCCC)cc2)cc1,"Polyacrylics, Polyvinyls"
P340044,10905725,0,Addition_polymerization,CC(=C)C(=O)OCCCCCCOC1=CC=C(C=C1)C(=O)OC2=CC=C(C=C2)OC,,*CC(*)(C)C(=O)OCCCCCCOc1ccc(C(=O)Oc2ccc(OC)cc2)cc1,"Polyacrylics, Polyvinyls"
P390098,12292,174,Polycondensation,CC(CCC(=O)O)CC(=O)O,C(CO)O,*CCOC(=O)CCC(C)CC(=O)O*,Polyesters/thioesters
P370636,11784159,17471,Polycondensation,C1=CC=C(C=C1)C(=O)C2=C(C=CC(=C2)C3=CC(=C(C=C3)N)C(=O)C4=CC=CC=C4)N,CC(=O)C1=CC=C(C=C1)OC2=CC=C(C=C2)C(=O)C,*c1ccc(Oc2ccc(-c3cc(-c4ccccc4)c4cc(-c5ccc6nc(*)cc(-c7ccccc7)c6c5)ccc4n3)cc2)cc1,"Polyoxides/ethers/acetals, Polyimines"
P340087,102401535,0,Addition_polymerization,C=CC(=O)OCCCCCCCOC(=O)C1=CC=C(C=C1)OC(=O)C2=CC=C(C=C2)C#N,,*CC(*)C(=O)OCCCCCCCOC(=O)c1ccc(OC(=O)c2ccc(C#N)cc2)cc1,"Polyacrylics, Polyvinyls"
P100180,8110,0,Addition_polymerization,CCCCN=C=O,,*C(=O)N(*)CCCC,Polyamides/thioamides
P342451,9320672,0,Addition_polymerization,CC(=C)C(=O)NC1=CC=C(C=C1)C(=O)C=CC2=CC=C(C=C2)OC,,*CC(*)(C)C(=O)Nc1ccc(C(=O)/C=C/c2ccc(OC)cc2)cc1,"Polyacrylics, Polyvinyls"
P432474,75498,22020547,Polycondensation,C1=CC2=C(C=C1C(=O)C3=CC4=C(C=C3)C(=O)OC4=O)C(=O)OC2=O,CC1=CC(=CC(=C1OC2=CC=C(C=C2)N)C)CC3=CC(=C(C(=C3)C)OC4=CC=C(C=C4)N)C,*C(=O)c1ccc2c(c1)C(=O)N(c1ccc(Oc3c(C)cc(Cc4cc(C)c(Oc5ccc(N6C(=O)c7ccc(*)cc7C6=O)cc5)c(C)c4)cc3C)cc1)C2=O,"Polyimides/thioimides, Polyoxides/ethers/acetals, Polyketones/thioketones"
P370408,14357,19007794,Polycondensation,C1=CC2=C(C=CC(=C2)C(=O)O)C=C1C(=O)O,C1=CC2=C(C=C(C=C2)OC3=CC=C(C=C3)N)C(=C1)OC4=CC=C(C=C4)N,*Oc1cccc2ccc(Oc3ccc(NC(=O)c4ccc5cc(C(=O)Nc6ccc(*)cc6)ccc5c4)cc3)cc12,"Polyoxides/ethers/acetals, Polyamides/thioamides"
P430511,102402479,67842,Polycondensation,C1=CC=C2C(=C1)C(=C3C(=C2C4=CC=C(C=C4)O)C(=O)N(C3=O)C5=CC=CC(=C5)C(F)(F)F)C6=CC=C(C=C6)O,C1=CC(=CC=C1F)S(=O)(=O)C2=CC=C(C=C2)F,*c1ccc(Oc2ccc(S(=O)(=O)c3ccc(Oc4ccc(-c5c6c(c(*)c7ccccc57)C(=O)N(c5cccc(C(F)(F)F)c5)C6=O)cc4)cc3)cc2)cc1,"Polyimides/thioimides, Polyoxides/ethers/acetals, Polysulfones/sulfoxides/sufonates/sulfoamides"
P342492,70529450,0,Addition_polymerization,CC(=C)C(=O)OCC1=C(C(=CC=C1)Cl)Cl,,*CC(*)(C)C(=O)OCc1cccc(Cl)c1Cl,"Polyacrylics, Polyvinyls"
P080145,8030,0,Polycondensation,C1=CSC=C1,,*C1C=CC(*)S1,Polysulfides
P460252,102402166,102402165,Polycondensation,C1=CC=C(C=C1)C(=O)C2=C(C=CC(=C2)C3(C4=CC=CC=C4C(=O)C5=CC=CC=C53)C6=CC(=C(C=C6)N)C(=O)C7=CC=CC=C7)N,CC(=O)C1=CC=C(C=C1)C2(C3=CC=CC=C3C(=O)C4=CC=CC=C42)C5=CC=C(C=C5)C(=O)C,*c1ccc(C2(c3ccc(-c4cc(-c5ccccc5)c5cc(C6(c7ccc8nc(*)cc(-c9ccccc9)c8c7)c7ccccc7C(=O)c7ccccc76)ccc5n4)cc3)c3ccccc3C(=O)c3ccccc32)cc1,"Polyimines, Polyketones/thioketones"
P360035,95605,0,Addition_polymerization,C1CC2CC1C3C2C=CC3,,*/C=C/C1CC(*)C2CCCC12,Polydienes
P110026,2779375,76207,Polycondensation,C(C(C(C(C(CN)(F)F)(F)F)(F)F)(F)F)N,C(CCCOC(=O)Cl)CCOC(=O)Cl,*CCCCCCOC(=O)NCC(F)(F)C(F)(F)C(F)(F)C(F)(F)CNC(=O)O*,Polyurethanes/thiourethanes
P372169,74574,7814,Polyaddition,C1=CC2=C(C=C1OC3=CC4=C(C=C3)C(=O)OC4=O)C(=O)OC2=O,C1=CC(=CC=C1N)N,*Oc1ccc(C(=O)O)c(C(=O)Nc2ccc(NC(=O)c3cc(*)ccc3C(=O)O)cc2)c1,"Polyoxides/ethers/acetals, Polyamides/thioamides"
P070004,527,0,Addition_polymerization,CCC=O,,*OC(*)CC,Polyoxides/ethers/acetals
P210012,101062658,123130,Polycondensation,C1=CC=C(C=C1)C2=C(C(=O)C(=C2C3=CC=C(C=C3)CCCC4=CC=C(C=C4)C5=C(C(=O)C(=C5C6=CC=CC=C6)C7=CC=CC=C7)C8=CC=CC=C8)C9=CC=CC=C9)C1=CC=CC=C1,C#CC1=CC(=CC=C1)C#C,*CCCc1ccc(-c2c(-c3ccccc3)cc(-c3cccc(-c4cc(-c5ccccc5)c(-c5ccc(*)cc5)c(-c5ccccc5)c4-c4ccccc4)c3)c(-c3ccccc3)c2-c2ccccc2)cc1,Polyphenylenes
P090319,101055995,12374,Polycondensation,CCCCOC(=O)C1=CC=C(C=C1)C(=O)NCCCCCNC(=O)C2=CC=C(C=C2)C(=O)OCCCC,C(CCCO)CCO,*CCCCCCOC(=O)c1ccc(C(=O)NCCCCCNC(=O)c2ccc(C(=O)O*)cc2)cc1,"Polyesters/thioesters, Polyamides/thioamides"
P400258,85862,7489,Polycondensation,CC(CCCN)CN,C1=CC(=CC=C1C(=O)O)C(=O)O,*CCCC(C)CNC(=O)c1ccc(C(=O)N*)cc1,Polyamides/thioamides
P382363,7814,0,Polycondensation,C1=CC(=CC=C1N)N,,*Sc1ccc(C(=O)CNc2ccc(NCC(=O)c3ccc(*)cc3)cc2)cc1,"Polysulfides, Polyimines, Polyketones/thioketones"
P372090,75498,66342,Polycondensation,C1=CC2=C(C=C1C(=O)C3=CC4=C(C=C3)C(=O)OC4=O)C(=O)OC2=O,C1=CC(=CC(=C1)OC2=CC(=CC=C2)OC3=CC=CC(=C3)N)N,*C(=O)c1ccc2c(c1)/C(=N\c1cccc(Oc3cccc(Oc4cccc(/N=C5/OC(=O)c6ccc(*)cc65)c4)c3)c1)OC2=O,"Polyoxides/ethers/acetals, Polyesters/thioesters, Polyimines, Polyketones/thioketones"
P433532,75494,2305151,Polycondensation,C1=CC2=C(C=C1C3=CC4=C(C=C3)C(=O)OC4=O)C(=O)OC2=O,C1=CC(=C(C=C1N)Br)OC2=C(C=C(C=C2)N)Br,*c1ccc(Oc2ccc(N3C(=O)c4ccc(-c5ccc6c(c5)C(=O)N(*)C6=O)cc4C3=O)cc2Br)c(Br)c1,"Polyimides/thioimides, Polyoxides/ethers/acetals"
P372053,12547826,10400,Polycondensation,C1=C(OC(=C1)SC2=CC=C(O2)C=O)C=O,C1CCCC(=O)CC1,*/C=C1\CCCC/C(=C\c2ccc(Sc3ccc(*)o3)o2)C1=O,"Polyoxides/ethers/acetals, Polysulfides, Polyketones/thioketones"
P472036,102091787,0,Ring_opening_polymerization,CCCC[Si]1(O[Si](O[Si](O1)(C)CCCC)(C)CCCC)C,,*O[Si](*)(C)CCCC,Polysiloxanes/silanes
P430205,75498,97238,Polycondensation,C1=CC2=C(C=C1C(=O)C3=CC4=C(C=C3)C(=O)OC4=O)C(=O)OC2=O,C1=CC2=C(C=C1N)C(=O)C3=C2C=CC(=C3)N,*C(=O)c1ccc2c(c1)C(=O)N(c1ccc3c(c1)C(=O)c1cc(N4C(=O)c5ccc(*)cc5C4=O)ccc1-3)C2=O,"Polyimides/thioimides, Polyketones/thioketones"
P520002,7804,0,Polycondensation,C1=CC(=CC=C1Br)Br,,*[Se]c1ccc(*)cc1,Other polymers
P332073,86171103,0,Addition_polymerization,CCCC1CCC(CC1)C2=CC=C(C=C2)OCCCC#C,,*/C=C(/*)CCCOc1ccc(C2CCC(CCC)CC2)cc1,Polyvinyls
P462437,78502,0,Polycondensation,C1=CC(=CC2=C1C=CN2)[N+](=O)[O-],,*c1[nH]c2cc([N+](=O)[O-])ccc2c1*,Polyimines
P372669,660572,12368,Polycondensation,C=C(C1=CC=C(C=C1)O)C2=CC=C(C=C2)O,C(CCCBr)CCBr,*CCCCCCOc1ccc(/C=C/c2ccc(O*)cc2)cc1,Polyoxides/ethers/acetals
P462151,220225,0,Ring_opening_polymerization/Polymer_reaction,C(=C/c1ccccc1)\\COP1(OC/C=C/c2ccccc2)=NP(OC/C=C/c2ccccc2)(OC/C=C/c2ccccc2)=NP(OC/C=C/c2ccccc2)(OC/C=C/c2ccccc2)=N1,,*N=P(*)(OC/C=C/c1ccccc1)OC/C=C/c1ccccc1,"Polyphosphazenes, Polyimines"
P432982,4246116,12799,Polycondensation,C1=CC(=CC=C1C(=O)Cl)N=NC2=CC=C(C=C2)C(=O)Cl,C1CCC2(CC1)C(=O)NC(=O)N2,*C(=O)c1ccc(/N=N/c2ccc(C(=O)N3C(=O)N(*)C4(CCCCC4)C3=O)cc2)cc1,"Polyimides/thioimides, Polyureas/thioureas, Polyimines, Polyketones/thioketones"
P310011,8079,0,Addition_polymerization,C1CCC=CC1,,*C1CCCCC1*,Polyolefins
P342031,85573157,0,Addition_polymerization,C=CC(=O)OCCCCCN1C2=CC=CC=C2C3=CC=CC=C31,,*CC(*)C(=O)OCCCCCn1c2ccccc2c2ccccc21,"Polyacrylics, Polyvinyls"
P390375,21693336,298121,Polycondensation,C1=CC(=CC=C1OC2=C(C=CC(=C2)C(=O)Cl)C(=O)Cl)Br,C[Si](C)(C)OC1=CC=C(C=C1)O[Si](C)(C)C,*Oc1ccc(OC(=O)c2ccc(C(*)=O)cc2Oc2ccc(Br)cc2)cc1,Polyesters/thioesters
P372247,102506869,0,Polycondensation,CO[PH+]([O-])OCCOCCO[PH+]([O-])OC,,*CCOCCOP(=O)(/N=N/c1ccc(-c2ccc(/N=N/P(=O)(O*)OC)cc2)cc1)OC,"Polyoxides/ethers/acetals, Polyimines"
P380006,2771566,614540,Polycondensation,C(C(=S)N)C(=S)N,C1=CC(=CC=C1C(=O)CBr)C(=O)CBr,*Cc1nc(-c2ccc(-c3csc(*)n3)cc2)cs1,"Polysulfides, Polyimines"
P320059,14085,136705,Addition_polymerization,C=CC1=CC=C(C=C1)Cl,C=C(C#N)C#N,*CC(CC(*)(C#N)C#N)c1ccc(Cl)cc1,"Polystyrenes, Polyvinyls"
P100457,1317,10365,Polycondensation,C(CCCCCN)CCCCN,C1=CN=C(C=C1C(=O)O)C(=O)O,*C(=O)NCCCCCCCCCCNC(=O)c1ccnc(*)c1,"Polyamides/thioamides, Polyimines"
P342186,6443371,0,Addition_polymerization,CC(=C)C(=O)OCCN(C)C1=CC=C(C=C1)C=CC2=CC=C(C=C2)[N+](=O)[O-],,*CC(*)(C)C(=O)OCCN(C)c1ccc(/C=C/c2ccc([N+](=O)[O-])cc2)cc1,"Polyacrylics, Polyvinyls"
P312014,18936,0,Addition_polymerization,CCCCCCCCCCCCCCCCCCC=C,,*CC(*)CCCCCCCCCCCCCCCCCC,Polyolefins
P402048,29942460,101916073,Polycondensation,CN(C)C1=CC=C(C=C1)C=CC2=CC(=C(C=C2N)[N+](=O)[O-])N,C1=C(C=C(C(=C1F)C(=O)Cl)F)C(=O)Cl,*Nc1cc([N+](=O)[O-])c(NC(=O)c2c(F)cc(C(*)=O)cc2F)cc1/C=C/c1ccc(N(C)C)cc1,Polyamides/thioamides
P174328,53761455,0,Ring_opening_polymerization,CCCCCC[Si]1(O[Si](O[Si](O1)(C)CCCCCC)(C)CCCCCC)C,,*O[Si](*)(C)CCCCCC,Polysiloxanes/silanes
P370121,70391541,0,Ring_opening_polymerization,CC1(OCC2(COC2)CO1)C,,*COCC1(*)COC(C)(C)OC1,Polyoxides/ethers/acetals
P462018,7203,0,Polycondensation,CCOC1=CC=CC=C1N,,*Nc1ccc(*)cc1OCC,Polyimines
P370135,101717233,0,Polycondensation,COC(=O)CCCCCCCC1OCC2=CC3=C(COC(OC3)CCCCCCCC(=O)OCCO)C=C2CO1,,*CCCCCCCC(=O)OCCOC(=O)CCCCCCCC1OCc2cc3c(cc2CO1)COC(*)OC3,"Polyoxides/ethers/acetals, Polyesters/thioesters"
P390200,10564578,7488,Polycondensation,CCCCCCCCCCCCC1=C(C=CC(=C1)O)O,C1=CC(=CC=C1C(=O)Cl)C(=O)Cl,*Oc1ccc(OC(=O)c2ccc(C(*)=O)cc2)cc1CCCCCCCCCCCC,Polyesters/thioesters
P342420,101744460,0,Addition_polymerization,CCCCCOC1=CC=C(C=C1)C(=O)OC2=CC=C(C=C2)OC(=O)C3=CC=C(C=C3)OCCOC(=O)C=C,,*CC(*)C(=O)OCCOc1ccc(C(=O)Oc2ccc(OC(=O)c3ccc(OCCCCC)cc3)cc2)cc1,"Polyacrylics, Polyvinyls"
P040264,23087,0,Addition_polymerization,CCCCOC(=O)C(=C)C#N,,*CC(*)(C#N)C(=O)OCCCC,"Polyacrylics, Polyvinyls"
P470144,19806464,0,Ring_opening_polymerization,C=C[Si]1(CC=CC1)C=C,,*C/C=C/C[Si](*)(C=C)C=C,Polysiloxanes/silanes
P332138,91961,0,Addition_polymerization,C[SiH](C)O[Si](C)(C)C=C,,*CC(*)[Si](C)(C)O[SiH](C)C,Polyvinyls
P160017,293673,0,Ring_opening_polymerization,C1CN=C(OC1)C2=CC=CC=C2,,*CCCN(*)C(=O)c1ccccc1,Polyimines
P433135,70677,155899342,Polycondensation,C1=CC2=C(C=C1C(C3=CC4=C(C=C3)C(=O)OC4=O)(C(F)(F)F)C(F)(F)F)C(=O)OC2=O,CC1=CC(=CC(=C1OC2=CC(=CC(=C2)N)C(F)(F)F)C)C3=CC(=C(C(=C3)C)OC4=CC(=CC(=C4)N)C(F)(F)F)C,*c1ccc2c(c1)C(=O)N(c1cc(Oc3c(C)cc(-c4cc(C)c(Oc5cc(N6C(=O)c7ccc(C(*)(C(F)(F)F)C(F)(F)F)cc7C6=O)cc(C(F)(F)F)c5)c(C)c4)cc3C)cc(C(F)(F)F)c1)C2=O,"Polyimides/thioimides, Polyoxides/ethers/acetals"
P460035,101052822,0,Ring_opening_polymerization,CSC1=CC=C(C=C1)OCCCC2=NCCO2,,*CCN(*)C(=O)CCCOc1ccc(SC)cc1,Polyimines
P340179,156907898,0,Addition_polymerization,CC(=C)C(=O)NCCCCCCCCCCC(=O)NCCCCCCCCCCC(=O)O,,*CC(*)(C)C(=O)NCCCCCCCCCCC(=O)NCCCCCCCCCCC(=O)O,"Polyacrylics, Polyvinyls"
P084418,15637573,0,Addition_polymerization,C=C1C=CC(=C)S1,,*CCc1ccc(*)s1,Polysulfides
P372336,10442224,0,Ring_opening_polymerization,COCCOCCOCC1CO1,,*CC(COCCOCCOC)O*,Polyoxides/ethers/acetals
P330111,101916957,0,Addition_polymerization,C#CC1=CC=C(C=C1)N2C(=O)C3=CC4=C(C=C3C2=O)C(=O)N(C4=O)C5=CC=C(C=C5)C#C,,*/C=C(/*)c1ccc(-n2c(=O)c3cc4c(=O)n(-c5ccc(C#C)cc5)c(=O)c4cc3c2=O)cc1,Polyvinyls
P432207,70677,102404459,Polycondensation,C1=CC2=C(C=C1C(C3=CC4=C(C=C3)C(=O)OC4=O)(C(F)(F)F)C(F)(F)F)C(=O)OC2=O,C1=CC(=CC(=C1)NC(=O)C(C(C(C(C(C(C(=O)NC2=CC=CC(=C2)N)(F)F)(F)F)(F)F)(F)F)(F)F)(F)F)N,*c1ccc2c(c1)C(=O)N(c1cccc(NC(=O)C(F)(F)C(F)(F)C(F)(F)C(F)(F)C(F)(F)C(F)(F)C(=O)Nc3cccc(N4C(=O)c5ccc(C(*)(C(F)(F)F)C(F)(F)F)cc5C4=O)c3)c1)C2=O,"Polyimides/thioimides, Polyamides/thioamides"
P510059,102402663,0,Polycondensation,C1=CC=C(C=C1)C(C2=CC=C(C=C2)CCl)(Cl)Cl,,*/C(Cl)=C(\c1ccccc1)c1ccc(*)cc1,Polyphenylenes
P510065,71349902,0,Polycondensation,CCCCCCCCCCCCOC1=CC(=CC(=C1)Cl)Cl,,*c1cc(*)cc(OCCCCCCCCCCCC)c1,Polyphenylenes
P330065,13214245,0,Polycondensation,CCCCOC(CBr)Br,,*/C=C(/*)OCCCC,Polyvinyls
P100650,101717933,0,Polycondensation,C(CNC(=O)CN)C(=O)NCCC(=O)OC1=C(C(=C(C(=C1Cl)Cl)Cl)Cl)Cl,,*CCC(=O)NCCC(=O)NCC(=O)N*,Polyamides/thioamides
P342424,101369658,0,Addition_polymerization,C=CC(=O)NC1=CC=C(C=C1)C(=O)C=CC2=CC(=CC=C2)Br,,*CC(*)C(=O)Nc1ccc(C(=O)/C=C/c2cccc(Br)c2)cc1,"Polyacrylics, Polyvinyls"
P460179,69300698,0,Ring_opening_polymerization,CN1[Si](N([Si]1(C)C=C)C)(C)C=C,,*N(C)[Si](*)(C)C=C,"Polyimines, Polysiloxanes/silanes"
P462020,138265,0,Polycondensation,CCCCOC1=CC=CC=C1N,,*Nc1ccc(*)cc1OCCCC,Polyimines
P342140,70476185,0,Addition_polymerization,CCC1(COC(OC1)C2=CC=CC=C2)COC(=O)C=C,,*CC(*)C(=O)OCC1(CC)COC(c2ccccc2)OC1,"Polyacrylics, Polyvinyls"
P342168,22458847,0,Addition_polymerization,CCN1C2=C(C=C(C=C2)COC(=O)C(=C)C)C3=CC=CC=C31,,*CC(*)(C)C(=O)OCc1ccc2c(c1)c1ccccc1n2CC,"Polyacrylics, Polyvinyls"
P340018,18618584,0,Addition_polymerization,CCCCCCCCCOC(=O)CC(=C)C(=O)OCCCCCCCCC,,*CC(*)(CC(=O)OCCCCCCCCC)C(=O)OCCCCCCCCC,"Polyacrylics, Polyvinyls"
P342169,86101388,0,Addition_polymerization,CCCCN1C2=C(C=C(C=C2)COC(=O)C(=C)C)C3=CC=CC=C31,,*CC(*)(C)C(=O)OCc1ccc2c(c1)c1ccccc1n2CCCC,"Polyacrylics, Polyvinyls"
P460150,7814,85603485,Polycondensation,C1=CC(=CC=C1N)N,CCCCCCCCCCCCCCCCCCOC1=CC(=C(C=C1C=O)OCCCCCCCCCCCCCCCCCC)C=O,*=Cc1cc(OCCCCCCCCCCCCCCCCCC)c(/C=N/c2ccc(N=*)cc2)cc1OCCCCCCCCCCCCCCCCCC,Polyimines
P342182,102405296,0,Addition_polymerization,CC(=C)C(=O)OCCN(C)C1=CC=C(C=C1)N=NC2=C(C=CC(=C2)Cl)Cl,,*CC(*)(C)C(=O)OCCN(C)c1ccc(/N=N/c2cc(Cl)ccc2Cl)cc1,"Polyacrylics, Polyvinyls"
P322110,102348460,0,Ring_opening_polymerization,CCC(C)OCC1=CC=C(C=C1)C2CC3CC2C4C3C5CC4C=C5,,*CCC1CC(*)C2C3CC(c4ccc(COC(C)CC)cc4)C(C3)C12,"Polystyrenes, Polyvinyls"
P342394,71349165,0,Addition_polymerization,CC(=C)C(=O)NC1=CC=CC(=C1)C2=NN=C(O2)C3=CC=CC=C3,,*CC(*)(C)C(=O)Nc1cccc(-c2nnc(-c3ccccc3)o2)c1,"Polyacrylics, Polyvinyls"
P160012,12353703,0,Ring_opening_polymerization,CCCCCCCC1=NCCO1,,*CCN(*)C(=O)CCCCCCC,Polyimines
P342237,100922066,0,Addition_polymerization,CC(=C)C(=O)OC1=CC=C(C=C1)C(=O)C=CC2=CC=C(C=C2)Cl,,*CC(*)(C)C(=O)Oc1ccc(C(=O)/C=C/c2ccc(Cl)cc2)cc1,"Polyacrylics, Polyvinyls"
P432206,70677,102404331,Polycondensation,C1=CC2=C(C=C1C(C3=CC4=C(C=C3)C(=O)OC4=O)(C(F)(F)F)C(F)(F)F)C(=O)OC2=O,C1=CC(=CC(=C1)NC(=O)C(C(C(C(C(=O)NC2=CC=CC(=C2)N)(F)F)(F)F)(F)F)(F)F)N,*c1ccc2c(c1)C(=O)N(c1cccc(NC(=O)C(F)(F)C(F)(F)C(F)(F)C(F)(F)C(=O)Nc3cccc(N4C(=O)c5ccc(C(*)(C(F)(F)F)C(F)(F)F)cc5C4=O)c3)c1)C2=O,"Polyimides/thioimides, Polyamides/thioamides"
P342586,102055570,0,Addition_polymerization,C1C2CC(C1C=C2)C(=O)OCCC3=CC=C(C=C3)N(C4=CC=CC=C4)C5=CC=CC6=CC=CC=C65,,*C1C2CC(C(=O)OCCc3ccc(N(c4ccccc4)c4cccc5ccccc45)cc3)C(C2)C1*,"Polyacrylics, Polyvinyls"
P010085,6325,7845,Addition_polymerization,C=C,C=CC=C,*/C=C/CCCC*,Polydienes
P462196,141847,0,Polycondensation,CN1C=C2C=CC=CC2=C1,,*c1c2ccccc2c(*)n1C,Polyimines
P432004,7501,15400,Addition_polymerization,C=CC1=CC=CC=C1,C1=CC(=CC=C1N2C(=O)C=CC2=O)Cl,*CC(c1ccccc1)C1C(=O)N(c2ccc(Cl)cc2)C(=O)C1*,Polyimides/thioimides
P322058,18761707,0,Addition_polymerization,C=CC1=CC=C(C=C1)CN2C3=CC=CC=C3C4=CC=CC=C42,,*CC(*)c1ccc(Cn2c3ccccc3c3ccccc32)cc1,"Polystyrenes, Polyvinyls"
P433640,8861,0,Polycondensation,C1=CC(=NC(=C1)N)N,,*C(=O)Nc1cccc(NC(=O)c2ccc3c(c2)C(=O)N(c2cc(-c4nc5ccccc5s4)cc(N4C(=O)c5ccc(*)cc5C4=O)c2)C3=O)n1,"Polyimides/thioimides, Polyamides/thioamides, Polyimines"
P392564,623781,0,Polycondensation,C1=CC=C(C=C1)OC(=O)C2=CC3=C(C=C2)C=C(C=C3)C(=O)OC4=CC=CC=C4,,*OC(COC(=O)c1ccc2cc(C(*)=O)ccc2c1)COc1ccc(/N=N/c2ccc(C#N)cc2)cc1,Polyesters/thioesters
P373611,7579,0,Polycondensation,C1=CC(=CC=C1N)OC2=CC=C(C=C2)N,,*Cc1cc2cc(C(=O)Nc3ccc(Oc4ccc(NC(=O)c5cc6cc(*)c(OC(=O)COc7ccc8ccc(=O)oc8c7)cc6oc5=O)cc4)cc3)c(=O)oc2cc1OC(=O)COc1ccc2ccc(=O)oc2c1,"Polyoxides/ethers/acetals, Polyesters/thioesters, Polyamides/thioamides"
P104435,101991925,101055935,Polycondensation,CN(CCOC(=O)C1=CC(=CC(=C1)N)N)C2=CC=C(C=C2)S(=O)(=O)C(C(C(C(C(C(C(C(F)(F)F)(F)F)(F)F)(F)F)(F)F)(F)F)(F)F)(F)F,CN(CCOC1=CC(=CC(=C1)C(=O)Cl)C(=O)Cl)C2=CC=C(C=C2)C#N,*Nc1cc(NC(=O)c2cc(OCCN(C)c3ccc(C#N)cc3)cc(C(*)=O)c2)cc(C(=O)OCCN(C)c2ccc(S(=O)(=O)C(F)(F)C(F)(F)C(F)(F)C(F)(F)C(F)(F)C(F)(F)C(F)(F)C(F)(F)F)cc2)c1,Polyamides/thioamides
P462547,7949,0,Ring_opening_polymerization/Polymer_reaction,CC1=CC(=CC(=C1)N)C,,*CC(O)CN(*)c1cc(C)c(/N=N/c2ccc(Cl)cc2)c(C)c1,Polyimines
P400301,2783479,24250,Polycondensation,C1=CC=C(C=C1)OC(=O)CC(=O)OC2=CC=CC=C2,C(CCCCN)CCCN,*CCCCCCCCNC(=O)CC(=O)N*,Polyamides/thioamides
P342619,101954797,0,Addition_polymerization,CCOCCOCCOCCOC1=C(C=C(C=C1)COC(=O)C(=C)C)OCCOCCOCCOCC,,*CC(*)(C)C(=O)OCc1ccc(OCCOCCOCCOCC)c(OCCOCCOCCOCC)c1,"Polyacrylics, Polyvinyls"
P340033,21852210,0,Addition_polymerization,C=CC(=O)OCCOC1=CC=C(C=C1)C(=O)OC2=CC=C(C=C2)C#N,,*CC(*)C(=O)OCCOc1ccc(C(=O)Oc2ccc(C#N)cc2)cc1,"Polyacrylics, Polyvinyls"
P430016,82415944,0,Polycondensation,C1CC(=O)NCC1CC(=O)O,,*CCC1CC(=O)N(*)C(=O)C1,Polyimides/thioimides
P030020,8108,0,Addition_polymerization,CCCCOC=C,,*CC(*)OCCCC,Polyvinyls
P392439,102074262,0,Polycondensation,C[Si](C)(C)OCCCCOC(=O)C1=CC=C(C=C1)C(=O)OCCCCO[Si](C)(C)C,,*CCCCOC(=O)CCCCCCCCCCC(=O)OCCCCOC(=O)c1ccc(C(=O)O*)cc1,Polyesters/thioesters
P370286,9223,0,Addition_polymerization,C1=CC=C2C(=C1)C=CO2,,*C1Oc2ccccc2C1*,Polyoxides/ethers/acetals
P030168,519642,0,Addition_polymerization,C=CC1=CC=CS1,,*CC(*)c1cccs1,"Polystyrenes, Polyvinyls"
P370279,8117,4246116,Polycondensation,C(COCCO)O,C1=CC(=CC=C1C(=O)Cl)N=NC2=CC=C(C=C2)C(=O)Cl,*CCOCCOC(=O)c1ccc(/N=N/c2ccc(C(=O)O*)cc2)cc1,"Polyoxides/ethers/acetals, Polyesters/thioesters, Polyimines"
P330113,102401578,0,Addition_polymerization,C[Si](C=C)(C1=CC=CC=C1)C2=CC=CC3=CC=CC=C32,,*CC(*)[Si](C)(c1ccccc1)c1cccc2ccccc12,Polyvinyls
P452056,101920492,82437,Polycondensation,C1=CC=C(C=C1)OC(=O)OCCCOC(=O)OC2=CC=CC=C2,CC(=O)OC1=CC=C(C=C1)C(C)(C)C2=CC=C(C=C2)OC(=O)C,*Oc1ccc(C(C)(C)c2ccc(OC(=O)OCCCOC(*)=O)cc2)cc1,Polycarbonates/thiocarbonates
P392001,3483771,298121,Polycondensation,CCCCCCCCCCCCOC1=CC(=C(C=C1C(=O)Cl)OCCCCCCCCCCCC)C(=O)Cl,C[Si](C)(C)OC1=CC=C(C=C1)O[Si](C)(C)C,*Oc1ccc(OC(=O)c2cc(OCCCCCCCCCCCC)c(C(*)=O)cc2OCCCCCCCCCCCC)cc1,Polyesters/thioesters
P432775,74574,19045015,Polycondensation,C1=CC2=C(C=C1OC3=CC4=C(C=C3)C(=O)OC4=O)C(=O)OC2=O,C1=CC=C(C=C1)P(=O)(C2=CC=C(C=C2)OC3=CC=CC(=C3)N)C4=CC=C(C=C4)OC5=CC=CC(=C5)N,*c1cccc(Oc2ccc(P(=O)(c3ccccc3)c3ccccc3)c(Oc3cccc(N4C(=O)c5ccc(Oc6ccc7c(c6)C(=O)N(*)C7=O)cc5C4=O)c3)c2)c1,"Polyimides/thioimides, Polyoxides/ethers/acetals"
P373231,86530,0,Addition_polymerization,C1(=C(F)F)OC(C(O1)(F)F)(C(F)(F)F)F,,*C(F)(F)C1(*)OC(F)(F)C(F)(C(F)(F)F)O1,Polyoxides/ethers/acetals
P372675,101140497,15279136,Polycondensation,CC(C)(C)C1CCC(CC1)(C2=CC=C(C=C2)OC3=CC=C(C=C3)C(=O)Cl)C4=CC=C(C=C4)OC5=CC=C(C=C5)C(=O)Cl,C1CC(CCC1C2=CC=CC=C2)(C3=CC=C(C=C3)O)C4=CC=C(C=C4)O,*Oc1ccc(C2(c3ccc(Oc4ccc(C(=O)Oc5ccc(C6(c7ccc(OC(=O)c8ccc(*)cc8)cc7)CCC(c7ccccc7)CC6)cc5)cc4)cc3)CCC(C(C)(C)C)CC2)cc1,"Polyoxides/ethers/acetals, Polyesters/thioesters"
P430423,56613473,629349,Polycondensation,C1=C2C(=C(C3=C1C(=O)OC3=O)C(F)(F)F)C(=O)OC2=O,C1=CC(=C(C=C1N)C(F)(F)F)C2=C(C=C(C=C2)N)C(F)(F)F,*c1ccc(-c2ccc(-n3c(=O)c4cc5c(=O)n(*)c(=O)c5c(C(F)(F)F)c4c3=O)cc2C(F)(F)F)c(C(F)(F)F)c1,Polyimides/thioimides
P430345,316062,11020284,Polycondensation,CCCCCCCCC(CO)CO,C1=CC(=CC(=C1)C(=O)N=C=O)C(=O)N=C=O,*CC(CCCCCCCC)COC(=O)NC(=O)c1cccc(C(=O)NC(=O)O*)c1,"Polyimides/thioimides, Polyurethanes/thiourethanes"
P150120,101717389,0,Polycondensation,C(CCOC(=O)SCl)COC(=O)SCl,,*CCCCOC(=O)SSC(=O)O*,Polycarbonates/thiocarbonates
P372311,6618,13554299,Polycondensation,CC(C)(C1=CC(=C(C(=C1)Br)O)Br)C2=CC(=C(C(=C2)Br)O)Br,C1=CC(=CC=C1C(=O)Cl)OCCCCCCCCCCOC2=CC=C(C=C2)C(=O)Cl,*Oc1c(Br)cc(C(C)(C)c2cc(Br)c(OC(=O)c3ccc(OCCCCCCCCCCOc4ccc(C(*)=O)cc4)cc3)c(Br)c2)cc1Br,"Polyoxides/ethers/acetals, Polyesters/thioesters"
P390357,75386,7489,Polycondensation,CC1=C(C=CC(=C1)C2(CCCCC2)C3=CC(=C(C=C3)O)C)O,C1=CC(=CC=C1C(=O)O)C(=O)O,*Oc1ccc(C2(c3ccc(OC(=O)c4ccc(C(*)=O)cc4)c(C)c3)CCCCC2)cc1C,Polyesters/thioesters
P372271,579410,0,Polycondensation,C1=CC(=CC(=C1)O)NC(=O)C2=CC=C(C=C2)F,,*Oc1cccc(NC(=O)c2ccc(*)cc2)c1,"Polyoxides/ethers/acetals, Polyamides/thioamides"
P382182,100995288,0,Polycondensation,C1=CSC=C1CCCCCCCCCCCC(=O)OC2=C(C(=C(C(=C2F)F)F)F)F,,*c1cc(CCCCCCCCCCCC(=O)Oc2c(F)c(F)c(F)c(F)c2F)c(*)s1,Polysulfides
P342371,101036568,0,Addition_polymerization,CC(=C)C(=[OH+])OCC[N+](C)(C)CCCS(=O)(=O)[O-],,*CC(*)(C)C(=O)OCC[N+](C)(C)CCCS(=O)(=O)O,"Polyacrylics, Polyvinyls"
P342417,101744459,0,Addition_polymerization,CCCCOC1=CC=C(C=C1)C(=O)OC2=CC=C(C=C2)OC(=O)C3=CC=C(C=C3)OC(=O)C=C,,*CC(*)C(=O)Oc1ccc(C(=O)Oc2ccc(OC(=O)c3ccc(OCCCC)cc3)cc2)cc1,"Polyacrylics, Polyvinyls"
P330095,6516,0,Addition_polymerization,CCO[Si](C=C)(OCC)OCC,,*CC(*)[Si](OCC)(OCC)OCC,Polyvinyls
P342615,101556054,0,Addition_polymerization,CC(=C)C(=O)OCCCCCCCCOC1=CC=C(C=C1)C=CC2=CC=CC=C2,,*CC(*)(C)C(=O)OCCCCCCCCOc1ccc(/C=C/c2ccccc2)cc1,"Polyacrylics, Polyvinyls"
P340002,54144081,0,Addition_polymerization,CC(C)SC(=O)C=C,,*CC(*)C(=O)SC(C)C,"Polyacrylics, Polyvinyls"
P120029,16402,0,Polyaddition,C(CCCN)CCN,,*NC1CC1NC(=O)NCCCCCCNC(*)=O,Polyureas/thioureas
P322137,522153,0,Ring_opening_polymerization/Polymer_reaction,CC1(C=C1)C2=CC=CC=C2,,*CCC(*)(C)c1ccccc1,"Polystyrenes, Polyvinyls"
P150096,5331276,534653,Polycondensation,CC(=C1C=CC(=O)C=C1)NNC(=C2C=CC(=O)C=C2)C,C(CCCC(=O)Cl)CCC(=O)Cl,*Oc1ccc(/C(C)=N/N=C(\C)c2ccc(OC(=O)OCCCCCCOC(*)=O)cc2)cc1,"Polycarbonates/thiocarbonates, Polyimines"
P370301,8117,2754668,Polycondensation,C(COCCO)O,CC1=CC2=C(C=C1)N=C(C=C2Cl)Cl,*OCCOCCOc1cc(*)nc2ccc(C)cc12,"Polyoxides/ethers/acetals, Polyimines"
P332132,10080903,0,Addition_polymerization,CCOC1=CC=C(C=C1)C(=O)C=C,,*CC(*)C(=O)c1ccc(OCC)cc1,Polyvinyls
P342210,71351565,0,Addition_polymerization,CC(=C)C(=O)OC1=CC(=C(C=C1)C(=O)C)O,,*CC(*)(C)C(=O)Oc1ccc(C(C)=O)c(O)c1,"Polyacrylics, Polyvinyls"
P070226,3016225,7451,Polycondensation,C1=CC(=CC(=C1)OCCC(=O)NN)C(=O)NN,C1=CC(=CC(=C1)C(=O)Cl)C(=O)Cl,*CCC(=O)NNC(=O)c1cccc(C(=O)NNC(=O)c2cccc(O*)c2)c1,"Polyoxides/ethers/acetals, Polyamides/thioamides"
P510043,66911,0,Polycondensation,CCCCOC1=CC=C(C=C1)OCCCC,,*c1cc(OCCCC)c(*)cc1OCCCC,Polyphenylenes
P462358,101190564,0,Polycondensation,C[N+](C)(C)CCCCCCN1C=CC=C1C2=CC=CN2CCCCCC[N+](C)(C)C,,*c1ccc(*)n1CCCCCC[N+](C)(C)C,Polyimines
P010049,12969,0,Addition_polymerization,CCC(C)C=C,,*CC(*)C(C)CC,Polyolefins
P390195,20461105,7488,Polycondensation,CCCCCCCC1=C(C=CC(=C1)O)O,C1=CC(=CC=C1C(=O)Cl)C(=O)Cl,*Oc1ccc(OC(=O)c2ccc(C(*)=O)cc2)cc1CCCCCCC,Polyesters/thioesters
P070032,7276,0,Ring_opening_polymerization,C1C(O1)C2=CC=CC=C2,,*CC(O*)c1ccccc1,Polyoxides/ethers/acetals
P340149,102403056,0,Addition_polymerization,CC(=C)C(=O)OCCOC1=CC=C(C=C1)C2=CC=C(C=C2)C3=CC=C(C=C3)C#N,,*CC(*)(C)C(=O)OCCOc1ccc(-c2ccc(-c3ccc(C#N)cc3)cc2)cc1,"Polyacrylics, Polyvinyls"
P332087,102277541,0,Addition_polymerization,C=COCCOC1=CC=C(C=C1)N=NC2=CC=C(C=C2)C#N,,*CC(*)OCCOc1ccc(/N=N/c2ccc(C#N)cc2)cc1,Polyvinyls
P100112,544627,0,Ring_opening_polymerization,CC1(CC(=O)N1)C,,*NC(C)(C)CC(*)=O,Polyamides/thioamides
P342428,102398125,0,Addition_polymerization,CC(=C)C(=O)OC(COC1=CC=C(C=C1)C2=CC=CC=C2)COC3=CC=C(C=C3)C4=CC=CC=C4,,*CC(*)(C)C(=O)OC(COc1ccc(-c2ccccc2)cc1)COc1ccc(-c2ccccc2)cc1,"Polyacrylics, Polyvinyls"
P130012,6966,10679,Polycondensation,C1=C2C(=CC3=C1C(=O)OC3=O)C(=O)OC2=O,C1C2=C(C=CC(=C2)N)C3=C1C=C(C=C3)N,*c1ccc2c(c1)Cc1cc(-n3c(=O)c4cc5c(=O)n(*)c(=O)c5cc4c3=O)ccc1-2,Polyimides/thioimides
P412078,7570,700,Polyaddition,C1=CC(=CC=C1CC2=CC=C(C=C2)N=C=O)N=C=O,C(CO)N,*CCNC(=O)Nc1ccc(Cc2ccc(NC(=O)O*)cc2)cc1,"Polyurethanes/thiourethanes, Polyureas/thioureas"
P462010,101924518,0,Polycondensation,C1=CN(C=C1)CC(=O)NO,,*c1ccc(*)n1CC(=O)NO,Polyimines
P460149,7814,85603483,Polycondensation,C1=CC(=CC=C1N)N,CCCCCCCCCCCCCCCCOC1=CC(=C(C=C1C=O)OCCCCCCCCCCCCCCCC)C=O,*=Cc1cc(OCCCCCCCCCCCCCCCC)c(/C=N/c2ccc(N=*)cc2)cc1OCCCCCCCCCCCCCCCC,Polyimines
P040091,21918080,0,Addition_polymerization,CC(=C)C(=O)OC(C(F)(F)F)(C(F)(F)F)F,,*CC(*)(C)C(=O)OC(F)(C(F)(F)F)C(F)(F)F,"Polyacrylics, Polyvinyls"
P070620,101717472,7570,Polyaddition,C(COCCOCC#CC#CCOCCOCCO)O,C1=CC(=CC=C1CC2=CC=C(C=C2)N=C=O)N=C=O,*CCOCCOCC#CC#CCOCCOCCOC(=O)Nc1ccc(Cc2ccc(NC(=O)O*)cc2)cc1,"Polyoxides/ethers/acetals, Polyurethanes/thiourethanes"
P340001,18405864,0,Addition_polymerization,CCCSC(=O)C=C,,*CC(*)C(=O)SCCC,"Polyacrylics, Polyvinyls"
P320051,92011779,0,Addition_polymerization,CCC(=O)OC1=CC=C(C=C1)C(=C)OC(=O)C,,*CC(*)(OC(C)=O)c1ccc(OC(=O)CC)cc1,"Polystyrenes, Polyvinyls"
P433538,75494,101518982,Polycondensation,C1=CC2=C(C=C1C3=CC4=C(C=C3)C(=O)OC4=O)C(=O)OC2=O,C1=C(C=C(C(=C1Br)OC2=C(C=C(C=C2Br)N)Br)Br)N,*c1cc(Br)c(Oc2c(Br)cc(N3C(=O)c4ccc(-c5ccc6c(c5)C(=O)N(*)C6=O)cc4C3=O)cc2Br)c(Br)c1,"Polyimides/thioimides, Polyoxides/ethers/acetals"
P433060,518699,102145174,Polyaddition,C1=CC(=CC=C1N2C(=O)C=CC2=O)OC3=CC=C(C=C3)N4C(=O)C=CC4=O,C1=CC(=O)C=CC1=CNC2=CC=C(C=C2)OC3=CC=C(C=C3)C4=CC=C(C=C4)OC5=CC=C(C=C5)NC=C6C=CC(=O)C=C6,*c1ccc(Oc2ccc(N3C(=O)CC(Oc4ccc(/C=N/c5ccc(Oc6ccc(-c7ccc(Oc8ccc(/N=C/c9ccc(OC%10CC(=O)N(*)C%10=O)cc9)cc8)cc7)cc6)cc5)cc4)C3=O)cc2)cc1,"Polyimides/thioimides, Polyoxides/ethers/acetals, Polyimines"
P390143,7488,71813,Polycondensation,C1=CC(=CC=C1C(=O)Cl)C(=O)Cl,C(C(CO)(CCl)CCl)O,*CC(CCl)(CCl)COC(=O)c1ccc(C(=O)O*)cc1,Polyesters/thioesters
P332257,102179513,0,Addition_polymerization,COC1=CC=C(C=C1)OC(=O)C2=CC(=C(C=C2)C(=O)OC3=CC=C(C=C3)OC)C#C,,*/C=C(/*)c1cc(C(=O)Oc2ccc(OC)cc2)ccc1C(=O)Oc1ccc(OC)cc1,Polyvinyls
P432030,70677,2736115,Polycondensation,C1=CC2=C(C=C1C(C3=CC4=C(C=C3)C(=O)OC4=O)(C(F)(F)F)C(F)(F)F)C(=O)OC2=O,C1=CC(=C(C=C1C2=CC(=C(C=C2)N)C(F)(F)F)C(F)(F)F)N,*c1ccc2c(c1)C(=O)N(c1ccc(-c3ccc(N4C(=O)c5ccc(C(*)(C(F)(F)F)C(F)(F)F)cc5C4=O)c(C(F)(F)F)c3)cc1C(F)(F)F)C2=O,Polyimides/thioimides
P332294,101436151,0,Polycondensation,C=CCCCCCCCCCC(CCCCCCCCCC=C)Cl,,*/C=C/CCCCCCCCCC(Cl)CCCCCCCCC*,"Polyvinyls, Polydienes"
P310009,95605,0,Addition_polymerization,C1CC2CC1C3C2C=CC3,,*C1CC2C3CCC(C3)C2C1*,Polyolefins
P330124,19820783,0,Addition_polymerization,CCC(CC)(CC)C(=O)OC=C,,*CC(*)OC(=O)C(CC)(CC)CC,Polyvinyls
P472164,123130,57347956,Addition_polymerization,C#CC1=CC(=CC=C1)C#C,C[SiH](C)C1=CC(=CC=C1)[SiH](C)C,*/C=C/c1cccc(/C=C/[Si](C)(C)c2cccc([Si](*)(C)C)c2)c1,Polysiloxanes/silanes
P432554,6623,1278803,Polycondensation,CC(C)(C1=CC=C(C=C1)O)C2=CC=C(C=C2)O,C1C(=O)N(C(=S)N(C1=O)C2=CC=C(C=C2)Cl)C3=CC=C(C=C3)Cl,*c1ccc(Oc2ccc(C(C)(C)c3ccc(Oc4ccc(N5C(=O)CC(=O)N(*)C5=S)cc4)cc3)cc2)cc1,"Polyimides/thioimides, Polyoxides/ethers/acetals, Polyureas/thioureas"
P432554,6623,102078795,Polycondensation,CC(C)(C1=CC=C(C=C1)O)C2=CC=C(C=C2)O,C1C(=O)N(C(=S)N(C1=O)C2=CC=C(C=C2)F)C3=CC=C(C=C3)F,*c1ccc(Oc2ccc(C(C)(C)c3ccc(Oc4ccc(N5C(=O)CC(=O)N(*)C5=S)cc4)cc3)cc2)cc1,"Polyimides/thioimides, Polyoxides/ethers/acetals, Polyureas/thioureas"
P200018,10659442,0,Polycondensation,C1=CC=C(C=C1)CC2=CC=C(C=C2)S(=O)(=O)Cl,,*c1ccc(Cc2ccc(S(*)(=O)=O)cc2)cc1,Polysulfones/sulfoxides/sufonates/sulfoamides
P040296,5271565,0,Addition_polymerization,COC(=O)C=CC(=O)OC,,*C(*)C(=O)OC,"Polyacrylics, Polyvinyls"
P342174,92034581,0,Addition_polymerization,CCCCCCCCCCCCCCN1C2=C(C=C(C=C2)COC(=O)C(=C)C)C3=CC=CC=C31,,*CC(*)(C)C(=O)OCc1ccc2c(c1)c1ccccc1n2CCCCCCCCCCCCCC,"Polyacrylics, Polyvinyls"
P100314,66072,0,Polycondensation,C(CCCCC(=O)Cl)CCCC(=O)Cl,,*NC1CC1NC(=O)CCCCCCCCC(*)=O,Polyamides/thioamides
P512120,85968153,0,Polycondensation,CCCCC(CC)COC1=CC=C(C2=CC=CC=C21)C3=C(C=CC(=C3)CCl)CCl,,*/C=C/c1ccc(*)c(-c2ccc(OCC(CC)CCCC)c3ccccc23)c1,Polyphenylenes
P060033,638070,0,Addition_polymerization,CC=CC(=C)C,,*CC(C)/C=C(/*)C,Polydienes
P500040,10352,1119,Polyaddition,C1CC2CC1C=C2,O=S=O,*C1C2CCC(C2)C1S(*)(=O)=O,Polysulfones/sulfoxides/sufonates/sulfoamides
P340165,102403224,0,Addition_polymerization,CCCCN(CC(C(C(C(CO)O)OC1C(C(C(C(O1)CO)O)O)O)O)O)C(=O)NCCOC(=O)C(=C)C,,*CC(*)(C)C(=O)OCCNC(=O)N(CCCC)CC(O)C(O)C(OC1OC(CO)C(O)C(O)C1O)C(O)CO,"Polyacrylics, Polyvinyls"
P372670,101018137,12368,Polycondensation,C1=CC=C2C(=C1)C(=CC=C2O)C=CC3=CC=C(C=C3)O,C(CCCBr)CCBr,*CCCCCCOc1ccc(/C=C/c2ccc(O*)c3ccccc23)cc1,Polyoxides/ethers/acetals
P210036,101052260,0,Addition_polymerization,CC1=CC=C(C=C1)S(=O)(=O)OCC#CC#CCOS(=O)(=O)C2=CC=C(C=C2)F,,*=C=C=C(COS(=O)(=O)c1ccc(C)cc1)C(=*)COS(=O)(=O)c1ccc(F)cc1,Polyvinyls
P430195,11192445,7577,Polycondensation,CC(C)(C1=CC=C(C=C1)OC(=O)C2=CC3=C(C=C2)C(=O)OC3=O)C4=CC=C(C=C4)OC(=O)C5=CC6=C(C=C5)C(=O)OC6=O,C1=CC(=CC=C1CC2=CC=C(C=C2)N)N,*C(=O)Oc1ccc(C(C)(C)c2ccc(OC(=O)c3ccc4c(c3)C(=O)N(c3ccc(Cc5ccc(N6C(=O)c7ccc(*)cc7C6=O)cc5)cc3)C4=O)cc2)cc1,"Polyimides/thioimides, Polyesters/thioesters"
P512122,101344642,0,Polycondensation,CCCCC(CC)COC1=C(C2=C(C=C1)C=C(C=C2)C3=CC=CC=C3)C4=C(C=CC(=C4)CCl)CCl,,*/C=C/c1ccc(*)c(-c2c(OCC(CC)CCCC)ccc3cc(-c4ccccc4)ccc23)c1,Polyphenylenes
P412042,8713,0,Polycondensation,C1=CC=C(C(=C1)N)S,,*Sc1ccccc1NC(*)=S,Polyurethanes/thiourethanes
P382385,136335,0,Ring_opening_polymerization,C1CCSSC1,,*CCCCSS*,Polysulfides
P340007,139969,0,Addition_polymerization,CC(=C)C(=O)OC1=CC=C(C=C1)C(=O)O,,*CC(*)(C)C(=O)Oc1ccc(C(=O)O)cc1,"Polyacrylics, Polyvinyls"
P402052,17727,77335,Polycondensation,C(CCCCCCN)CCCCCN,C1=CC(=NC(=C1)C(=O)Cl)C(=O)Cl,*C(=O)NCCCCCCCCCCCCNC(=O)c1cccc(*)n1,"Polyamides/thioamides, Polyimines"
P402091,102272907,102272908,Polycondensation,C1=CC(=CC=C1C(=O)O)NC(=O)CCCCCCCCCCCCC(=O)NC2=CC=C(C=C2)C(=O)O,CCCCCCCCCCCCCCOC(=O)C1=C(C=CC(=C1)N)N,*Nc1ccc(NC(=O)c2ccc(NC(=O)CCCCCCCCCCCCC(=O)Nc3ccc(C(*)=O)cc3)cc2)cc1C(=O)OCCCCCCCCCCCCCC,Polyamides/thioamides
P382179,51062572,71357963,Polycondensation,C1=CC(=CC=C1C2=CSC(=C3SC=C(S3)C4=CC=C(C=C4)Br)S2)Br,B1(OCCCO1)C2=CC(=C(C=C2OCCCCCC)B3OCCCO3)OCCCCCC,*C1=CS/C(=C2\SC=C(c3ccc(-c4cc(OCCCCCC)c(-c5ccc(*)cc5)cc4OCCCCCC)cc3)S2)S1,Polysulfides
P430235,7577,2251397,Polycondensation,C1=CC(=CC=C1CC2=CC=C(C=C2)N)N,C1=CC2=C(C=C1C(=O)C3=CC4=C(C=C3)C(=O)N(C4=O)CCC(=O)O)C(=O)N(C2=O)CCC(=O)O,*CCC(=O)Nc1ccc(Cc2ccc(NC(=O)CCN3C(=O)c4ccc(C(=O)c5ccc6c(c5)C(=O)N(*)C6=O)cc4C3=O)cc2)cc1,"Polyimides/thioimides, Polyamides/thioamides, Polyketones/thioketones"
P372249,102506869,0,Polycondensation,CO[PH+]([O-])OCCOCCO[PH+]([O-])OC,,*CCOCCOP(=O)(/N=N/c1ccc(C(=O)c2ccc(/N=N/P(=O)(O*)OC)cc2)cc1)OC,"Polyoxides/ethers/acetals, Polyimines, Polyketones/thioketones"
P330052,57030494,0,Addition_polymerization,CC#C[Si](C)(C)CC[Si](C)(C)C,,*/C(C)=C(/*)[Si](C)(C)CC[Si](C)(C)C,Polyvinyls
P512123,126,0,Polycondensation,C1=CC(=CC=C1C=O)O,,*c1cc(C=O)cc(*)c1O,Polyphenylenes
P370728,6623,58175735,Polycondensation,CC(C)(C1=CC=C(C=C1)O)C2=CC=C(C=C2)O,C1=CC=C(C=C1)N2C(=NN=C2C3=CC=C(C=C3)F)C4=CC=C(C=C4)F,*c1ccc(Oc2ccc(C(C)(C)c3ccc(Oc4ccc(-c5nnc(*)n5-c5ccccc5)cc4)cc3)cc2)cc1,"Polyoxides/ethers/acetals, Polyimines"
P402394,66345,0,Polycondensation,CNC1=CC=C(C=C1)C(=O)O,,*C(=O)c1ccc(N(*)C)cc1,Polyamides/thioamides
P470070,4122816,0,Ring_opening_polymerization,C[Si]1(O[Si]([Si](O[Si]1(C)C)(C)C)(C)C)C,,*O[Si](C)(C)[Si](*)(C)C,Polysiloxanes/silanes
P392245,7451,61239088,Polycondensation,C1=CC(=CC(=C1)C(=O)Cl)C(=O)Cl,C1=CC(=CC(=C1)C(=O)O)C(=O)NCCC2=CC=C(C=C2)O,*Oc1ccc(CCNC(=O)c2cccc(C(*)=O)c2)cc1,"Polyesters/thioesters, Polyamides/thioamides"
P373130,85908773,0,Polycondensation,CC(C)CC1=C(C(=CC=C1)C2=CC=CC=C2)O,,*Oc1c(CC(C)C)cc(*)cc1-c1ccccc1,Polyoxides/ethers/acetals
P432479,70677,86199702,Polycondensation,C1=CC2=C(C=C1C(C3=CC4=C(C=C3)C(=O)OC4=O)(C(F)(F)F)C(F)(F)F)C(=O)OC2=O,CC1=CC(=CC(=C1N)C)C(C2=CC=CC3=CC=CC=C32)C4=CC(=C(C(=C4)C)N)C,*c1ccc2c(c1)C(=O)N(c1c(C)cc(C(c3cc(C)c(N4C(=O)c5ccc(C(*)(C(F)(F)F)C(F)(F)F)cc5C4=O)c(C)c3)c3cccc4ccccc34)cc1C)C2=O,Polyimides/thioimides
P180028,220225,0,Ring_opening_polymerization/Polymer_reaction,N1=P(N=P(N=P1(Cl)Cl)(Cl)Cl)(Cl)Cl,,*N=P(*)(OCCOCCOCCCC)OCCOCCOCCCC,"Polyphosphazenes, Polyimines"
P470138,14304,0,Polycondensation,CC[Si](C1=CC=CC=C1)(Cl)Cl,,*[Si](*)(CC)c1ccccc1,Polysiloxanes/silanes
P430285,102402365,7814,Polycondensation,C1=CC=C(C=C1)C2=C(C3=C(C(=C2C4=CC=C(C=C4)C5=C(C6=C(C(=C5C7=CC=CC=C7)C8=CC=CC=C8)C(=O)OC6=O)C9=CC=CC=C9)C1=CC=CC=C1)C(=O)OC3=O)C1=CC=CC=C1,C1=CC(=CC=C1N)N,*c1ccc(N2C(=O)c3c(c(-c4ccccc4)c(-c4ccc(-c5c(-c6ccccc6)c6c(c(-c7ccccc7)c5-c5ccccc5)C(=O)N(*)C6=O)cc4)c(-c4ccccc4)c3-c3ccccc3)C2=O)cc1,Polyimides/thioimides
P140026,10458,0,Polycondensation,C(CCCCCC(=O)O)CCCCCC(=O)O,,*OC(=O)CCCCCCCCCCCC(*)=O,Polyanhydrides/thioanhydrides
P342105,102272376,0,Addition_polymerization,CCCCCCCCOC1=CC=C(C=C1)C(=O)OC2=CC=C(C=C2)OCCCCOC(=O)C(=C)C,,*CC(*)(C)C(=O)OCCCCOc1ccc(OC(=O)c2ccc(OCCCCCCCC)cc2)cc1,"Polyacrylics, Polyvinyls"
P380052,312394,0,Polycondensation,C1=C(SC(=N1)Br)Br,,*c1cnc(*)s1,"Polysulfides, Polyimines"
P180029,220225,0,Ring_opening_polymerization/Polymer_reaction,N1=P(N=P(N=P1(Cl)Cl)(Cl)Cl)(Cl)Cl,,*N=P(*)(NCC)NCC,"Polyphosphazenes, Polyimines"
P373131,69449648,0,Polycondensation,CCCCCC1=C(C(=CC=C1)C2=CC=CC=C2)O,,*Oc1c(CCCCC)cc(*)cc1-c1ccccc1,Polyoxides/ethers/acetals
P090428,266844,8064,Polycondensation,COC(=O)C1=CC=CC(=C1)C2=CC(=CC=C2)C(=O)OC,C(CCO)CO,*CCCCOC(=O)c1cccc(-c2cccc(C(=O)O*)c2)c1,Polyesters/thioesters
P462475,102025474,0,Ring_opening_polymerization,C1COC(=N1)C2=C(C(=CC(=C2F)F)F)F,,*CCN(*)C(=O)c1c(F)c(F)cc(F)c1F,Polyimines
P330168,10867024,0,Addition_polymerization,C[Si](C)(C)OC(CC=C)CC=C,,*CC1CC(*)CC(O)C1,Polyvinyls
P392720,7577,0,Polycondensation,C1=CC(=CC=C1CC2=CC=C(C=C2)N)N,,*Cc1cc2cc(C(=O)Nc3ccc(Cc4ccc(NC(=O)c5cc6cc(*)c(OC(=O)COc7ccc8ccc(=O)oc8c7)cc6oc5=O)cc4)cc3)c(=O)oc2cc1OC(=O)COc1ccc2ccc(=O)oc2c1,"Polyesters/thioesters, Polyamides/thioamides"
P433410,3092369,15491725,Polycondensation,C1=CC(=CC=C1OC(=O)C2=CC3=C(C=C2)C(=O)OC3=O)OC(=O)C4=CC5=C(C=C4)C(=O)OC5=O,C1=CC(=CC=C1C(=O)OC2=CC=C(C=C2)N)N,*C(=O)Oc1ccc(OC(=O)c2ccc3c(c2)C(=O)N(c2ccc(C(=O)Oc4ccc(N5C(=O)c6ccc(*)cc6C5=O)cc4)cc2)C3=O)cc1,"Polyimides/thioimides, Polyesters/thioesters"
P382257,85794136,0,Polycondensation,CCCCCCCCSC1=C(SC=C1)C2=CC=C(C=C2)C3=C(C=CS3)SCCCCCCCC,,*c1ccc(-c2sc(-c3cc(SCCCCCCCC)c(*)s3)cc2SCCCCCCCC)cc1,Polysulfides
P422047,2723790,85850659,Polyaddition,C(=S)(N)N,C(=S)(N=S=O)N=S=O,*NC(=S)NS(*)=O,"Polyureas/thioureas, Polysulfones/sulfoxides/sufonates/sulfoamides"
P370228,65578,101718835,Polycondensation,C(=O)(C(=O)Cl)Cl,C1=C(N=C(C=N1)C(=O)NN)C(=O)NN,*c1cncc(-c2nnc(-c3nnc(*)o3)o2)n1,"Polyoxides/ethers/acetals, Polyimines"
P030105,12524814,0,Addition_polymerization,CC1=CC=C(C=C1)C(=O)C=C,,*CC(*)C(=O)c1ccc(C)cc1,Polyvinyls
P400386,102402435,0,Polycondensation,C#CC1=CC=C(C=C1)C(=O)NC2=CC=C(C=C2)Br,,*Nc1ccc(C#Cc2ccc(C(*)=O)cc2)cc1,Polyamides/thioamides
P472062,101035478,0,Ring_opening_polymerization,C[Si]1(O[SiH](O[Si](O1)(C)C)O[Si](C)(C)C=C)C,,*O[Si](C)(C)O[Si](C)(C)O[SiH](*)O[Si](C)(C)C=C,Polysiloxanes/silanes
P342311,20643672,0,Addition_polymerization,C=CC(=O)NC1=CC=C(C=C1)N=NS(=O)(=O)[O-].[Na+],,*CC(*)C(=O)Nc1ccc(/N=N/S(=O)(=O)O[Na])cc1,"Polyacrylics, Polyvinyls"
P320033,101997936,0,Addition_polymerization,C[Si](C)(C)C#CCCC1=CC=C(C=C1)C=C,,*CC(*)c1ccc(CCC#C[Si](C)(C)C)cc1,"Polystyrenes, Polyvinyls"
P074419,12393225,0,Addition_polymerization,C=C1C=CC(=C)O1,,*CCc1ccc(*)o1,Polyoxides/ethers/acetals
P342106,102272377,0,Addition_polymerization,CC(=C)C(=O)OCCCCOC1=CC=C(C=C1)OC(=O)C2=CC=C(C=C2)C3=CC=C(C=C3)OC,,*CC(*)(C)C(=O)OCCCCOc1ccc(OC(=O)c2ccc(-c3ccc(OC)cc3)cc2)cc1,"Polyacrylics, Polyvinyls"
P160041,15758248,0,Ring_opening_polymerization,CC(C)(C)C1=NCCCO1,,*CCCN(*)C(=O)C(C)(C)C,Polyimines
P433639,652960,0,Polycondensation,C1=CC=C2C(=C1)NC(=N2)C3=CC(=CC(=C3)N)N,,*C(=O)Nc1cc(NC(=O)c2ccc3c(c2)C(=O)N(c2cc(-c4nc5ccccc5o4)cc(N4C(=O)c5ccc(*)cc5C4=O)c2)C3=O)cc(-c2nc3ccccc3[nH]2)c1,"Polyimides/thioimides, Polyamides/thioamides"
P432527,101937791,0,Addition_polymerization,C1=CC(=CC=C1C#N)C2=CC=C(C=C2)OCCCN3C(=O)C=CC3=O,,*C1C(=O)N(CCCOc2ccc(-c3ccc(C#N)cc3)cc2)C(=O)C1*,Polyimides/thioimides
P090198,136395,240,Polyaddition,CC(=C=O)C,C1=CC=C(C=C1)C=O,*OC(c1ccccc1)C(C)(C)C(*)=O,Polyesters/thioesters
P460077,11948529,0,Polycondensation,C1=CC=C2C(=C1)C(=CC=C2N=C=O)N=C=O,,*=C=Nc1ccc(N=*)c2ccccc12,Polyimines
P380069,2769638,0,Polycondensation,CCCCCCCCCCCCCCCCC1=CSC=C1,,*c1cc(CCCCCCCCCCCCCCCC)c(*)s1,Polysulfides
P380069,101022660,0,Polycondensation,CCCCCCCCCCCCCCCCC1=C(SC(=C1)Br)Br,,*c1cc(CCCCCCCCCCCCCCCC)c(*)s1,Polysulfides
P400194,235647,0,Polycondensation,C1=CC(=CC=C1CC2=CC=C(C=C2)NC(=O)CCl)NC(=O)CCl,,*c1ccc(Cc2ccc(N3CC(=O)N(*)CC3=O)cc2)cc1,Polyamides/thioamides
P430043,69335,73893903,Polycondensation,C1=CC(=CC=C1CBr)CBr,C1=CC(=CC=C1N=C2C(=O)NC(=O)NC2=O)N=C3C(=O)NC(=O)NC3=O,*Cc1ccc(CN2C(=O)NC(=O)/C(=N\c3ccc(/N=C4\C(=O)NC(=O)N(*)C4=O)cc3)C2=O)cc1,"Polyimides/thioimides, Polyureas/thioureas, Polyimines"
P342249,101001873,0,Addition_polymerization,CC(OC1=CC=C(C=C1)OC)OC(=O)C(=C)C,,*CC(*)(C)C(=O)OC(C)Oc1ccc(OC)cc1,"Polyacrylics, Polyvinyls"
P462329,33286,0,Addition_polymerization,C[N+](C)(CC=C)CC=C.[Cl-],,*CCC1C[N+](C)(C)CC1*,Polyimines
P432091,12956240,7579,Polycondensation,C1=CC2=C(C=C1SC3=CC4=C(C=C3)C(=O)OC4=O)C(=O)OC2=O,C1=CC(=CC=C1N)OC2=CC=C(C=C2)N,*c1ccc(Oc2ccc(N3C(=O)c4ccc(Sc5ccc6c(c5)C(=O)N(*)C6=O)cc4C3=O)cc2)cc1,"Polyimides/thioimides, Polyoxides/ethers/acetals, Polysulfides"
P170041,25287,0,Ring_opening_polymerization,C[Si]1(O[Si](O[Si](O[Si](O1)(C)C)(C)C2=CC=CC=C2)(C)C)C,,*O[Si](C)(C)O[Si](C)(C)O[Si](C)(C)O[Si](*)(C)c1ccccc1,Polysiloxanes/silanes
P070094,37153,17379,Polycondensation,C(CCCCCO)CCCCO,CCCCOCOCCCC,*CCCCCCCCCCOCO*,Polyoxides/ethers/acetals
P460064,227,0,Polycondensation/Polymer_reaction,C1=CC=C(C(=C1)C(=O)O)N,,*Nc1ccc(*)cc1,Polyimines
P460064,11562,0,Polycondensation,C1=CC(=CC(=C1)Br)N,,*Nc1ccc(*)cc1,Polyimines
P460064,6115,0,Polycondensation,C1=CC=C(C=C1)N,,*Nc1ccc(*)cc1,Polyimines
P010012,31285,0,Addition_polymerization,CCCCCCCC=C,,*CC(*)CCCCCCC,Polyolefins
P380122,28936555,88640933,Polycondensation,C1=C(C(=CC(=C1S)N)[S-])[NH3+],CCCCCCCCCCOC1=CC(=C(C=C1C(=O)Cl)OCCCCCCCCCC)C(=O)Cl,*c1nc2cc3sc(-c4cc(OCCCCCCCCCC)c(*)cc4OCCCCCCCCCC)nc3cc2s1,"Polysulfides, Polyimines"
P332169,12555032,0,Addition_polymerization,CCC1(CC2CC1C=C2)C#N,,*/C=C/C1CC(*)C(C#N)(CC)C1,Polyvinyls
P470101,13201436,0,Polycondensation/Polymer_reaction,CCO[Si](C)(C1=CC=C(C=C1)Br)OCC,,*c1ccc([Si](*)(C)C=C)cc1,Polysiloxanes/silanes
P382127,89261200,0,Polycondensation,CCC1=NC2=CSC=C2N=C1CC,,*c1sc(*)c2nc(CC)c(CC)nc12,"Polysulfides, Polyimines"
P412035,21202,0,Polyaddition,C1CC(CCC1CC2CCC(CC2)N=C=O)N=C=O,,*CCN(CCOC(=O)NC1CCC(CC2CCC(NC(=O)O*)CC2)CC1)CCC(=O)Nc1ccc(/N=N/c2ccccc2)cc1,"Polyurethanes/thiourethanes, Polyimines"
P440001,19882942,0,Polycondensation,CN1C(=CC=C1CCC(=O)O)CCC(=O)O,,*CCC(=O)OC(=O)CCc1ccc(*)n1C,"Polyanhydrides/thioanhydrides, Polyimines"
P373451,7935,0,Polycondensation,C1=CC(=CC(=C1)N)N,,*Oc1ccc(C(=O)CNc2cccc(NCC(=O)c3ccc(*)cc3)c2)cc1,"Polyoxides/ethers/acetals, Polyimines, Polyketones/thioketones"
P020066,220556,0,Addition_polymerization,CCC(C)(C1=CC=C(C=C1)C=C)O,,*CC(*)c1ccc(C(C)(O)CC)cc1,"Polystyrenes, Polyvinyls"
P340071,14177858,0,Addition_polymerization,CCOC(C(F)(F)F)OC(=O)C(=C)C,,*CC(*)(C)C(=O)OC(OCC)C(F)(F)F,"Polyacrylics, Polyvinyls"
P190001,6325,712,Polyaddition,C=C,C=O,*CCC(*)=O,Polyketones/thioketones
P430068,18411561,604281,Polycondensation,C1=CC2=C(C=C1C(=O)O)C(=O)N(C2=O)CCCCC(=O)O,CC(=O)OC1=CC=C(C=C1)C2=CC=C(C=C2)OC(=O)C,*CCCCC(=O)Oc1ccc(-c2ccc(OC(=O)c3ccc4c(c3)C(=O)N(*)C4=O)cc2)cc1,"Polyimides/thioimides, Polyesters/thioesters"
P462048,13220302,0,Polycondensation,CCOC(=O)CC1=CNC=C1,,*c1cc(CC(=O)OCC)c(*)[nH]1,Polyimines
P342458,89791211,0,Addition_polymerization,CC(=C)C(=O)OC1=CC=C(C=C1)C2=NN=C(O2)C3=CC=C(C=C3)C(C)(C)C,,*CC(*)(C)C(=O)Oc1ccc(-c2nnc(-c3ccc(C(C)(C)C)cc3)o2)cc1,"Polyacrylics, Polyvinyls"
P080010,4961818,0,Ring_opening_polymerization,CCC1CS1,,*CC(CC)S*,Polysulfides
P372202,7451,14173,Polycondensation,C1=CC(=CC(=C1)C(=O)Cl)C(=O)Cl,C1=CC(=CC=C1N)OCCCCCOC2=CC=C(C=C2)N,*CCCCCOc1ccc(NC(=O)c2cccc(C(=O)Nc3ccc(O*)cc3)c2)cc1,"Polyoxides/ethers/acetals, Polyamides/thioamides"
P432521,75494,14173,Polycondensation,C1=CC2=C(C=C1C3=CC4=C(C=C3)C(=O)OC4=O)C(=O)OC2=O,C1=CC(=CC=C1N)OCCCCCOC2=CC=C(C=C2)N,*c1ccc(OCCCCCOc2ccc(N3C(=O)c4ccc(-c5ccc6c(c5)C(=O)N(*)C6=O)cc4C3=O)cc2)cc1,"Polyimides/thioimides, Polyoxides/ethers/acetals"
P462464,102025464,0,Ring_opening_polymerization,C1COC(=N1)C2=C(C(=CC=C2)F)F,,*CCN(*)C(=O)c1cccc(F)c1F,Polyimines
P322031,100997119,0,Addition_polymerization,C=CC1=CC=C(C=C1)COCCC(C(C(C(C(C(F)(F)F)(F)F)(F)F)(F)F)(F)F)(F)F,,*CC(*)c1ccc(COCCC(F)(F)C(F)(F)C(F)(F)C(F)(F)C(F)(F)C(F)(F)F)cc1,"Polystyrenes, Polyvinyls"
P010021,136498,0,Addition_polymerization,C=CC1CC1,,*CC(*)C1CC1,Polyolefins
P010033,11598,0,Addition_polymerization,C=CCCC=C,,*CC1CCC(*)C1,Polyolefins
P010042,8183,0,Addition_polymerization,CCCCCCCCCCC=C,,*CC(*)CCCCCCCCCC,Polyolefins
P010043,14260,0,Addition_polymerization,CCCCCCCCCCCCC=C,,*CC(*)CCCCCCCCCCCC,Polyolefins
P010050,8004,0,Addition_polymerization,CCCC=C,,*CC(*)C(CC)CC,Polyolefins
P010052,19589,0,Addition_polymerization,CCC(C)CC=C,,*CC(*)CC(C)CC,Polyolefins
P010052,22810192,0,Addition_polymerization,CCC(C)CC=C,,*CC(*)CC(C)CC,Polyolefins
P010056,137136,0,Addition_polymerization,CCC(C)(C)CC=C,,*CC(*)CC(C)(C)CC,Polyolefins
P010057,14459387,0,Addition_polymerization,CC(C)(C)CCCC=C,,*CC(*)CCCC(C)(C)C,Polyolefins
P010061,523968,0,Addition_polymerization,C=CCCCC1CCCCC1,,*CC(*)CCCC1CCCCC1,Polyolefins
P010065,12986,0,Addition_polymerization,CCCC(=C)C,,*CC(*)(C)CCC,Polyolefins
P010068,8882,0,Ring_opening_polymerization,C1CC=CC1,,*/C=C/CCC*,Polydienes
P010071,7845,0,Addition_polymerization,C=CC=C,,*/C=C/CC*,Polydienes
P010073,70695,0,Polycondensation,CC=[N+]=[N-],,*C(*)C,Polyolefins
P010075,6325,5287573,Polyaddition,C=C,CC=CC,*CCC(C)C(*)C,Polyolefins
P010075,6325,62695,Polyaddition,C=C,CC=CC,*CCC(C)C(*)C,Polyolefins
P010077,5365612,0,Ring_opening_polymerization,C1CCCCC=CCCC1,,*/C=C/CCCCCCCC*,Polydienes
P010078,74138,0,Addition_polymerization,CCCCCCCCCCCCCCCCCCCCC=C,,*CC(*)CCCCCCCCCCCCCCCCCCCC,Polyolefins
P010079,637538,0,Ring_opening_polymerization,C1CCCCCC=CCCCC1,,*/C=C/CCCCCCCCCC*,Polydienes
P010080,12395,0,Addition_polymerization,CCCCCCCCCCCCCCC=C,,*CC(*)CCCCCCCCCCCCCC,Polyolefins
P010081,638079,0,Ring_opening_polymerization,C1CCCC=CCC1,,*/C=C/CCCCCC*,Polydienes
P010083,11210,0,Addition_polymerization,CC(C)(C)C=C,,*CC(*)C(C)(C)C,Polyolefins
P010086,25913,0,Addition_polymerization,CCCCCCCCCCCCCC=C,,*CC(*)CCCCCCCCCCCCC,Polyolefins
P010088,12224242,0,Polycondensation,CCC=[N+]=[N-],,*C(*)CC,Polyolefins
P010090,13190,0,Addition_polymerization,CCCCCCCCCC=C,,*CC(*)CCCCCCCCC,Polyolefins
P010092,5012311,0,Addition_polymerization,CC1CCC(CC1)C=C,,*CC(*)C1CCC(C)CC1,Polyolefins
P010092,12161,0,Addition_polymerization/Polymer_reaction,CC1=CC=C(C=C1)C=C,,*CC(*)C1CCC(C)CC1,Polyolefins
P010093,7499,0,Addition_polymerization,C=CC1CCC=CC1,,*CC(*)C1CC=CCC1,Polydienes
P010096,13215364,0,Addition_polymerization,CCCCCCCC(=C)C=C,,*CC/C=C(/*)CCCCCCC,Polydienes
P010098,8882,0,Ring_opening_polymerization,C1CC=CC1,,*/C=C/CCC*,Polydienes
P010099,23502,0,Addition_polymerization,CC(C)(C)CCC=C,,*CC(*)CCC(C)(C)C,Polyolefins
P010100,69972,0,Addition_polymerization,C1CC=C1,,*C1CCC1*,Polyolefins
P010101,6326,0,Addition_polymerization,C#C,,*/C=C/*,Polydienes
P010102,12363,0,Ring_opening_polymerization,C1CCC=CCC1,,*/C=C/CCCCC*,Polydienes
P010103,10352,0,Ring_opening_polymerization,C1CC2CC1C=C2,,*/C=C/C1CCC(*)C1,Polydienes
P010104,12768732,0,Addition_polymerization,CCC(C)C=CC=C,,*/C=C/C(C*)C(C)CC,Polydienes
P010104,101693980,0,Addition_polymerization,CCC(C)C=CC=C,,*/C=C/C(C*)C(C)CC,Polydienes
P010105,21864086,0,Addition_polymerization,CCCC(=C)C=C,,*CC/C=C(/*)CCC,Polydienes
P014362,6326,0,Addition_polymerization,C#C,,*/C=C/*,Polydienes
P014362,6326,0,Addition_polymerization/Polymer_reaction,C#C,,*/C=C/*,Polydienes
P014362,13438016,0,Ring_opening_polymerization/Polymer_reaction,C1=CC2C1C3C=CC2C(=C3C(F)(F)F)C(F)(F)F,,*/C=C/*,Polydienes
P020003,24218,0,Addition_polymerization,CCC1=CC=CC=C1C=C,,*CC(*)c1ccccc1CC,"Polystyrenes, Polyvinyls"
P020005,12541545,0,Addition_polymerization,COCC1=CC=CC=C1C=C,,*CC(*)c1ccccc1COC,"Polystyrenes, Polyvinyls"
P020007,12541547,0,Addition_polymerization,CCCOCC1=CC=CC=C1C=C,,*CC(*)c1ccccc1COCCC,"Polystyrenes, Polyvinyls"
P020010,12541551,0,Addition_polymerization,CCCCCOCC1=CC=CC=C1C=C,,*CC(*)c1ccccc1COCCCCC,"Polystyrenes, Polyvinyls"
P020011,12541552,0,Addition_polymerization,CC(C)CCOCC1=CC=CC=C1C=C,,*CC(*)c1ccccc1COCCC(C)C,"Polystyrenes, Polyvinyls"
P020012,11107001,0,Addition_polymerization,C=CC1=CC=CC=C1COCC2=CC=CC=C2,,*CC(*)c1ccccc1COCc1ccccc1,"Polystyrenes, Polyvinyls"
P020013,12541558,0,Addition_polymerization,C=CC1=CC=CC=C1COCCC2=CC=CC=C2,,*CC(*)c1ccccc1COCCc1ccccc1,"Polystyrenes, Polyvinyls"
P020015,12541491,0,Addition_polymerization,CN(C)C(=O)C1=CC=CC=C1C=C,,*CC(*)c1ccccc1C(=O)N(C)C,"Polystyrenes, Polyvinyls"
P020016,12541487,0,Addition_polymerization,C=CC1=CC=CC=C1C(=O)NC2=CC=CC=C2,,*CC(*)c1ccccc1C(=O)Nc1ccccc1,"Polystyrenes, Polyvinyls"
P020017,3015504,0,Addition_polymerization,C=CC1=CC=CC=C1C(=O)O,,*CC(*)c1ccccc1C(=O)O,"Polystyrenes, Polyvinyls"
P020026,12541473,0,Addition_polymerization,CCCCCCOC(=O)C1=CC=CC=C1C=C,,*CC(*)c1ccccc1C(=O)OCCCCCC,"Polystyrenes, Polyvinyls"
P020027,12541474,0,Addition_polymerization,C=CC1=CC=CC=C1C(=O)OC2=CC=CC=C2,,*CC(*)c1ccccc1C(=O)Oc1ccccc1,"Polystyrenes, Polyvinyls"
P020029,2541507,0,Addition_polymerization,CC1=CC(=C(N1CC2=CC=CC=C2Cl)C)C(=O)CSC3=NC4=C(C(=CS4)C5=CC=CS5)C(=O)N3,,*CC(*)c1ccc(C(=O)OCCN(C)C)cc1,"Polystyrenes, Polyvinyls"
P020030,61153,0,Addition_polymerization,COC1=CC=CC=C1C=C,,*CC(*)c1ccccc1OC,"Polystyrenes, Polyvinyls"
P020032,14906,0,Addition_polymerization,C=CC1=CC=CC=C1Cl,,*CC(*)c1ccccc1Cl,"Polystyrenes, Polyvinyls"
P020035,7529,0,Addition_polymerization,CC1=CC(=CC=C1)C=C,,*CC(*)c1cccc(C)c1,"Polystyrenes, Polyvinyls"
P020037,22182909,0,Addition_polymerization,C=CC1=CC(=CC=C1)C2=CC=C(C=C2)C3=CC=CC=C3,,*CC(*)c1cccc(-c2ccc(-c3ccccc3)cc2)c1,"Polystyrenes, Polyvinyls"
P020039,14905,0,Addition_polymerization,C=CC1=CC(=CC=C1)Cl,,*CC(*)c1cccc(Cl)c1,"Polystyrenes, Polyvinyls"
P020046,15627,0,Addition_polymerization,CC(C)(C)C1=CC=C(C=C1)C=C,,*CC(*)c1ccc(C(C)(C)C)cc1,"Polystyrenes, Polyvinyls"
P020058,16883,0,Addition_polymerization,C=CC1=CC=C(C=C1)C2=CC=CC=C2,,*CC(*)c1ccc(-c2ccccc2)cc1,"Polystyrenes, Polyvinyls"
P020061,14085,0,Addition_polymerization,C=CC1=CC=C(C=C1)Cl,,*CC(*)c1ccc(Cl)cc1,"Polystyrenes, Polyvinyls"
P020064,9603322,0,Addition_polymerization,CC(=NO)C1=CC=C(C=C1)C=C,,*CC(*)c1ccc(/C(C)=N/O)cc1,"Polystyrenes, Polyvinyls"
P020065,12542438,0,Addition_polymerization,CC(C)(C1=CC=C(C=C1)C=C)O,,*CC(*)c1ccc(C(C)(C)O)cc1,"Polystyrenes, Polyvinyls"
P020067,12542439,0,Addition_polymerization,CCCC(C)(C1=CC=C(C=C1)C=C)O,,*CC(*)c1ccc(C(C)(O)CCC)cc1,"Polystyrenes, Polyvinyls"
P020068,12542440,0,Addition_polymerization,CCCCC(C)(C1=CC=C(C=C1)C=C)O,,*CC(*)c1ccc(C(C)(O)CCCC)cc1,"Polystyrenes, Polyvinyls"
P020069,12542441,0,Addition_polymerization,CCCCCC(C)(C1=CC=C(C=C1)C=C)O,,*CC(*)c1ccc(C(C)(O)CCCCC)cc1,"Polystyrenes, Polyvinyls"
P020072,12542444,0,Addition_polymerization,C=CC1=CC=C(C=C1)C(CCN2CCOCC2)O,,*CC(*)c1ccc(C(O)CCN2CCOCC2)cc1,"Polystyrenes, Polyvinyls"
P020084,19936977,0,Addition_polymerization,CN(C)C(=O)C1=CC=C(C=C1)C=C,,*CC(*)c1ccc(C(=O)N(C)C)cc1,"Polystyrenes, Polyvinyls"
P020085,12541513,0,Addition_polymerization,CCN(CC)C(=O)C1=CC=C(C=C1)C=C,,*CC(*)c1ccc(C(=O)N(CC)CC)cc1,"Polystyrenes, Polyvinyls"
P020087,12541543,0,Addition_polymerization,C=CC1=CC=C(C=C1)C(=O)CCN2CCCCC2,,*CC(*)c1ccc(C(=O)CCN2CCCCC2)cc1,"Polystyrenes, Polyvinyls"
P020088,12541515,0,Addition_polymerization,C=CC1=CC=C(C=C1)C(=O)N2CCOCC2,,*CC(*)c1ccc(C(=O)N2CCOCC2)cc1,"Polystyrenes, Polyvinyls"
P020091,10866858,0,Addition_polymerization,CCOC(=O)C1=CC=C(C=C1)C=C,,*CC(*)c1ccc(C(=O)OCC)cc1,"Polystyrenes, Polyvinyls"
P020092,12541502,0,Addition_polymerization,CCCOC(=O)C1=CC=C(C=C1)C=C,,*CC(*)c1ccc(C(=O)OCCC)cc1,"Polystyrenes, Polyvinyls"
P020093,12541503,0,Addition_polymerization,CC(C)OC(=O)C1=CC=C(C=C1)C=C,,*CC(*)c1ccc(C(=O)OC(C)C)cc1,"Polystyrenes, Polyvinyls"
P020096,12541506,0,Addition_polymerization,CCCCCCOC(=O)C1=CC=C(C=C1)C=C,,*CC(*)c1ccc(C(=O)OCCCCCC)cc1,"Polystyrenes, Polyvinyls"
P020098,12541532,0,Addition_polymerization,CCC(=O)C1=CC=C(C=C1)C=C,,*CC(*)c1ccc(C(=O)CC)cc1,"Polystyrenes, Polyvinyls"
P020099,12541533,0,Addition_polymerization,CCCC(=O)C1=CC=C(C=C1)C=C,,*CC(*)c1ccc(C(=O)CCC)cc1,"Polystyrenes, Polyvinyls"
P020101,12541535,0,Addition_polymerization,CCCCCC(=O)C1=CC=C(C=C1)C=C,,*CC(*)c1ccc(C(=O)CCCCC)cc1,"Polystyrenes, Polyvinyls"
P020102,12541536,0,Addition_polymerization,CCCCCCCC(=O)C1=CC=C(C=C1)C=C,,*CC(*)c1ccc(C(=O)CCCCCCC)cc1,"Polystyrenes, Polyvinyls"
P020105,12541538,0,Addition_polymerization,CC1=CC=C(C=C1)C(=O)C2=CC=C(C=C2)C=C,,*CC(*)c1ccc(C(=O)c2ccc(C)cc2)cc1,"Polystyrenes, Polyvinyls"
P020108,67883,0,Addition_polymerization,C=CC1=CC=C(C=C1)F,,*CC(*)c1ccc(F)cc1,"Polystyrenes, Polyvinyls"
P020114,11636856,0,Addition_polymerization,CCCOC1=CC=C(C=C1)C=C,,*CC(*)c1ccc(OCCC)cc1,"Polystyrenes, Polyvinyls"
P020120,595282,0,Addition_polymerization,C[Si](C)(C)C1=CC=C(C=C1)C=C,,*CC(*)c1ccc([Si](C)(C)C)cc1,"Polystyrenes, Polyvinyls"
P020121,34254,0,Addition_polymerization,C=CC1=C(C=CC=C1Cl)Cl,,*CC(*)c1c(Cl)cccc1Cl,"Polystyrenes, Polyvinyls"
P020122,16694,0,Addition_polymerization,CC1=CC(=C(C=C1)C=C)C,,*CC(*)c1ccc(C)cc1C,"Polystyrenes, Polyvinyls"
P020123,21987625,0,Addition_polymerization,CC(C)C1=CC(=C(C=C1)C=C)C(C)C,,*CC(*)c1ccc(C(C)C)cc1C(C)C,"Polystyrenes, Polyvinyls"
P020124,22327885,0,Addition_polymerization,CC1=C(C=CC(=C1)F)C=C,,*CC(*)c1ccc(F)cc1C,"Polystyrenes, Polyvinyls"
P020130,16265,0,Addition_polymerization,CC1=CC(=C(C=C1)C)C=C,,*CC(*)c1cc(C)ccc1C,"Polystyrenes, Polyvinyls"
P020132,22182911,0,Addition_polymerization,CC(C)C1=CC(=C(C=C1)C(C)C)C=C,,*CC(*)c1cc(C(C)C)ccc1C(C)C,"Polystyrenes, Polyvinyls"
P020133,14294,0,Addition_polymerization,C=CC1=C(C=CC(=C1)Cl)Cl,,*CC(*)c1cc(Cl)ccc1Cl,"Polystyrenes, Polyvinyls"
P020136,12542426,0,Addition_polymerization,CCCCOC1=C(C=C(C=C1)Br)C=C,,*CC(*)c1cc(Br)ccc1OCCCC,"Polystyrenes, Polyvinyls"
P020137,12542423,0,Addition_polymerization,CCOC1=C(C=C(C=C1)Br)C=C,,*CC(*)c1cc(Br)ccc1OCC,"Polystyrenes, Polyvinyls"
P020140,12542425,0,Addition_polymerization,CC(C)OC1=C(C=C(C=C1)Br)C=C,,*CC(*)c1cc(Br)ccc1OC(C)C,"Polystyrenes, Polyvinyls"
P020141,12542427,0,Addition_polymerization,CCCCCOC1=C(C=C(C=C1)Br)C=C,,*CC(*)c1cc(Br)ccc1OCCCCC,"Polystyrenes, Polyvinyls"
P020142,12542428,0,Addition_polymerization,CC(C)CCOC1=C(C=C(C=C1)Br)C=C,,*CC(*)c1cc(Br)ccc1OCCC(C)C,"Polystyrenes, Polyvinyls"
P020144,33937,0,Addition_polymerization,CC1=C(C=C(C=C1)C=C)C,,*CC(*)c1ccc(C)c(C)c1,"Polystyrenes, Polyvinyls"
P020149,520947,0,Addition_polymerization,CC1=CC(=C(C=C1C)C=C)C,,*CC(*)c1cc(C)c(C)cc1C,"Polystyrenes, Polyvinyls"
P020150,69556,0,Addition_polymerization,C=CC1=C(C(=C(C(=C1F)F)F)F)F,,*CC(*)c1c(F)c(F)c(F)c(F)c1F,"Polystyrenes, Polyvinyls"
P020151,7407,0,Addition_polymerization,CC(=C)C1=CC=CC=C1,,*CC(*)(C)c1ccccc1,"Polystyrenes, Polyvinyls"
P020156,70004,0,Addition_polymerization,C=CC1=CC=CC2=CC=CC=C21,,*CC(*)c1cccc2ccccc12,"Polystyrenes, Polyvinyls"
P020158,12541544,0,Addition_polymerization,C=CC1=CC=C(C=C1)C(=O)CCN2CCOCC2,,*CC(*)c1ccc(C(=O)CCN2CCOCC2)cc1,"Polystyrenes, Polyvinyls"
P020181,62385,0,Addition_polymerization,CC1=CC=C(C=C1)C(=C)C,,*CC(*)(C)c1ccc(C)cc1,"Polystyrenes, Polyvinyls"
P020188,57041839,0,Addition_polymerization,B(C1=CC(=CC=C1)C=C)(O[Si](C)(C)C)O[Si](C)(C)C,,*CC(*)c1cccc(B(O[Si](C)(C)C)O[Si](C)(C)C)c1,"Polystyrenes, Polyvinyls"
P020192,21797271,0,Addition_polymerization,CC1=C(C=CC=N1)C=C,,*CC(*)c1ccc(C)nc1,"Polystyrenes, Polyvinyls"
P020195,577531,0,Addition_polymerization/Polymer_reaction,CC(C)(C)OC1=CC=C(C=C1)C=C,,*CC(*)c1ccc(O)cc1,"Polystyrenes, Polyvinyls"
P030001,15079962,0,Addition_polymerization/Polymer_reaction,C=COC(=O)OC=C,,*CC(*)O,Polyvinyls
P030001,7904,0,Addition_polymerization/Polymer_reaction,CC(=O)OC=C,,*CC(*)O,Polyvinyls
P030001,79011,0,Addition_polymerization/Polymer_reaction,C=COC(=O)C(F)(F)F,,*CC(*)O,Polyvinyls
P030001,222465,0,Addition_polymerization/Polymer_reaction,C=COC=O,,*CC(*)O,Polyvinyls
P030001,80344,0,Addition_polymerization/Polymer_reaction,C[Si](C)(C)OC=C,,*CC(*)O,Polyvinyls
P030001,70220,0,Addition_polymerization/Polymer_reaction,CC(C)(C)OC=C,,*CC(*)O,Polyvinyls
P030001,11116115,0,Addition_polymerization/Polymer_reaction,C=COCC1=CC=CC=C1,,*CC(*)O,Polyvinyls
P030002,7847,0,Addition_polymerization,C=CC=O,,*CC(*)C=O,Polyvinyls
P030004,69658,0,Addition_polymerization,CCCCCCCCCCCCCCCC(=O)OC=C,,*CC(*)OC(=O)CCCCCCCCCCCCCCC,Polyvinyls
P030005,66077,0,Addition_polymerization,CCCCCCCCCCCCCCCCCC(=O)OC=C,,*CC(*)OC(=O)CCCCCCCCCCCCCCCCC,Polyvinyls
P030007,74152,0,Addition_polymerization,CC(C)C(=O)C=C,,*CC(*)C(=O)C(C)C,Polyvinyls
P030009,13143,0,Addition_polymerization,CC(=C)C(=O)C,,*CC(*)(C)C(C)=O,Polyvinyls
P030014,7521,0,Addition_polymerization,C=CC1=CC=CC=N1,,*CC(*)c1ccccn1,"Polystyrenes, Polyvinyls"
P030016,140349,0,Addition_polymerization,C=CC[SiH3],,*CC(*)C[SiH3],Polyvinyls
P030017,69808,0,Addition_polymerization,C[Si](C)(C)CC=C,,*CC(*)C[Si](C)(C)C,Polyvinyls
P030018,7861,0,Addition_polymerization,COC=C,,*CC(*)OC,Polyvinyls
P030025,7750,0,Addition_polymerization,CCC(=O)OC=C,,*CC(*)OC(=O)CC,Polyvinyls
P030027,7992,0,Addition_polymerization,CC(C)COC=C,,*CC(*)OCC(C)C,Polyvinyls
P030032,13616118,0,Addition_polymerization,CC(C)N(CCC=C)C(C)C,,*CC(*)CCN(C(C)C)C(C)C,Polyvinyls
P030033,11805169,0,Addition_polymerization,CC(C)N(CCCC=C)C(C)C,,*CC(*)CCCN(C(C)C)C(C)C,Polyvinyls
P030034,88291345,0,Addition_polymerization,CC(C)CN(CCCC=C)CC(C)C,,*CC(*)CCCN(CC(C)C)CC(C)C,Polyvinyls
P030037,36155,0,Addition_polymerization,CC1=CC=C(C=C1)S(=O)(=O)OCC#CC#CCOS(=O)(=O)C2=CC=C(C=C2)C,,*C#C/C(COS(=O)(=O)c1ccc(C)cc1)=C(/*)COS(=O)(=O)c1ccc(C)cc1,Polyvinyls
P030038,262843,0,Addition_polymerization,C[Si](C)(C)CCC=C,,*CC(*)CC[Si](C)(C)C,Polyvinyls
P030040,222465,0,Addition_polymerization,C=COC=O,,*CC(*)OC=O,Polyvinyls
P030040,70220,0,Addition_polymerization/Polymer_reaction,CC(C)(C)OC=C,,*CC(*)OC=O,Polyvinyls
P030041,11116115,0,Addition_polymerization,C=COCC1=CC=CC=C1,,*CC(*)OCc1ccccc1,Polyvinyls
P030043,70220,0,Addition_polymerization,CC(C)(C)OC=C,,*CC(*)OC(C)(C)C,Polyvinyls
P030046,8300,0,Addition_polymerization,CC(=C)OC,,*CC(*)(C)OC,Polyvinyls
P030047,14897351,0,Addition_polymerization,CC(C)(C)COC=C,,*CC(*)OCC(C)(C)C,Polyvinyls
P030057,5463216,0,Addition_polymerization,CC=COC(C)(C)C,,*C(C)C(*)OC(C)(C)C,Polyvinyls
P030058,5365091,0,Addition_polymerization,CCOC=CC,,*C(C)C(*)OCC,Polyvinyls
P030058,5354319,0,Addition_polymerization,CCOC=CC,,*C(C)C(*)OCC,Polyvinyls
P030060,637914,0,Addition_polymerization,CC=COC,,*C(C)C(*)OC,Polyvinyls
P030060,643770,0,Addition_polymerization,CC=COC,,*C(C)C(*)OC,Polyvinyls
P030061,5365240,0,Addition_polymerization,CCCOC=CC,,*C(C)C(*)OCCC,Polyvinyls
P030067,523709,0,Addition_polymerization,CC1=CC(=CC=C1)CC=C,,*CC(*)Cc1cccc(C)c1,Polyvinyls
P030068,15317,0,Addition_polymerization,CC1=CC=CC=C1CC=C,,*CC(*)Cc1ccccc1C,Polyvinyls
P030069,76851,0,Addition_polymerization,CC1=CC=C(C=C1)CC=C,,*CC(*)Cc1ccc(C)cc1,Polyvinyls
P030070,11782291,0,Addition_polymerization/Polymer_reaction,CC=COCC1=CC=CC=C1,,*C(C)C(*)O,Polyvinyls
P030071,84940,0,Addition_polymerization,CC(C)(C)C1=CC=C(C=C1)C(=O)OC=C,,*CC(*)OC(=O)c1ccc(C(C)(C)C)cc1,Polyvinyls
P030072,3014080,0,Addition_polymerization,CC(C)(C)C(=O)C=C,,*CC(*)C(=O)C(C)(C)C,Polyvinyls
P030074,75119,0,Addition_polymerization,C=CC(=O)C1CCCCC1,,*CC(*)C(=O)C1CCCCC1,Polyvinyls
P030079,13385,0,Addition_polymerization/Polymer_reaction,C1=COC(=O)O1,,*C(*)O,Polyvinyls
P030082,75129,0,Addition_polymerization,C=COC1CCCCC1,,*CC(*)OC1CCCCC1,Polyvinyls
P030091,19077765,0,Addition_polymerization,CCC(C)(C)COC=C,,*CC(*)OCC(C)(C)CC,Polyvinyls
P030094,69815,0,Addition_polymerization,CCCOC=C,,*CC(*)OCCC,Polyvinyls
P030095,11768498,0,Addition_polymerization,CC(=O)C(=C)F,,*CC(*)(F)C(C)=O,Other polymers
P030097,57133633,0,Addition_polymerization,COC1=C(C=CC(=C1)C(=O)C=C)Br,,*CC(*)C(=O)c1ccc(Br)c(OC)c1,Polyvinyls
P030099,10920888,0,Addition_polymerization,C=CC(=O)C1=CC=C(C=C1)Cl,,*CC(*)C(=O)c1ccc(Cl)cc1,Polyvinyls
P030100,21394659,0,Addition_polymerization,CCC1=CC=C(C=C1)C(=O)C=C,,*CC(*)C(=O)c1ccc(CC)cc1,Polyvinyls
P030102,24017,0,Addition_polymerization,COC1=CC=C(C=C1)C(=O)C=C,,*CC(*)C(=O)c1ccc(OC)cc1,Polyvinyls
P030113,587335,0,Addition_polymerization,C=COC(=O)C1=CC=CC=C1Cl,,*CC(*)OC(=O)c1ccccc1Cl,Polyvinyls
P030115,19956469,0,Addition_polymerization,C=COC(=O)C1=CC=C(C=C1)Cl,,*CC(*)OC(=O)c1ccc(Cl)cc1,Polyvinyls
P030121,54067643,0,Addition_polymerization,CCC1=CC=C(C=C1)C(=O)OC=C,,*CC(*)OC(=O)c1ccc(CC)cc1,Polyvinyls
P030132,69234300,0,Addition_polymerization,CC(C)C1=CC=C(C=C1)C(=O)OC=C,,*CC(*)OC(=O)c1ccc(C(C)C)cc1,Polyvinyls
P030132,2759486,0,Polycondensation/Polymer_reaction,CC(C)C1=CC=C(C=C1)C(=O)Cl,,*CC(*)OC(=O)c1ccc(C(C)C)cc1,Polyvinyls
P030136,15321773,0,Addition_polymerization,COC1=CC=C(C=C1)C(=O)OC=C,,*CC(*)OC(=O)c1ccc(OC)cc1,Polyvinyls
P030139,23513050,0,Addition_polymerization,CC1=CC=C(C=C1)C(=O)OC=C,,*CC(*)OC(=O)c1ccc(C)cc1,Polyvinyls
P030162,13164,0,Addition_polymerization,CCCCCCCC(=O)OC=C,,*CC(*)OC(=O)CCCCCCC,Polyvinyls
P030169,101048454,0,Addition_polymerization,CC[SiH2]C=C,,*CC(*)[SiH2]CC,Polyvinyls
P030174,8074,0,Addition_polymerization,C=COCCCl,,*CC(*)OCCCl,Polyvinyls
P030175,15457,0,Addition_polymerization,COCCOC=C,,*CC(*)OCCOC,Polyvinyls
P030176,9844,0,Addition_polymerization,C=COCC(F)(F)F,,*CC(*)OCC(F)(F)F,Polyvinyls
P030183,22133402,0,Addition_polymerization,CC1=NC(=NC(=N1)C=C)C,,*CC(*)c1nc(C)nc(C)n1,"Polystyrenes, Polyvinyls"
P030192,7861,723,Addition_polymerization/Polymer_reaction,COC=C,O=C(O)C=CC(=O)O,*CC(OC)C(C(=O)O)C(*)C(=O)O,Polyvinyls
P030196,70000,0,Ring_opening_polymerization,C=C(C1CC1)C2=CC=CC=C2,,*CCC/C=C(/*)c1ccccc1,Polyvinyls
P030197,13129786,0,Ring_opening_polymerization,C=C(C1CC1)C2=CC=C(C=C2)Cl,,*CCC/C=C(/*)c1ccc(Cl)cc1,Polyvinyls
P030198,80363,0,Addition_polymerization,CC#C[Si](C)(C)C,,*/C(C)=C(/*)[Si](C)(C)C,Polyvinyls
P030204,11041220,0,Addition_polymerization,CC#C[Si](C)(C)C1=CC=CC=C1,,*/C(C)=C(/*)[Si](C)(C)c1ccccc1,Polyvinyls
P034237,7853,0,Addition_polymerization/Polymer_reaction,C=CCN,,*CC(*)CNc1ccc([N+](=O)[O-])cc1,Polyvinyls
P034238,7853,0,Addition_polymerization/Polymer_reaction,C=CCN,,*CC(*)CNc1ccc([N+](=O)[O-])cn1,Polyvinyls
P034240,7853,0,Addition_polymerization/Polymer_reaction,C=CCN,,*CC(*)CNc1ccc([N+](=O)[O-])c(C(F)(F)F)c1,Polyvinyls
P034595,142200,0,Addition_polymerization,CC(C)CC(C)(C)COC=C,,*CC(*)OCC(C)(C)CC(C)C,Polyvinyls
P039005,6917,0,Addition_polymerization,C=CN1CCCC1=O,,*CC(*)N1CCCC1=O,Polyvinyls
P040001,6581,0,Addition_polymerization,C=CC(=O)O,,*CC(*)C(=O)O,"Polyacrylics, Polyvinyls"
P040001,15458,0,Addition_polymerization/Polymer_reaction,CC(C)(C)OC(=O)C=C,,*CC(*)C(=O)O,"Polyacrylics, Polyvinyls"
P040002,7294,0,Addition_polymerization,COC(=O)C=C,,*CC(*)C(=O)OC,"Polyacrylics, Polyvinyls"
P040003,8821,0,Addition_polymerization,CCOC(=O)C=C,,*CC(*)C(=O)OCC,"Polyacrylics, Polyvinyls"
P040019,13835,0,Addition_polymerization,C=CCOC(=O)C=C,,*CC(*)C(=O)OCC=C,"Polyacrylics, Polyvinyls"
P040047,4093,0,Addition_polymerization,CC(=C)C(=O)O,,*CC(*)(C)C(=O)O,"Polyacrylics, Polyvinyls"
P040047,6658,0,Addition_polymerization/Polymer_reaction,CC(=C)C(=O)OC,,*CC(*)(C)C(=O)O,"Polyacrylics, Polyvinyls"
P040128,16637,0,Addition_polymerization,CC(C)NC(=O)C=C,,*CC(*)C(=O)NC(C)C,"Polyacrylics, Polyvinyls"
P040191,61242,0,Addition_polymerization,C=CC(=O)OC1=CC=CC=C1,,*CC(*)C(=O)Oc1ccccc1,"Polyacrylics, Polyvinyls"
P040295,638144,0,Addition_polymerization,CCOC(=O)C=CC(=O)OCC,,*C(*)C(=O)OCC,"Polyacrylics, Polyvinyls"
P044304,6325,4093,Addition_polymerization,C=C,CC(=C)C(=O)O,*CCCC(*)(C)C(=O)O,Polyvinyls
P050001,6339,0,Addition_polymerization,C=CF,,*CC(*)F,"Polyvinyls, Polyhalo-olefins"
P050001,75344,0,Addition_polymerization/Polymer_reaction,C=C(F)Cl,,*CC(*)F,"Polyvinyls, Polyhalo-olefins"
P050003,6369,0,Addition_polymerization,C=C(F)F,,*CC(*)(F)F,Polyhalo-olefins
P050004,6366,0,Addition_polymerization,C=C(Cl)Cl,,*CC(*)(Cl)Cl,Polyhalo-olefins
P050007,6594,0,Addition_polymerization,C(=C(F)Cl)(F)F,,*C(F)(F)C(*)(F)Cl,Polyhalo-olefins
P050013,31369,0,Addition_polymerization,C=CC(=C)Cl,,*CC/C=C(/*)Cl,"Polyvinyls, Polydienes"
P050016,8302,0,Addition_polymerization,C(=C(F)F)(C(F)(F)F)F,,*C(F)(F)C(*)(F)C(F)(F)F,Polyhalo-olefins
P050017,12672,0,Addition_polymerization,C=CC(F)(F)F,,*CC(*)C(F)(F)F,Polyhalo-olefins
P050020,11641,0,Addition_polymerization,C=CBr,,*CC(*)Br,Polyvinyls
P050024,11652,0,Addition_polymerization,C=C(Br)Br,,*CC(*)(Br)Br,Polyvinyls
P050047,6901,0,Addition_polymerization,C(=C(Cl)Cl)(C(=C(Cl)Cl)Cl)Cl,,*/C(Cl)=C(\Cl)C(Cl)(Cl)C(*)(Cl)Cl,"Polyvinyls, Polydienes"
P060013,11605,0,Addition_polymerization,C1CC=CC=C1,,*C1C=CC(*)CC1,Polydienes
P060025,6557,0,Addition_polymerization,CC(=C)C=C,,*CC/C=C(/*)C,Polydienes
P060035,7612,0,Addition_polymerization,C1C=CC=C1,,*C1C=CC(*)C1,Polydienes
P070001,8081,0,Ring_opening_polymerization,C1OCOCO1,,*CO*,Polyoxides/ethers/acetals
P070001,78969,0,Ring_opening_polymerization,C1OCOCOCO1,,*CO*,Polyoxides/ethers/acetals
P070001,21916021,0,Ring_opening_polymerization,C1OCOCOCOCOCO1,,*CO*,Polyoxides/ethers/acetals
P070001,140106,0,Ring_opening_polymerization,C1OCOCOCOCO1,,*CO*,Polyoxides/ethers/acetals
P070001,712,0,Addition_polymerization,C=O,,*CO*,Polyoxides/ethers/acetals
P070013,6354,0,Ring_opening_polymerization,C1CO1,,*CCO*,Polyoxides/ethers/acetals
P070013,174,0,Polycondensation,C(CO)O,,*CCO*,Polyoxides/ethers/acetals
P070022,11208,0,Ring_opening_polymerization,CC1(CO1)C,,*CC(C)(C)O*,Polyoxides/ethers/acetals
P070028,545268,0,Ring_opening_polymerization,CC(C)(C)CC1CO1,,*CC(CC(C)(C)C)O*,Polyoxides/ethers/acetals
P070036,98180,0,Ring_opening_polymerization,CC1=CC(=CC=C1)OCC2CO2,,*CC(COc1cccc(C)c1)O*,Polyoxides/ethers/acetals
P070056,10423,0,Ring_opening_polymerization,C1COC1,,*CCCO*,Polyoxides/ethers/acetals
P070067,19835,0,Polycondensation,C(CCCCO)CCCCO,,*CCCCCCCCCO*,Polyoxides/ethers/acetals
P070068,37153,0,Polycondensation,C(CCCCCO)CCCCO,,*CCCCCCCCCCO*,Polyoxides/ethers/acetals
P070084,7735,712,Polycondensation,C1CC(CCC1CO)CO,C=O,*CC1CCC(COCO*)CC1,Polyoxides/ethers/acetals
P070089,12586,0,Ring_opening_polymerization,C1COCO1,,*CCOCO*,Polyoxides/ethers/acetals
P070090,68162,0,Ring_opening_polymerization,C1CCOCOC1,,*CCCCOCO*,Polyoxides/ethers/acetals
P070102,101057036,0,Polycondensation,C(CCCCCOCCCCCCOCCCCCCCCCCO)CCCCO,,*CCCCCCCCCCOCCCCCCCCCCOCCCCCCO*,Polyoxides/ethers/acetals
P070132,79148,101059112,Polycondensation,C(CCS)CS,CCOC(=O)SSC1=CC=C(C=C1)OC2=CC=C(C=C2)SSC(=O)OCC,*Oc1ccc(SSCCCCSSc2ccc(*)cc2)cc1,"Polyoxides/ethers/acetals, Polysulfides"
P070133,10902,101059112,Polycondensation,C(CS)S,CCOC(=O)SSC1=CC=C(C=C1)OC2=CC=C(C=C2)SSC(=O)OCC,*Oc1ccc(SSCCSSc2ccc(*)cc2)cc1,"Polyoxides/ethers/acetals, Polysulfides"
P070136,2266,8117,Polycondensation,C(CCCC(=O)O)CCCC(=O)O,C(COCCO)O,*CCOCCOC(=O)CCCCCCCC(=O)O*,"Polyoxides/ethers/acetals, Polyesters/thioesters"
P070169,77358,12374,Polycondensation,C1=CC(=CC=C1C(=O)O)OCCOC2=CC=C(C=C2)C(=O)O,C(CCCO)CCO,*CCOc1ccc(C(=O)OCCCCCCOC(=O)c2ccc(O*)cc2)cc1,"Polyoxides/ethers/acetals, Polyesters/thioesters"
P070170,16402,8088,Polycondensation,C(CCCN)CCN,C(C(=O)O)OCC(=O)O,*CC(=O)NCCCCCCNC(=O)CO*,"Polyoxides/ethers/acetals, Polyamides/thioamides"
P070170,16402,88769,Polycondensation,C(CCCN)CCN,C(C(=O)Cl)OCC(=O)Cl,*CC(=O)NCCCCCCNC(=O)CO*,"Polyoxides/ethers/acetals, Polyamides/thioamides"
P070171,16402,18542011,Polycondensation,C(CCCN)CCN,C(CC(=O)O)COCCCC(=O)O,*CCCC(=O)NCCCCCCNC(=O)CCCO*,"Polyoxides/ethers/acetals, Polyamides/thioamides"
P070197,409128,53994120,Polycondensation,C(CCN)CCOCCCCCN,C(CCCCOCCCCCCCCC(=O)O)CCCC(=O)O,*CCCCCNC(=O)CCCCCCCCOCCCCCCCCC(=O)NCCCCCO*,"Polyoxides/ethers/acetals, Polyamides/thioamides"
P070234,4837,8088,Polycondensation,C1CNCCN1,C(C(=O)O)OCC(=O)O,*C(=O)COCC(=O)N1CCN(*)CC1,"Polyoxides/ethers/acetals, Polyamides/thioamides"
P070235,4837,90039,Polycondensation,C1CNCCN1,C(COCC(=O)O)OCC(=O)O,*C(=O)COCCOCC(=O)N1CCN(*)CC1,"Polyoxides/ethers/acetals, Polyamides/thioamides"
P070287,75251,7488,Polycondensation,C1=CC(=CC=C1OCC(=O)O)OCC(=O)O,C1=CC(=CC=C1C(=O)Cl)C(=O)Cl,*CC(=O)OC(=O)c1ccc(C(=O)OC(=O)COc2ccc(O*)cc2)cc1,"Polyoxides/ethers/acetals, Polyanhydrides/thioanhydrides"
P070290,77358,7451,Polycondensation,C1=CC(=CC=C1C(=O)O)OCCOC2=CC=C(C=C2)C(=O)O,C1=CC(=CC(=C1)C(=O)Cl)C(=O)Cl,*CCOc1ccc(C(=O)OC(=O)c2cccc(C(=O)OC(=O)c3ccc(O*)cc3)c2)cc1,"Polyoxides/ethers/acetals, Polyanhydrides/thioanhydrides"
P070318,11162,712,Polycondensation,C1CC(CCC1O)O,C=O,*COC1CCC(O*)CC1,Polyoxides/ethers/acetals
P070321,8130,0,Addition_polymerization,CCCCCCC=O,,*OC(*)CCCCCC,Polyoxides/ethers/acetals
P070371,2831290,6626,Polyaddition,C1C(O1)COC2=CC=C(C=C2)S(=O)(=O)C3=CC=C(C=C3)OCC4CO4,C1=CC(=CC=C1O)S(=O)(=O)C2=CC=C(C=C2)O,*CC(O)COc1ccc(S(=O)(=O)c2ccc(O*)cc2)cc1,"Polyoxides/ethers/acetals, Polysulfones/sulfoxides/sufonates/sulfoamides"
P070372,13141600,0,Polycondensation,C(C(F)(F)I)(OC(C(F)(F)I)(F)F)(F)F,,*OC(F)(F)C(F)(F)C(F)(F)C(*)(F)F,Polyoxides/ethers/acetals
P070416,7835,66238,Polycondensation,C1C(O1)CCl,CC(C)(C1=CC(=C(C=C1)O)Cl)C2=CC(=C(C=C2)O)Cl,*CC(O)COc1ccc(C(C)(C)c2ccc(O*)c(Cl)c2)cc1Cl,Polyoxides/ethers/acetals
P070428,9246,0,Ring_opening_polymerization,C1CCC2C(C1)O2,,*OC1CCCCC1*,Polyoxides/ethers/acetals
P070428,9234,0,Ring_opening_polymerization,C1CC2CCC1O2,,*OC1CCCCC1*,Polyoxides/ethers/acetals
P070446,17472,13192,Polyaddition,C(COCCOCCOCCOCCOCCO)O,C(CCCN=C=O)CCN=C=O,*CCOCCOCCOCCOCCOCCOC(=O)NCCCCCCNC(=O)O*,"Polyoxides/ethers/acetals, Polyurethanes/thiourethanes"
P070504,25042,0,Ring_opening_polymerization,CCC1(COC1)CC,,*CC(CC)(CC)CO*,Polyoxides/ethers/acetals
P070508,102618,0,Ring_opening_polymerization,CC(C)C1CO1,,*CC(O*)C(C)C,Polyoxides/ethers/acetals
P070515,12920383,0,Ring_opening_polymerization,C1CC12COC2,,*CC1CC1CO*,Polyoxides/ethers/acetals
P070529,196,8172,Polycondensation,C(CCC(=O)O)CC(=O)O,C(COCCOCCO)O,*CCOCCOCCOC(=O)CCCCC(=O)O*,"Polyoxides/ethers/acetals, Polyesters/thioesters"
P070529,12329,8172,Polycondensation,COC(=O)CCCCC(=O)OC,C(COCCOCCO)O,*CCOCCOCCOC(=O)CCCCC(=O)O*,"Polyoxides/ethers/acetals, Polyesters/thioesters"
P070548,12731728,0,Ring_opening_polymerization,C1C(O1)(CCl)CCl,,*CC(CCl)(CCl)O*,Polyoxides/ethers/acetals
P070604,201877,8105,Polycondensation,COC(=O)COCC(=O)OC,C(CCO)CCO,*CCCCCOC(=O)COCC(=O)O*,"Polyoxides/ethers/acetals, Polyesters/thioesters"
P070621,201877,10442,Polycondensation,COC(=O)COCC(=O)OC,C(CO)CO,*CCCOC(=O)COCC(=O)O*,"Polyoxides/ethers/acetals, Polyesters/thioesters"
P070631,8301,67630,Polyaddition,C(=C(F)F)(F)F,C(N=O)(F)(F)F,*ON(C(F)(F)F)C(F)(F)C(*)(F)F,"Polyoxides/ethers/acetals, Polyimines"
P070697,23114479,0,Polycondensation,C1=CC(=CC=C1C(=O)C2=CC=C(C=C2)Cl)OC3=CC=C(C=C3)OC4=CC=C(C=C4)C(=O)C5=CC=C(C=C5)Cl,,*Oc1ccc(Oc2ccc(C(=O)c3ccc(-c4ccc(C(=O)c5ccc(*)cc5)cc4)cc3)cc2)cc1,"Polyoxides/ethers/acetals, Polyketones/thioketones"
P070720,6623,102277873,Polycondensation,CC(C)(C1=CC=C(C=C1)O)C2=CC=C(C=C2)O,C1=CC(=CC=C1S(=O)(=O)C2=CC=C(S2)F)Cl,*c1ccc(Oc2ccc(C(C)(C)c3ccc(Oc4ccc(S(*)(=O)=O)cc4)cc3)cc2)s1,"Polyoxides/ethers/acetals, Polysulfides, Polysulfones/sulfoxides/sufonates/sulfoamides"
P070720,6623,20077257,Polycondensation,CC(C)(C1=CC=C(C=C1)O)C2=CC=C(C=C2)O,C1=CC(=CC=C1S(=O)(=O)C2=CC=C(S2)Cl)Cl,*c1ccc(Oc2ccc(C(C)(C)c3ccc(Oc4ccc(S(*)(=O)=O)cc4)cc3)cc2)s1,"Polyoxides/ethers/acetals, Polysulfides, Polysulfones/sulfoxides/sufonates/sulfoamides"
P070720,6623,20077251,Polycondensation,CC(C)(C1=CC=C(C=C1)O)C2=CC=C(C=C2)O,C1=CC(=CC=C1F)S(=O)(=O)C2=CC=C(S2)Cl,*c1ccc(Oc2ccc(C(C)(C)c3ccc(Oc4ccc(S(*)(=O)=O)cc4)cc3)cc2)s1,"Polyoxides/ethers/acetals, Polysulfides, Polysulfones/sulfoxides/sufonates/sulfoamides"
P070736,19426230,11338958,Polycondensation,C1=CC=C2C(=C1)NC(=C3C=CC(=O)C=C3)N2C4=CC=C(C=C4)N5C6=CC=CC=C6NC5=C7C=CC(=O)C=C7,C1=CC(=CC=C1C(=O)C2=CC=C(C=C2)F)OC3=CC=C(C=C3)C(=O)C4=CC=C(C=C4)F,*c1ccc(Oc2ccc(C(=O)c3ccc(Oc4ccc(C(=O)c5ccc(Oc6ccc(-c7nc8ccccc8n7-c7ccc(-n8c(*)nc9ccccc98)cc7)cc6)cc5)cc4)cc3)cc2)cc1,"Polyoxides/ethers/acetals, Polyimines, Polyketones/thioketones"
P074488,5286094,623849,Polycondensation,C1=CC(=CC=C1C=CC(=O)C2=CC=C(C=C2)F)F,CC(C1=CC=CC=C1)(C2=CC=C(C=C2)O)C3=CC=C(C=C3)O,*Oc1ccc(/C=C/C(=O)c2ccc(Oc3ccc(C(C)(c4ccccc4)c4ccc(*)cc4)cc3)cc2)cc1,"Polyoxides/ethers/acetals, Polyketones/thioketones"
P080001,9264,0,Ring_opening_polymerization,C1SCSCS1,,*CS*,Polysulfides
P080004,9865,0,Ring_opening_polymerization,C1CS1,,*CCS*,Polysulfides
P080018,13403202,8056,Polycondensation,C(CC[S-])C[S-].[Na+].[Na+],C(CCBr)CBr,*CCCCS*,Polysulfides
P080043,139543,14491,Polyaddition,C=CCCCCCCCC=C,C(CCCS)CCS,*CCCCCCCCCCCSCCCCCCS*,Polysulfides
P080117,2749887,607896,Polycondensation,C1=CC(=CC=C1CCN)CCN,C(CCCCCSCCCCCCCCCCC(=O)O)CCCCC(=O)O,*CCCCCCCCCCC(=O)NCCc1ccc(CCNC(=O)CCCCCCCCCCS*)cc1,"Polysulfides, Polyamides/thioamides"
P080119,17570,6371,Polycondensation,C1=CC(=CC=C1O)SC2=CC=C(C=C2)O,C(=O)(Cl)Cl,*Oc1ccc(Sc2ccc(OC(*)=O)cc2)cc1,"Polysulfides, Polycarbonates/thiocarbonates"
P080160,9865,11167,Polyaddition,C1CS1,CN=C=S,*CCS/C(=N\C)S*,Polysulfides
P080177,402,0,Addition_polymerization,S,,*S*,Polysulfides
P090025,5192,37153,Polycondensation,C(CCCCC(=O)O)CCCC(=O)O,C(CCCCCO)CCCCO,*CCCCCCCCCCOC(=O)CCCCCCCCC(=O)O*,Polyesters/thioesters
P090025,66072,37153,Polycondensation,C(CCCCC(=O)Cl)CCCC(=O)Cl,C(CCCCCO)CCCCO,*CCCCCCCCCCOC(=O)CCCCCCCCC(=O)O*,Polyesters/thioesters
P090025,7829,37153,Polycondensation,COC(=O)CCCCCCCCC(=O)OC,C(CCCCCO)CCCCO,*CCCCCCCCCCOC(=O)CCCCCCCCC(=O)O*,Polyesters/thioesters
P090044,101718702,0,Polycondensation,CC(C)(COC(=O)C1=CC(=CC=C1)C(=O)OCC(C)(C)C[Si](C)(C)O)C[Si](C)(C)O,,*O[Si](C)(C)CC(C)(C)COC(=O)c1cccc(C(=O)OCC(C)(C)C[Si](*)(C)C)c1,"Polyesters/thioesters, Polysiloxanes/silanes"
P090085,65432,0,Ring_opening_polymerization,C1C(=O)OCC(=O)O1,,*CC(=O)O*,Polyesters/thioesters
P090103,14474483,69420,Polycondensation,C(CCC(=O)Cl)CC(=O)O,C(CCCCO)CCCO,*CCCCCCCCOC(=O)CCCCC(=O)O*,Polyesters/thioesters
P090176,15074860,0,Ring_opening_polymerization,CC1C(=O)OC(=O)O1,,*OC(C)C(*)=O,Polyesters/thioesters
P090176,7272,0,Ring_opening_polymerization,CC1C(=O)OC(C(=O)O1)C,,*OC(C)C(*)=O,Polyesters/thioesters
P090176,5325924,0,Ring_opening_polymerization,CC1C(=O)OC(C(=O)O1)C,,*OC(C)C(*)=O,Polyesters/thioesters
P090176,61503,0,Ring_opening_polymerization,CC(C(=O)O)O,,*OC(C)C(*)=O,Polyesters/thioesters
P090176,612,0,Polyaddition,CC(C(=O)O)O,,*OC(C)C(*)=O,Polyesters/thioesters
P090176,107983,0,Polycondensation,CC1C(=O)OC(C(=O)O1)C,,*OC(C)C(*)=O,Polyesters/thioesters
P090176,107983,0,Ring_opening_polymerization,CC1C(=O)OC(C(=O)O1)C,,*OC(C)C(*)=O,Polyesters/thioesters
P090177,2365,0,Ring_opening_polymerization,C1COC1=O,,*CCC(=O)O*,Polyesters/thioesters
P090197,12661,0,Ring_opening_polymerization,C=C1CC(=O)O1,,*OC(=C)CC(*)=O,Polyesters/thioesters
P090333,102249121,0,Polycondensation,CCC1(C(=O)OS(=O)O1)CC,,*OC(CC)(CC)C(*)=O,Polyesters/thioesters
P090358,6749546,7451,Polycondensation,COC1=CC(=CNC2=CC=CC3=C2C=CC=C3NC=C4C=CC(=O)C(=C4)OC)C=CC1=O,C1=CC(=CC(=C1)C(=O)Cl)C(=O)Cl,*Oc1ccc(/C=N/c2cccc3c(/N=C/c4ccc(OC(=O)c5cccc(C(*)=O)c5)c(OC)c4)cccc23)cc1OC,"Polyesters/thioesters, Polyimines"
P090620,12173,0,Addition_polymerization,C1=CC(=CC=C1C=O)C=O,,*Cc1ccc(C(=O)O*)cc1,Polyesters/thioesters
P100001,6579,0,Addition_polymerization,C=CC(=O)N,,*CCC(=O)N*,Polyamides/thioamides
P100002,1045,196,Polycondensation,C(CCN)CN,C(CCC(=O)O)CC(=O)O,*CCCCNC(=O)CCCCC(=O)N*,Polyamides/thioamides
P100026,7451,1069143,Polycondensation,C1=CC(=CC(=C1)C(=O)Cl)C(=O)Cl,C1=CC=C(C(=C1)C(=O)O)NC(=O)C2=CC=C(C=C2)C(=O)NC3=CC=CC=C3C(=O)O,*OC(=O)c1ccccc1NC(=O)c1ccc(C(=O)Nc2ccccc2C(=O)OC(=O)c2cccc(C(*)=O)c2)cc1,"Polyamides/thioamides, Polyanhydrides/thioanhydrides"
P100064,2749887,13185,Polycondensation,C1=CC(=CC=C1CCN)CCN,C(CCCCCCC(=O)O)CCCCCC(=O)O,*CCc1ccc(CCNC(=O)CCCCCCCCCCCCC(=O)N*)cc1,Polyamides/thioamides
P100073,15133,8496,Polycondensation,C1=CC(=CC(=C1)CN)CN,C1=CC(=CC(=C1)C(=O)O)C(=O)O,*Cc1cccc(CNC(=O)c2cccc(C(=O)N*)c2)c1,Polyamides/thioamides
P100097,16402,53747691,Polycondensation,C(CCCN)CCN,C1=CC=C(C=C1)P(=O)(CCC(=O)O)CCC(=O)O,*CCCCCCNC(=O)CCP(=O)(CCC(=O)N*)c1ccccc1,Polyamides/thioamides
P100097,16402,101047105,Polycondensation,C(CCCN)CCN,C1=CC=C(C=C1)OC(=O)CCP(=O)(CCC(=O)OC2=CC=CC=C2)C3=CC=CC=C3,*CCCCCCNC(=O)CCP(=O)(CCC(=O)N*)c1ccccc1,Polyamides/thioamides
P100126,7935,7935,Polycondensation,C1=CC(=CC(=C1)N)N,C1=CC(=CC(=C1)N)N,*Nc1cccc(NC(=O)c2cccc(C(*)=O)c2)c1,Polyamides/thioamides
P100126,8496,7451,Polycondensation,C1=CC(=CC(=C1)C(=O)O)C(=O)O,C1=CC(=CC(=C1)C(=O)Cl)C(=O)Cl,*Nc1cccc(NC(=O)c2cccc(C(*)=O)c2)c1,Polyamides/thioamides
P100169,7817,0,Ring_opening_polymerization,C1C(=O)NCC(=O)N1,,*CC(=O)N*,Polyamides/thioamides
P100169,750,0,Polycondensation,C(C(=O)O)N,,*CC(=O)N*,Polyamides/thioamides
P100186,9855448,0,Ring_opening_polymerization,CC1CC(=O)N1,,*NC(C)CC(*)=O,Polyamides/thioamides
P100242,13979010,0,Polycondensation,CC1C(NC1=O)C,,*NC(C)C(C)C(*)=O,Polyamides/thioamides
P100242,541783,0,Polycondensation,CC(C(C)N)C(=O)O,,*NC(C)C(C)C(*)=O,Polyamides/thioamides
P100391,137674,0,Ring_opening_polymerization,CN1CCC1=O,,*CCC(=O)N(*)C,Polyamides/thioamides
P100394,13452453,0,Polycondensation,CNCCCCCCCCCCC(=O)O,,*CCCCCCCCCCC(=O)N(*)C,Polyamides/thioamides
P100431,25246272,0,Polycondensation,C1CC([NH2+]C1)C(=O)[O-],,*C(=O)C1CCCN1*,Polyamides/thioamides
P100564,168964,4837,Polyaddition,C=CC(=O)NCCNC(=O)C=C,C1CNCCN1,*CCC(=O)NCCNC(=O)CCN1CCN(*)CC1,"Polyamides/thioamides, Polyimines"
P100638,72558430,0,Polycondensation,CC(C(=O)NCCCC(=O)O)NC(=O)OC(C)(C)C,,*NC(C)C(=O)NCCCC(*)=O,Polyamides/thioamides
P100662,55286943,0,Ring_opening_polymerization,CCCCC1(CNC1=O)C,,*CC(C)(CCCC)C(=O)N*,Polyamides/thioamides
P100695,137273,0,Ring_opening_polymerization,CC1CCCCC(=O)N1,,*NC(C)CCCCC(*)=O,Polyamides/thioamides
P100766,7814,17887,Polycondensation,C1=CC(=CC=C1N)N,C(CC(=O)Cl)CC(=O)Cl,*Nc1ccc(NC(=O)CCCC(*)=O)cc1,Polyamides/thioamides
P110027,16402,534653,Polycondensation,C(CCCN)CCN,C(CCCC(=O)Cl)CCC(=O)Cl,*CCCCCCOC(=O)NCCCCCCNC(=O)O*,Polyurethanes/thiourethanes
P110027,12374,13192,Polyaddition,C(CCCO)CCO,C(CCCN=C=O)CCN=C=O,*CCCCCCOC(=O)NCCCCCCNC(=O)O*,Polyurethanes/thiourethanes
P110027,235165,12374,Polycondensation,COC(=O)NCCCCCCNC(=O)OC,C(CCCO)CCO,*CCCCCCOC(=O)NCCCCCCNC(=O)O*,Polyurethanes/thiourethanes
P110115,14440438,81320,Polycondensation,COC(CCCN)CCN,CC(C)(COC(=O)Cl)COC(=O)Cl,*CC(C)(C)COC(=O)NCCCC(CCNC(=O)O*)OC,Polyurethanes/thiourethanes
P110183,4837,74843,Polycondensation,C1CNCCN1,CC(C)(C1=CC=C(C=C1)OC(=O)Cl)C2=CC=C(C=C2)OC(=O)Cl,*C(=O)Oc1ccc(C(C)(C)c2ccc(OC(=O)N3CCN(*)CC3)cc2)cc1,Polyurethanes/thiourethanes
P130011,6966,69534,Polycondensation,C1=C2C(=CC3=C1C(=O)OC3=O)C(=O)OC2=O,C(CCCCN)CCCCN,*CCCCCCCCCn1c(=O)c2cc3c(=O)n(*)c(=O)c3cc2c1=O,Polyimides/thioimides
P130049,101052369,7577,Polycondensation,C1=CC(=CC=C1C2=CC3=C(C=C2C(=O)Cl)C(=O)NC3=O)S(=O)(=O)C4=CC=C(C=C4)C5=CC6=C(C=C5C(=O)Cl)C(=O)NC6=O,C1=CC(=CC=C1CC2=CC=C(C=C2)N)N,*C(=O)Nc1ccc(Cc2ccc(NC(=O)c3ccc4c(c3)C(=O)N(c3ccc(S(=O)(=O)c5ccc(N6C(=O)c7ccc(*)cc7C6=O)cc5)cc3)C4=O)cc2)cc1,"Polyimides/thioimides, Polyamides/thioamides, Polysulfones/sulfoxides/sufonates/sulfoamides"
P130085,75494,7814,Polycondensation,C1=CC2=C(C=C1C3=CC4=C(C=C3)C(=O)OC4=O)C(=O)OC2=O,C1=CC(=CC=C1N)N,*c1ccc(N2C(=O)c3ccc(-c4ccc5c(c4)C(=O)N(*)C5=O)cc3C2=O)cc1,Polyimides/thioimides
P130170,75498,7111,Polycondensation,C1=CC2=C(C=C1C(=O)C3=CC4=C(C=C3)C(=O)OC4=O)C(=O)OC2=O,C1=CC(=CC=C1C2=CC=C(C=C2)N)N,*C(=O)c1ccc2c(c1)C(=O)N(c1ccc(-c3ccc(N4C(=O)c5ccc(*)cc5C4=O)cc3)cc1)C2=O,"Polyimides/thioimides, Polyketones/thioketones"
P130310,4363228,82136,Polycondensation,C1=CC=C(C=C1)NC2=CC=C(C=C2)NC(=O)C3=CC(=CC=C3)C(=O)NC4=CC=C(C=C4)NC5=CC=CC=C5,C1=CC(=C(C=C1OC2=CC(=C(C=C2)C(=O)O)C(=O)O)C(=O)O)C(=O)O,*c1ccc(NC(=O)c2cccc(C(=O)Nc3ccc(N4C(=O)c5ccc(Oc6ccc7c(c6)C(=O)N(*)C7=O)cc5C4=O)cc3)c2)cc1,"Polyimides/thioimides, Polyoxides/ethers/acetals, Polyamides/thioamides"
P140005,7488,14227379,Polycondensation,C1=CC(=CC=C1C(=O)Cl)C(=O)Cl,C1=CC(=CC=C1C(=O)O)NC(=O)CCCCC(=O)NC2=CC=C(C=C2)C(=O)O,*OC(=O)c1ccc(NC(=O)CCCCC(=O)Nc2ccc(C(=O)OC(=O)c3ccc(C(*)=O)cc3)cc2)cc1,"Polyamides/thioamides, Polyanhydrides/thioanhydrides"
P140017,385,0,Polycondensation,C(CCC(=O)O)CCC(=O)O,,*OC(=O)CCCCCC(*)=O,Polyanhydrides/thioanhydrides
P140022,7489,0,Polycondensation,C1=CC(=CC=C1C(=O)O)C(=O)O,,*OC(=O)c1ccc(C(*)=O)cc1,Polyanhydrides/thioanhydrides
P140022,7489,7488,Polycondensation,C1=CC(=CC=C1C(=O)O)C(=O)O,C1=CC(=CC=C1C(=O)Cl)C(=O)Cl,*OC(=O)c1ccc(C(*)=O)cc1,Polyanhydrides/thioanhydrides
P140022,7488,962,Polycondensation,C1=CC(=CC=C1C(=O)Cl)C(=O)Cl,O,*OC(=O)c1ccc(C(*)=O)cc1,Polyanhydrides/thioanhydrides
P150101,8064,7766,Polycondensation,C(CCO)CO,CCOC(=O)OCC,*CCCCOC(=O)O*,Polycarbonates/thiocarbonates
P150101,67254769,0,Ring_opening_polymerization,C1CCOC(=O)OCCCCOC(=O)OC1,,*CCCCOC(=O)O*,Polycarbonates/thiocarbonates
P150114,8105,7766,Polycondensation,C(CCO)CCO,CCOC(=O)OCC,*CCCCCOC(=O)O*,Polycarbonates/thiocarbonates
P160021,102249127,0,Ring_opening_polymerization,C1COC(=N1)C(C(C(C(C(C(C(F)(F)F)(F)F)(F)F)(F)F)(F)F)(F)F)(F)F,,*CCN(*)C(=O)C(F)(F)C(F)(F)C(F)(F)C(F)(F)C(F)(F)C(F)(F)C(F)(F)F,Polyimines
P160031,10975415,0,Ring_opening_polymerization,CC1=NCCCO1,,*CCCN(*)C(C)=O,Polyimines
P170066,68187,0,Ring_opening_polymerization,C1=CC=C(C=C1)[Si]2(O[Si](O[Si](O2)(C3=CC=CC=C3)C4=CC=CC=C4)(C5=CC=CC=C5)C6=CC=CC=C6)C7=CC=CC=C7,,*O[Si](*)(c1ccccc1)c1ccccc1,Polysiloxanes/silanes
P170074,519190,0,Ring_opening_polymerization,CC[Si]1(O[Si](O[Si](O1)(C)CC)(C)CC)C,,*O[Si](*)(C)CC,Polysiloxanes/silanes
P180001,220225,0,Ring_opening_polymerization/Polymer_reaction,N1=P(N=P(N=P1(Cl)Cl)(Cl)Cl)(Cl)Cl,,*N=P(*)(OC)OC,"Polyphosphazenes, Polyimines"
P180040,12598791,0,Polycondensation,C[Si](C)(C)N=P(C)(C)OCC(F)(F)F,,*N=P(*)(C)C,"Polyphosphazenes, Polyimines"
P210002,7503,0,Polycondensation,C1=CC=C(C=C1)CCl,,*Cc1ccc(*)cc1,Polyphenylenes
P210025,13205,712,Polycondensation,CC1=C(C=CC=C1N)N,C=O,*Cc1cc(*)c(N)c(C)c1N,Polyphenylenes
P320004,2734393,0,Addition_polymerization,B(C1=CC=C(C=C1)C=C)(O)O,,*CC(*)c1ccc(B(O)O)cc1,"Polystyrenes, Polyvinyls"
P322001,18949294,0,Addition_polymerization,C[Si](C)(C)O[Si](C)(C)C1=CC=C(C=C1)C=C,,*CC(*)c1ccc([Si](C)(C)O[Si](C)(C)C)cc1,"Polystyrenes, Polyvinyls"
P322087,7502,0,Addition_polymerization/Polymer_reaction,C=CC1=CC=NC=C1,,*CC(*)c1cc[n+](CCCC)cc1,"Polystyrenes, Polyvinyls"
P322170,2778198,0,Addition_polymerization,C=CC1=CC=CC=C1C(F)(F)F,,*CC(*)c1ccccc1C(F)(F)F,"Polystyrenes, Polyvinyls"
P330014,6325,712,Polyaddition/Polymer_reaction,C=C,C=O,*CCC(*)O,Polyvinyls
P330036,251020,0,Addition_polymerization,COC1=CC=C(C=C1)C#C,,*/C=C(/*)c1ccc(OC)cc1,Polyvinyls
P330071,637919,0,Addition_polymerization,CC=C[N+](=O)[O-],,*C(C)C(*)[N+](=O)[O-],Polyvinyls
P330154,70198,0,Addition_polymerization,C=C(C#N)Cl,,*CC(*)(Cl)C#N,Polyvinyls
P332127,11642,0,Addition_polymerization,C=CN,,*CC(*)N,Polyvinyls
P332183,11605,70198,Addition_polymerization,C1CC=CC=C1,C=C(C#N)Cl,*CC(Cl)(C#N)C1C=CC(*)CC1,Polyvinyls
P332251,101754574,0,Addition_polymerization,C1=CC(=CC=C1COC(=O)C=CC=CC(=O)OCC2=CC=C(C=C2)Br)Br,,*/C=C/C(C(=O)OCc1ccc(Br)cc1)C(*)C(=O)OCc1ccc(Br)cc1,Polyvinyls
P332306,102410638,0,Polycondensation/Polymer_reaction,CCCCCCCCCCCCCCOCCOCCOCCOCCOCC(CCCCCCCCCC=C)CCCCCCCCCC=C,,*CCCCCCCCCCCCCCCCCCCCC(*)COCCOCCOCCOCCOCCCCCCCCCCCCCC,Polyvinyls
P332308,522153,0,Ring_opening_polymerization,CC1(C=C1)C2=CC=CC=C2,,*/C=C/C(*)(C)c1ccccc1,Polyvinyls
P340055,10219400,0,Addition_polymerization,C=CC(=O)NC1CC1,,*CC(*)C(=O)NC1CC1,"Polyacrylics, Polyvinyls"
P340122,638132,0,Addition_polymerization,CC=CC(=O)OC,,*C(C)C(*)C(=O)OC,"Polyacrylics, Polyvinyls"
P340156,193628,0,Addition_polymerization,C=CC(=O)NCCO,,*CC(*)C(=O)NCCO,"Polyacrylics, Polyvinyls"
P342131,100974126,0,Addition_polymerization,CC(=C)C(=O)OCCCCCCCCCCCCOC1=CC2=C(C=C1)C=C(C=C2)C(=O)OC3=CC=CC=C3,,*CC(*)(C)C(=O)OCCCCCCCCCCCCOc1ccc2cc(C(=O)Oc3ccccc3)ccc2c1,"Polyacrylics, Polyvinyls"
P342157,20466163,0,Addition_polymerization,CC(C(C)S(=O)(=O)O)NC(=O)C=C,,*CC(*)C(=O)NC(C)(C)CS(=O)(=O)O,"Polyacrylics, Polyvinyls"
P342350,11126977,0,Addition_polymerization,CC(=C)C(=O)OCC1COC(=O)O1,,*CC(*)(C)C(=O)OCC1COC(=O)O1,"Polyacrylics, Polyvinyls"
P342398,429065,0,Addition_polymerization,CCOC(=O)C=CC,,*C(C)C(*)C(=O)OCC,"Polyacrylics, Polyvinyls"
P342496,101421028,0,Addition_polymerization,CC(=C)C(=O)OCC1=CC(=CC(=C1)Cl)Cl,,*CC(*)(C)C(=O)OCc1cc(Cl)cc(Cl)c1,"Polyacrylics, Polyvinyls"
P342533,70460170,0,Addition_polymerization,C=CC(=O)OCCCCCCCCCCOC1=CC=CC=C1C(=O)O,,*CC(*)C(=O)OCCCCCCCCCCOc1ccccc1C(=O)O,"Polyacrylics, Polyvinyls"
P350001,12578247,0,Addition_polymerization,CC(C=C)C(F)(F)F,,*CC(*)C(C)C(F)(F)F,Polyhalo-olefins
P350010,75344,0,Addition_polymerization,C=C(F)Cl,,*CC(*)(F)Cl,Polyhalo-olefins
P360023,77353,0,Addition_polymerization,CC(=C)C1=CC(=CC=C1)C(=C)C,,*c1ccc2c(c1)C(*)(C)CC2(C)C,Polydienes
P360023,81847,0,Polycondensation,CC(C)(C1=CC=C(C=C1)C(C)(C)Cl)Cl,,*c1ccc2c(c1)C(*)(C)CC2(C)C,Polydienes
P362001,9997,0,Addition_polymerization,C#CC#C,,*C#C/C=C/*,Polydienes
P362002,6335,0,Addition_polymerization,CC#C,,*/C=C(/*)C,Polydienes
P370001,12736,8117,Polycondensation,C(CCCCCC(=O)O)CCCCC(=O)O,C(COCCO)O,*CCOCCOC(=O)CCCCCCCCCCC(=O)O*,"Polyoxides/ethers/acetals, Polyesters/thioesters"
P370066,101047210,174,Polycondensation,CCOC(=O)C1=CC(=CC=C1)OCCCOC2=CC=CC(=C2)C(=O)OCC,C(CO)O,*CCCOc1cccc(C(=O)OCCOC(=O)c2cccc(O*)c2)c1,"Polyoxides/ethers/acetals, Polyesters/thioesters"
P370090,84405,31344,Polycondensation,COC(=O)C1=CC=C(C=C1)OC2=CC=C(C=C2)C(=O)OC,CC(C)(CO)CO,*Oc1ccc(C(=O)OCC(C)(C)COC(=O)c2ccc(*)cc2)cc1,"Polyoxides/ethers/acetals, Polyesters/thioesters"
P370091,33,0,Addition_polymerization,C(C=O)Cl,,*OC(*)CCl,Polyoxides/ethers/acetals
P370122,22677098,0,Ring_opening_polymerization,C1C2CC3(C1C=C2)COC3,,*CC1(CO*)CC2C=CC1C2,Polyoxides/ethers/acetals
P370172,101718602,7489,Polycondensation,CC(=O)OC1=CC=CC(=C1)OC2=CC=C(C=C2)OC3=CC(=CC=C3)OC(=O)C,C1=CC(=CC=C1C(=O)O)C(=O)O,*Oc1cccc(Oc2ccc(Oc3cccc(OC(=O)c4ccc(C(*)=O)cc4)c3)cc2)c1,"Polyoxides/ethers/acetals, Polyesters/thioesters"
P370239,9244,0,Ring_opening_polymerization,C1CC2C(C1)O2,,*OC1CCCC1*,Polyoxides/ethers/acetals
P370283,7579,10367,Polycondensation,C1=CC(=CC=C1N)OC2=CC=C(C=C2)N,C1=CC(=NC(=C1)C(=O)O)C(=O)O,*C(=O)Nc1ccc(Oc2ccc(NC(=O)c3cccc(*)n3)cc2)cc1,"Polyoxides/ethers/acetals, Polyamides/thioamides, Polyimines"
P370347,94652,71348055,Polycondensation,C1=CC(=CC=C1C(C2=CC=C(C=C2)OC3=CC=C(C=C3)N)(C(F)(F)F)C(F)(F)F)OC4=CC=C(C=C4)N,C1=CC(=CC2=C1C=CC(=C2)OC3=CC=C(C=C3)C(=O)O)OC4=CC=C(C=C4)C(=O)O,*Oc1ccc2ccc(Oc3ccc(C(=O)Nc4ccc(Oc5ccc(C(c6ccc(Oc7ccc(NC(=O)c8ccc(*)cc8)cc7)cc6)(C(F)(F)F)C(F)(F)F)cc5)cc4)cc3)cc2c1,"Polyoxides/ethers/acetals, Polyamides/thioamides"
P370378,6623,8484,Polycondensation,CC(C)(C1=CC=C(C=C1)O)C2=CC=C(C=C2)O,C1=CC(=CC=C1OC2=CC=C(C=C2)S(=O)(=O)Cl)S(=O)(=O)Cl,*OS(=O)(=O)c1ccc(Oc2ccc(S(=O)(=O)Oc3ccc(C(C)(C)c4ccc(*)cc4)cc3)cc2)cc1,"Polyoxides/ethers/acetals, Polysulfones/sulfoxides/sufonates/sulfoamides"
P370379,11807711,0,Ring_opening_polymerization,C[Si]1(C[Si](C1)(C)C2=CC=CC=C2)C3=CC=CC=C3,,*CC(O*)c1ccco1,Polyoxides/ethers/acetals
P370380,101055925,75505,Polycondensation,C1=CC=C2C(=C1)C(=O)N(C2=O)C3=CC(=C(C=C3)C(=O)Cl)C(=O)Cl,C1=CC(=CC=C1C2=NN=C(O2)C3=CC=C(C=C3)N)N,*c1ccc(NC(=O)c2cc(C(=O)Nc3ccc(-c4nnc(*)o4)cc3)cc(N3C(=O)c4ccccc4C3=O)c2)cc1,"Polyoxides/ethers/acetals, Polyamides/thioamides, Polyimines"
P370403,6623,101922358,Polycondensation,CC(C)(C1=CC=C(C=C1)O)C2=CC=C(C=C2)O,C1=CC2=C(C(=C1)C(=O)C3=CC=C(C=C3)F)C(=CC=C2)C(=O)C4=CC=C(C=C4)F,*Oc1ccc(C(C)(C)c2ccc(Oc3ccc(C(=O)c4cccc5cccc(C(=O)c6ccc(*)cc6)c45)cc3)cc2)cc1,"Polyoxides/ethers/acetals, Polyketones/thioketones"
P370438,17127,16305,Polycondensation,CC(C)(C1=CC=C(C=C1)[O-])C2=CC=C(C=C2)[O-].[Na+].[Na+],C1=CC(=CC=C1OC2=CC=C(C=C2)Br)Br,*Oc1ccc(Oc2ccc(Oc3ccc(C(C)(C)c4ccc(*)cc4)cc3)cc2)cc1,Polyoxides/ethers/acetals
P370481,13249359,225358,Polycondensation/Polymer_reaction,C1=CC=C(C=C1)[Si](C2=CC=CC=C2)(C3=CC=C(C=C3)C(=O)Cl)C4=CC=C(C=C4)C(=O)Cl,C1=CC(=NC(=C1)C(=O)NN)C(=O)NN,*c1ccc([Si](c2ccccc2)(c2ccccc2)c2ccc(-c3nnc(-c4cccc(-c5nnc(*)o5)n4)o3)cc2)cc1,"Polyoxides/ethers/acetals, Polyimines, Polysiloxanes/silanes"
P370606,75498,7579,Polyaddition,C1=CC2=C(C=C1C(=O)C3=CC4=C(C=C3)C(=O)OC4=O)C(=O)OC2=O,C1=CC(=CC=C1N)OC2=CC=C(C=C2)N,*Oc1ccc(NC(=O)c2cc(C(=O)c3ccc(C(=O)O)c(C(=O)Nc4ccc(*)cc4)c3)ccc2C(=O)O)cc1,"Polyoxides/ethers/acetals, Polyamides/thioamides, Polyketones/thioketones"
P370727,11126976,0,Addition_polymerization,C=C(COCC(=C)C(=O)O)C(=O)O,,*CC1(C(=O)O)COCC(*)(C(=O)O)C1,Polyoxides/ethers/acetals
P370784,8117,5240569,Polycondensation,C(COCCO)O,C1=CC(=CC=C1C(=O)OC2=CC=C(C=C2)C(=O)O)C(=O)OC3=CC=C(C=C3)C(=O)O,*Oc1ccc(C(=O)OCCOCCOC(=O)c2ccc(OC(=O)c3ccc(C(*)=O)cc3)cc2)cc1,"Polyoxides/ethers/acetals, Polyesters/thioesters"
P370785,7579,12173,Polycondensation,C1=CC(=CC=C1N)OC2=CC=C(C=C2)N,C1=CC(=CC=C1C=O)C=O,*Oc1ccc(/N=C/c2ccc(/C=N/c3ccc(*)cc3)cc2)cc1,"Polyoxides/ethers/acetals, Polyimines"
P370809,632603,14848118,Polycondensation,C1=CC(=C(C=C1C(C2=CC(=C(C=C2)O)N)(C(F)(F)F)C(F)(F)F)N)O,CCCCCCCCCCOC1=CC(=C(C=C1C(=O)O)OCCCCCCCCCC)C(=O)O,*c1ccc2oc(-c3cc(OCCCCCCCCCC)c(-c4nc5cc(C(*)(C(F)(F)F)C(F)(F)F)ccc5o4)cc3OCCCCCCCCCC)nc2c1,"Polyoxides/ethers/acetals, Polyimines"
P370823,6184,0,Addition_polymerization,CCCCCC=O,,*OC(*)CCCCC,Polyoxides/ethers/acetals
P370824,14323145,0,Ring_opening_polymerization,C[Ge]1(CC2=COC=C2C1)C,,*C[Ge](C)(C)Cc1cocc1*,Polyoxides/ethers/acetals
P372044,232881,931996,Polycondensation,C1=CC=C(C=C1)C(C2=CC=CC=C2)(C3=CC=C(C=C3)O)C4=CC=C(C=C4)O,C1=CC(=CC=C1C=NC2=CC=C(C=C2)N=CC3=CC=C(C=C3)F)F,*Oc1ccc(/N=C/c2ccc(Oc3ccc(C(c4ccccc4)(c4ccccc4)c4ccc(Oc5ccc(/C=N/c6ccc(*)cc6)cc5)cc4)cc3)cc2)cc1,"Polyoxides/ethers/acetals, Polyimines"
P372045,8096,8117,Polycondensation,C(CSCCC(=O)O)C(=O)O,C(COCCO)O,*CCOCCOC(=O)CCSCCC(=O)O*,"Polyoxides/ethers/acetals, Polysulfides, Polyesters/thioesters"
P372046,8096,8172,Polycondensation,C(CSCCC(=O)O)C(=O)O,C(COCCOCCO)O,*CCOCCOCCOC(=O)CCSCCC(=O)O*,"Polyoxides/ethers/acetals, Polysulfides, Polyesters/thioesters"
P372333,785,102003984,Polycondensation/Polymer_reaction,C1=CC(=CC=C1O)O,C1=CC=C(C=C1)C(=O)C2=CC(=C(C=C2F)C(=O)C3=CC=CC=C3)F,*Oc1ccc(Oc2cc(C(=O)c3ccccc3)c(*)cc2C(=O)c2ccccc2)cc1CCl,Polyoxides/ethers/acetals
P372432,102272819,0,Polycondensation,C1=C(C=C(C(=C1Cl)[O-])Cl)Cl.C1=C(C=C(C(=C1Cl)[O-])Cl)Cl.[Mn+2],,*Oc1cc(Cl)cc(Cl)c1*,Polyoxides/ethers/acetals
P372510,4421864,0,Polycondensation,C1COC2=CSC=C2O1,,*c1sc(*)c2c1OCCO2,"Polyoxides/ethers/acetals, Polysulfides"
P372518,101707440,67842,Polycondensation,C1=CC=C2C(=C1)C(=NNC2=O)C3=CC=C(C=C3)OC4=CC=C(C=C4)C5=NNC(=O)C6=CC=CC=C65,C1=CC(=CC=C1F)S(=O)(=O)C2=CC=C(C=C2)F,*c1ccc(S(=O)(=O)c2ccc(-n3nc(-c4ccc(Oc5ccc(-c6nn(*)c(=O)c7ccccc67)cc5)cc4)c4ccccc4c3=O)cc2)cc1,"Polyoxides/ethers/acetals, Polyamides/thioamides, Polyimines, Polysulfones/sulfoxides/sufonates/sulfoamides"
P372557,7835,6623,Polycondensation/Polymer_reaction,C1C(O1)CCl,CC(C)(C1=CC=C(C=C1)O)C2=CC=C(C=C2)O,*CC(COc1ccc(C(C)(C)c2ccc(O*)cc2)cc1)OC(=O)/C=C/c1ccco1,Polyoxides/ethers/acetals
P372635,6325,12695,Addition_polymerization,C=C,C(=O)(C(F)(F)F)C(F)(F)F,*CCC(O*)(C(F)(F)F)C(F)(F)F,Polyoxides/ethers/acetals
P372637,7579,10990198,Polycondensation,C1=CC(=CC=C1N)OC2=CC=C(C=C2)N,C1=CC(=CC=C1C(=C(C#N)C#N)Cl)C(=C(C#N)C#N)Cl,*Oc1ccc(NC(=C(C#N)C#N)c2ccc(C(Nc3ccc(*)cc3)=C(C#N)C#N)cc2)cc1,"Polyoxides/ethers/acetals, Polyimines"
P372696,101140497,102724,Polycondensation,CC(C)(C)C1CCC(CC1)(C2=CC=C(C=C2)OC3=CC=C(C=C3)C(=O)Cl)C4=CC=C(C=C4)OC5=CC=C(C=C5)C(=O)Cl,C1CC2C(C1)C3CC2CC3(C4=CC=C(C=C4)O)C5=CC=C(C=C5)O,*Oc1ccc(C2(c3ccc(OC(=O)c4ccc(Oc5ccc(C6(c7ccc(Oc8ccc(C(*)=O)cc8)cc7)CCC(C(C)(C)C)CC6)cc5)cc4)cc3)CC3CC2C2CCCC32)cc1,"Polyoxides/ethers/acetals, Polyesters/thioesters"
P372702,100945135,59470456,Polycondensation,CC1(C2=C(C(=CC(=C2)Br)Br)NC(O1)(C)C)C,B1(OCCCO1)C2=CC(=CC=C2)B3OCCCO3,*c1cccc(-c2cc(*)cc3c2NC(C)(C)OC3(C)C)c1,"Polyoxides/ethers/acetals, Polyimines, Polyoxides/ethers/acetals"
P373064,15880051,0,Addition_polymerization,C1=CC(=CC=C1OC(=C(F)F)F)OC(=C(F)F)F,,*Oc1ccc(OC2(F)C(*)(F)C(F)(F)C2(F)F)cc1,Polyoxides/ethers/acetals
P373119,102356833,102356837,Polycondensation,C1=CC(=CC=C1C=O)C(=O)OC2=CC(=C(C=C2Cl)Cl)OC(=O)C3=CC=C(C=C3)C=O,C1=CC(=C(C=C1N)Cl)OCCCCCCCCCCCCOC2=C(C=C(C=C2)N)Cl,*Oc1cc(OC(=O)c2ccc(/C=N/c3ccc(OCCCCCCCCCCCCOc4ccc(/N=C/c5ccc(C(*)=O)cc5)cc4Cl)c(Cl)c3)cc2)c(Cl)cc1Cl,"Polyoxides/ethers/acetals, Polyesters/thioesters, Polyimines"
P373297,101772769,101772772,Polycondensation,C1=CC(=CC=C1C=CC2=CC=C(C=C2)OCCCCCCCCCCO)OCCCCCCCCCCO,C1=CC(=CC=C1N=NC2=CC=C(C=C2)OCCCCCCCCCCO[P+]([O-])(Cl)Cl)[N+](=O)[O-],*CCCCCCCCCCOc1ccc(/C=C/c2ccc(OCCCCCCCCCCOP(=O)(O*)OCCCCCCCCCCOc3ccc(/N=N/c4ccc([N+](=O)[O-])cc4)cc3)cc2)cc1,Polyoxides/ethers/acetals
P373354,6625,5383317,Polycondensation,C1=CC(=CC=C1S(=O)(=O)C2=CC=C(C=C2)Cl)Cl,C1=CC(=CN=C2C=CC(=O)C=C2)C=CC1=CNC3=CC=C(C=C3)O,*Oc1ccc(S(=O)(=O)c2ccc(Oc3ccc(/N=C/c4ccc(/C=N/c5ccc(*)cc5)cc4)cc3)cc2)cc1,"Polyoxides/ethers/acetals, Polyimines, Polysulfones/sulfoxides/sufonates/sulfoamides"
P373386,86530,0,Addition_polymerization,C1(=C(F)F)OC(C(O1)(F)F)(C(F)(F)F)F,,*C(F)(F)C1(*)OC(F)(F)C(F)(C(F)(F)F)O1,Polyoxides/ethers/acetals
P373424,69420,101253854,Polycondensation,C(CCCCO)CCCO,C1C(C2C(O1)C(CO2)OC(=O)OC3=CC=C(C=C3)[N+](=O)[O-])OC(=O)OC4=CC=C(C=C4)[N+](=O)[O-],*OC(=O)OCCCCCCCCOC(=O)OC1COC2C(*)COC12,"Polyoxides/ethers/acetals, Polycarbonates/thiocarbonates"
P373430,5385439,0,Polyaddition,C1COC(=C2C=CC(=O)C=C2)N1,,*CCNC(=O)c1ccc(O*)cc1,"Polyoxides/ethers/acetals, Polyamides/thioamides"
P373457,3301,0,Polycondensation,C(CN)N,,*Oc1ccc(C(=O)CNCCNCC(=O)c2ccc(*)cc2)cc1,"Polyoxides/ethers/acetals, Polyimines, Polyketones/thioketones"
P373494,24314,0,Ring_opening_polymerization,CC(C)(C)OCC1CO1,,*CC(COC(C)(C)C)O*,Polyoxides/ethers/acetals
P373495,22283745,0,Addition_polymerization,C1(=C(F)F)OC(C(O1)(F)F)(F)F,,*C(F)(F)C1(*)OC(F)(F)C(F)(F)O1,Polyoxides/ethers/acetals
P373541,102084150,0,Ring_opening_polymerization,CC1(COC1)COCCCCCCCCCCOC2=CC=C(C=C2)C3=CC=C(C=C3)C#N,,*CC(C)(CO*)COCCCCCCCCCCOc1ccc(-c2ccc(C#N)cc2)cc1,Polyoxides/ethers/acetals
P373546,17570,100974684,Polycondensation,C1=CC(=CC=C1O)SC2=CC=C(C=C2)O,C1=CC(=CC=C1C2=CC(=C(C=C2)F)C(F)(F)F)C3=CC(=C(C=C3)F)C(F)(F)F,*Oc1ccc(Sc2ccc(Oc3ccc(-c4ccc(-c5ccc(*)c(C(F)(F)F)c5)cc4)cc3C(F)(F)F)cc2)cc1,"Polyoxides/ethers/acetals, Polysulfides"
P373695,12173,102265056,Polycondensation,C1=CC(=CC=C1C=O)C=O,C1=CC(=CC=C1C(=O)OCCCCOCCCCOCCCCOC(=O)C2=CC=C(C=C2)N)N,*CCCCOCCCCOCCCCOC(=O)c1ccc(/N=C/c2ccc(/C=N/c3ccc(C(=O)O*)cc3)cc2)cc1,"Polyoxides/ethers/acetals, Polyesters/thioesters, Polyimines"
P373740,102071669,0,Ring_opening_polymerization,CC1C(=O)OCCCOC(C(=O)OCCCO1)C,,*CCCOC(=O)C(C)O*,"Polyoxides/ethers/acetals, Polyesters/thioesters"
P380027,65067,0,Polycondensation,C1=CSC(=C1)C2=CC=C(S2)C3=CC=CS3,,*c1ccc(*)s1,Polysulfides
P380027,68120,0,Polycondensation,C1=CSC(=C1)C2=CC=CS2,,*c1ccc(*)s1,Polysulfides
P380027,69368,0,Polycondensation,C1=C(SC(=C1)I)I,,*c1ccc(*)s1,Polysulfides
P380027,8030,0,Polycondensation,C1=CSC=C1,,*c1ccc(*)s1,Polysulfides
P380027,18501,0,Polycondensation,C1=C(SC(=C1)Cl)Cl,,*c1ccc(*)s1,Polysulfides
P380027,18453,0,Polycondensation,C1=C(SC(=C1)Br)Br,,*c1ccc(*)s1,Polysulfides
P380113,85566871,11281562,Polycondensation,CCCCCCC1=C(SC(=C1)C#C)C#C,CCCCCCC1=C(SC(=C1)I)I,*C#Cc1cc(CCCCCC)c(*)s1,Polysulfides
P380143,14611966,0,Polycondensation,C1=CC=C(C=C1)CCCC2=CSC=C2,,*c1cc(CCCc2ccccc2)c(*)s1,Polysulfides
P382014,85697665,0,Polycondensation,CCCCCCCCC1=C(SC(=C1)C2=CC=CS2)C3=CC=CS3,,*c1ccc(-c2ccc(-c3cc(CCCCCCCC)c(*)s3)s2)s1,Polysulfides
P382111,100957577,0,Polycondensation,C1C(O1)CCCCCCCCCC2=CSC=C2,,*/C=C/SS*,Polysulfides
P382264,85850470,101239701,Polycondensation,C1=CC=C2C(=C1)C=CC(=C2C3=C(C=CC4=CC=CC=C43)C5=CC=C(S5)Br)C6=CC=C(S6)Br,C1=CC=C2C(=C1)C=CC(=C3C=CC#S3)C2=C4C(=C5C=CC#S5)C=CC6=CC=CC=C64.[Cl-].[Cl-].[Zn].[Zn],*c1ccc(-c2ccc(-c3ccc4ccccc4c3-c3c(*)ccc4ccccc34)s2)s1,Polysulfides
P382356,86168793,0,Polycondensation,CCCCCCCCOC1=CC=C(C=C1)C2=CSC=C2,,*c1cc(-c2ccc(OCCCCCCCC)cc2)c(*)s1,Polysulfides
P382413,89766296,102521408,Polycondensation,CCCCCCCCN1C2=C(C=C(C=C2)C=C)SC3=C1C=CC(=C3)C=C,CCCCCCCCN1C2=C(C=C(C=C2)I)SC3=C1C=CC(=C3)I,*/C=C/c1ccc2c(c1)Sc1cc(*)ccc1N2CCCCCCCC,"Polysulfides, Polyimines"
P390426,1712706,102403295,Polycondensation,C1CC(=CC2=CC=C(C=C2)O)C(=O)C1=CC3=CC=C(C=C3)O,C1=CC(=CC=C1C=NC2=CC=C(C=C2)C(=O)Cl)C=NC3=CC=C(C=C3)C(=O)Cl,*Oc1ccc(/C=C2\CC/C(=C\c3ccc(OC(=O)c4ccc(/N=C/c5ccc(/C=N/c6ccc(C(*)=O)cc6)cc5)cc4)cc3)C2=O)cc1,"Polyesters/thioesters, Polyimines, Polyketones/thioketones"
P392089,785,85639395,Polycondensation,C1=CC(=CC=C1O)O,C1=CC(=CC=C1C(=O)Cl)OC(=O)C2=CN=C(C=C2)C(=O)OC3=CC=C(C=C3)C(=O)Cl,*C(=O)Oc1ccc(C(=O)Oc2ccc(OC(=O)c3ccc(OC(=O)c4ccc(*)nc4)cc3)cc2)cc1,"Polyesters/thioesters, Polyimines"
P392140,37153,43835997,Polycondensation,C(CCCCCO)CCCCO,CCOC(=O)C(CCCCCCOC1=CC=C(C=C1)C2=CC=C(C=C2)OCC3=CC=C(C=C3)[N+](=O)[O-])C(=O)OCC,*CCCCCCCCCCOC(=O)C(CCCCCCOc1ccc(-c2ccc(OCc3ccc([N+](=O)[O-])cc3)cc2)cc1)C(=O)O*,Polyesters/thioesters
P392212,743,85060654,Polycondensation,C(CC(=O)O)CC(=O)O,CCOCCOCCOC(=O)C(CC1=CC=C(C=C1)O)NC(=O)CCC2=CC=C(C=C2)O,*Oc1ccc(CC(NC(=O)CCc2ccc(OC(=O)CCCC(*)=O)cc2)C(=O)OCCOCCOCC)cc1,"Polyesters/thioesters, Polyamides/thioamides"
P392248,7488,85762152,Polycondensation,C1=CC(=CC=C1C(=O)Cl)C(=O)Cl,C1=CC(=CC=C1C2=NC3=C(O2)C=C(C=C3)[N+](=O)[O-])N(CCO)CCO,*CCN(CCOC(=O)c1ccc(C(=O)O*)cc1)c1ccc(-c2nc3ccc([N+](=O)[O-])cc3o2)cc1,"Polyesters/thioesters, Polyimines"
P392681,7488,67188300,P392681,C1=CC(=CC=C1C(=O)Cl)C(=O)Cl,C1=CC(=CC(=C1)C(F)(F)F)C2=C(C=CC(=C2)O)O,*Oc1ccc(OC(=O)c2ccc(C(*)=O)cc2)cc1C(F)(F)F,Polyesters/thioesters
P400001,16918,66072,Polycondensation,C1=CC(=C(C=C1C2=CC(=C(C=C2)N)O)O)N,C(CCCCC(=O)Cl)CCCC(=O)Cl,*Nc1ccc(-c2ccc(NC(=O)CCCCCCCCC(*)=O)c(O)c2)cc1O,Polyamides/thioamides
P400005,75591,22164017,Polycondensation,CC(C)(C1=CC=C(C=C1)N)C2=CC=C(C=C2)N,CCC(C)(C1=CC=C(C=C1)C(=O)O)C2=CC=C(C=C2)C(=O)O,*Nc1ccc(C(C)(C)c2ccc(NC(=O)c3ccc(C(C)(CC)c4ccc(C(*)=O)cc4)cc3)cc2)cc1,Polyamides/thioamides
P400020,10994,56980992,Polycondensation,C(CC#N)CC#N,CC1=C(C(=C(C(=C1COC(=O)C)C)C)COC(=O)C)C,*Cc1c(C)c(C)c(CNC(=O)CCCC(=O)N*)c(C)c1C,Polyamides/thioamides
P400021,10066633,0,Ring_opening_polymerization,CCCC1(CC(=O)N1)C,,*NC(C)(CCC)CC(*)=O,Polyamides/thioamides
P400100,20470488,16402,Polycondensation,C1=C(N(N=C1)C(=O)O)C(=O)O,C(CCCN)CCN,*C(=O)NCCCCCCNC(=O)C1C=CNN1*,"Polyamides/thioamides, Polyureas/thioureas, Polyimines"
P400175,7488,67294,Polycondensation,C1=CC(=CC=C1C(=O)Cl)C(=O)Cl,C1=CC(=CC=C1C(=O)NN)C(=O)NN,*NNC(=O)c1ccc(C(*)=O)cc1,Polyamides/thioamides
P400205,15675480,0,Addition_polymerization,C=CCCCCCCCCN=C=O,,*C(=O)N(*)CCCCCCCCC=C,Polyamides/thioamides
P400206,76639,0,Addition_polymerization,C1=CC=C(C=C1)CN=C=O,,*C(=O)N(*)Cc1ccccc1,Polyamides/thioamides
P400239,224468,0,Ring_opening_polymerization,C1CCNC(=O)C(C1)(Cl)Cl,,*CCCCC(Cl)(Cl)C(=O)N*,Polyamides/thioamides
P400296,12385,712,Polyaddition,C(CCCC#N)CCC#N,C=O,*CNC(=O)CCCC(=O)N*,Polyamides/thioamides
P400296,75408,17887,Polycondensation,C(N)N,C(CC(=O)Cl)CC(=O)Cl,*CNC(=O)CCCC(=O)N*,Polyamides/thioamides
P400395,11167,0,Addition_polymerization,CN=C=S,,*C(=S)N(*)C,Polyamides/thioamides
P402013,7111,102403799,Polycondensation,C1=CC(=CC=C1C2=CC=C(C=C2)N)N,CC1=CC(=C(C=C1CC(=O)Cl)CC(=O)Cl)C,*Nc1ccc(-c2ccc(NC(=O)Cc3cc(CC(*)=O)c(C)cc3C)cc2)cc1,Polyamides/thioamides
P402075,86084,0,Ring_opening_polymerization,C(C1C(=O)OC(=O)N1)C(=O)N,,*NC(CC(N)=O)C(*)=O,Polyamides/thioamides
P402076,3015685,0,Ring_opening_polymerization,C1=CC(=CC=C1CC2C(=O)OC(=O)N2)O,,*NC(Cc1ccc(O)cc1)C(*)=O,Polyamides/thioamides
P402157,18371997,0,Polycondensation,C1=C(C=C(C(=C1Cl)N)Cl)C(=O)Cl,,*Nc1c(Cl)cc(C(*)=O)cc1Cl,Polyamides/thioamides
P402381,169132,102036303,Polycondensation,CC1(CC(CC(C1)(C)CN=C=O)N=C=O)C,CC(C)CC(C(=O)NC1=CC(=CC(=C1)C(=O)O)C(=O)O)N2C(=O)C3=CC=CC=C3C2=O,*NC1CC(C)(C)CC(C)(CNC(=O)c2cc(NC(=O)C(CC(C)C)N3C(=O)c4ccccc4C3=O)cc(C(*)=O)c2)C1,Polyamides/thioamides
P410035,7570,4585870,Polyaddition,C1=CC(=CC=C1CC2=CC=C(C=C2)N=C=O)N=C=O,CC1=C(C=CC(=C1)N(CCO)CCO)N=NC2=CC=C(C=C2)[N+](=O)[O-],*CCN(CCOC(=O)Nc1ccc(Cc2ccc(NC(=O)O*)cc2)cc1)c1ccc(/N=N/c2ccc([N+](=O)[O-])cc2)c(C)c1,"Polyurethanes/thiourethanes, Polyimines"
P412005,7112,71347420,Polyaddition,C1=CC(=CC=C1C2=CC=C(C=C2)O)O,C1=CC=C(C=C1)P(=O)(C2=CC=CC(=C2)N=C=O)C3=CC=CC(=C3)N=C=O,*Oc1ccc(-c2ccc(OC(=O)Nc3cccc(P(=O)(c4ccccc4)c4cccc(NC(*)=O)c4)c3)cc2)cc1,Polyurethanes/thiourethanes
P412006,12374,71347420,Polyaddition,C(CCCO)CCO,C1=CC=C(C=C1)P(=O)(C2=CC=CC(=C2)N=C=O)C3=CC=CC(=C3)N=C=O,*CCCCCCOC(=O)Nc1cccc(P(=O)(c2ccccc2)c2cccc(NC(=O)O*)c2)c1,Polyurethanes/thiourethanes
P412209,13553942,0,Ring_opening_polymerization,C1COC(=S)N1CC2=CC=CC=C2,,*CCN(Cc1ccccc1)C(=O)S*,Polyurethanes/thiourethanes
P430004,101052367,7111,Polycondensation,C1=CC(=CC=C1C2=CC3=C(C=C2C(=O)Cl)C(=O)NC3=O)OC4=CC=C(C=C4)C5=CC6=C(C=C5C(=O)Cl)C(=O)NC6=O,C1=CC(=CC=C1C2=CC=C(C=C2)N)N,*C(=O)Nc1ccc(-c2ccc(NC(=O)c3ccc4c(c3)C(=O)N(c3ccc(Oc5ccc(N6C(=O)c7ccc(*)cc7C6=O)cc5)cc3)C4=O)cc2)cc1,"Polyimides/thioimides, Polyoxides/ethers/acetals, Polyamides/thioamides"
P430184,6966,16402,Polycondensation,C1=C2C(=CC3=C1C(=O)OC3=O)C(=O)OC2=O,C(CCCN)CCN,*CCCCCCn1c(=O)c2cc3c(=O)n(*)c(=O)c3cc2c1=O,Polyimides/thioimides
P430335,7904,93153,Addition_polymerization,CC(=O)OC=C,CC1=C(C(=CC=C1)N2C(=O)C=CC2=O)C,*CC(OC(C)=O)C1C(=O)N(c2cccc(C)c2C)C(=O)C1*,Polyimides/thioimides
P430441,75498,15095170,Polyaddition,C1=CC2=C(C=C1C(=O)C3=CC4=C(C=C3)C(=O)OC4=O)C(=O)OC2=O,CC(C)(C)C1=CC(=CC(=C1)N)N,*C(=O)c1ccc2c(c1)C(=O)N(c1cc(N3C(=O)c4ccc(*)cc4C3=O)cc(C(C)(C)C)c1)C2=O,"Polyimides/thioimides, Polyketones/thioketones"
P430452,7577,102402494,Polycondensation,C1=CC(=CC=C1CC2=CC=C(C=C2)N)N,C1=CC(=CC2=C1C=CC(=C2)OC3=CC=C(C=C3)N4C(=O)C5=C(C4=O)C=C(C=C5)C(=O)O)OC6=CC=C(C=C6)N7C(=O)C8=C(C7=O)C=C(C=C8)C(=O)O,*C(=O)Nc1ccc(Cc2ccc(NC(=O)c3ccc4c(c3)C(=O)N(c3ccc(Oc5ccc6ccc(Oc7ccc(N8C(=O)c9ccc(*)cc9C8=O)cc7)cc6c5)cc3)C4=O)cc2)cc1,"Polyimides/thioimides, Polyoxides/ethers/acetals, Polyamides/thioamides"
P430468,70677,29855,Polycondensation,C1=CC2=C(C=C1C(C3=CC4=C(C=C3)C(=O)OC4=O)(C(F)(F)F)C(F)(F)F)C(=O)OC2=O,CC(C)C1=C(C=CC(=C1)CC2=CC(=C(C=C2)N)C(C)C)N,*c1ccc2c(c1)C(=O)N(c1ccc(Cc3ccc(N4C(=O)c5ccc(C(*)(C(F)(F)F)C(F)(F)F)cc5C4=O)c(C(C)C)c3)cc1C(C)C)C2=O,Polyimides/thioimides
P430488,2955,1715501,Polycondensation,C1=CC(=CC=C1N)S(=O)(=O)C2=CC=C(C=C2)N,C1=CC2=C(C=C1C(=O)O)C(=O)N(C2=O)CCCCCCN3C(=O)C4=C(C3=O)C=C(C=C4)C(=O)O,*CCCCCCN1C(=O)c2ccc(C(=O)Nc3ccc(S(=O)(=O)c4cccc(NC(=O)c5ccc6c(c5)C(=O)N(*)C6=O)c4)cc3)cc2C1=O,"Polyimides/thioimides, Polyamides/thioamides, Polysulfones/sulfoxides/sufonates/sulfoamides"
P430517,102402476,688263,Polycondensation,CCCCCCCCCCCCN1C(=O)C2=C(C3=CC=CC=C3C(=C2C1=O)C4=CC=C(C=C4)O)C5=CC=C(C=C5)O,C1=CC(=CC(=C1)C(=O)C2=CC=C(C=C2)F)C(=O)C3=CC=C(C=C3)F,*c1ccc(Oc2ccc(C(=O)c3cccc(C(=O)c4ccc(Oc5ccc(-c6c7c(c(*)c8ccccc68)C(=O)N(CCCCCCCCCCCC)C7=O)cc5)cc4)c3)cc2)cc1,"Polyimides/thioimides, Polyoxides/ethers/acetals, Polyketones/thioketones"
P432006,75494,18374,Polyaddition/Polymer_reaction,C1=CC2=C(C=C1C3=CC4=C(C=C3)C(=O)OC4=O)C(=O)OC2=O,C1CC(CCC1N)N,*C1CCC(N2C(=O)c3ccc(-c4ccc5c(c4)C(=O)N(*)C5=O)cc3C2=O)CC1,Polyimides/thioimides
P432025,70677,617636,Polycondensation,C1=CC2=C(C=C1C(C3=CC4=C(C=C3)C(=O)OC4=O)(C(F)(F)F)C(F)(F)F)C(=O)OC2=O,CC1=CC(=CC(=C1C2=C(C=C(C=C2C)N)C)C)N,*c1ccc2c(c1)C(=O)N(c1cc(C)c(-c3c(C)cc(N4C(=O)c5ccc(C(*)(C(F)(F)F)C(F)(F)F)cc5C4=O)cc3C)c(C)c1)C2=O,Polyimides/thioimides
P432033,19388273,0,Addition_polymerization,CCC(C)N1C(=O)C=CC1=O,,*C1C(=O)N(C(C)CC)C(=O)C1*,Polyimides/thioimides
P432043,17727,102274583,Polycondensation,C(CCCCCCN)CCCCCN,CCOC(=O)C1=C(C=C(C=C1)C2=CC=C(C=C2)C3=CC(=C(C=C3)C(=O)OCC)C(=O)O)C(=O)O,*CCCCCCCCCCCCN1C(=O)c2ccc(-c3ccc(-c4ccc5c(c4)C(=O)N(*)C5=O)cc3)cc2C1=O,Polyimides/thioimides
P432076,13429016,604281,Polycondensation,C1=C2C(=CC3=C1C(=O)N(C3=O)CCCCCC(=O)O)C(=O)N(C2=O)CCCCCC(=O)O,CC(=O)OC1=CC=C(C=C1)C2=CC=C(C=C2)OC(=O)C,*CCCCCC(=O)Oc1ccc(-c2ccc(OC(=O)CCCCCn3c(=O)c4cc5c(=O)n(*)c(=O)c5cc4c3=O)cc2)cc1,"Polyimides/thioimides, Polyesters/thioesters"
P432109,8765,102403755,Polycondensation,C1=CC(=CC=C1N)SC2=CC=C(C=C2)N,C1=CC=C(C=C1)C2=C(SC(=C2C3=CC=CC=C3)C4=CC=C(C=C4)N5C(=O)C6=C(C5=O)C=C(C=C6)C(=O)O)C7=CC=C(C=C7)N8C(=O)C9=C(C8=O)C=C(C=C9)C(=O)O,*C(=O)Nc1ccc(Sc2ccc(NC(=O)c3ccc4c(c3)C(=O)N(c3ccc(-c5sc(-c6ccc(N7C(=O)c8ccc(*)cc8C7=O)cc6)c(-c6ccccc6)c5-c5ccccc5)cc3)C4=O)cc2)cc1,"Polyimides/thioimides, Polysulfides, Polyamides/thioamides"
P432194,622236,101988104,Polycondensation,C1=CC(=CC=C1C(C2=CC=C(C=C2)N)(C(F)(F)F)C(F)(F)F)N,CC1=CC(=C(C(=C1N2C(=O)C3=C(C2=O)C=C(C=C3)C(=O)O)C)N4C(=O)C5=C(C4=O)C=C(C=C5)C(=O)O)C,*C(=O)Nc1ccc(C(c2ccc(NC(=O)c3ccc4c(c3)C(=O)N(c3c(C)cc(C)c(N5C(=O)c6ccc(*)cc6C5=O)c3C)C4=O)cc2)(C(F)(F)F)C(F)(F)F)cc1,"Polyimides/thioimides, Polyamides/thioamides"
P432230,11092651,7111,Ring_opening_polymerization/Polymer_reaction,C1=CC=C(C=C1)N(CCOC(=O)C2=CC3=C(C=C2)C(=O)OC3=O)CCOC(=O)C4=CC5=C(C=C4)C(=O)OC5=O,C1=CC(=CC=C1C2=CC=C(C=C2)N)N,*C(=O)OCCN(CCOC(=O)c1ccc2c(c1)C(=O)N(c1ccc(-c3ccc(N4C(=O)c5ccc(*)cc5C4=O)cc3)cc1)C2=O)c1ccc(/N=N/c2ccc([N+](=O)[O-])cc2)cc1,"Polyimides/thioimides, Polyesters/thioesters, Polyimines"
P432261,653789,0,Ring_opening_polymerization,CC1=CC=C(C=C1)N2C(=O)C3C4CC(C3C2=O)C=C4,,*/C=C/C1CC(*)C2C(=O)N(c3ccc(C)cc3)C(=O)C12,Polyimides/thioimides
P432270,684351,7451,Polycondensation,C1=CC(=CC=C1NC(=S)N)NC(=S)N,C1=CC(=CC(=C1)C(=O)Cl)C(=O)Cl,*Nc1ccc(NC(=S)NC(=O)c2cccc(C(=O)NC(*)=S)c2)cc1,"Polyimides/thioimides, Polyureas/thioureas"
